X,Z
0.0,500.0
0.5,499.9992
1.0,499.9984
1.5,499.9976
2.0,499.9968
2.5,499.996
3.0,499.9952
3.5,499.9944
4.0,499.9936
4.5,499.9928
5.0,499.992
5.5,499.9912
6.0,499.9904
6.5,499.9896
7.0,499.9888
7.5,499.988
8.0,499.9872
8.5,499.9864
9.0,499.9856
9.5,499.9848
10.0,499.984
10.5,499.9832
11.0,499.9824
11.5,499.9816
12.0,499.9808
12.5,499.98
13.0,499.9792
13.5,499.9784
14.0,499.9776
14.5,499.9768
15.0,499.976
15.5,499.9752
16.0,499.9744
16.5,499.9736
17.0,499.9728
17.5,499.972
18.0,499.9712
18.5,499.9704
19.0,499.9696
19.5,499.9688
20.0,499.968
20.5,499.9672
21.0,499.9664
21.5,499.9656
22.0,499.9648
22.5,499.964
23.0,499.9632
23.5,499.9624
24.0,499.9616
24.5,499.9608
25.0,499.96
25.5,499.9592
26.0,499.9584
26.5,499.9576
27.0,499.9568
27.5,499.956
28.0,499.9552
28.5,499.9544
29.0,499.9536
29.5,499.9528
30.0,499.952
30.5,499.9512
31.0,499.9504
31.5,499.9496
32.0,499.9488
32.5,499.948
33.0,499.9472
33.5,499.9464
34.0,499.9456
34.5,499.9448
35.0,499.944
35.5,499.9432
36.0,499.9424
36.5,499.9416
37.0,499.9408
37.5,499.94
38.0,499.9392
38.5,499.9384
39.0,499.9376
39.5,499.9368
40.0,499.936
40.5,499.9352
41.0,499.9344
41.5,499.9336
42.0,499.9328
42.5,499.932
43.0,499.9312
43.5,499.9304
44.0,499.9296
44.5,499.9288
45.0,499.928
45.5,499.9272
46.0,499.9264
46.5,499.9256
47.0,499.9248
47.5,499.924
48.0,499.9232
48.5,499.9224
49.0,499.9216
49.5,499.9208
50.0,499.92
50.5,499.9192
51.0,499.9184
51.5,499.9176
52.0,499.9168
52.5,499.916
53.0,499.9152
53.5,499.9144
54.0,499.9136
54.5,499.9128
55.0,499.912
55.5,499.9112
56.0,499.9104
56.5,499.9096
57.0,499.9088
57.5,499.908
58.0,499.9072
58.5,499.9064
59.0,499.9056
59.5,499.9048
60.0,499.904
60.5,499.9032
61.0,499.9024
61.5,499.9016
62.0,499.9008
62.5,499.9
63.0,499.8992
63.5,499.8984
64.0,499.8976
64.5,499.8968
65.0,499.896
65.5,499.8952
66.0,499.8944
66.5,499.8936
67.0,499.8928
67.5,499.892
68.0,499.8912
68.5,499.8904
69.0,499.8896
69.5,499.8888
70.0,499.888
70.5,499.8872
71.0,499.8864
71.5,499.8856
72.0,499.8848
72.5,499.884
73.0,499.8832
73.5,499.8824
74.0,499.8816
74.5,499.8808
75.0,499.88
75.5,499.8792
76.0,499.8784
76.5,499.8776
77.0,499.8768
77.5,499.876
78.0,499.8752
78.5,499.8744
79.0,499.8736
79.5,499.8728
80.0,499.872
80.5,499.8712
81.0,499.8704
81.5,499.8696
82.0,499.8688
82.5,499.868
83.0,499.8672
83.5,499.8664
84.0,499.8656
84.5,499.8648
85.0,499.864
85.5,499.8632
86.0,499.8624
86.5,499.8616
87.0,499.8608
87.5,499.86
88.0,499.8592
88.5,499.8584
89.0,499.8576
89.5,499.8568
90.0,499.856
90.5,499.8552
91.0,499.8544
91.5,499.85360000000003
92.0,499.8528
92.5,499.852
93.0,499.8512
93.5,499.8504
94.0,499.8496
94.5,499.8488
95.0,499.848
95.5,499.8472
96.0,499.8464
96.5,499.8456
97.0,499.8448
97.5,499.844
98.0,499.8432
98.5,499.8424
99.0,499.8416
99.5,499.8408
100.0,499.84
100.5,499.8392
101.0,499.8384
101.5,499.8376
102.0,499.8368
102.5,499.836
103.0,499.8352
103.5,499.8344
104.0,499.8336
104.5,499.8328
105.0,499.832
105.5,499.8312
106.0,499.8304
106.5,499.8296
107.0,499.8288
107.5,499.828
108.0,499.8272
108.5,499.8264
109.0,499.8256
109.5,499.8248
110.0,499.824
110.5,499.8232
111.0,499.8224
111.5,499.8216
112.0,499.8208
112.5,499.82
113.0,499.8192
113.5,499.8184
114.0,499.8176
114.5,499.8168
115.0,499.816
115.5,499.8152
116.0,499.8144
116.5,499.8136
117.0,499.8128
117.5,499.812
118.0,499.8112
118.5,499.8104
119.0,499.8096
119.5,499.8088
120.0,499.808
120.5,499.8072
121.0,499.8064
121.5,499.8056
122.0,499.8048
122.5,499.804
123.0,499.8032
123.5,499.8024
124.0,499.8016
124.5,499.8008
125.0,499.8
125.5,499.7992
126.0,499.7984
126.5,499.7976
127.0,499.7968
127.5,499.796
128.0,499.7952
128.5,499.7944
129.0,499.7936
129.5,499.7928
130.0,499.792
130.5,499.7912
131.0,499.7904
131.5,499.7896
132.0,499.7888
132.5,499.788
133.0,499.7872
133.5,499.7864
134.0,499.7856
134.5,499.7848
135.0,499.784
135.5,499.7832
136.0,499.7824
136.5,499.7816
137.0,499.7808
137.5,499.78
138.0,499.7792
138.5,499.7784
139.0,499.7776
139.5,499.7768
140.0,499.776
140.5,499.7752
141.0,499.7744
141.5,499.7736
142.0,499.7728
142.5,499.772
143.0,499.7712
143.5,499.7704
144.0,499.7696
144.5,499.7688
145.0,499.76800000000003
145.5,499.7672
146.0,499.7664
146.5,499.7656
147.0,499.7648
147.5,499.764
148.0,499.7632
148.5,499.7624
149.0,499.7616
149.5,499.7608
150.0,499.76
150.5,499.7592
151.0,499.7584
151.5,499.7576
152.0,499.7568
152.5,499.75600000000003
153.0,499.7552
153.5,499.7544
154.0,499.7536
154.5,499.7528
155.0,499.752
155.5,499.7512
156.0,499.7504
156.5,499.7496
157.0,499.7488
157.5,499.748
158.0,499.7472
158.5,499.7464
159.0,499.7456
159.5,499.7448
160.0,499.744
160.5,499.7432
161.0,499.7424
161.5,499.7416
162.0,499.7408
162.5,499.74
163.0,499.7392
163.5,499.7384
164.0,499.7376
164.5,499.7368
165.0,499.736
165.5,499.7352
166.0,499.7344
166.5,499.7336
167.0,499.7328
167.5,499.732
168.0,499.7312
168.5,499.7304
169.0,499.7296
169.5,499.7288
170.0,499.728
170.5,499.7272
171.0,499.7264
171.5,499.7256
172.0,499.7248
172.5,499.724
173.0,499.7232
173.5,499.7224
174.0,499.7216
174.5,499.7208
175.0,499.72
175.5,499.7192
176.0,499.7184
176.5,499.7176
177.0,499.7168
177.5,499.716
178.0,499.7152
178.5,499.7144
179.0,499.7136
179.5,499.7128
180.0,499.712
180.5,499.7112
181.0,499.7104
181.5,499.7096
182.0,499.7088
182.5,499.708
183.0,499.7072
183.5,499.7064
184.0,499.7056
184.5,499.7048
185.0,499.704
185.5,499.7032
186.0,499.7024
186.5,499.7016
187.0,499.7008
187.5,499.7
188.0,499.6992
188.5,499.6984
189.0,499.6976
189.5,499.6968
190.0,499.696
190.5,499.6952
191.0,499.6944
191.5,499.6936
192.0,499.6928
192.5,499.692
193.0,499.6912
193.5,499.6904
194.0,499.6896
194.5,499.6888
195.0,499.688
195.5,499.6872
196.0,499.6864
196.5,499.6856
197.0,499.6848
197.5,499.684
198.0,499.6832
198.5,499.6824
199.0,499.6816
199.5,499.6808
200.0,499.68
200.5,499.6792
201.0,499.6784
201.5,499.6776
202.0,499.6768
202.5,499.676
203.0,499.6752
203.5,499.6744
204.0,499.6736
204.5,499.6728
205.0,499.672
205.5,499.6712
206.0,499.6704
206.5,499.6696
207.0,499.6688
207.5,499.668
208.0,499.6672
208.5,499.6664
209.0,499.6656
209.5,499.6648
210.0,499.664
210.5,499.6632
211.0,499.6624
211.5,499.6616
212.0,499.6608
212.5,499.66
213.0,499.6592
213.5,499.6584
214.0,499.6576
214.5,499.6568
215.0,499.656
215.5,499.6552
216.0,499.6544
216.5,499.6536
217.0,499.6528
217.5,499.652
218.0,499.6512
218.5,499.6504
219.0,499.6496
219.5,499.6488
220.0,499.648
220.5,499.6472
221.0,499.64639999999997
221.5,499.6456
222.0,499.6448
222.5,499.644
223.0,499.6432
223.5,499.6424
224.0,499.6416
224.5,499.6408
225.0,499.64
225.5,499.6392
226.0,499.6384
226.5,499.6376
227.0,499.6368
227.5,499.636
228.0,499.6352
228.5,499.63439999999997
229.0,499.6336
229.5,499.6328
230.0,499.632
230.5,499.6312
231.0,499.6304
231.5,499.6296
232.0,499.6288
232.5,499.628
233.0,499.6272
233.5,499.6264
234.0,499.6256
234.5,499.6248
235.0,499.624
235.5,499.6232
236.0,499.62239999999997
236.5,499.6216
237.0,499.6208
237.5,499.62
238.0,499.6192
238.5,499.6184
239.0,499.6176
239.5,499.6168
240.0,499.616
240.5,499.6152
241.0,499.6144
241.5,499.6136
242.0,499.6128
242.5,499.612
243.0,499.6112
243.5,499.61039999999997
244.0,499.6096
244.5,499.6088
245.0,499.608
245.5,499.6072
246.0,499.6064
246.5,499.6056
247.0,499.6048
247.5,499.604
248.0,499.6032
248.5,499.6024
249.0,499.6016
249.5,499.6008
250.0,499.6
250.5,499.5992
251.0,499.59839999999997
251.5,499.5976
252.0,499.5968
252.5,499.596
253.0,499.5952
253.5,499.5944
254.0,499.5936
254.5,499.5928
255.0,499.592
255.5,499.5912
256.0,499.5904
256.5,499.5896
257.0,499.5888
257.5,499.588
258.0,499.5872
258.5,499.58639999999997
259.0,499.5856
259.5,499.5848
260.0,499.584
260.5,499.5832
261.0,499.5824
261.5,499.5816
262.0,499.5808
262.5,499.58
263.0,499.5792
263.5,499.5784
264.0,499.5776
264.5,499.5768
265.0,499.576
265.5,499.5752
266.0,499.57439999999997
266.5,499.5736
267.0,499.5728
267.5,499.572
268.0,499.5712
268.5,499.5704
269.0,499.5696
269.5,499.5688
270.0,499.568
270.5,499.5672
271.0,499.5664
271.5,499.5656
272.0,499.5648
272.5,499.564
273.0,499.5632
273.5,499.56239999999997
274.0,499.5616
274.5,499.5608
275.0,499.56
275.5,499.5592
276.0,499.5584
276.5,499.5576
277.0,499.5568
277.5,499.556
278.0,499.5552
278.5,499.5544
279.0,499.5536
279.5,499.5528
280.0,499.552
280.5,499.5512
281.0,499.55039999999997
281.5,499.5496
282.0,499.54879999999997
282.5,499.548
283.0,499.5472
283.5,499.5464
284.0,499.5456
284.5,499.5448
285.0,499.544
285.5,499.5432
286.0,499.5424
286.5,499.5416
287.0,499.5408
287.5,499.54
288.0,499.5392
288.5,499.53839999999997
289.0,499.5376
289.5,499.53679999999997
290.0,499.536
290.5,499.5352
291.0,499.5344
291.5,499.5336
292.0,499.5328
292.5,499.532
293.0,499.5312
293.5,499.5304
294.0,499.5296
294.5,499.5288
295.0,499.528
295.5,499.5272
296.0,499.52639999999997
296.5,499.5256
297.0,499.52479999999997
297.5,499.524
298.0,499.5232
298.5,499.5224
299.0,499.5216
299.5,499.5208
300.0,499.52
300.5,499.5192
301.0,499.5184
301.5,499.5176
302.0,499.5168
302.5,499.516
303.0,499.5152
303.5,499.51439999999997
304.0,499.5136
304.5,499.51279999999997
305.0,499.512
305.5,499.5112
306.0,499.5104
306.5,499.5096
307.0,499.5088
307.5,499.508
308.0,499.5072
308.5,499.5064
309.0,499.5056
309.5,499.5048
310.0,499.504
310.5,499.5032
311.0,499.50239999999997
311.5,499.5016
312.0,499.50079999999997
312.5,499.5
313.0,499.4992
313.5,499.4984
314.0,499.4976
314.5,499.4968
315.0,499.496
315.5,499.4952
316.0,499.4944
316.5,499.4936
317.0,499.4928
317.5,499.492
318.0,499.4912
318.5,499.49039999999997
319.0,499.4896
319.5,499.48879999999997
320.0,499.488
320.5,499.4872
321.0,499.4864
321.5,499.4856
322.0,499.4848
322.5,499.484
323.0,499.4832
323.5,499.4824
324.0,499.4816
324.5,499.4808
325.0,499.48
325.5,499.4792
326.0,499.47839999999997
326.5,499.4776
327.0,499.47679999999997
327.5,499.476
328.0,499.4752
328.5,499.4744
329.0,499.4736
329.5,499.4728
330.0,499.472
330.5,499.4712
331.0,499.4704
331.5,499.4696
332.0,499.4688
332.5,499.468
333.0,499.4672
333.5,499.46639999999996
334.0,499.4656
334.5,499.46479999999997
335.0,499.464
335.5,499.4632
336.0,499.4624
336.5,499.4616
337.0,499.4608
337.5,499.46
338.0,499.4592
338.5,499.4584
339.0,499.4576
339.5,499.4568
340.0,499.456
340.5,499.4552
341.0,499.45439999999996
341.5,499.4536
342.0,499.45279999999997
342.5,499.452
343.0,499.4512
343.5,499.4504
344.0,499.4496
344.5,499.4488
345.0,499.448
345.5,499.4472
346.0,499.4464
346.5,499.4456
347.0,499.4448
347.5,499.444
348.0,499.4432
348.5,499.4424
349.0,499.4416
349.5,499.44079999999997
350.0,499.44
350.5,499.43919999999997
351.0,499.4384
351.5,499.4376
352.0,499.4368
352.5,499.436
353.0,499.4352
353.5,499.4344
354.0,499.4336
354.5,499.4328
355.0,499.432
355.5,499.4312
356.0,499.4304
356.5,499.4296
357.0,499.42879999999997
357.5,499.428
358.0,499.42719999999997
358.5,499.4264
359.0,499.4256
359.5,499.4248
360.0,499.424
360.5,499.4232
361.0,499.4224
361.5,499.4216
362.0,499.4208
362.5,499.42
363.0,499.4192
363.5,499.4184
364.0,499.4176
364.5,499.41679999999997
365.0,499.416
365.5,499.41519999999997
366.0,499.4144
366.5,499.4136
367.0,499.4128
367.5,499.412
368.0,499.4112
368.5,499.4104
369.0,499.4096
369.5,499.4088
370.0,499.408
370.5,499.4072
371.0,499.4064
371.5,499.4056
372.0,499.40479999999997
372.5,499.404
373.0,499.40319999999997
373.5,499.4024
374.0,499.4016
374.5,499.4008
375.0,499.4
375.5,499.3992
376.0,499.3984
376.5,499.3976
377.0,499.3968
377.5,499.396
378.0,499.3952
378.5,499.3944
379.0,499.3936
379.5,499.39279999999997
380.0,499.392
380.5,499.39119999999997
381.0,499.3904
381.5,499.3896
382.0,499.3888
382.5,499.388
383.0,499.3872
383.5,499.3864
384.0,499.3856
384.5,499.3848
385.0,499.384
385.5,499.3832
386.0,499.3824
386.5,499.3816
387.0,499.38079999999997
387.5,499.38
388.0,499.37919999999997
388.5,499.3784
389.0,499.3776
389.5,499.3768
390.0,499.376
390.5,499.3752
391.0,499.3744
391.5,499.3736
392.0,499.3728
392.5,499.372
393.0,499.3712
393.5,499.3704
394.0,499.3696
394.5,499.36879999999996
395.0,499.368
395.5,499.36719999999997
396.0,499.3664
396.5,499.3656
397.0,499.3648
397.5,499.364
398.0,499.3632
398.5,499.3624
399.0,499.3616
399.5,499.3608
400.0,499.36
400.5,499.3592
401.0,499.3584
401.5,499.3576
402.0,499.35679999999996
402.5,499.356
403.0,499.35519999999997
403.5,499.3544
404.0,499.3536
404.5,499.3528
405.0,499.352
405.5,499.3512
406.0,499.3504
406.5,499.3496
407.0,499.3488
407.5,499.348
408.0,499.3472
408.5,499.3464
409.0,499.3456
409.5,499.34479999999996
410.0,499.344
410.5,499.34319999999997
411.0,499.3424
411.5,499.34159999999997
412.0,499.3408
412.5,499.34
413.0,499.3392
413.5,499.3384
414.0,499.3376
414.5,499.3368
415.0,499.336
415.5,499.3352
416.0,499.3344
416.5,499.3336
417.0,499.33279999999996
417.5,499.332
418.0,499.33119999999997
418.5,499.3304
419.0,499.32959999999997
419.5,499.3288
420.0,499.328
420.5,499.3272
421.0,499.3264
421.5,499.3256
422.0,499.3248
422.5,499.324
423.0,499.3232
423.5,499.3224
424.0,499.3216
424.5,499.32079999999996
425.0,499.32
425.5,499.31919999999997
426.0,499.3184
426.5,499.31759999999997
427.0,499.3168
427.5,499.316
428.0,499.3152
428.5,499.3144
429.0,499.3136
429.5,499.3128
430.0,499.312
430.5,499.3112
431.0,499.3104
431.5,499.3096
432.0,499.30879999999996
432.5,499.308
433.0,499.30719999999997
433.5,499.3064
434.0,499.30559999999997
434.5,499.3048
435.0,499.304
435.5,499.3032
436.0,499.3024
436.5,499.3016
437.0,499.3008
437.5,499.3
438.0,499.2992
438.5,499.2984
439.0,499.2976
439.5,499.29679999999996
440.0,499.296
440.5,499.29519999999997
441.0,499.2944
441.5,499.29359999999997
442.0,499.2928
442.5,499.292
443.0,499.2912
443.5,499.2904
444.0,499.2896
444.5,499.2888
445.0,499.288
445.5,499.2872
446.0,499.2864
446.5,499.2856
447.0,499.28479999999996
447.5,499.284
448.0,499.28319999999997
448.5,499.2824
449.0,499.28159999999997
449.5,499.2808
450.0,499.28
450.5,499.2792
451.0,499.2784
451.5,499.2776
452.0,499.2768
452.5,499.276
453.0,499.2752
453.5,499.2744
454.0,499.2736
454.5,499.27279999999996
455.0,499.272
455.5,499.27119999999996
456.0,499.2704
456.5,499.26959999999997
457.0,499.2688
457.5,499.268
458.0,499.2672
458.5,499.2664
459.0,499.2656
459.5,499.2648
460.0,499.264
460.5,499.2632
461.0,499.2624
461.5,499.2616
462.0,499.26079999999996
462.5,499.26
463.0,499.25919999999996
463.5,499.2584
464.0,499.25759999999997
464.5,499.2568
465.0,499.256
465.5,499.2552
466.0,499.2544
466.5,499.2536
467.0,499.2528
467.5,499.252
468.0,499.2512
468.5,499.2504
469.0,499.2496
469.5,499.24879999999996
470.0,499.248
470.5,499.24719999999996
471.0,499.2464
471.5,499.24559999999997
472.0,499.2448
472.5,499.24399999999997
473.0,499.2432
473.5,499.2424
474.0,499.2416
474.5,499.2408
475.0,499.24
475.5,499.2392
476.0,499.2384
476.5,499.2376
477.0,499.23679999999996
477.5,499.236
478.0,499.23519999999996
478.5,499.2344
479.0,499.23359999999997
479.5,499.2328
480.0,499.23199999999997
480.5,499.2312
481.0,499.2304
481.5,499.2296
482.0,499.2288
482.5,499.228
483.0,499.2272
483.5,499.2264
484.0,499.2256
484.5,499.22479999999996
485.0,499.224
485.5,499.22319999999996
486.0,499.2224
486.5,499.22159999999997
487.0,499.2208
487.5,499.21999999999997
488.0,499.2192
488.5,499.2184
489.0,499.2176
489.5,499.2168
490.0,499.216
490.5,499.2152
491.0,499.2144
491.5,499.2136
492.0,499.21279999999996
492.5,499.212
493.0,499.21119999999996
493.5,499.2104
494.0,499.20959999999997
494.5,499.2088
495.0,499.20799999999997
495.5,499.2072
496.0,499.2064
496.5,499.2056
497.0,499.2048
497.5,499.204
498.0,499.2032
498.5,499.2024
499.0,499.2016
499.5,499.20079999999996
500.0,499.2
500.5,499.19919999999996
501.0,499.1984
501.5,499.19759999999997
502.0,499.1968
502.5,499.19599999999997
503.0,499.1952
503.5,499.1944
504.0,499.1936
504.5,499.1928
505.0,499.192
505.5,499.1912
506.0,499.1904
506.5,499.1896
507.0,499.18879999999996
507.5,499.188
508.0,499.18719999999996
508.5,499.1864
509.0,499.18559999999997
509.5,499.1848
510.0,499.18399999999997
510.5,499.1832
511.0,499.1824
511.5,499.1816
512.0,499.1808
512.5,499.18
513.0,499.1792
513.5,499.1784
514.0,499.1776
514.5,499.17679999999996
515.0,499.176
515.5,499.17519999999996
516.0,499.1744
516.5,499.17359999999996
517.0,499.1728
517.5,499.17199999999997
518.0,499.1712
518.5,499.1704
519.0,499.1696
519.5,499.1688
520.0,499.168
520.5,499.1672
521.0,499.1664
521.5,499.1656
522.0,499.16479999999996
522.5,499.164
523.0,499.16319999999996
523.5,499.1624
524.0,499.16159999999996
524.5,499.1608
525.0,499.15999999999997
525.5,499.1592
526.0,499.1584
526.5,499.1576
527.0,499.1568
527.5,499.156
528.0,499.1552
528.5,499.1544
529.0,499.1536
529.5,499.15279999999996
530.0,499.152
530.5,499.15119999999996
531.0,499.1504
531.5,499.14959999999996
532.0,499.1488
532.5,499.14799999999997
533.0,499.1472
533.5,499.14639999999997
534.0,499.1456
534.5,499.1448
535.0,499.144
535.5,499.1432
536.0,499.1424
536.5,499.1416
537.0,499.14079999999996
537.5,499.14
538.0,499.13919999999996
538.5,499.1384
539.0,499.13759999999996
539.5,499.1368
540.0,499.13599999999997
540.5,499.1352
541.0,499.13439999999997
541.5,499.1336
542.0,499.1328
542.5,499.132
543.0,499.1312
543.5,499.1304
544.0,499.1296
544.5,499.12879999999996
545.0,499.128
545.5,499.12719999999996
546.0,499.1264
546.5,499.12559999999996
547.0,499.1248
547.5,499.12399999999997
548.0,499.1232
548.5,499.12239999999997
549.0,499.1216
549.5,499.1208
550.0,499.12
550.5,499.1192
551.0,499.1184
551.5,499.1176
552.0,499.11679999999996
552.5,499.116
553.0,499.11519999999996
553.5,499.1144
554.0,499.11359999999996
554.5,499.1128
555.0,499.11199999999997
555.5,499.1112
556.0,499.11039999999997
556.5,499.1096
557.0,499.1088
557.5,499.108
558.0,499.1072
558.5,499.1064
559.0,499.1056
559.5,499.10479999999995
560.0,499.104
560.5,499.10319999999996
561.0,499.1024
561.5,499.10159999999996
562.0,499.1008
562.5,499.09999999999997
563.0,499.0992
563.5,499.09839999999997
564.0,499.0976
564.5,499.0968
565.0,499.096
565.5,499.0952
566.0,499.0944
566.5,499.0936
567.0,499.09279999999995
567.5,499.092
568.0,499.09119999999996
568.5,499.0904
569.0,499.08959999999996
569.5,499.0888
570.0,499.08799999999997
570.5,499.0872
571.0,499.08639999999997
571.5,499.0856
572.0,499.0848
572.5,499.084
573.0,499.0832
573.5,499.0824
574.0,499.0816
574.5,499.08079999999995
575.0,499.08
575.5,499.07919999999996
576.0,499.0784
576.5,499.07759999999996
577.0,499.0768
577.5,499.07599999999996
578.0,499.0752
578.5,499.07439999999997
579.0,499.0736
579.5,499.0728
580.0,499.072
580.5,499.0712
581.0,499.0704
581.5,499.0696
582.0,499.06879999999995
582.5,499.068
583.0,499.06719999999996
583.5,499.0664
584.0,499.06559999999996
584.5,499.0648
585.0,499.06399999999996
585.5,499.0632
586.0,499.06239999999997
586.5,499.0616
587.0,499.0608
587.5,499.06
588.0,499.0592
588.5,499.0584
589.0,499.0576
589.5,499.05679999999995
590.0,499.056
590.5,499.05519999999996
591.0,499.0544
591.5,499.05359999999996
592.0,499.0528
592.5,499.05199999999996
593.0,499.0512
593.5,499.05039999999997
594.0,499.0496
594.5,499.04879999999997
595.0,499.048
595.5,499.0472
596.0,499.0464
596.5,499.0456
597.0,499.0448
597.5,499.044
598.0,499.04319999999996
598.5,499.0424
599.0,499.04159999999996
599.5,499.0408
600.0,499.03999999999996
600.5,499.0392
601.0,499.03839999999997
601.5,499.0376
602.0,499.03679999999997
602.5,499.036
603.0,499.0352
603.5,499.0344
604.0,499.0336
604.5,499.0328
605.0,499.032
605.5,499.03119999999996
606.0,499.0304
606.5,499.02959999999996
607.0,499.0288
607.5,499.02799999999996
608.0,499.0272
608.5,499.02639999999997
609.0,499.0256
609.5,499.02479999999997
610.0,499.024
610.5,499.0232
611.0,499.0224
611.5,499.0216
612.0,499.0208
612.5,499.02
613.0,499.01919999999996
613.5,499.0184
614.0,499.01759999999996
614.5,499.0168
615.0,499.01599999999996
615.5,499.0152
616.0,499.01439999999997
616.5,499.0136
617.0,499.01279999999997
617.5,499.012
618.0,499.0112
618.5,499.0104
619.0,499.0096
619.5,499.0088
620.0,499.008
620.5,499.00719999999995
621.0,499.0064
621.5,499.00559999999996
622.0,499.0048
622.5,499.00399999999996
623.0,499.0032
623.5,499.00239999999997
624.0,499.0016
624.5,499.00079999999997
625.0,499.0
625.5,498.9992
626.0,498.9984
626.5,498.9976
627.0,498.9968
627.5,498.996
628.0,498.99519999999995
628.5,498.9944
629.0,498.99359999999996
629.5,498.9928
630.0,498.99199999999996
630.5,498.9912
631.0,498.99039999999997
631.5,498.9896
632.0,498.98879999999997
632.5,498.988
633.0,498.9872
633.5,498.9864
634.0,498.9856
634.5,498.9848
635.0,498.984
635.5,498.98319999999995
636.0,498.9824
636.5,498.98159999999996
637.0,498.9808
637.5,498.97999999999996
638.0,498.9792
638.5,498.97839999999997
639.0,498.9776
639.5,498.97679999999997
640.0,498.976
640.5,498.9752
641.0,498.9744
641.5,498.9736
642.0,498.9728
642.5,498.972
643.0,498.9712
643.5,498.9704
644.0,498.96959999999996
644.5,498.9688
645.0,498.96799999999996
645.5,498.9672
646.0,498.96639999999996
646.5,498.9656
647.0,498.96479999999997
647.5,498.964
648.0,498.9632
648.5,498.9624
649.0,498.9616
649.5,498.9608
650.0,498.96
650.5,498.9592
651.0,498.9584
651.5,498.95759999999996
652.0,498.9568
652.5,498.95599999999996
653.0,498.9552
653.5,498.95439999999996
654.0,498.9536
654.5,498.95279999999997
655.0,498.952
655.5,498.9512
656.0,498.9504
656.5,498.9496
657.0,498.9488
657.5,498.948
658.0,498.9472
658.5,498.9464
659.0,498.9456
659.5,498.9448
660.0,498.94399999999996
660.5,498.9432
661.0,498.94239999999996
661.5,498.9416
662.0,498.94079999999997
662.5,498.94
663.0,498.93919999999997
663.5,498.9384
664.0,498.9376
664.5,498.9368
665.0,498.936
665.5,498.9352
666.0,498.9344
666.5,498.9336
667.0,498.9328
667.5,498.93199999999996
668.0,498.9312
668.5,498.93039999999996
669.0,498.9296
669.5,498.92879999999997
670.0,498.928
670.5,498.92719999999997
671.0,498.9264
671.5,498.9256
672.0,498.9248
672.5,498.924
673.0,498.9232
673.5,498.9224
674.0,498.9216
674.5,498.9208
675.0,498.92
675.5,498.9192
676.0,498.91839999999996
676.5,498.9176
677.0,498.91679999999997
677.5,498.916
678.0,498.91519999999997
678.5,498.9144
679.0,498.9136
679.5,498.9128
680.0,498.912
680.5,498.9112
681.0,498.9104
681.5,498.9096
682.0,498.9088
682.5,498.908
683.0,498.9072
683.5,498.90639999999996
684.0,498.9056
684.5,498.90479999999997
685.0,498.904
685.5,498.90319999999997
686.0,498.9024
686.5,498.9016
687.0,498.9008
687.5,498.9
688.0,498.8992
688.5,498.8984
689.0,498.8976
689.5,498.8968
690.0,498.896
690.5,498.8952
691.0,498.8944
691.5,498.8936
692.0,498.89279999999997
692.5,498.892
693.0,498.89119999999997
693.5,498.8904
694.0,498.8896
694.5,498.8888
695.0,498.888
695.5,498.8872
696.0,498.8864
696.5,498.8856
697.0,498.8848
697.5,498.884
698.0,498.8832
698.5,498.8824
699.0,498.8816
699.5,498.88079999999997
700.0,498.88
700.5,498.87919999999997
701.0,498.8784
701.5,498.8776
702.0,498.8768
702.5,498.876
703.0,498.8752
703.5,498.8744
704.0,498.8736
704.5,498.8728
705.0,498.872
705.5,498.8712
706.0,498.8704
706.5,498.8696
707.0,498.8688
707.5,498.868
708.0,498.86719999999997
708.5,498.8664
709.0,498.8656
709.5,498.8648
710.0,498.864
710.5,498.8632
711.0,498.8624
711.5,498.8616
712.0,498.8608
712.5,498.86
713.0,498.8592
713.5,498.8584
714.0,498.8576
714.5,498.8568
715.0,498.856
715.5,498.85519999999997
716.0,498.8544
716.5,498.8536
717.0,498.8528
717.5,498.852
718.0,498.8512
718.5,498.8504
719.0,498.8496
719.5,498.8488
720.0,498.848
720.5,498.8472
721.0,498.8464
721.5,498.8456
722.0,498.8448
722.5,498.844
723.0,498.8432
723.5,498.8424
724.0,498.84159999999997
724.5,498.8408
725.0,498.84
725.5,498.8392
726.0,498.8384
726.5,498.8376
727.0,498.8368
727.5,498.836
728.0,498.8352
728.5,498.8344
729.0,498.8336
729.5,498.8328
730.0,498.832
730.5,498.8312
731.0,498.8304
731.5,498.82959999999997
732.0,498.8288
732.5,498.828
733.0,498.8272
733.5,498.8264
734.0,498.8256
734.5,498.8248
735.0,498.824
735.5,498.8232
736.0,498.8224
736.5,498.8216
737.0,498.8208
737.5,498.82
738.0,498.8192
738.5,498.8184
739.0,498.8176
739.5,498.8168
740.0,498.816
740.5,498.8152
741.0,498.8144
741.5,498.8136
742.0,498.8128
742.5,498.812
743.0,498.8112
743.5,498.8104
744.0,498.8096
744.5,498.8088
745.0,498.808
745.5,498.8072
746.0,498.8064
746.5,498.8056
747.0,498.8048
747.5,498.804
748.0,498.8032
748.5,498.8024
749.0,498.8016
749.5,498.8008
750.0,498.8
750.5,498.7992
751.0,498.7984
751.5,498.7976
752.0,498.7968
752.5,498.796
753.0,498.7952
753.5,498.7944
754.0,498.7936
754.5,498.7928
755.0,498.79200000000003
755.5,498.7912
756.0,498.7904
756.5,498.7896
757.0,498.7888
757.5,498.788
758.0,498.7872
758.5,498.7864
759.0,498.7856
759.5,498.7848
760.0,498.784
760.5,498.7832
761.0,498.7824
761.5,498.7816
762.0,498.7808
762.5,498.78000000000003
763.0,498.7792
763.5,498.7784
764.0,498.7776
764.5,498.7768
765.0,498.776
765.5,498.7752
766.0,498.7744
766.5,498.7736
767.0,498.7728
767.5,498.772
768.0,498.7712
768.5,498.7704
769.0,498.7696
769.5,498.7688
770.0,498.76800000000003
770.5,498.7672
771.0,498.76640000000003
771.5,498.7656
772.0,498.7648
772.5,498.764
773.0,498.7632
773.5,498.7624
774.0,498.7616
774.5,498.7608
775.0,498.76
775.5,498.7592
776.0,498.7584
776.5,498.7576
777.0,498.7568
777.5,498.75600000000003
778.0,498.7552
778.5,498.75440000000003
779.0,498.7536
779.5,498.7528
780.0,498.752
780.5,498.7512
781.0,498.7504
781.5,498.7496
782.0,498.7488
782.5,498.748
783.0,498.7472
783.5,498.7464
784.0,498.7456
784.5,498.7448
785.0,498.744
785.5,498.7432
786.0,498.74240000000003
786.5,498.7416
787.0,498.74080000000004
787.5,498.74
788.0,498.7392
788.5,498.7384
789.0,498.7376
789.5,498.7368
790.0,498.736
790.5,498.7352
791.0,498.7344
791.5,498.7336
792.0,498.7328
792.5,498.732
793.0,498.7312
793.5,498.73040000000003
794.0,498.7296
794.5,498.72880000000004
795.0,498.728
795.5,498.7272
796.0,498.7264
796.5,498.7256
797.0,498.7248
797.5,498.724
798.0,498.7232
798.5,498.7224
799.0,498.7216
799.5,498.7208
800.0,498.72
800.5,498.7192
801.0,498.71840000000003
801.5,498.7176
802.0,498.71680000000003
802.5,498.716
803.0,498.71520000000004
803.5,498.7144
804.0,498.7136
804.5,498.7128
805.0,498.712
805.5,498.7112
806.0,498.7104
806.5,498.7096
807.0,498.7088
807.5,498.708
808.0,498.7072
808.5,498.70640000000003
809.0,498.7056
809.5,498.70480000000003
810.0,498.704
810.5,498.70320000000004
811.0,498.7024
811.5,498.7016
812.0,498.7008
812.5,498.7
813.0,498.6992
813.5,498.6984
814.0,498.6976
814.5,498.6968
815.0,498.696
815.5,498.6952
816.0,498.69440000000003
816.5,498.6936
817.0,498.69280000000003
817.5,498.692
818.0,498.69120000000004
818.5,498.6904
819.0,498.68960000000004
819.5,498.6888
820.0,498.688
820.5,498.6872
821.0,498.6864
821.5,498.6856
822.0,498.6848
822.5,498.684
823.0,498.6832
823.5,498.68240000000003
0.0,503.183
0.0,503.183
0.0,503.183
0.0,503.183
0.0,503.183
0.0,503.183
0.0,503.183
0.0,503.183
0.0,503.183
0.0,503.183
0.0,503.183
0.0,503.183
0.0,503.183
0.0,503.183
0.0,503.183
0.0,503.183
0.0,503.183
0.0,503.183
0.0,503.183
0.0,503.183
0.0,503.183
0.0,503.183
0.0,503.183
0.0,503.183
0.0,503.183
0.0,503.183
0.0,503.183
0.0,503.183
0.0,503.183
0.0,503.183
0.0,503.183
0.0,503.183
0.0,503.183
0.0,503.183
0.0,503.183
0.0,503.183
0.0,503.183
0.0,503.183
0.0,503.183
0.0,503.183
0.5,503.18219999999997
1.0,503.1814
1.5,503.18059999999997
2.0,503.1798
2.5,503.179
3.0,503.1782
3.5,503.1774
4.0,503.1766
4.5,503.1758
5.0,503.175
5.5,503.1742
6.0,503.1734
6.5,503.1726
7.0,503.1718
7.5,503.171
8.0,503.17019999999997
8.5,503.1694
9.0,503.16859999999997
9.5,503.1678
10.0,503.167
10.5,503.1662
11.0,503.1654
11.5,503.1646
12.0,503.1638
12.5,503.163
13.0,503.1622
13.5,503.1614
14.0,503.1606
14.5,503.1598
15.0,503.159
15.5,503.15819999999997
16.0,503.1574
16.5,503.15659999999997
17.0,503.1558
17.5,503.155
18.0,503.1542
18.5,503.1534
19.0,503.1526
19.5,503.1518
20.0,503.151
20.5,503.1502
21.0,503.1494
21.5,503.1486
22.0,503.1478
22.5,503.147
23.0,503.14619999999996
23.5,503.1454
24.0,503.14459999999997
24.5,503.1438
25.0,503.143
25.5,503.1422
26.0,503.1414
26.5,503.1406
27.0,503.1398
27.5,503.139
28.0,503.1382
28.5,503.1374
29.0,503.1366
29.5,503.1358
30.0,503.135
30.5,503.13419999999996
31.0,503.1334
31.5,503.13259999999997
32.0,503.1318
32.5,503.131
33.0,503.1302
33.5,503.1294
34.0,503.1286
34.5,503.1278
35.0,503.127
35.5,503.1262
36.0,503.1254
36.5,503.1246
37.0,503.1238
37.5,503.123
38.0,503.1222
38.5,503.1214
39.0,503.12059999999997
39.5,503.1198
40.0,503.11899999999997
40.5,503.1182
41.0,503.1174
41.5,503.1166
42.0,503.1158
42.5,503.115
43.0,503.1142
43.5,503.1134
44.0,503.1126
44.5,503.1118
45.0,503.111
45.5,503.1102
46.0,503.1094
46.5,503.10859999999997
47.0,503.1078
47.5,503.10699999999997
48.0,503.1062
48.5,503.1054
49.0,503.1046
49.5,503.1038
50.0,503.103
50.5,503.1022
51.0,503.1014
51.5,503.1006
52.0,503.0998
52.5,503.099
53.0,503.0982
53.5,503.0974
54.0,503.09659999999997
54.5,503.0958
55.0,503.09499999999997
55.5,503.0942
56.0,503.0934
56.5,503.0926
57.0,503.0918
57.5,503.091
58.0,503.0902
58.5,503.0894
59.0,503.0886
59.5,503.0878
60.0,503.087
60.5,503.0862
61.0,503.0854
61.5,503.08459999999997
62.0,503.0838
62.5,503.08299999999997
63.0,503.0822
63.5,503.0814
64.0,503.0806
64.5,503.0798
65.0,503.079
65.5,503.0782
66.0,503.0774
66.5,503.0766
67.0,503.0758
67.5,503.075
68.0,503.0742
68.5,503.0734
69.0,503.07259999999997
69.5,503.0718
70.0,503.07099999999997
70.5,503.0702
71.0,503.0694
71.5,503.0686
72.0,503.0678
72.5,503.067
73.0,503.0662
73.5,503.0654
74.0,503.0646
74.5,503.0638
75.0,503.063
75.5,503.0622
76.0,503.0614
76.5,503.06059999999997
77.0,503.0598
77.5,503.05899999999997
78.0,503.0582
78.5,503.0574
79.0,503.0566
79.5,503.0558
80.0,503.055
80.5,503.0542
81.0,503.0534
81.5,503.0526
82.0,503.0518
82.5,503.051
83.0,503.0502
83.5,503.0494
84.0,503.04859999999996
84.5,503.0478
85.0,503.04699999999997
85.5,503.0462
86.0,503.0454
86.5,503.0446
87.0,503.0438
87.5,503.043
88.0,503.0422
88.5,503.0414
89.0,503.0406
89.5,503.0398
90.0,503.039
90.5,503.0382
91.0,503.0374
91.5,503.0366
92.0,503.0358
92.5,503.03499999999997
93.0,503.0342
93.5,503.0334
94.0,503.0326
94.5,503.0318
95.0,503.031
95.5,503.0302
96.0,503.0294
96.5,503.0286
97.0,503.0278
97.5,503.027
98.0,503.0262
98.5,503.0254
99.0,503.0246
99.5,503.0238
100.0,503.02299999999997
100.5,503.0222
101.0,503.02139999999997
101.5,503.0206
102.0,503.0198
102.5,503.019
103.0,503.0182
103.5,503.0174
104.0,503.0166
104.5,503.0158
105.0,503.015
105.5,503.0142
106.0,503.0134
106.5,503.0126
107.0,503.0118
107.5,503.01099999999997
108.0,503.0102
108.5,503.00939999999997
109.0,503.0086
109.5,503.0078
110.0,503.007
110.5,503.0062
111.0,503.0054
111.5,503.0046
112.0,503.0038
112.5,503.003
113.0,503.0022
113.5,503.0014
114.0,503.0006
114.5,502.9998
115.0,502.99899999999997
115.5,502.9982
116.0,502.99739999999997
116.5,502.9966
117.0,502.9958
117.5,502.995
118.0,502.9942
118.5,502.9934
119.0,502.9926
119.5,502.9918
120.0,502.991
120.5,502.9902
121.0,502.9894
121.5,502.9886
122.0,502.9878
122.5,502.98699999999997
123.0,502.9862
123.5,502.98539999999997
124.0,502.9846
124.5,502.9838
125.0,502.983
125.5,502.9822
126.0,502.9814
126.5,502.9806
127.0,502.9798
127.5,502.979
128.0,502.9782
128.5,502.9774
129.0,502.9766
129.5,502.9758
130.0,502.97499999999997
130.5,502.9742
131.0,502.97339999999997
131.5,502.9726
132.0,502.9718
132.5,502.971
133.0,502.9702
133.5,502.9694
134.0,502.9686
134.5,502.9678
135.0,502.967
135.5,502.9662
136.0,502.9654
136.5,502.9646
137.0,502.9638
137.5,502.96299999999997
138.0,502.9622
138.5,502.96139999999997
139.0,502.9606
139.5,502.9598
140.0,502.959
140.5,502.9582
141.0,502.9574
141.5,502.9566
142.0,502.9558
142.5,502.955
143.0,502.9542
143.5,502.9534
144.0,502.9526
144.5,502.9518
145.0,502.951
145.5,502.9502
146.0,502.94939999999997
146.5,502.9486
147.0,502.9478
147.5,502.947
148.0,502.9462
148.5,502.9454
149.0,502.9446
149.5,502.9438
150.0,502.943
150.5,502.9422
151.0,502.9414
151.5,502.9406
152.0,502.9398
152.5,502.939
153.0,502.9382
153.5,502.93739999999997
154.0,502.9366
154.5,502.9358
155.0,502.935
155.5,502.9342
156.0,502.9334
156.5,502.9326
157.0,502.9318
157.5,502.931
158.0,502.9302
158.5,502.9294
159.0,502.9286
159.5,502.9278
160.0,502.927
160.5,502.9262
161.0,502.92539999999997
161.5,502.9246
162.0,502.92379999999997
162.5,502.923
163.0,502.9222
163.5,502.9214
164.0,502.9206
164.5,502.9198
165.0,502.919
165.5,502.9182
166.0,502.9174
166.5,502.9166
167.0,502.9158
167.5,502.915
168.0,502.9142
168.5,502.91339999999997
169.0,502.9126
169.5,502.91179999999997
170.0,502.911
170.5,502.9102
171.0,502.9094
171.5,502.9086
172.0,502.9078
172.5,502.907
173.0,502.9062
173.5,502.9054
174.0,502.9046
174.5,502.9038
175.0,502.903
175.5,502.9022
176.0,502.90139999999997
176.5,502.9006
177.0,502.89979999999997
177.5,502.899
178.0,502.8982
178.5,502.8974
179.0,502.8966
179.5,502.8958
180.0,502.895
180.5,502.8942
181.0,502.8934
181.5,502.8926
182.0,502.8918
182.5,502.891
183.0,502.8902
183.5,502.88939999999997
184.0,502.8886
184.5,502.88779999999997
185.0,502.887
185.5,502.8862
186.0,502.8854
186.5,502.8846
187.0,502.8838
187.5,502.883
188.0,502.8822
188.5,502.8814
189.0,502.8806
189.5,502.8798
190.0,502.879
190.5,502.8782
191.0,502.87739999999997
191.5,502.8766
192.0,502.87579999999997
192.5,502.875
193.0,502.8742
193.5,502.8734
194.0,502.8726
194.5,502.8718
195.0,502.871
195.5,502.8702
196.0,502.8694
196.5,502.8686
197.0,502.8678
197.5,502.867
198.0,502.8662
198.5,502.86539999999997
199.0,502.8646
199.5,502.86379999999997
200.0,502.863
200.5,502.8622
201.0,502.8614
201.5,502.8606
202.0,502.8598
202.5,502.859
203.0,502.8582
203.5,502.8574
204.0,502.8566
204.5,502.8558
205.0,502.855
205.5,502.8542
206.0,502.85339999999997
206.5,502.8526
207.0,502.85179999999997
207.5,502.851
208.0,502.8502
208.5,502.8494
209.0,502.8486
209.5,502.8478
210.0,502.847
210.5,502.8462
211.0,502.8454
211.5,502.8446
212.0,502.8438
212.5,502.843
213.0,502.8422
213.5,502.84139999999996
214.0,502.8406
214.5,502.83979999999997
215.0,502.839
215.5,502.8382
216.0,502.8374
216.5,502.8366
217.0,502.8358
217.5,502.835
218.0,502.8342
218.5,502.8334
219.0,502.8326
219.5,502.8318
220.0,502.831
220.5,502.8302
221.0,502.82939999999996
221.5,502.8286
222.0,502.82779999999997
222.5,502.827
223.0,502.8262
223.5,502.8254
224.0,502.8246
224.5,502.8238
225.0,502.823
225.5,502.8222
226.0,502.8214
226.5,502.8206
227.0,502.8198
227.5,502.819
228.0,502.8182
228.5,502.81739999999996
229.0,502.8166
229.5,502.81579999999997
230.0,502.815
230.5,502.81419999999997
231.0,502.8134
231.5,502.8126
232.0,502.8118
232.5,502.811
233.0,502.8102
233.5,502.8094
234.0,502.8086
234.5,502.8078
235.0,502.807
235.5,502.8062
236.0,502.80539999999996
236.5,502.8046
237.0,502.80379999999997
237.5,502.803
238.0,502.80219999999997
238.5,502.8014
239.0,502.8006
239.5,502.7998
240.0,502.799
240.5,502.7982
241.0,502.7974
241.5,502.7966
242.0,502.7958
242.5,502.795
243.0,502.7942
243.5,502.79339999999996
244.0,502.7926
244.5,502.79179999999997
245.0,502.791
245.5,502.79019999999997
246.0,502.7894
246.5,502.7886
247.0,502.7878
247.5,502.787
248.0,502.7862
248.5,502.7854
249.0,502.7846
249.5,502.7838
250.0,502.783
250.5,502.7822
251.0,502.78139999999996
251.5,502.7806
252.0,502.77979999999997
252.5,502.779
253.0,502.77819999999997
253.5,502.7774
254.0,502.7766
254.5,502.7758
255.0,502.775
255.5,502.7742
256.0,502.7734
256.5,502.7726
257.0,502.7718
257.5,502.771
258.0,502.7702
258.5,502.76939999999996
259.0,502.7686
259.5,502.76779999999997
260.0,502.767
260.5,502.76619999999997
261.0,502.7654
261.5,502.7646
262.0,502.7638
262.5,502.763
263.0,502.7622
263.5,502.7614
264.0,502.7606
264.5,502.7598
265.0,502.759
265.5,502.7582
266.0,502.75739999999996
266.5,502.7566
267.0,502.75579999999997
267.5,502.755
268.0,502.75419999999997
268.5,502.7534
269.0,502.7526
269.5,502.7518
270.0,502.751
270.5,502.7502
271.0,502.7494
271.5,502.7486
272.0,502.7478
272.5,502.747
273.0,502.7462
273.5,502.74539999999996
274.0,502.7446
274.5,502.74379999999996
275.0,502.743
275.5,502.74219999999997
276.0,502.7414
276.5,502.7406
277.0,502.7398
277.5,502.739
278.0,502.7382
278.5,502.7374
279.0,502.7366
279.5,502.7358
280.0,502.735
280.5,502.7342
281.0,502.73339999999996
281.5,502.7326
282.0,502.73179999999996
282.5,502.731
283.0,502.73019999999997
283.5,502.7294
284.0,502.7286
284.5,502.7278
285.0,502.727
285.5,502.7262
286.0,502.7254
286.5,502.7246
287.0,502.7238
287.5,502.723
288.0,502.7222
288.5,502.72139999999996
289.0,502.7206
289.5,502.71979999999996
290.0,502.719
290.5,502.71819999999997
291.0,502.7174
291.5,502.71659999999997
292.0,502.7158
292.5,502.715
293.0,502.7142
293.5,502.7134
294.0,502.7126
294.5,502.7118
295.0,502.711
295.5,502.7102
296.0,502.70939999999996
296.5,502.7086
297.0,502.70779999999996
297.5,502.707
298.0,502.70619999999997
298.5,502.7054
299.0,502.70459999999997
299.5,502.7038
300.0,502.703
300.5,502.7022
301.0,502.7014
301.5,502.7006
302.0,502.6998
302.5,502.699
303.0,502.6982
303.5,502.69739999999996
304.0,502.6966
304.5,502.69579999999996
305.0,502.695
305.5,502.69419999999997
306.0,502.6934
306.5,502.69259999999997
307.0,502.6918
307.5,502.691
308.0,502.6902
308.5,502.6894
309.0,502.6886
309.5,502.6878
310.0,502.687
310.5,502.6862
311.0,502.68539999999996
311.5,502.6846
312.0,502.68379999999996
312.5,502.683
313.0,502.68219999999997
313.5,502.6814
314.0,502.68059999999997
314.5,502.6798
315.0,502.679
315.5,502.6782
316.0,502.6774
316.5,502.6766
317.0,502.6758
317.5,502.675
318.0,502.6742
318.5,502.67339999999996
319.0,502.6726
319.5,502.67179999999996
320.0,502.671
320.5,502.67019999999997
321.0,502.6694
321.5,502.66859999999997
322.0,502.6678
322.5,502.667
323.0,502.6662
323.5,502.6654
324.0,502.6646
324.5,502.6638
325.0,502.663
325.5,502.6622
326.0,502.66139999999996
326.5,502.6606
327.0,502.65979999999996
327.5,502.659
328.0,502.65819999999997
328.5,502.6574
329.0,502.65659999999997
329.5,502.6558
330.0,502.655
330.5,502.6542
331.0,502.6534
331.5,502.6526
332.0,502.6518
332.5,502.651
333.0,502.6502
333.5,502.64939999999996
334.0,502.6486
334.5,502.64779999999996
335.0,502.647
335.5,502.64619999999996
336.0,502.6454
336.5,502.64459999999997
337.0,502.6438
337.5,502.643
338.0,502.6422
338.5,502.6414
339.0,502.6406
339.5,502.6398
340.0,502.639
340.5,502.6382
341.0,502.63739999999996
341.5,502.6366
342.0,502.63579999999996
342.5,502.635
343.0,502.63419999999996
343.5,502.6334
344.0,502.63259999999997
344.5,502.6318
345.0,502.631
345.5,502.6302
346.0,502.6294
346.5,502.6286
347.0,502.6278
347.5,502.627
348.0,502.6262
348.5,502.6254
349.0,502.6246
349.5,502.62379999999996
350.0,502.623
350.5,502.62219999999996
351.0,502.6214
351.5,502.62059999999997
352.0,502.6198
352.5,502.61899999999997
353.0,502.6182
353.5,502.6174
354.0,502.6166
354.5,502.6158
355.0,502.615
355.5,502.6142
356.0,502.6134
356.5,502.6126
357.0,502.61179999999996
357.5,502.611
358.0,502.61019999999996
358.5,502.6094
359.0,502.60859999999997
359.5,502.6078
360.0,502.60699999999997
360.5,502.6062
361.0,502.6054
361.5,502.6046
362.0,502.6038
362.5,502.603
363.0,502.6022
363.5,502.6014
364.0,502.6006
364.5,502.59979999999996
365.0,502.599
365.5,502.59819999999996
366.0,502.5974
366.5,502.59659999999997
367.0,502.5958
367.5,502.59499999999997
368.0,502.5942
368.5,502.5934
369.0,502.5926
369.5,502.5918
370.0,502.591
370.5,502.5902
371.0,502.5894
371.5,502.5886
372.0,502.58779999999996
372.5,502.587
373.0,502.58619999999996
373.5,502.5854
374.0,502.58459999999997
374.5,502.5838
375.0,502.58299999999997
375.5,502.5822
376.0,502.5814
376.5,502.5806
377.0,502.5798
377.5,502.579
378.0,502.5782
378.5,502.5774
379.0,502.5766
379.5,502.57579999999996
380.0,502.575
380.5,502.57419999999996
381.0,502.5734
381.5,502.57259999999997
382.0,502.5718
382.5,502.57099999999997
383.0,502.5702
383.5,502.5694
384.0,502.5686
384.5,502.5678
385.0,502.567
385.5,502.5662
386.0,502.5654
386.5,502.5646
387.0,502.56379999999996
387.5,502.563
388.0,502.56219999999996
388.5,502.5614
389.0,502.56059999999997
389.5,502.5598
390.0,502.55899999999997
390.5,502.5582
391.0,502.5574
391.5,502.5566
392.0,502.5558
392.5,502.555
393.0,502.5542
393.5,502.5534
394.0,502.5526
394.5,502.55179999999996
395.0,502.551
395.5,502.55019999999996
396.0,502.5494
396.5,502.54859999999996
397.0,502.5478
397.5,502.54699999999997
398.0,502.5462
398.5,502.5454
399.0,502.5446
399.5,502.5438
400.0,502.543
400.5,502.5422
401.0,502.5414
401.5,502.5406
402.0,502.53979999999996
402.5,502.539
403.0,502.53819999999996
403.5,502.5374
404.0,502.53659999999996
404.5,502.5358
405.0,502.53499999999997
405.5,502.5342
406.0,502.5334
406.5,502.5326
407.0,502.5318
407.5,502.531
408.0,502.5302
408.5,502.5294
409.0,502.5286
409.5,502.52779999999996
410.0,502.527
410.5,502.52619999999996
411.0,502.5254
411.5,502.52459999999996
412.0,502.5238
412.5,502.52299999999997
413.0,502.5222
413.5,502.52139999999997
414.0,502.5206
414.5,502.5198
415.0,502.519
415.5,502.5182
416.0,502.5174
416.5,502.5166
417.0,502.51579999999996
417.5,502.515
418.0,502.51419999999996
418.5,502.5134
419.0,502.51259999999996
419.5,502.5118
420.0,502.51099999999997
420.5,502.5102
421.0,502.50939999999997
421.5,502.5086
422.0,502.5078
422.5,502.507
423.0,502.5062
423.5,502.5054
424.0,502.5046
424.5,502.50379999999996
425.0,502.503
425.5,502.50219999999996
426.0,502.5014
426.5,502.50059999999996
427.0,502.4998
427.5,502.49899999999997
428.0,502.4982
428.5,502.49739999999997
429.0,502.4966
429.5,502.4958
430.0,502.495
430.5,502.4942
431.0,502.4934
431.5,502.4926
432.0,502.49179999999996
432.5,502.491
433.0,502.49019999999996
433.5,502.4894
434.0,502.48859999999996
434.5,502.4878
435.0,502.48699999999997
435.5,502.4862
436.0,502.48539999999997
436.5,502.4846
437.0,502.4838
437.5,502.483
438.0,502.4822
438.5,502.4814
439.0,502.4806
439.5,502.47979999999995
440.0,502.479
440.5,502.47819999999996
441.0,502.4774
441.5,502.47659999999996
442.0,502.4758
442.5,502.47499999999997
443.0,502.4742
443.5,502.47339999999997
444.0,502.4726
444.5,502.4718
445.0,502.471
445.5,502.4702
446.0,502.4694
446.5,502.4686
447.0,502.46779999999995
447.5,502.467
448.0,502.46619999999996
448.5,502.4654
449.0,502.46459999999996
449.5,502.4638
450.0,502.46299999999997
450.5,502.4622
451.0,502.46139999999997
451.5,502.4606
452.0,502.4598
452.5,502.459
453.0,502.4582
453.5,502.4574
454.0,502.4566
454.5,502.45579999999995
455.0,502.455
455.5,502.45419999999996
456.0,502.4534
456.5,502.45259999999996
457.0,502.4518
457.5,502.45099999999996
458.0,502.4502
458.5,502.44939999999997
459.0,502.4486
459.5,502.4478
460.0,502.447
460.5,502.4462
461.0,502.4454
461.5,502.4446
462.0,502.44379999999995
462.5,502.443
463.0,502.44219999999996
463.5,502.4414
464.0,502.44059999999996
464.5,502.4398
465.0,502.43899999999996
465.5,502.4382
466.0,502.43739999999997
466.5,502.4366
467.0,502.4358
467.5,502.435
468.0,502.4342
468.5,502.4334
469.0,502.4326
469.5,502.43179999999995
470.0,502.431
470.5,502.43019999999996
471.0,502.4294
471.5,502.42859999999996
472.0,502.4278
472.5,502.42699999999996
473.0,502.4262
473.5,502.42539999999997
474.0,502.4246
474.5,502.42379999999997
475.0,502.423
475.5,502.4222
476.0,502.4214
476.5,502.4206
477.0,502.41979999999995
477.5,502.419
478.0,502.41819999999996
478.5,502.4174
479.0,502.41659999999996
479.5,502.4158
480.0,502.41499999999996
480.5,502.4142
481.0,502.41339999999997
481.5,502.4126
482.0,502.41179999999997
482.5,502.411
483.0,502.4102
483.5,502.4094
484.0,502.4086
484.5,502.40779999999995
485.0,502.407
485.5,502.40619999999996
486.0,502.4054
486.5,502.40459999999996
487.0,502.4038
487.5,502.40299999999996
488.0,502.4022
488.5,502.40139999999997
489.0,502.4006
489.5,502.39979999999997
490.0,502.399
490.5,502.3982
491.0,502.3974
491.5,502.3966
492.0,502.39579999999995
492.5,502.395
493.0,502.39419999999996
493.5,502.3934
494.0,502.39259999999996
494.5,502.3918
495.0,502.39099999999996
495.5,502.3902
496.0,502.38939999999997
496.5,502.3886
497.0,502.38779999999997
497.5,502.387
498.0,502.3862
498.5,502.3854
499.0,502.3846
499.5,502.38379999999995
500.0,502.383
500.5,502.38219999999995
501.0,502.3814
501.5,502.38059999999996
502.0,502.3798
502.5,502.37899999999996
503.0,502.3782
503.5,502.37739999999997
504.0,502.3766
504.5,502.37579999999997
505.0,502.375
505.5,502.3742
506.0,502.3734
506.5,502.3726
507.0,502.37179999999995
507.5,502.371
508.0,502.37019999999995
508.5,502.3694
509.0,502.36859999999996
509.5,502.3678
510.0,502.36699999999996
510.5,502.3662
511.0,502.36539999999997
511.5,502.3646
512.0,502.36379999999997
512.5,502.363
513.0,502.3622
513.5,502.3614
514.0,502.3606
514.5,502.35979999999995
515.0,502.359
515.5,502.35819999999995
516.0,502.3574
516.5,502.35659999999996
517.0,502.3558
517.5,502.35499999999996
518.0,502.3542
518.5,502.35339999999997
519.0,502.3526
519.5,502.35179999999997
520.0,502.351
520.5,502.3502
521.0,502.3494
521.5,502.3486
522.0,502.34779999999995
522.5,502.347
523.0,502.34619999999995
523.5,502.3454
524.0,502.34459999999996
524.5,502.3438
525.0,502.34299999999996
525.5,502.3422
526.0,502.34139999999996
526.5,502.3406
527.0,502.33979999999997
527.5,502.339
528.0,502.3382
528.5,502.3374
529.0,502.3366
529.5,502.33579999999995
530.0,502.335
530.5,502.33419999999995
531.0,502.3334
531.5,502.33259999999996
532.0,502.3318
532.5,502.33099999999996
533.0,502.3302
533.5,502.32939999999996
534.0,502.3286
534.5,502.32779999999997
535.0,502.327
535.5,502.3262
536.0,502.3254
536.5,502.3246
537.0,502.32379999999995
537.5,502.323
538.0,502.32219999999995
538.5,502.3214
539.0,502.32059999999996
539.5,502.3198
540.0,502.31899999999996
540.5,502.3182
541.0,502.31739999999996
541.5,502.3166
542.0,502.31579999999997
542.5,502.315
543.0,502.31419999999997
543.5,502.3134
544.0,502.3126
544.5,502.31179999999995
545.0,502.311
545.5,502.31019999999995
546.0,502.3094
546.5,502.30859999999996
547.0,502.3078
547.5,502.30699999999996
548.0,502.3062
548.5,502.30539999999996
549.0,502.3046
549.5,502.30379999999997
550.0,502.303
550.5,502.30219999999997
551.0,502.3014
551.5,502.3006
552.0,502.29979999999995
552.5,502.299
553.0,502.29819999999995
553.5,502.2974
554.0,502.29659999999996
554.5,502.2958
555.0,502.29499999999996
555.5,502.2942
556.0,502.29339999999996
556.5,502.2926
557.0,502.29179999999997
557.5,502.291
558.0,502.29019999999997
558.5,502.2894
559.0,502.2886
559.5,502.28779999999995
560.0,502.287
560.5,502.28619999999995
561.0,502.2854
561.5,502.28459999999995
562.0,502.2838
562.5,502.28299999999996
563.0,502.2822
563.5,502.28139999999996
564.0,502.2806
564.5,502.27979999999997
565.0,502.279
565.5,502.27819999999997
566.0,502.2774
566.5,502.2766
567.0,502.27579999999995
567.5,502.275
568.0,502.27419999999995
568.5,502.2734
569.0,502.27259999999995
569.5,502.2718
570.0,502.27099999999996
570.5,502.2702
571.0,502.26939999999996
571.5,502.2686
572.0,502.26779999999997
572.5,502.267
573.0,502.26619999999997
573.5,502.2654
574.0,502.2646
574.5,502.26379999999995
575.0,502.263
575.5,502.26219999999995
576.0,502.2614
576.5,502.26059999999995
577.0,502.2598
577.5,502.25899999999996
578.0,502.2582
578.5,502.25739999999996
579.0,502.2566
579.5,502.25579999999997
580.0,502.255
580.5,502.25419999999997
581.0,502.2534
581.5,502.2526
582.0,502.25179999999995
582.5,502.251
583.0,502.25019999999995
583.5,502.2494
584.0,502.24859999999995
584.5,502.2478
585.0,502.24699999999996
585.5,502.2462
586.0,502.24539999999996
586.5,502.2446
587.0,502.24379999999996
587.5,502.243
588.0,502.24219999999997
588.5,502.2414
589.0,502.2406
589.5,502.23979999999995
590.0,502.239
590.5,502.23819999999995
591.0,502.2374
591.5,502.23659999999995
592.0,502.2358
592.5,502.23499999999996
593.0,502.2342
593.5,502.23339999999996
594.0,502.2326
594.5,502.23179999999996
595.0,502.231
595.5,502.23019999999997
596.0,502.2294
596.5,502.2286
597.0,502.2278
597.5,502.227
598.0,502.22619999999995
598.5,502.2254
599.0,502.22459999999995
599.5,502.2238
600.0,502.22299999999996
600.5,502.2222
601.0,502.22139999999996
601.5,502.2206
602.0,502.21979999999996
602.5,502.219
603.0,502.21819999999997
603.5,502.2174
604.0,502.21659999999997
604.5,502.2158
605.0,502.215
605.5,502.21419999999995
606.0,502.2134
606.5,502.21259999999995
607.0,502.2118
607.5,502.21099999999996
608.0,502.2102
608.5,502.20939999999996
609.0,502.2086
609.5,502.20779999999996
610.0,502.207
610.5,502.20619999999997
611.0,502.2054
611.5,502.20459999999997
612.0,502.2038
612.5,502.203
613.0,502.20219999999995
613.5,502.2014
614.0,502.20059999999995
614.5,502.1998
615.0,502.19899999999996
615.5,502.1982
616.0,502.19739999999996
616.5,502.1966
617.0,502.19579999999996
617.5,502.195
618.0,502.19419999999997
618.5,502.1934
619.0,502.19259999999997
619.5,502.1918
620.0,502.191
620.5,502.19019999999995
621.0,502.1894
621.5,502.18859999999995
622.0,502.1878
622.5,502.18699999999995
623.0,502.1862
623.5,502.18539999999996
624.0,502.1846
624.5,502.18379999999996
625.0,502.183
625.5,502.18219999999997
626.0,502.1814
626.5,502.18059999999997
627.0,502.1798
627.5,502.179
628.0,502.17819999999995
628.5,502.1774
629.0,502.17659999999995
629.5,502.1758
630.0,502.17499999999995
630.5,502.1742
631.0,502.17339999999996
631.5,502.1726
632.0,502.17179999999996
632.5,502.171
633.0,502.17019999999997
633.5,502.1694
634.0,502.16859999999997
634.5,502.1678
635.0,502.167
635.5,502.16619999999995
636.0,502.1654
636.5,502.16459999999995
637.0,502.1638
637.5,502.16299999999995
638.0,502.1622
638.5,502.16139999999996
639.0,502.1606
639.5,502.15979999999996
640.0,502.159
640.5,502.15819999999997
641.0,502.1574
641.5,502.15659999999997
642.0,502.1558
642.5,502.155
643.0,502.1542
643.5,502.1534
644.0,502.15259999999995
644.5,502.1518
645.0,502.15099999999995
645.5,502.1502
646.0,502.14939999999996
646.5,502.1486
647.0,502.14779999999996
647.5,502.147
648.0,502.14619999999996
648.5,502.1454
649.0,502.14459999999997
649.5,502.1438
650.0,502.143
650.5,502.1422
651.0,502.1414
651.5,502.14059999999995
652.0,502.1398
652.5,502.13899999999995
653.0,502.1382
653.5,502.13739999999996
654.0,502.1366
654.5,502.13579999999996
655.0,502.135
655.5,502.13419999999996
656.0,502.1334
656.5,502.13259999999997
657.0,502.1318
657.5,502.131
658.0,502.1302
658.5,502.1294
659.0,502.1286
659.5,502.1278
660.0,502.12699999999995
660.5,502.1262
661.0,502.12539999999996
661.5,502.1246
662.0,502.12379999999996
662.5,502.123
663.0,502.12219999999996
663.5,502.1214
664.0,502.12059999999997
664.5,502.1198
665.0,502.11899999999997
665.5,502.1182
666.0,502.1174
666.5,502.1166
667.0,502.1158
667.5,502.11499999999995
668.0,502.1142
668.5,502.11339999999996
669.0,502.1126
669.5,502.11179999999996
670.0,502.111
670.5,502.11019999999996
671.0,502.1094
671.5,502.10859999999997
672.0,502.1078
672.5,502.10699999999997
673.0,502.1062
673.5,502.1054
674.0,502.1046
674.5,502.1038
675.0,502.103
675.5,502.1022
676.0,502.10139999999996
676.5,502.1006
677.0,502.09979999999996
677.5,502.099
678.0,502.09819999999996
678.5,502.0974
679.0,502.09659999999997
679.5,502.0958
680.0,502.09499999999997
680.5,502.0942
681.0,502.0934
681.5,502.0926
682.0,502.0918
682.5,502.091
683.0,502.0902
683.5,502.08939999999996
684.0,502.0886
684.5,502.08779999999996
685.0,502.087
685.5,502.08619999999996
686.0,502.0854
686.5,502.08459999999997
687.0,502.0838
687.5,502.08299999999997
688.0,502.0822
688.5,502.0814
689.0,502.0806
689.5,502.0798
690.0,502.079
690.5,502.0782
691.0,502.0774
691.5,502.0766
692.0,502.07579999999996
692.5,502.075
693.0,502.07419999999996
693.5,502.0734
694.0,502.07259999999997
694.5,502.0718
695.0,502.07099999999997
695.5,502.0702
696.0,502.0694
696.5,502.0686
697.0,502.0678
697.5,502.067
698.0,502.0662
698.5,502.0654
699.0,502.0646
699.5,502.06379999999996
700.0,502.063
700.5,502.06219999999996
701.0,502.0614
701.5,502.06059999999997
702.0,502.0598
702.5,502.05899999999997
703.0,502.0582
703.5,502.0574
704.0,502.0566
704.5,502.0558
705.0,502.055
705.5,502.0542
706.0,502.0534
706.5,502.0526
707.0,502.0518
707.5,502.051
708.0,502.05019999999996
708.5,502.0494
709.0,502.04859999999996
709.5,502.0478
710.0,502.04699999999997
710.5,502.0462
711.0,502.0454
711.5,502.0446
712.0,502.0438
712.5,502.043
713.0,502.0422
713.5,502.0414
714.0,502.0406
714.5,502.0398
715.0,502.039
715.5,502.03819999999996
716.0,502.0374
716.5,502.03659999999996
717.0,502.0358
717.5,502.03499999999997
718.0,502.0342
718.5,502.0334
719.0,502.0326
719.5,502.0318
720.0,502.031
720.5,502.0302
721.0,502.0294
721.5,502.0286
722.0,502.0278
722.5,502.027
723.0,502.0262
723.5,502.0254
724.0,502.02459999999996
724.5,502.0238
725.0,502.02299999999997
725.5,502.0222
726.0,502.02139999999997
726.5,502.0206
727.0,502.0198
727.5,502.019
728.0,502.0182
728.5,502.0174
729.0,502.0166
729.5,502.0158
730.0,502.015
730.5,502.0142
731.0,502.0134
731.5,502.01259999999996
732.0,502.0118
732.5,502.01099999999997
733.0,502.0102
733.5,502.00939999999997
734.0,502.0086
734.5,502.0078
735.0,502.007
735.5,502.0062
736.0,502.0054
736.5,502.0046
737.0,502.0038
737.5,502.003
738.0,502.0022
738.5,502.0014
739.0,502.0006
739.5,501.9998
740.0,501.99899999999997
740.5,501.9982
741.0,501.99739999999997
741.5,501.9966
742.0,501.9958
742.5,501.995
743.0,501.9942
743.5,501.9934
744.0,501.9926
744.5,501.9918
745.0,501.991
745.5,501.9902
746.0,501.9894
746.5,501.9886
747.0,501.9878
747.5,501.98699999999997
748.0,501.9862
748.5,501.98539999999997
749.0,501.9846
749.5,501.9838
750.0,501.983
750.5,501.9822
751.0,501.9814
751.5,501.9806
752.0,501.9798
752.5,501.979
753.0,501.9782
753.5,501.9774
754.0,501.9766
754.5,501.9758
755.0,501.975
755.5,501.9742
756.0,501.97339999999997
756.5,501.9726
757.0,501.9718
757.5,501.971
758.0,501.9702
758.5,501.9694
759.0,501.9686
759.5,501.9678
760.0,501.967
760.5,501.9662
761.0,501.9654
761.5,501.9646
762.0,501.9638
762.5,501.963
763.0,501.9622
763.5,501.96139999999997
764.0,501.9606
764.5,501.9598
765.0,501.959
765.5,501.9582
766.0,501.9574
766.5,501.9566
767.0,501.9558
767.5,501.955
768.0,501.9542
768.5,501.9534
769.0,501.9526
769.5,501.9518
770.0,501.951
770.5,501.9502
771.0,501.9494
771.5,501.9486
772.0,501.9478
772.5,501.947
773.0,501.9462
773.5,501.9454
774.0,501.9446
774.5,501.9438
775.0,501.943
775.5,501.9422
776.0,501.9414
776.5,501.9406
777.0,501.9398
777.5,501.939
778.0,501.9382
778.5,501.9374
779.0,501.9366
779.5,501.9358
780.0,501.935
780.5,501.9342
781.0,501.9334
781.5,501.9326
782.0,501.9318
782.5,501.931
783.0,501.9302
783.5,501.9294
784.0,501.9286
784.5,501.9278
785.0,501.927
785.5,501.9262
786.0,501.9254
786.5,501.9246
787.0,501.9238
787.5,501.923
788.0,501.9222
788.5,501.9214
789.0,501.9206
789.5,501.9198
790.0,501.919
790.5,501.9182
791.0,501.9174
791.5,501.9166
792.0,501.9158
792.5,501.915
793.0,501.9142
793.5,501.9134
794.0,501.9126
794.5,501.9118
795.0,501.911
795.5,501.9102
796.0,501.9094
796.5,501.9086
797.0,501.9078
797.5,501.907
798.0,501.9062
798.5,501.9054
799.0,501.9046
799.5,501.9038
800.0,501.903
800.5,501.9022
801.0,501.9014
801.5,501.9006
802.0,501.8998
802.5,501.899
803.0,501.89820000000003
803.5,501.8974
804.0,501.8966
804.5,501.8958
805.0,501.895
805.5,501.8942
806.0,501.8934
806.5,501.8926
807.0,501.8918
807.5,501.891
808.0,501.8902
808.5,501.8894
809.0,501.8886
809.5,501.8878
810.0,501.887
810.5,501.88620000000003
811.0,501.8854
811.5,501.8846
812.0,501.8838
812.5,501.883
813.0,501.8822
813.5,501.8814
814.0,501.8806
814.5,501.8798
815.0,501.879
815.5,501.8782
816.0,501.8774
816.5,501.8766
817.0,501.8758
817.5,501.875
818.0,501.87420000000003
818.5,501.8734
819.0,501.87260000000003
819.5,501.8718
820.0,501.871
820.5,501.8702
821.0,501.8694
821.5,501.8686
822.0,501.8678
822.5,501.867
823.0,501.8662
823.0,501.8662
823.0,501.8662
823.0,501.8662
823.0,501.8662
823.0,501.8662
823.0,501.8662
823.0,501.8662
823.0,501.8662
823.0,501.8662
823.0,501.8662
823.0,501.8662
823.0,501.8662
823.0,501.8662
823.0,501.8662
823.0,501.8662
823.0,501.8662
823.0,501.8662
823.0,501.8662
823.0,501.8662
823.0,501.8662
0.0,503.183
0.0,503.183
0.0,503.183
0.0,503.183
0.0,503.183
0.0,503.183
0.0,503.183
0.0,503.183
0.0,503.183
0.0,503.183
0.0,503.183
0.0,503.183
0.0,503.183
0.0,503.183
0.0,503.183
0.0,503.183
0.0,503.183
0.0,503.183
0.0,503.183
0.0,503.183
0.0,503.183
0.0,503.183
0.0,503.183
0.0,503.183
0.0,503.183
0.0,503.183
0.0,503.183
0.0,503.183
0.0,503.183
0.0,503.183
0.0,503.183
0.0,503.183
0.0,503.183
0.0,503.183
0.0,503.183
0.0,503.183
0.0,503.183
0.0,503.183
0.0,503.183
0.0,503.183
0.5,503.18219999999997
1.0,503.1814
1.5,503.18059999999997
2.0,503.1798
2.5,503.179
3.0,503.1782
3.5,503.1774
4.0,503.1766
4.5,503.1758
5.0,503.175
5.5,503.1742
6.0,503.1734
6.5,503.1726
7.0,503.1718
7.5,503.171
8.0,503.17019999999997
8.5,503.1694
9.0,503.16859999999997
9.5,503.1678
10.0,503.167
10.5,503.1662
11.0,503.1654
11.5,503.1646
12.0,503.1638
12.5,503.163
13.0,503.1622
13.5,503.1614
14.0,503.1606
14.5,503.1598
15.0,503.159
15.5,503.15819999999997
16.0,503.1574
16.5,503.15659999999997
17.0,503.1558
17.5,503.155
18.0,503.1542
18.5,503.1534
19.0,503.1526
19.5,503.1518
20.0,503.151
20.5,503.1502
21.0,503.1494
21.5,503.1486
22.0,503.1478
22.5,503.147
23.0,503.14619999999996
23.5,503.1454
24.0,503.14459999999997
24.5,503.1438
25.0,503.143
25.5,503.1422
26.0,503.1414
26.5,503.1406
27.0,503.1398
27.5,503.139
28.0,503.1382
28.5,503.1374
29.0,503.1366
29.5,503.1358
30.0,503.135
30.5,503.13419999999996
31.0,503.1334
31.5,503.13259999999997
32.0,503.1318
32.5,503.131
33.0,503.1302
33.5,503.1294
34.0,503.1286
34.5,503.1278
35.0,503.127
35.5,503.1262
36.0,503.1254
36.5,503.1246
37.0,503.1238
37.5,503.123
38.0,503.1222
38.5,503.1214
39.0,503.12059999999997
39.5,503.1198
40.0,503.11899999999997
40.5,503.1182
41.0,503.1174
41.5,503.1166
42.0,503.1158
42.5,503.115
43.0,503.1142
43.5,503.1134
44.0,503.1126
44.5,503.1118
45.0,503.111
45.5,503.1102
46.0,503.1094
46.5,503.10859999999997
47.0,503.1078
47.5,503.10699999999997
48.0,503.1062
48.5,503.1054
49.0,503.1046
49.5,503.1038
50.0,503.103
50.5,503.1022
51.0,503.1014
51.5,503.1006
52.0,503.0998
52.5,503.099
53.0,503.0982
53.5,503.0974
54.0,503.09659999999997
54.5,503.0958
55.0,503.09499999999997
55.5,503.0942
56.0,503.0934
56.5,503.0926
57.0,503.0918
57.5,503.091
58.0,503.0902
58.5,503.0894
59.0,503.0886
59.5,503.0878
60.0,503.087
60.5,503.0862
61.0,503.0854
61.5,503.08459999999997
62.0,503.0838
62.5,503.08299999999997
63.0,503.0822
63.5,503.0814
64.0,503.0806
64.5,503.0798
65.0,503.079
65.5,503.0782
66.0,503.0774
66.5,503.0766
67.0,503.0758
67.5,503.075
68.0,503.0742
68.5,503.0734
69.0,503.07259999999997
69.5,503.0718
70.0,503.07099999999997
70.5,503.0702
71.0,503.0694
71.5,503.0686
72.0,503.0678
72.5,503.067
73.0,503.0662
73.5,503.0654
74.0,503.0646
74.5,503.0638
75.0,503.063
75.5,503.0622
76.0,503.0614
76.5,503.06059999999997
77.0,503.0598
77.5,503.05899999999997
78.0,503.0582
78.5,503.0574
79.0,503.0566
79.5,503.0558
80.0,503.055
80.5,503.0542
81.0,503.0534
81.5,503.0526
82.0,503.0518
82.5,503.051
83.0,503.0502
83.5,503.0494
84.0,503.04859999999996
84.5,503.0478
85.0,503.04699999999997
85.5,503.0462
86.0,503.0454
86.5,503.0446
87.0,503.0438
87.5,503.043
88.0,503.0422
88.5,503.0414
89.0,503.0406
89.5,503.0398
90.0,503.039
90.5,503.0382
91.0,503.0374
91.5,503.0366
92.0,503.0358
92.5,503.03499999999997
93.0,503.0342
93.5,503.0334
94.0,503.0326
94.5,503.0318
95.0,503.031
95.5,503.0302
96.0,503.0294
96.5,503.0286
97.0,503.0278
97.5,503.027
98.0,503.0262
98.5,503.0254
99.0,503.0246
99.5,503.0238
100.0,503.02299999999997
100.5,503.0222
101.0,503.02139999999997
101.5,503.0206
102.0,503.0198
102.5,503.019
103.0,503.0182
103.5,503.0174
104.0,503.0166
104.5,503.0158
105.0,503.015
105.5,503.0142
106.0,503.0134
106.5,503.0126
107.0,503.0118
107.5,503.01099999999997
108.0,503.0102
108.5,503.00939999999997
109.0,503.0086
109.5,503.0078
110.0,503.007
110.5,503.0062
111.0,503.0054
111.5,503.0046
112.0,503.0038
112.5,503.003
113.0,503.0022
113.5,503.0014
114.0,503.0006
114.5,502.9998
115.0,502.99899999999997
115.5,502.9982
116.0,502.99739999999997
116.5,502.9966
117.0,502.9958
117.5,502.995
118.0,502.9942
118.5,502.9934
119.0,502.9926
119.5,502.9918
120.0,502.991
120.5,502.9902
121.0,502.9894
121.5,502.9886
122.0,502.9878
122.5,502.98699999999997
123.0,502.9862
123.5,502.98539999999997
124.0,502.9846
124.5,502.9838
125.0,502.983
125.5,502.9822
126.0,502.9814
126.5,502.9806
127.0,502.9798
127.5,502.979
128.0,502.9782
128.5,502.9774
129.0,502.9766
129.5,502.9758
130.0,502.97499999999997
130.5,502.9742
131.0,502.97339999999997
131.5,502.9726
132.0,502.9718
132.5,502.971
133.0,502.9702
133.5,502.9694
134.0,502.9686
134.5,502.9678
135.0,502.967
135.5,502.9662
136.0,502.9654
136.5,502.9646
137.0,502.9638
137.5,502.96299999999997
138.0,502.9622
138.5,502.96139999999997
139.0,502.9606
139.5,502.9598
140.0,502.959
140.5,502.9582
141.0,502.9574
141.5,502.9566
142.0,502.9558
142.5,502.955
143.0,502.9542
143.5,502.9534
144.0,502.9526
144.5,502.9518
145.0,502.951
145.5,502.9502
146.0,502.94939999999997
146.5,502.9486
147.0,502.9478
147.5,502.947
148.0,502.9462
148.5,502.9454
149.0,502.9446
149.5,502.9438
150.0,502.943
150.5,502.9422
151.0,502.9414
151.5,502.9406
152.0,502.9398
152.5,502.939
153.0,502.9382
153.5,502.93739999999997
154.0,502.9366
154.5,502.9358
155.0,502.935
155.5,502.9342
156.0,502.9334
156.5,502.9326
157.0,502.9318
157.5,502.931
158.0,502.9302
158.5,502.9294
159.0,502.9286
159.5,502.9278
160.0,502.927
160.5,502.9262
161.0,502.92539999999997
161.5,502.9246
162.0,502.92379999999997
162.5,502.923
163.0,502.9222
163.5,502.9214
164.0,502.9206
164.5,502.9198
165.0,502.919
165.5,502.9182
166.0,502.9174
166.5,502.9166
167.0,502.9158
167.5,502.915
168.0,502.9142
168.5,502.91339999999997
169.0,502.9126
169.5,502.91179999999997
170.0,502.911
170.5,502.9102
171.0,502.9094
171.5,502.9086
172.0,502.9078
172.5,502.907
173.0,502.9062
173.5,502.9054
174.0,502.9046
174.5,502.9038
175.0,502.903
175.5,502.9022
176.0,502.90139999999997
176.5,502.9006
177.0,502.89979999999997
177.5,502.899
178.0,502.8982
178.5,502.8974
179.0,502.8966
179.5,502.8958
180.0,502.895
180.5,502.8942
181.0,502.8934
181.5,502.8926
182.0,502.8918
182.5,502.891
183.0,502.8902
183.5,502.88939999999997
184.0,502.8886
184.5,502.88779999999997
185.0,502.887
185.5,502.8862
186.0,502.8854
186.5,502.8846
187.0,502.8838
187.5,502.883
188.0,502.8822
188.5,502.8814
189.0,502.8806
189.5,502.8798
190.0,502.879
190.5,502.8782
191.0,502.87739999999997
191.5,502.8766
192.0,502.87579999999997
192.5,502.875
193.0,502.8742
193.5,502.8734
194.0,502.8726
194.5,502.8718
195.0,502.871
195.5,502.8702
196.0,502.8694
196.5,502.8686
197.0,502.8678
197.5,502.867
198.0,502.8662
198.5,502.86539999999997
199.0,502.8646
199.5,502.86379999999997
200.0,502.863
200.5,502.8622
201.0,502.8614
201.5,502.8606
202.0,502.8598
202.5,502.859
203.0,502.8582
203.5,502.8574
204.0,502.8566
204.5,502.8558
205.0,502.855
205.5,502.8542
206.0,502.85339999999997
206.5,502.8526
207.0,502.85179999999997
207.5,502.851
208.0,502.8502
208.5,502.8494
209.0,502.8486
209.5,502.8478
210.0,502.847
210.5,502.8462
211.0,502.8454
211.5,502.8446
212.0,502.8438
212.5,502.843
213.0,502.8422
213.5,502.84139999999996
214.0,502.8406
214.5,502.83979999999997
215.0,502.839
215.5,502.8382
216.0,502.8374
216.5,502.8366
217.0,502.8358
217.5,502.835
218.0,502.8342
218.5,502.8334
219.0,502.8326
219.5,502.8318
220.0,502.831
220.5,502.8302
221.0,502.82939999999996
221.5,502.8286
222.0,502.82779999999997
222.5,502.827
223.0,502.8262
223.5,502.8254
224.0,502.8246
224.5,502.8238
225.0,502.823
225.5,502.8222
226.0,502.8214
226.5,502.8206
227.0,502.8198
227.5,502.819
228.0,502.8182
228.5,502.81739999999996
229.0,502.8166
229.5,502.81579999999997
230.0,502.815
230.5,502.81419999999997
231.0,502.8134
231.5,502.8126
232.0,502.8118
232.5,502.811
233.0,502.8102
233.5,502.8094
234.0,502.8086
234.5,502.8078
235.0,502.807
235.5,502.8062
236.0,502.80539999999996
236.5,502.8046
237.0,502.80379999999997
237.5,502.803
238.0,502.80219999999997
238.5,502.8014
239.0,502.8006
239.5,502.7998
240.0,502.799
240.5,502.7982
241.0,502.7974
241.5,502.7966
242.0,502.7958
242.5,502.795
243.0,502.7942
243.5,502.79339999999996
244.0,502.7926
244.5,502.79179999999997
245.0,502.791
245.5,502.79019999999997
246.0,502.7894
246.5,502.7886
247.0,502.7878
247.5,502.787
248.0,502.7862
248.5,502.7854
249.0,502.7846
249.5,502.7838
250.0,502.783
250.5,502.7822
251.0,502.78139999999996
251.5,502.7806
252.0,502.77979999999997
252.5,502.779
253.0,502.77819999999997
253.5,502.7774
254.0,502.7766
254.5,502.7758
255.0,502.775
255.5,502.7742
256.0,502.7734
256.5,502.7726
257.0,502.7718
257.5,502.771
258.0,502.7702
258.5,502.76939999999996
259.0,502.7686
259.5,502.76779999999997
260.0,502.767
260.5,502.76619999999997
261.0,502.7654
261.5,502.7646
262.0,502.7638
262.5,502.763
263.0,502.7622
263.5,502.7614
264.0,502.7606
264.5,502.7598
265.0,502.759
265.5,502.7582
266.0,502.75739999999996
266.5,502.7566
267.0,502.75579999999997
267.5,502.755
268.0,502.75419999999997
268.5,502.7534
269.0,502.7526
269.5,502.7518
270.0,502.751
270.5,502.7502
271.0,502.7494
271.5,502.7486
272.0,502.7478
272.5,502.747
273.0,502.7462
273.5,502.74539999999996
274.0,502.7446
274.5,502.74379999999996
275.0,502.743
275.5,502.74219999999997
276.0,502.7414
276.5,502.7406
277.0,502.7398
277.5,502.739
278.0,502.7382
278.5,502.7374
279.0,502.7366
279.5,502.7358
280.0,502.735
280.5,502.7342
281.0,502.73339999999996
281.5,502.7326
282.0,502.73179999999996
282.5,502.731
283.0,502.73019999999997
283.5,502.7294
284.0,502.7286
284.5,502.7278
285.0,502.727
285.5,502.7262
286.0,502.7254
286.5,502.7246
287.0,502.7238
287.5,502.723
288.0,502.7222
288.5,502.72139999999996
289.0,502.7206
289.5,502.71979999999996
290.0,502.719
290.5,502.71819999999997
291.0,502.7174
291.5,502.71659999999997
292.0,502.7158
292.5,502.715
293.0,502.7142
293.5,502.7134
294.0,502.7126
294.5,502.7118
295.0,502.711
295.5,502.7102
296.0,502.70939999999996
296.5,502.7086
297.0,502.70779999999996
297.5,502.707
298.0,502.70619999999997
298.5,502.7054
299.0,502.70459999999997
299.5,502.7038
300.0,502.703
300.5,502.7022
301.0,502.7014
301.5,502.7006
302.0,502.6998
302.5,502.699
303.0,502.6982
303.5,502.69739999999996
304.0,502.6966
304.5,502.69579999999996
305.0,502.695
305.5,502.69419999999997
306.0,502.6934
306.5,502.69259999999997
307.0,502.6918
307.5,502.691
308.0,502.6902
308.5,502.6894
309.0,502.6886
309.5,502.6878
310.0,502.687
310.5,502.6862
311.0,502.68539999999996
311.5,502.6846
312.0,502.68379999999996
312.5,502.683
313.0,502.68219999999997
313.5,502.6814
314.0,502.68059999999997
314.5,502.6798
315.0,502.679
315.5,502.6782
316.0,502.6774
316.5,502.6766
317.0,502.6758
317.5,502.675
318.0,502.6742
318.5,502.67339999999996
319.0,502.6726
319.5,502.67179999999996
320.0,502.671
320.5,502.67019999999997
321.0,502.6694
321.5,502.66859999999997
322.0,502.6678
322.5,502.667
323.0,502.6662
323.5,502.6654
324.0,502.6646
324.5,502.6638
325.0,502.663
325.5,502.6622
326.0,502.66139999999996
326.5,502.6606
327.0,502.65979999999996
327.5,502.659
328.0,502.65819999999997
328.5,502.6574
329.0,502.65659999999997
329.5,502.6558
330.0,502.655
330.5,502.6542
331.0,502.6534
331.5,502.6526
332.0,502.6518
332.5,502.651
333.0,502.6502
333.5,502.64939999999996
334.0,502.6486
334.5,502.64779999999996
335.0,502.647
335.5,502.64619999999996
336.0,502.6454
336.5,502.64459999999997
337.0,502.6438
337.5,502.643
338.0,502.6422
338.5,502.6414
339.0,502.6406
339.5,502.6398
340.0,502.639
340.5,502.6382
341.0,502.63739999999996
341.5,502.6366
342.0,502.63579999999996
342.5,502.635
343.0,502.63419999999996
343.5,502.6334
344.0,502.63259999999997
344.5,502.6318
345.0,502.631
345.5,502.6302
346.0,502.6294
346.5,502.6286
347.0,502.6278
347.5,502.627
348.0,502.6262
348.5,502.6254
349.0,502.6246
349.5,502.62379999999996
350.0,502.623
350.5,502.62219999999996
351.0,502.6214
351.5,502.62059999999997
352.0,502.6198
352.5,502.61899999999997
353.0,502.6182
353.5,502.6174
354.0,502.6166
354.5,502.6158
355.0,502.615
355.5,502.6142
356.0,502.6134
356.5,502.6126
357.0,502.61179999999996
357.5,502.611
358.0,502.61019999999996
358.5,502.6094
359.0,502.60859999999997
359.5,502.6078
360.0,502.60699999999997
360.5,502.6062
361.0,502.6054
361.5,502.6046
362.0,502.6038
362.5,502.603
363.0,502.6022
363.5,502.6014
364.0,502.6006
364.5,502.59979999999996
365.0,502.599
365.5,502.59819999999996
366.0,502.5974
366.5,502.59659999999997
367.0,502.5958
367.5,502.59499999999997
368.0,502.5942
368.5,502.5934
369.0,502.5926
369.5,502.5918
370.0,502.591
370.5,502.5902
371.0,502.5894
371.5,502.5886
372.0,502.58779999999996
372.5,502.587
373.0,502.58619999999996
373.5,502.5854
374.0,502.58459999999997
374.5,502.5838
375.0,502.58299999999997
375.5,502.5822
376.0,502.5814
376.5,502.5806
377.0,502.5798
377.5,502.579
378.0,502.5782
378.5,502.5774
379.0,502.5766
379.5,502.57579999999996
380.0,502.575
380.5,502.57419999999996
381.0,502.5734
381.5,502.57259999999997
382.0,502.5718
382.5,502.57099999999997
383.0,502.5702
383.5,502.5694
384.0,502.5686
384.5,502.5678
385.0,502.567
385.5,502.5662
386.0,502.5654
386.5,502.5646
387.0,502.56379999999996
387.5,502.563
388.0,502.56219999999996
388.5,502.5614
389.0,502.56059999999997
389.5,502.5598
390.0,502.55899999999997
390.5,502.5582
391.0,502.5574
391.5,502.5566
392.0,502.5558
392.5,502.555
393.0,502.5542
393.5,502.5534
394.0,502.5526
394.5,502.55179999999996
395.0,502.551
395.5,502.55019999999996
396.0,502.5494
396.5,502.54859999999996
397.0,502.5478
397.5,502.54699999999997
398.0,502.5462
398.5,502.5454
399.0,502.5446
399.5,502.5438
400.0,502.543
400.5,502.5422
401.0,502.5414
401.5,502.5406
402.0,502.53979999999996
402.5,502.539
403.0,502.53819999999996
403.5,502.5374
404.0,502.53659999999996
404.5,502.5358
405.0,502.53499999999997
405.5,502.5342
406.0,502.5334
406.5,502.5326
407.0,502.5318
407.5,502.531
408.0,502.5302
408.5,502.5294
409.0,502.5286
409.5,502.52779999999996
410.0,502.527
410.5,502.52619999999996
411.0,502.5254
411.5,502.52459999999996
412.0,502.5238
412.5,502.52299999999997
413.0,502.5222
413.5,502.52139999999997
414.0,502.5206
414.5,502.5198
415.0,502.519
415.5,502.5182
416.0,502.5174
416.5,502.5166
417.0,502.51579999999996
417.5,502.515
418.0,502.51419999999996
418.5,502.5134
419.0,502.51259999999996
419.5,502.5118
420.0,502.51099999999997
420.5,502.5102
421.0,502.50939999999997
421.5,502.5086
422.0,502.5078
422.5,502.507
423.0,502.5062
423.5,502.5054
424.0,502.5046
424.5,502.50379999999996
425.0,502.503
425.5,502.50219999999996
426.0,502.5014
426.5,502.50059999999996
427.0,502.4998
427.5,502.49899999999997
428.0,502.4982
428.5,502.49739999999997
429.0,502.4966
429.5,502.4958
430.0,502.495
430.5,502.4942
431.0,502.4934
431.5,502.4926
432.0,502.49179999999996
432.5,502.491
433.0,502.49019999999996
433.5,502.4894
434.0,502.48859999999996
434.5,502.4878
435.0,502.48699999999997
435.5,502.4862
436.0,502.48539999999997
436.5,502.4846
437.0,502.4838
437.5,502.483
438.0,502.4822
438.5,502.4814
439.0,502.4806
439.5,502.47979999999995
440.0,502.479
440.5,502.47819999999996
441.0,502.4774
441.5,502.47659999999996
442.0,502.4758
442.5,502.47499999999997
443.0,502.4742
443.5,502.47339999999997
444.0,502.4726
444.5,502.4718
445.0,502.471
445.5,502.4702
446.0,502.4694
446.5,502.4686
447.0,502.46779999999995
447.5,502.467
448.0,502.46619999999996
448.5,502.4654
449.0,502.46459999999996
449.5,502.4638
450.0,502.46299999999997
450.5,502.4622
451.0,502.46139999999997
451.5,502.4606
452.0,502.4598
452.5,502.459
453.0,502.4582
453.5,502.4574
454.0,502.4566
454.5,502.45579999999995
455.0,502.455
455.5,502.45419999999996
456.0,502.4534
456.5,502.45259999999996
457.0,502.4518
457.5,502.45099999999996
458.0,502.4502
458.5,502.44939999999997
459.0,502.4486
459.5,502.4478
460.0,502.447
460.5,502.4462
461.0,502.4454
461.5,502.4446
462.0,502.44379999999995
462.5,502.443
463.0,502.44219999999996
463.5,502.4414
464.0,502.44059999999996
464.5,502.4398
465.0,502.43899999999996
465.5,502.4382
466.0,502.43739999999997
466.5,502.4366
467.0,502.4358
467.5,502.435
468.0,502.4342
468.5,502.4334
469.0,502.4326
469.5,502.43179999999995
470.0,502.431
470.5,502.43019999999996
471.0,502.4294
471.5,502.42859999999996
472.0,502.4278
472.5,502.42699999999996
473.0,502.4262
473.5,502.42539999999997
474.0,502.4246
474.5,502.42379999999997
475.0,502.423
475.5,502.4222
476.0,502.4214
476.5,502.4206
477.0,502.41979999999995
477.5,502.419
478.0,502.41819999999996
478.5,502.4174
479.0,502.41659999999996
479.5,502.4158
480.0,502.41499999999996
480.5,502.4142
481.0,502.41339999999997
481.5,502.4126
482.0,502.41179999999997
482.5,502.411
483.0,502.4102
483.5,502.4094
484.0,502.4086
484.5,502.40779999999995
485.0,502.407
485.5,502.40619999999996
486.0,502.4054
486.5,502.40459999999996
487.0,502.4038
487.5,502.40299999999996
488.0,502.4022
488.5,502.40139999999997
489.0,502.4006
489.5,502.39979999999997
490.0,502.399
490.5,502.3982
491.0,502.3974
491.5,502.3966
492.0,502.39579999999995
492.5,502.395
493.0,502.39419999999996
493.5,502.3934
494.0,502.39259999999996
494.5,502.3918
495.0,502.39099999999996
495.5,502.3902
496.0,502.38939999999997
496.5,502.3886
497.0,502.38779999999997
497.5,502.387
498.0,502.3862
498.5,502.3854
499.0,502.3846
499.5,502.38379999999995
500.0,502.383
500.5,502.38219999999995
501.0,502.3814
501.5,502.38059999999996
502.0,502.3798
502.5,502.37899999999996
503.0,502.3782
503.5,502.37739999999997
504.0,502.3766
504.5,502.37579999999997
505.0,502.375
505.5,502.3742
506.0,502.3734
506.5,502.3726
507.0,502.37179999999995
507.5,502.371
508.0,502.37019999999995
508.5,502.3694
509.0,502.36859999999996
509.5,502.3678
510.0,502.36699999999996
510.5,502.3662
511.0,502.36539999999997
511.5,502.3646
512.0,502.36379999999997
512.5,502.363
513.0,502.3622
513.5,502.3614
514.0,502.3606
514.5,502.35979999999995
515.0,502.359
515.5,502.35819999999995
516.0,502.3574
516.5,502.35659999999996
517.0,502.3558
517.5,502.35499999999996
518.0,502.3542
518.5,502.35339999999997
519.0,502.3526
519.5,502.35179999999997
520.0,502.351
520.5,502.3502
521.0,502.3494
521.5,502.3486
522.0,502.34779999999995
522.5,502.347
523.0,502.34619999999995
523.5,502.3454
524.0,502.34459999999996
524.5,502.3438
525.0,502.34299999999996
525.5,502.3422
526.0,502.34139999999996
526.5,502.3406
527.0,502.33979999999997
527.5,502.339
528.0,502.3382
528.5,502.3374
529.0,502.3366
529.5,502.33579999999995
530.0,502.335
530.5,502.33419999999995
531.0,502.3334
531.5,502.33259999999996
532.0,502.3318
532.5,502.33099999999996
533.0,502.3302
533.5,502.32939999999996
534.0,502.3286
534.5,502.32779999999997
535.0,502.327
535.5,502.3262
536.0,502.3254
536.5,502.3246
537.0,502.32379999999995
537.5,502.323
538.0,502.32219999999995
538.5,502.3214
539.0,502.32059999999996
539.5,502.3198
540.0,502.31899999999996
540.5,502.3182
541.0,502.31739999999996
541.5,502.3166
542.0,502.31579999999997
542.5,502.315
543.0,502.31419999999997
543.5,502.3134
544.0,502.3126
544.5,502.31179999999995
545.0,502.311
545.5,502.31019999999995
546.0,502.3094
546.5,502.30859999999996
547.0,502.3078
547.5,502.30699999999996
548.0,502.3062
548.5,502.30539999999996
549.0,502.3046
549.5,502.30379999999997
550.0,502.303
550.5,502.30219999999997
551.0,502.3014
551.5,502.3006
552.0,502.29979999999995
552.5,502.299
553.0,502.29819999999995
553.5,502.2974
554.0,502.29659999999996
554.5,502.2958
555.0,502.29499999999996
555.5,502.2942
556.0,502.29339999999996
556.5,502.2926
557.0,502.29179999999997
557.5,502.291
558.0,502.29019999999997
558.5,502.2894
559.0,502.2886
559.5,502.28779999999995
560.0,502.287
560.5,502.28619999999995
561.0,502.2854
561.5,502.28459999999995
562.0,502.2838
562.5,502.28299999999996
563.0,502.2822
563.5,502.28139999999996
564.0,502.2806
564.5,502.27979999999997
565.0,502.279
565.5,502.27819999999997
566.0,502.2774
566.5,502.2766
567.0,502.27579999999995
567.5,502.275
568.0,502.27419999999995
568.5,502.2734
569.0,502.27259999999995
569.5,502.2718
570.0,502.27099999999996
570.5,502.2702
571.0,502.26939999999996
571.5,502.2686
572.0,502.26779999999997
572.5,502.267
573.0,502.26619999999997
573.5,502.2654
574.0,502.2646
574.5,502.26379999999995
575.0,502.263
575.5,502.26219999999995
576.0,502.2614
576.5,502.26059999999995
577.0,502.2598
577.5,502.25899999999996
578.0,502.2582
578.5,502.25739999999996
579.0,502.2566
579.5,502.25579999999997
580.0,502.255
580.5,502.25419999999997
581.0,502.2534
581.5,502.2526
582.0,502.25179999999995
582.5,502.251
583.0,502.25019999999995
583.5,502.2494
584.0,502.24859999999995
584.5,502.2478
585.0,502.24699999999996
585.5,502.2462
586.0,502.24539999999996
586.5,502.2446
587.0,502.24379999999996
587.5,502.243
588.0,502.24219999999997
588.5,502.2414
589.0,502.2406
589.5,502.23979999999995
590.0,502.239
590.5,502.23819999999995
591.0,502.2374
591.5,502.23659999999995
592.0,502.2358
592.5,502.23499999999996
593.0,502.2342
593.5,502.23339999999996
594.0,502.2326
594.5,502.23179999999996
595.0,502.231
595.5,502.23019999999997
596.0,502.2294
596.5,502.2286
597.0,502.2278
597.5,502.227
598.0,502.22619999999995
598.5,502.2254
599.0,502.22459999999995
599.5,502.2238
600.0,502.22299999999996
600.5,502.2222
601.0,502.22139999999996
601.5,502.2206
602.0,502.21979999999996
602.5,502.219
603.0,502.21819999999997
603.5,502.2174
604.0,502.21659999999997
604.5,502.2158
605.0,502.215
605.5,502.21419999999995
606.0,502.2134
606.5,502.21259999999995
607.0,502.2118
607.5,502.21099999999996
608.0,502.2102
608.5,502.20939999999996
609.0,502.2086
609.5,502.20779999999996
610.0,502.207
610.5,502.20619999999997
611.0,502.2054
611.5,502.20459999999997
612.0,502.2038
612.5,502.203
613.0,502.20219999999995
613.5,502.2014
614.0,502.20059999999995
614.5,502.1998
615.0,502.19899999999996
615.5,502.1982
616.0,502.19739999999996
616.5,502.1966
617.0,502.19579999999996
617.5,502.195
618.0,502.19419999999997
618.5,502.1934
619.0,502.19259999999997
619.5,502.1918
620.0,502.191
620.5,502.19019999999995
621.0,502.1894
621.5,502.18859999999995
622.0,502.1878
622.5,502.18699999999995
623.0,502.1862
623.5,502.18539999999996
624.0,502.1846
624.5,502.18379999999996
625.0,502.183
625.5,502.18219999999997
626.0,502.1814
626.5,502.18059999999997
627.0,502.1798
627.5,502.179
628.0,502.17819999999995
628.5,502.1774
629.0,502.17659999999995
629.5,502.1758
630.0,502.17499999999995
630.5,502.1742
631.0,502.17339999999996
631.5,502.1726
632.0,502.17179999999996
632.5,502.171
633.0,502.17019999999997
633.5,502.1694
634.0,502.16859999999997
634.5,502.1678
635.0,502.167
635.5,502.16619999999995
636.0,502.1654
636.5,502.16459999999995
637.0,502.1638
637.5,502.16299999999995
638.0,502.1622
638.5,502.16139999999996
639.0,502.1606
639.5,502.15979999999996
640.0,502.159
640.5,502.15819999999997
641.0,502.1574
641.5,502.15659999999997
642.0,502.1558
642.5,502.155
643.0,502.1542
643.5,502.1534
644.0,502.15259999999995
644.5,502.1518
645.0,502.15099999999995
645.5,502.1502
646.0,502.14939999999996
646.5,502.1486
647.0,502.14779999999996
647.5,502.147
648.0,502.14619999999996
648.5,502.1454
649.0,502.14459999999997
649.5,502.1438
650.0,502.143
650.5,502.1422
651.0,502.1414
651.5,502.14059999999995
652.0,502.1398
652.5,502.13899999999995
653.0,502.1382
653.5,502.13739999999996
654.0,502.1366
654.5,502.13579999999996
655.0,502.135
655.5,502.13419999999996
656.0,502.1334
656.5,502.13259999999997
657.0,502.1318
657.5,502.131
658.0,502.1302
658.5,502.1294
659.0,502.1286
659.5,502.1278
660.0,502.12699999999995
660.5,502.1262
661.0,502.12539999999996
661.5,502.1246
662.0,502.12379999999996
662.5,502.123
663.0,502.12219999999996
663.5,502.1214
664.0,502.12059999999997
664.5,502.1198
665.0,502.11899999999997
665.5,502.1182
666.0,502.1174
666.5,502.1166
667.0,502.1158
667.5,502.11499999999995
668.0,502.1142
668.5,502.11339999999996
669.0,502.1126
669.5,502.11179999999996
670.0,502.111
670.5,502.11019999999996
671.0,502.1094
671.5,502.10859999999997
672.0,502.1078
672.5,502.10699999999997
673.0,502.1062
673.5,502.1054
674.0,502.1046
674.5,502.1038
675.0,502.103
675.5,502.1022
676.0,502.10139999999996
676.5,502.1006
677.0,502.09979999999996
677.5,502.099
678.0,502.09819999999996
678.5,502.0974
679.0,502.09659999999997
679.5,502.0958
680.0,502.09499999999997
680.5,502.0942
681.0,502.0934
681.5,502.0926
682.0,502.0918
682.5,502.091
683.0,502.0902
683.5,502.08939999999996
684.0,502.0886
684.5,502.08779999999996
685.0,502.087
685.5,502.08619999999996
686.0,502.0854
686.5,502.08459999999997
687.0,502.0838
687.5,502.08299999999997
688.0,502.0822
688.5,502.0814
689.0,502.0806
689.5,502.0798
690.0,502.079
690.5,502.0782
691.0,502.0774
691.5,502.0766
692.0,502.07579999999996
692.5,502.075
693.0,502.07419999999996
693.5,502.0734
694.0,502.07259999999997
694.5,502.0718
695.0,502.07099999999997
695.5,502.0702
696.0,502.0694
696.5,502.0686
697.0,502.0678
697.5,502.067
698.0,502.0662
698.5,502.0654
699.0,502.0646
699.5,502.06379999999996
700.0,502.063
700.5,502.06219999999996
701.0,502.0614
701.5,502.06059999999997
702.0,502.0598
702.5,502.05899999999997
703.0,502.0582
703.5,502.0574
704.0,502.0566
704.5,502.0558
705.0,502.055
705.5,502.0542
706.0,502.0534
706.5,502.0526
707.0,502.0518
707.5,502.051
708.0,502.05019999999996
708.5,502.0494
709.0,502.04859999999996
709.5,502.0478
710.0,502.04699999999997
710.5,502.0462
711.0,502.0454
711.5,502.0446
712.0,502.0438
712.5,502.043
713.0,502.0422
713.5,502.0414
714.0,502.0406
714.5,502.0398
715.0,502.039
715.5,502.03819999999996
716.0,502.0374
716.5,502.03659999999996
717.0,502.0358
717.5,502.03499999999997
718.0,502.0342
718.5,502.0334
719.0,502.0326
719.5,502.0318
720.0,502.031
720.5,502.0302
721.0,502.0294
721.5,502.0286
722.0,502.0278
722.5,502.027
723.0,502.0262
723.5,502.0254
724.0,502.02459999999996
724.5,502.0238
725.0,502.02299999999997
725.5,502.0222
726.0,502.02139999999997
726.5,502.0206
727.0,502.0198
727.5,502.019
728.0,502.0182
728.5,502.0174
729.0,502.0166
729.5,502.0158
730.0,502.015
730.5,502.0142
731.0,502.0134
731.5,502.01259999999996
732.0,502.0118
732.5,502.01099999999997
733.0,502.0102
733.5,502.00939999999997
734.0,502.0086
734.5,502.0078
735.0,502.007
735.5,502.0062
736.0,502.0054
736.5,502.0046
737.0,502.0038
737.5,502.003
738.0,502.0022
738.5,502.0014
739.0,502.0006
739.5,501.9998
740.0,501.99899999999997
740.5,501.9982
741.0,501.99739999999997
741.5,501.9966
742.0,501.9958
742.5,501.995
743.0,501.9942
743.5,501.9934
744.0,501.9926
744.5,501.9918
745.0,501.991
745.5,501.9902
746.0,501.9894
746.5,501.9886
747.0,501.9878
747.5,501.98699999999997
748.0,501.9862
748.5,501.98539999999997
749.0,501.9846
749.5,501.9838
750.0,501.983
750.5,501.9822
751.0,501.9814
751.5,501.9806
752.0,501.9798
752.5,501.979
753.0,501.9782
753.5,501.9774
754.0,501.9766
754.5,501.9758
755.0,501.975
755.5,501.9742
756.0,501.97339999999997
756.5,501.9726
757.0,501.9718
757.5,501.971
758.0,501.9702
758.5,501.9694
759.0,501.9686
759.5,501.9678
760.0,501.967
760.5,501.9662
761.0,501.9654
761.5,501.9646
762.0,501.9638
762.5,501.963
763.0,501.9622
763.5,501.96139999999997
764.0,501.9606
764.5,501.9598
765.0,501.959
765.5,501.9582
766.0,501.9574
766.5,501.9566
767.0,501.9558
767.5,501.955
768.0,501.9542
768.5,501.9534
769.0,501.9526
769.5,501.9518
770.0,501.951
770.5,501.9502
771.0,501.9494
771.5,501.9486
772.0,501.9478
772.5,501.947
773.0,501.9462
773.5,501.9454
774.0,501.9446
774.5,501.9438
775.0,501.943
775.5,501.9422
776.0,501.9414
776.5,501.9406
777.0,501.9398
777.5,501.939
778.0,501.9382
778.5,501.9374
779.0,501.9366
779.5,501.9358
780.0,501.935
780.5,501.9342
781.0,501.9334
781.5,501.9326
782.0,501.9318
782.5,501.931
783.0,501.9302
783.5,501.9294
784.0,501.9286
784.5,501.9278
785.0,501.927
785.5,501.9262
786.0,501.9254
786.5,501.9246
787.0,501.9238
787.5,501.923
788.0,501.9222
788.5,501.9214
789.0,501.9206
789.5,501.9198
790.0,501.919
790.5,501.9182
791.0,501.9174
791.5,501.9166
792.0,501.9158
792.5,501.915
793.0,501.9142
793.5,501.9134
794.0,501.9126
794.5,501.9118
795.0,501.911
795.5,501.9102
796.0,501.9094
796.5,501.9086
797.0,501.9078
797.5,501.907
798.0,501.9062
798.5,501.9054
799.0,501.9046
799.5,501.9038
800.0,501.903
800.5,501.9022
801.0,501.9014
801.5,501.9006
802.0,501.8998
802.5,501.899
803.0,501.89820000000003
803.5,501.8974
804.0,501.8966
804.5,501.8958
805.0,501.895
805.5,501.8942
806.0,501.8934
806.5,501.8926
807.0,501.8918
807.5,501.891
808.0,501.8902
808.5,501.8894
809.0,501.8886
809.5,501.8878
810.0,501.887
810.5,501.88620000000003
811.0,501.8854
811.5,501.8846
812.0,501.8838
812.5,501.883
813.0,501.8822
813.5,501.8814
814.0,501.8806
814.5,501.8798
815.0,501.879
815.5,501.8782
816.0,501.8774
816.5,501.8766
817.0,501.8758
817.5,501.875
818.0,501.87420000000003
818.5,501.8734
819.0,501.87260000000003
819.5,501.8718
820.0,501.871
820.5,501.8702
821.0,501.8694
821.5,501.8686
822.0,501.8678
822.5,501.867
823.0,501.8662
823.0,501.8662
823.0,501.8662
823.0,501.8662
823.0,501.8662
823.0,501.8662
823.0,501.8662
823.0,501.8662
823.0,501.8662
823.0,501.8662
823.0,501.8662
823.0,501.8662
823.0,501.8662
823.0,501.8662
823.0,501.8662
823.0,501.8662
823.0,501.8662
823.0,501.8662
823.0,501.8662
823.0,501.8662
823.0,501.8662
0.0,503.183
0.5,503.18219999999997
1.0,503.18139999999994
1.5,503.1806
2.0,503.1798
2.5,503.179
3.0,503.17819999999995
3.5,503.17740000000003
4.0,503.1766
4.5,503.1758
5.0,503.17499999999995
5.5,503.17420000000004
6.0,503.1734
6.5,503.1726
7.0,503.17179999999996
7.5,503.17100000000005
8.0,503.1702
8.5,503.1694
9.0,503.16859999999997
9.5,503.16779999999994
10.0,503.16700000000003
10.5,503.1662
11.0,503.1654
11.5,503.16459999999995
12.0,503.16380000000004
12.5,503.163
13.0,503.1622
13.5,503.16139999999996
14.0,503.16060000000004
14.5,503.1598
15.0,503.159
15.5,503.15819999999997
16.0,503.15739999999994
16.5,503.1566
17.0,503.1558
17.5,503.155
18.0,503.15419999999995
18.5,503.15340000000003
19.0,503.1526
19.5,503.1518
20.0,503.15099999999995
20.5,503.15020000000004
21.0,503.1494
21.5,503.1486
22.0,503.14779999999996
22.5,503.14700000000005
23.0,503.1462
23.5,503.1454
24.0,503.14459999999997
24.5,503.14379999999994
25.0,503.14300000000003
25.5,503.1422
26.0,503.1414
26.5,503.14059999999995
27.0,503.13980000000004
27.5,503.139
28.0,503.1382
28.5,503.13739999999996
29.0,503.13660000000004
29.5,503.1358
30.0,503.135
30.5,503.13419999999996
31.0,503.13339999999994
31.5,503.1326
32.0,503.1318
32.5,503.131
33.0,503.13019999999995
33.5,503.12940000000003
34.0,503.1286
34.5,503.1278
35.0,503.12699999999995
35.5,503.12620000000004
36.0,503.1254
36.5,503.1246
37.0,503.12379999999996
37.5,503.12300000000005
38.0,503.1222
38.5,503.1214
39.0,503.12059999999997
39.5,503.11979999999994
40.0,503.119
40.5,503.1182
41.0,503.1174
41.5,503.11659999999995
42.0,503.11580000000004
42.5,503.115
43.0,503.1142
43.5,503.11339999999996
44.0,503.11260000000004
44.5,503.1118
45.0,503.111
45.5,503.11019999999996
46.0,503.10939999999994
46.5,503.1086
47.0,503.1078
47.5,503.10699999999997
48.0,503.10619999999994
48.5,503.10540000000003
49.0,503.1046
49.5,503.1038
50.0,503.10299999999995
50.5,503.10220000000004
51.0,503.1014
51.5,503.1006
52.0,503.09979999999996
52.5,503.09900000000005
53.0,503.0982
53.5,503.0974
54.0,503.09659999999997
54.5,503.09579999999994
55.0,503.095
55.5,503.0942
56.0,503.0934
56.5,503.09259999999995
57.0,503.09180000000003
57.5,503.091
58.0,503.0902
58.5,503.08939999999996
59.0,503.08860000000004
59.5,503.0878
60.0,503.087
60.5,503.08619999999996
61.0,503.08540000000005
61.5,503.0846
62.0,503.0838
62.5,503.08299999999997
63.0,503.08219999999994
63.5,503.08140000000003
64.0,503.0806
64.5,503.0798
65.0,503.07899999999995
65.5,503.07820000000004
66.0,503.0774
66.5,503.0766
67.0,503.07579999999996
67.5,503.07500000000005
68.0,503.0742
68.5,503.0734
69.0,503.07259999999997
69.5,503.07179999999994
70.0,503.071
70.5,503.0702
71.0,503.0694
71.5,503.06859999999995
72.0,503.06780000000003
72.5,503.067
73.0,503.0662
73.5,503.06539999999995
74.0,503.06460000000004
74.5,503.0638
75.0,503.063
75.5,503.06219999999996
76.0,503.06140000000005
76.5,503.0606
77.0,503.0598
77.5,503.05899999999997
78.0,503.05819999999994
78.5,503.05740000000003
79.0,503.0566
79.5,503.0558
80.0,503.05499999999995
80.5,503.05420000000004
81.0,503.0534
81.5,503.0526
82.0,503.05179999999996
82.5,503.05100000000004
83.0,503.0502
83.5,503.0494
84.0,503.04859999999996
84.5,503.04779999999994
85.0,503.047
85.5,503.0462
86.0,503.0454
86.5,503.04459999999995
87.0,503.04380000000003
87.5,503.043
88.0,503.0422
88.5,503.04139999999995
89.0,503.04060000000004
89.5,503.0398
90.0,503.039
90.5,503.03819999999996
91.0,503.03740000000005
91.5,503.0366
92.0,503.0358
92.5,503.03499999999997
93.0,503.03419999999994
93.5,503.03340000000003
94.0,503.0326
94.5,503.0318
95.0,503.03099999999995
95.5,503.03020000000004
96.0,503.0294
96.5,503.0286
97.0,503.02779999999996
97.5,503.02700000000004
98.0,503.0262
98.5,503.0254
99.0,503.02459999999996
99.5,503.02379999999994
100.0,503.023
100.5,503.0222
101.0,503.02139999999997
101.5,503.02059999999994
102.0,503.01980000000003
102.5,503.019
103.0,503.0182
103.5,503.01739999999995
104.0,503.01660000000004
104.5,503.0158
105.0,503.015
105.5,503.01419999999996
106.0,503.01340000000005
106.5,503.0126
107.0,503.0118
107.5,503.01099999999997
108.0,503.01019999999994
108.5,503.0094
109.0,503.0086
109.5,503.0078
110.0,503.00699999999995
110.5,503.00620000000004
111.0,503.0054
111.5,503.0046
112.0,503.00379999999996
112.5,503.00300000000004
113.0,503.0022
113.5,503.0014
114.0,503.00059999999996
114.5,502.99980000000005
115.0,502.999
115.5,502.9982
116.0,502.99739999999997
116.5,502.99659999999994
117.0,502.99580000000003
117.5,502.995
118.0,502.9942
118.5,502.99339999999995
119.0,502.99260000000004
119.5,502.9918
120.0,502.991
120.5,502.99019999999996
121.0,502.98940000000005
121.5,502.9886
122.0,502.9878
122.5,502.98699999999997
123.0,502.98619999999994
123.5,502.9854
124.0,502.9846
124.5,502.9838
125.0,502.98299999999995
125.5,502.98220000000003
126.0,502.9814
126.5,502.9806
127.0,502.97979999999995
127.5,502.97900000000004
128.0,502.9782
128.5,502.9774
129.0,502.97659999999996
129.5,502.97580000000005
130.0,502.975
130.5,502.9742
131.0,502.97339999999997
131.5,502.97259999999994
132.0,502.97180000000003
132.5,502.971
133.0,502.9702
133.5,502.96939999999995
134.0,502.96860000000004
134.5,502.9678
135.0,502.967
135.5,502.96619999999996
136.0,502.96540000000005
136.5,502.9646
137.0,502.9638
137.5,502.96299999999997
138.0,502.96219999999994
138.5,502.9614
139.0,502.9606
139.5,502.9598
140.0,502.95899999999995
140.5,502.95820000000003
141.0,502.9574
141.5,502.9566
142.0,502.95579999999995
142.5,502.95500000000004
143.0,502.9542
143.5,502.9534
144.0,502.95259999999996
144.5,502.95180000000005
145.0,502.951
145.5,502.9502
146.0,502.94939999999997
146.5,502.94859999999994
147.0,502.94780000000003
147.5,502.947
148.0,502.9462
148.5,502.94539999999995
149.0,502.94460000000004
149.5,502.9438
150.0,502.943
150.5,502.94219999999996
151.0,502.94140000000004
151.5,502.9406
152.0,502.9398
152.5,502.93899999999996
153.0,502.93819999999994
153.5,502.9374
154.0,502.9366
154.5,502.9358
155.0,502.93499999999995
155.5,502.93420000000003
156.0,502.9334
156.5,502.9326
157.0,502.93179999999995
157.5,502.93100000000004
158.0,502.9302
158.5,502.9294
159.0,502.92859999999996
159.5,502.92780000000005
160.0,502.927
160.5,502.9262
161.0,502.92539999999997
161.5,502.92459999999994
162.0,502.9238
162.5,502.923
163.0,502.9222
163.5,502.92139999999995
164.0,502.92060000000004
164.5,502.9198
165.0,502.919
165.5,502.91819999999996
166.0,502.91740000000004
166.5,502.9166
167.0,502.9158
167.5,502.91499999999996
168.0,502.91419999999994
168.5,502.9134
169.0,502.9126
169.5,502.91179999999997
170.0,502.91099999999994
170.5,502.91020000000003
171.0,502.9094
171.5,502.9086
172.0,502.90779999999995
172.5,502.90700000000004
173.0,502.9062
173.5,502.9054
174.0,502.90459999999996
174.5,502.90380000000005
175.0,502.903
175.5,502.9022
176.0,502.90139999999997
176.5,502.90059999999994
177.0,502.8998
177.5,502.899
178.0,502.8982
178.5,502.89739999999995
179.0,502.89660000000003
179.5,502.8958
180.0,502.895
180.5,502.89419999999996
181.0,502.89340000000004
181.5,502.8926
182.0,502.8918
182.5,502.89099999999996
183.0,502.89019999999994
183.5,502.8894
184.0,502.8886
184.5,502.88779999999997
185.0,502.88699999999994
185.5,502.88620000000003
186.0,502.8854
186.5,502.8846
187.0,502.88379999999995
187.5,502.88300000000004
188.0,502.8822
188.5,502.8814
189.0,502.88059999999996
189.5,502.87980000000005
190.0,502.879
190.5,502.8782
191.0,502.87739999999997
191.5,502.87659999999994
192.0,502.8758
192.5,502.875
193.0,502.8742
193.5,502.87339999999995
194.0,502.87260000000003
194.5,502.8718
195.0,502.871
195.5,502.87019999999995
196.0,502.86940000000004
196.5,502.8686
197.0,502.8678
197.5,502.86699999999996
198.0,502.86619999999994
198.5,502.8654
199.0,502.8646
199.5,502.86379999999997
200.0,502.86299999999994
200.5,502.86220000000003
201.0,502.8614
201.5,502.8606
202.0,502.85979999999995
202.5,502.85900000000004
203.0,502.8582
203.5,502.8574
204.0,502.85659999999996
204.5,502.85580000000004
205.0,502.855
205.5,502.8542
206.0,502.85339999999997
206.5,502.85259999999994
207.0,502.8518
207.5,502.851
208.0,502.8502
208.5,502.84939999999995
209.0,502.84860000000003
209.5,502.8478
210.0,502.847
210.5,502.84619999999995
211.0,502.84540000000004
211.5,502.8446
212.0,502.8438
212.5,502.84299999999996
213.0,502.84220000000005
213.5,502.8414
214.0,502.8406
214.5,502.83979999999997
215.0,502.83899999999994
215.5,502.83820000000003
216.0,502.8374
216.5,502.8366
217.0,502.83579999999995
217.5,502.83500000000004
218.0,502.8342
218.5,502.8334
219.0,502.83259999999996
219.5,502.83180000000004
220.0,502.831
220.5,502.8302
221.0,502.82939999999996
221.5,502.82859999999994
222.0,502.8278
222.5,502.827
223.0,502.8262
223.5,502.82539999999995
224.0,502.82460000000003
224.5,502.8238
225.0,502.823
225.5,502.82219999999995
226.0,502.82140000000004
226.5,502.8206
227.0,502.8198
227.5,502.81899999999996
228.0,502.81820000000005
228.5,502.8174
229.0,502.8166
229.5,502.81579999999997
230.0,502.81499999999994
230.5,502.8142
231.0,502.8134
231.5,502.8126
232.0,502.81179999999995
232.5,502.81100000000004
233.0,502.8102
233.5,502.8094
234.0,502.80859999999996
234.5,502.80780000000004
235.0,502.807
235.5,502.8062
236.0,502.80539999999996
236.5,502.80459999999994
237.0,502.8038
237.5,502.803
238.0,502.80219999999997
238.5,502.80139999999994
239.0,502.80060000000003
239.5,502.7998
240.0,502.799
240.5,502.79819999999995
241.0,502.79740000000004
241.5,502.7966
242.0,502.7958
242.5,502.79499999999996
243.0,502.79420000000005
243.5,502.7934
244.0,502.7926
244.5,502.79179999999997
245.0,502.79099999999994
245.5,502.7902
246.0,502.7894
246.5,502.7886
247.0,502.78779999999995
247.5,502.78700000000003
248.0,502.7862
248.5,502.7854
249.0,502.78459999999995
249.5,502.78380000000004
250.0,502.783
250.5,502.7822
251.0,502.78139999999996
251.5,502.78059999999994
252.0,502.7798
252.5,502.779
253.0,502.77819999999997
253.5,502.77739999999994
254.0,502.77660000000003
254.5,502.7758
255.0,502.775
255.5,502.77419999999995
256.0,502.77340000000004
256.5,502.7726
257.0,502.7718
257.5,502.77099999999996
258.0,502.77020000000005
258.5,502.7694
259.0,502.7686
259.5,502.76779999999997
260.0,502.76699999999994
260.5,502.7662
261.0,502.7654
261.5,502.7646
262.0,502.76379999999995
262.5,502.76300000000003
263.0,502.7622
263.5,502.7614
264.0,502.76059999999995
264.5,502.75980000000004
265.0,502.759
265.5,502.7582
266.0,502.75739999999996
266.5,502.75659999999993
267.0,502.7558
267.5,502.755
268.0,502.75419999999997
268.5,502.75339999999994
269.0,502.75260000000003
269.5,502.7518
270.0,502.751
270.5,502.75019999999995
271.0,502.74940000000004
271.5,502.7486
272.0,502.7478
272.5,502.74699999999996
273.0,502.74620000000004
273.5,502.7454
274.0,502.7446
274.5,502.74379999999996
275.0,502.74299999999994
275.5,502.7422
276.0,502.7414
276.5,502.7406
277.0,502.73979999999995
277.5,502.73900000000003
278.0,502.7382
278.5,502.7374
279.0,502.73659999999995
279.5,502.73580000000004
280.0,502.735
280.5,502.7342
281.0,502.73339999999996
281.5,502.73259999999993
282.0,502.7318
282.5,502.731
283.0,502.73019999999997
283.5,502.72939999999994
284.0,502.72860000000003
284.5,502.7278
285.0,502.727
285.5,502.72619999999995
286.0,502.72540000000004
286.5,502.7246
287.0,502.7238
287.5,502.72299999999996
288.0,502.72220000000004
288.5,502.7214
289.0,502.7206
289.5,502.71979999999996
290.0,502.71899999999994
290.5,502.7182
291.0,502.7174
291.5,502.71659999999997
292.0,502.71579999999994
292.5,502.71500000000003
293.0,502.7142
293.5,502.7134
294.0,502.71259999999995
294.5,502.71180000000004
295.0,502.711
295.5,502.7102
296.0,502.70939999999996
296.5,502.70859999999993
297.0,502.7078
297.5,502.707
298.0,502.70619999999997
298.5,502.70539999999994
299.0,502.7046
299.5,502.7038
300.0,502.703
300.5,502.70219999999995
301.0,502.70140000000004
301.5,502.7006
302.0,502.6998
302.5,502.69899999999996
303.0,502.69820000000004
303.5,502.6974
304.0,502.6966
304.5,502.69579999999996
305.0,502.69499999999994
305.5,502.6942
306.0,502.6934
306.5,502.69259999999997
307.0,502.69179999999994
307.5,502.69100000000003
308.0,502.6902
308.5,502.6894
309.0,502.68859999999995
309.5,502.68780000000004
310.0,502.687
310.5,502.6862
311.0,502.68539999999996
311.5,502.68459999999993
312.0,502.6838
312.5,502.683
313.0,502.68219999999997
313.5,502.68139999999994
314.0,502.6806
314.5,502.6798
315.0,502.679
315.5,502.67819999999995
316.0,502.67740000000003
316.5,502.6766
317.0,502.6758
317.5,502.67499999999995
318.0,502.67420000000004
318.5,502.6734
319.0,502.6726
319.5,502.67179999999996
320.0,502.67099999999994
320.5,502.6702
321.0,502.6694
321.5,502.66859999999997
322.0,502.66779999999994
322.5,502.66700000000003
323.0,502.6662
323.5,502.6654
324.0,502.66459999999995
324.5,502.66380000000004
325.0,502.663
325.5,502.6622
326.0,502.66139999999996
326.5,502.66059999999993
327.0,502.6598
327.5,502.659
328.0,502.65819999999997
328.5,502.65739999999994
329.0,502.6566
329.5,502.6558
330.0,502.655
330.5,502.65419999999995
331.0,502.65340000000003
331.5,502.6526
332.0,502.6518
332.5,502.65099999999995
333.0,502.65020000000004
333.5,502.6494
334.0,502.6486
334.5,502.64779999999996
335.0,502.64699999999993
335.5,502.6462
336.0,502.6454
336.5,502.64459999999997
337.0,502.64379999999994
337.5,502.64300000000003
338.0,502.6422
338.5,502.6414
339.0,502.64059999999995
339.5,502.63980000000004
340.0,502.639
340.5,502.6382
341.0,502.63739999999996
341.5,502.63659999999993
342.0,502.6358
342.5,502.635
343.0,502.63419999999996
343.5,502.63339999999994
344.0,502.6326
344.5,502.6318
345.0,502.631
345.5,502.63019999999995
346.0,502.62940000000003
346.5,502.6286
347.0,502.6278
347.5,502.62699999999995
348.0,502.62620000000004
348.5,502.6254
349.0,502.6246
349.5,502.62379999999996
350.0,502.62299999999993
350.5,502.6222
351.0,502.6214
351.5,502.62059999999997
352.0,502.61979999999994
352.5,502.619
353.0,502.6182
353.5,502.6174
354.0,502.61659999999995
354.5,502.61580000000004
355.0,502.615
355.5,502.6142
356.0,502.61339999999996
356.5,502.61259999999993
357.0,502.6118
357.5,502.611
358.0,502.61019999999996
358.5,502.60939999999994
359.0,502.6086
359.5,502.6078
360.0,502.60699999999997
360.5,502.60619999999994
361.0,502.60540000000003
361.5,502.6046
362.0,502.6038
362.5,502.60299999999995
363.0,502.60220000000004
363.5,502.6014
364.0,502.6006
364.5,502.59979999999996
365.0,502.59899999999993
365.5,502.5982
366.0,502.5974
366.5,502.59659999999997
367.0,502.59579999999994
367.5,502.595
368.0,502.5942
368.5,502.5934
369.0,502.59259999999995
369.5,502.59180000000003
370.0,502.591
370.5,502.5902
371.0,502.58939999999996
371.5,502.58859999999993
372.0,502.5878
372.5,502.587
373.0,502.58619999999996
373.5,502.58539999999994
374.0,502.5846
374.5,502.5838
375.0,502.58299999999997
375.5,502.58219999999994
376.0,502.58140000000003
376.5,502.5806
377.0,502.5798
377.5,502.57899999999995
378.0,502.57820000000004
378.5,502.5774
379.0,502.5766
379.5,502.57579999999996
380.0,502.57499999999993
380.5,502.5742
381.0,502.5734
381.5,502.57259999999997
382.0,502.57179999999994
382.5,502.571
383.0,502.5702
383.5,502.5694
384.0,502.56859999999995
384.5,502.56780000000003
385.0,502.567
385.5,502.5662
386.0,502.56539999999995
386.5,502.5645999999999
387.0,502.5638
387.5,502.563
388.0,502.56219999999996
388.5,502.56139999999994
389.0,502.5606
389.5,502.5598
390.0,502.55899999999997
390.5,502.55819999999994
391.0,502.55740000000003
391.5,502.5566
392.0,502.5558
392.5,502.55499999999995
393.0,502.55420000000004
393.5,502.5534
394.0,502.5526
394.5,502.55179999999996
395.0,502.55099999999993
395.5,502.5502
396.0,502.5494
396.5,502.54859999999996
397.0,502.54779999999994
397.5,502.547
398.0,502.5462
398.5,502.5454
399.0,502.54459999999995
399.5,502.54380000000003
400.0,502.543
400.5,502.5422
401.0,502.54139999999995
401.5,502.5405999999999
402.0,502.5398
402.5,502.539
403.0,502.53819999999996
403.5,502.53739999999993
404.0,502.5366
404.5,502.5358
405.0,502.53499999999997
405.5,502.53419999999994
406.0,502.53340000000003
406.5,502.5326
407.0,502.5318
407.5,502.53099999999995
408.0,502.53020000000004
408.5,502.5294
409.0,502.5286
409.5,502.52779999999996
410.0,502.52699999999993
410.5,502.5262
411.0,502.5254
411.5,502.52459999999996
412.0,502.52379999999994
412.5,502.523
413.0,502.5222
413.5,502.52139999999997
414.0,502.52059999999994
414.5,502.51980000000003
415.0,502.519
415.5,502.5182
416.0,502.51739999999995
416.5,502.5165999999999
417.0,502.5158
417.5,502.515
418.0,502.51419999999996
418.5,502.51339999999993
419.0,502.5126
419.5,502.5118
420.0,502.51099999999997
420.5,502.51019999999994
421.0,502.5094
421.5,502.5086
422.0,502.5078
422.5,502.50699999999995
423.0,502.50620000000004
423.5,502.5054
424.0,502.5046
424.5,502.50379999999996
425.0,502.50299999999993
425.5,502.5022
426.0,502.5014
426.5,502.50059999999996
427.0,502.49979999999994
427.5,502.499
428.0,502.4982
428.5,502.49739999999997
429.0,502.49659999999994
429.5,502.49580000000003
430.0,502.495
430.5,502.4942
431.0,502.49339999999995
431.5,502.4925999999999
432.0,502.4918
432.5,502.491
433.0,502.49019999999996
433.5,502.48939999999993
434.0,502.4886
434.5,502.4878
435.0,502.48699999999997
435.5,502.48619999999994
436.0,502.4854
436.5,502.4846
437.0,502.4838
437.5,502.48299999999995
438.0,502.48220000000003
438.5,502.4814
439.0,502.4806
439.5,502.47979999999995
440.0,502.4789999999999
440.5,502.4782
441.0,502.4774
441.5,502.47659999999996
442.0,502.47579999999994
442.5,502.475
443.0,502.4742
443.5,502.47339999999997
444.0,502.47259999999994
444.5,502.47180000000003
445.0,502.471
445.5,502.4702
446.0,502.46939999999995
446.5,502.4685999999999
447.0,502.4678
447.5,502.467
448.0,502.46619999999996
448.5,502.46539999999993
449.0,502.4646
449.5,502.4638
450.0,502.46299999999997
450.5,502.46219999999994
451.0,502.4614
451.5,502.4606
452.0,502.4598
452.5,502.45899999999995
453.0,502.45820000000003
453.5,502.4574
454.0,502.4566
454.5,502.45579999999995
455.0,502.4549999999999
455.5,502.4542
456.0,502.4534
456.5,502.45259999999996
457.0,502.45179999999993
457.5,502.451
458.0,502.4502
458.5,502.44939999999997
459.0,502.44859999999994
459.5,502.44780000000003
460.0,502.447
460.5,502.4462
461.0,502.44539999999995
461.5,502.4445999999999
462.0,502.4438
462.5,502.443
463.0,502.44219999999996
463.5,502.44139999999993
464.0,502.4406
464.5,502.4398
465.0,502.43899999999996
465.5,502.43819999999994
466.0,502.4374
466.5,502.4366
467.0,502.4358
467.5,502.43499999999995
468.0,502.43420000000003
468.5,502.4334
469.0,502.4326
469.5,502.43179999999995
470.0,502.4309999999999
470.5,502.4302
471.0,502.4294
471.5,502.42859999999996
472.0,502.42779999999993
472.5,502.427
473.0,502.4262
473.5,502.42539999999997
474.0,502.42459999999994
474.5,502.4238
475.0,502.423
475.5,502.4222
476.0,502.42139999999995
476.5,502.42060000000004
477.0,502.4198
477.5,502.419
478.0,502.41819999999996
478.5,502.41739999999993
479.0,502.4166
479.5,502.4158
480.0,502.41499999999996
480.5,502.41419999999994
481.0,502.4134
481.5,502.4126
482.0,502.41179999999997
482.5,502.41099999999994
483.0,502.41020000000003
483.5,502.4094
484.0,502.4086
484.5,502.40779999999995
485.0,502.4069999999999
485.5,502.4062
486.0,502.4054
486.5,502.40459999999996
487.0,502.40379999999993
487.5,502.403
488.0,502.4022
488.5,502.40139999999997
489.0,502.40059999999994
489.5,502.3998
490.0,502.399
490.5,502.3982
491.0,502.39739999999995
491.5,502.39660000000003
492.0,502.3958
492.5,502.395
493.0,502.39419999999996
493.5,502.39339999999993
494.0,502.3926
494.5,502.3918
495.0,502.39099999999996
495.5,502.39019999999994
496.0,502.3894
496.5,502.3886
497.0,502.38779999999997
497.5,502.38699999999994
498.0,502.38620000000003
498.5,502.3854
499.0,502.3846
499.5,502.38379999999995
500.0,502.3829999999999
500.5,502.3822
501.0,502.3814
501.5,502.38059999999996
502.0,502.37979999999993
502.5,502.379
503.0,502.3782
503.5,502.37739999999997
504.0,502.37659999999994
504.5,502.3758
505.0,502.375
505.5,502.3742
506.0,502.37339999999995
506.5,502.37260000000003
507.0,502.3718
507.5,502.371
508.0,502.37019999999995
508.5,502.3693999999999
509.0,502.3686
509.5,502.3678
510.0,502.36699999999996
510.5,502.36619999999994
511.0,502.3654
511.5,502.3646
512.0,502.36379999999997
512.5,502.36299999999994
513.0,502.36220000000003
513.5,502.3614
514.0,502.3606
514.5,502.35979999999995
515.0,502.3589999999999
515.5,502.3582
516.0,502.3574
516.5,502.35659999999996
517.0,502.35579999999993
517.5,502.355
518.0,502.3542
518.5,502.35339999999997
519.0,502.35259999999994
519.5,502.3518
520.0,502.351
520.5,502.3502
521.0,502.34939999999995
521.5,502.34860000000003
522.0,502.3478
522.5,502.347
523.0,502.34619999999995
523.5,502.3453999999999
524.0,502.3446
524.5,502.3438
525.0,502.34299999999996
525.5,502.34219999999993
526.0,502.3414
526.5,502.3406
527.0,502.33979999999997
527.5,502.33899999999994
528.0,502.33820000000003
528.5,502.3374
529.0,502.3366
529.5,502.33579999999995
530.0,502.3349999999999
530.5,502.3342
531.0,502.3334
531.5,502.33259999999996
532.0,502.33179999999993
532.5,502.331
533.0,502.3302
533.5,502.32939999999996
534.0,502.32859999999994
534.5,502.3278
535.0,502.327
535.5,502.3262
536.0,502.32539999999995
536.5,502.32460000000003
537.0,502.3238
537.5,502.323
538.0,502.32219999999995
538.5,502.3213999999999
539.0,502.3206
539.5,502.3198
540.0,502.31899999999996
540.5,502.31819999999993
541.0,502.3174
541.5,502.3166
542.0,502.31579999999997
542.5,502.31499999999994
543.0,502.3142
543.5,502.3134
544.0,502.3126
544.5,502.31179999999995
545.0,502.3109999999999
545.5,502.3102
546.0,502.3094
546.5,502.30859999999996
547.0,502.30779999999993
547.5,502.307
548.0,502.3062
548.5,502.30539999999996
549.0,502.30459999999994
549.5,502.3038
550.0,502.303
550.5,502.30219999999997
551.0,502.30139999999994
551.5,502.30060000000003
552.0,502.2998
552.5,502.299
553.0,502.29819999999995
553.5,502.2973999999999
554.0,502.2966
554.5,502.2958
555.0,502.29499999999996
555.5,502.29419999999993
556.0,502.2934
556.5,502.2926
557.0,502.29179999999997
557.5,502.29099999999994
558.0,502.2902
558.5,502.2894
559.0,502.2886
559.5,502.28779999999995
560.0,502.2869999999999
560.5,502.2862
561.0,502.2854
561.5,502.28459999999995
562.0,502.2837999999999
562.5,502.283
563.0,502.2822
563.5,502.28139999999996
564.0,502.28059999999994
564.5,502.2798
565.0,502.279
565.5,502.27819999999997
566.0,502.27739999999994
566.5,502.27660000000003
567.0,502.2758
567.5,502.275
568.0,502.27419999999995
568.5,502.2733999999999
569.0,502.2726
569.5,502.2718
570.0,502.27099999999996
570.5,502.27019999999993
571.0,502.2694
571.5,502.2686
572.0,502.26779999999997
572.5,502.26699999999994
573.0,502.2662
573.5,502.2654
574.0,502.2646
574.5,502.26379999999995
575.0,502.2629999999999
575.5,502.2622
576.0,502.2614
576.5,502.26059999999995
577.0,502.2597999999999
577.5,502.259
578.0,502.2582
578.5,502.25739999999996
579.0,502.25659999999993
579.5,502.2558
580.0,502.255
580.5,502.25419999999997
581.0,502.25339999999994
581.5,502.25260000000003
582.0,502.2518
582.5,502.251
583.0,502.25019999999995
583.5,502.2493999999999
584.0,502.2486
584.5,502.2478
585.0,502.24699999999996
585.5,502.24619999999993
586.0,502.2454
586.5,502.2446
587.0,502.24379999999996
587.5,502.24299999999994
588.0,502.2422
588.5,502.2414
589.0,502.2406
589.5,502.23979999999995
590.0,502.2389999999999
590.5,502.2382
591.0,502.2374
591.5,502.23659999999995
592.0,502.2357999999999
592.5,502.235
593.0,502.2342
593.5,502.23339999999996
594.0,502.23259999999993
594.5,502.2318
595.0,502.231
595.5,502.23019999999997
596.0,502.22939999999994
596.5,502.22860000000003
597.0,502.2278
597.5,502.227
598.0,502.22619999999995
598.5,502.2253999999999
599.0,502.2246
599.5,502.2238
600.0,502.22299999999996
600.5,502.22219999999993
601.0,502.2214
601.5,502.2206
602.0,502.21979999999996
602.5,502.21899999999994
603.0,502.2182
603.5,502.2174
604.0,502.21659999999997
604.5,502.21579999999994
605.0,502.2149999999999
605.5,502.2142
606.0,502.2134
606.5,502.21259999999995
607.0,502.2117999999999
607.5,502.211
608.0,502.2102
608.5,502.20939999999996
609.0,502.20859999999993
609.5,502.2078
610.0,502.207
610.5,502.20619999999997
611.0,502.20539999999994
611.5,502.2046
612.0,502.2038
612.5,502.203
613.0,502.20219999999995
613.5,502.2013999999999
614.0,502.2006
614.5,502.1998
615.0,502.19899999999996
615.5,502.19819999999993
616.0,502.1974
616.5,502.1966
617.0,502.19579999999996
617.5,502.19499999999994
618.0,502.1942
618.5,502.1934
619.0,502.19259999999997
619.5,502.19179999999994
620.0,502.1909999999999
620.5,502.1902
621.0,502.1894
621.5,502.18859999999995
622.0,502.1877999999999
622.5,502.187
623.0,502.1862
623.5,502.18539999999996
624.0,502.18459999999993
624.5,502.1838
625.0,502.183
625.5,502.18219999999997
626.0,502.18139999999994
626.5,502.1806
627.0,502.1798
627.5,502.179
628.0,502.17819999999995
628.5,502.1773999999999
629.0,502.1766
629.5,502.1758
630.0,502.17499999999995
630.5,502.1741999999999
631.0,502.1734
631.5,502.1726
632.0,502.17179999999996
632.5,502.17099999999994
633.0,502.1702
633.5,502.1694
634.0,502.16859999999997
634.5,502.16779999999994
635.0,502.16700000000003
635.5,502.1662
636.0,502.1654
636.5,502.16459999999995
637.0,502.1637999999999
637.5,502.163
638.0,502.1622
638.5,502.16139999999996
639.0,502.16059999999993
639.5,502.1598
640.0,502.159
640.5,502.15819999999997
641.0,502.15739999999994
641.5,502.1566
642.0,502.1558
642.5,502.155
643.0,502.15419999999995
643.5,502.1533999999999
644.0,502.1526
644.5,502.1518
645.0,502.15099999999995
645.5,502.1501999999999
646.0,502.1494
646.5,502.1486
647.0,502.14779999999996
647.5,502.14699999999993
648.0,502.1462
648.5,502.1454
649.0,502.14459999999997
649.5,502.14379999999994
650.0,502.14300000000003
650.5,502.1422
651.0,502.1414
651.5,502.14059999999995
652.0,502.1397999999999
652.5,502.139
653.0,502.1382
653.5,502.13739999999996
654.0,502.13659999999993
654.5,502.1358
655.0,502.135
655.5,502.13419999999996
656.0,502.13339999999994
656.5,502.1326
657.0,502.1318
657.5,502.131
658.0,502.13019999999995
658.5,502.12940000000003
659.0,502.1286
659.5,502.1278
660.0,502.12699999999995
660.5,502.1261999999999
661.0,502.1254
661.5,502.1246
662.0,502.12379999999996
662.5,502.12299999999993
663.0,502.1222
663.5,502.1214
664.0,502.12059999999997
664.5,502.11979999999994
665.0,502.119
665.5,502.1182
666.0,502.1174
666.5,502.11659999999995
667.0,502.11580000000004
667.5,502.115
668.0,502.1142
668.5,502.11339999999996
669.0,502.11259999999993
669.5,502.1118
670.0,502.111
670.5,502.11019999999996
671.0,502.10939999999994
671.5,502.1086
672.0,502.1078
672.5,502.10699999999997
673.0,502.10619999999994
673.5,502.10540000000003
674.0,502.1046
674.5,502.1038
675.0,502.10299999999995
675.5,502.1021999999999
676.0,502.1014
676.5,502.1006
677.0,502.09979999999996
677.5,502.09899999999993
678.0,502.0982
678.5,502.0974
679.0,502.09659999999997
679.5,502.09579999999994
680.0,502.095
680.5,502.0942
681.0,502.0934
681.5,502.09259999999995
682.0,502.09180000000003
682.5,502.091
683.0,502.0902
683.5,502.08939999999996
684.0,502.08859999999993
684.5,502.0878
685.0,502.087
685.5,502.08619999999996
686.0,502.08539999999994
686.5,502.0846
687.0,502.0838
687.5,502.08299999999997
688.0,502.08219999999994
688.5,502.08140000000003
689.0,502.0806
689.5,502.0798
690.0,502.07899999999995
690.5,502.07820000000004
691.0,502.0774
691.5,502.0766
692.0,502.07579999999996
692.5,502.07499999999993
693.0,502.0742
693.5,502.0734
694.0,502.07259999999997
694.5,502.07179999999994
695.0,502.071
695.5,502.0702
696.0,502.0694
696.5,502.06859999999995
697.0,502.06780000000003
697.5,502.067
698.0,502.0662
698.5,502.06539999999995
699.0,502.06460000000004
699.5,502.0638
700.0,502.063
700.5,502.06219999999996
701.0,502.06139999999994
701.5,502.0606
702.0,502.0598
702.5,502.05899999999997
703.0,502.05819999999994
703.5,502.05740000000003
704.0,502.0566
704.5,502.0558
705.0,502.05499999999995
705.5,502.05420000000004
706.0,502.0534
706.5,502.0526
707.0,502.05179999999996
707.5,502.05099999999993
708.0,502.0502
708.5,502.0494
709.0,502.04859999999996
709.5,502.04779999999994
710.0,502.047
710.5,502.0462
711.0,502.0454
711.5,502.04459999999995
712.0,502.04380000000003
712.5,502.043
713.0,502.0422
713.5,502.04139999999995
714.0,502.04060000000004
714.5,502.0398
715.0,502.039
715.5,502.03819999999996
716.0,502.03739999999993
716.5,502.0366
717.0,502.0358
717.5,502.03499999999997
718.0,502.03419999999994
718.5,502.03340000000003
719.0,502.0326
719.5,502.0318
720.0,502.03099999999995
720.5,502.03020000000004
721.0,502.0294
721.5,502.0286
722.0,502.02779999999996
722.5,502.02700000000004
723.0,502.0262
723.5,502.0254
724.0,502.02459999999996
724.5,502.02379999999994
725.0,502.023
725.5,502.0222
726.0,502.02139999999997
726.5,502.02059999999994
727.0,502.01980000000003
727.5,502.019
728.0,502.0182
728.5,502.01739999999995
729.0,502.01660000000004
729.5,502.0158
730.0,502.015
730.5,502.01419999999996
731.0,502.01340000000005
731.5,502.0126
732.0,502.0118
732.5,502.01099999999997
733.0,502.01019999999994
733.5,502.0094
734.0,502.0086
734.5,502.0078
735.0,502.00699999999995
735.5,502.00620000000004
736.0,502.0054
736.5,502.0046
737.0,502.00379999999996
737.5,502.00300000000004
738.0,502.0022
738.5,502.0014
739.0,502.00059999999996
739.5,501.99979999999994
740.0,501.999
740.5,501.9982
741.0,501.99739999999997
741.5,501.99659999999994
742.0,501.99580000000003
742.5,501.995
743.0,501.9942
743.5,501.99339999999995
744.0,501.99260000000004
744.5,501.9918
745.0,501.991
745.5,501.99019999999996
746.0,501.98940000000005
746.5,501.9886
747.0,501.9878
747.5,501.98699999999997
748.0,501.98619999999994
748.5,501.9854
749.0,501.9846
749.5,501.9838
750.0,501.98299999999995
750.5,501.98220000000003
751.0,501.9814
751.5,501.9806
752.0,501.97979999999995
752.5,501.97900000000004
753.0,501.9782
753.5,501.9774
754.0,501.97659999999996
754.5,501.97580000000005
755.0,501.975
755.5,501.9742
756.0,501.97339999999997
756.5,501.97259999999994
757.0,501.97180000000003
757.5,501.971
758.0,501.9702
758.5,501.96939999999995
759.0,501.96860000000004
759.5,501.9678
760.0,501.967
760.5,501.96619999999996
761.0,501.96540000000005
761.5,501.9646
762.0,501.9638
762.5,501.96299999999997
763.0,501.96220000000005
763.5,501.9614
764.0,501.9606
764.5,501.9598
765.0,501.95899999999995
765.5,501.95820000000003
766.0,501.9574
766.5,501.9566
767.0,501.95579999999995
767.5,501.95500000000004
768.0,501.9542
768.5,501.9534
769.0,501.95259999999996
769.5,501.95180000000005
770.0,501.951
770.5,501.9502
771.0,501.94939999999997
771.5,501.94859999999994
772.0,501.94780000000003
772.5,501.947
773.0,501.9462
773.5,501.94539999999995
774.0,501.94460000000004
774.5,501.9438
775.0,501.943
775.5,501.94219999999996
776.0,501.94140000000004
776.5,501.9406
777.0,501.9398
777.5,501.93899999999996
778.0,501.93820000000005
778.5,501.9374
779.0,501.9366
779.5,501.9358
780.0,501.93499999999995
780.5,501.93420000000003
781.0,501.9334
781.5,501.9326
782.0,501.93179999999995
782.5,501.93100000000004
783.0,501.9302
783.5,501.9294
784.0,501.92859999999996
784.5,501.92780000000005
785.0,501.927
785.5,501.9262
786.0,501.92539999999997
786.5,501.92460000000005
787.0,501.9238
787.5,501.923
788.0,501.9222
788.5,501.92139999999995
789.0,501.92060000000004
789.5,501.9198
790.0,501.919
790.5,501.91819999999996
791.0,501.91740000000004
791.5,501.9166
792.0,501.9158
792.5,501.91499999999996
793.0,501.91420000000005
793.5,501.9134
794.0,501.9126
794.5,501.91179999999997
795.0,501.91100000000006
795.5,501.91020000000003
796.0,501.9094
796.5,501.9086
797.0,501.90779999999995
797.5,501.90700000000004
798.0,501.9062
798.5,501.9054
799.0,501.90459999999996
799.5,501.90380000000005
800.0,501.903
800.5,501.9022
801.0,501.90139999999997
801.5,501.90060000000005
802.0,501.8998
802.5,501.899
803.0,501.8982
803.5,501.89739999999995
804.0,501.89660000000003
804.5,501.8958
805.0,501.895
805.5,501.89419999999996
806.0,501.89340000000004
806.5,501.8926
807.0,501.8918
807.5,501.89099999999996
808.0,501.89020000000005
808.5,501.8894
809.0,501.8886
809.5,501.88779999999997
810.0,501.88700000000006
810.5,501.88620000000003
811.0,501.8854
811.5,501.8846
812.0,501.88379999999995
812.5,501.88300000000004
813.0,501.8822
813.5,501.8814
814.0,501.88059999999996
814.5,501.87980000000005
815.0,501.879
815.5,501.8782
816.0,501.87739999999997
816.5,501.87660000000005
817.0,501.8758
817.5,501.875
818.0,501.8742
818.5,501.87340000000006
819.0,501.87260000000003
819.5,501.8718
820.0,501.871
820.5,501.87019999999995
821.0,501.86940000000004
821.5,501.8686
822.0,501.8678
822.5,501.86699999999996
823.0,501.86620000000005
0.0,503.183
0.5,503.18219999999997
1.0,503.18139999999994
1.5,503.1806
2.0,503.1798
2.5,503.179
3.0,503.17819999999995
3.5,503.17740000000003
4.0,503.1766
4.5,503.1758
5.0,503.17499999999995
5.5,503.17420000000004
6.0,503.1734
6.5,503.1726
7.0,503.17179999999996
7.5,503.17100000000005
8.0,503.1702
8.5,503.1694
9.0,503.16859999999997
9.5,503.16779999999994
10.0,503.16700000000003
10.5,503.1662
11.0,503.1654
11.5,503.16459999999995
12.0,503.16380000000004
12.5,503.163
13.0,503.1622
13.5,503.16139999999996
14.0,503.16060000000004
14.5,503.1598
15.0,503.159
15.5,503.15819999999997
16.0,503.15739999999994
16.5,503.1566
17.0,503.1558
17.5,503.155
18.0,503.15419999999995
18.5,503.15340000000003
19.0,503.1526
19.5,503.1518
20.0,503.15099999999995
20.5,503.15020000000004
21.0,503.1494
21.5,503.1486
22.0,503.14779999999996
22.5,503.14700000000005
23.0,503.1462
23.5,503.1454
24.0,503.14459999999997
24.5,503.14379999999994
25.0,503.14300000000003
25.5,503.1422
26.0,503.1414
26.5,503.14059999999995
27.0,503.13980000000004
27.5,503.139
28.0,503.1382
28.5,503.13739999999996
29.0,503.13660000000004
29.5,503.1358
30.0,503.135
30.5,503.13419999999996
31.0,503.13339999999994
31.5,503.1326
32.0,503.1318
32.5,503.131
33.0,503.13019999999995
33.5,503.12940000000003
34.0,503.1286
34.5,503.1278
35.0,503.12699999999995
35.5,503.12620000000004
36.0,503.1254
36.5,503.1246
37.0,503.12379999999996
37.5,503.12300000000005
38.0,503.1222
38.5,503.1214
39.0,503.12059999999997
39.5,503.11979999999994
40.0,503.119
40.5,503.1182
41.0,503.1174
41.5,503.11659999999995
42.0,503.11580000000004
42.5,503.115
43.0,503.1142
43.5,503.11339999999996
44.0,503.11260000000004
44.5,503.1118
45.0,503.111
45.5,503.11019999999996
46.0,503.10939999999994
46.5,503.1086
47.0,503.1078
47.5,503.10699999999997
48.0,503.10619999999994
48.5,503.10540000000003
49.0,503.1046
49.5,503.1038
50.0,503.10299999999995
50.5,503.10220000000004
51.0,503.1014
51.5,503.1006
52.0,503.09979999999996
52.5,503.09900000000005
53.0,503.0982
53.5,503.0974
54.0,503.09659999999997
54.5,503.09579999999994
55.0,503.095
55.5,503.0942
56.0,503.0934
56.5,503.09259999999995
57.0,503.09180000000003
57.5,503.091
58.0,503.0902
58.5,503.08939999999996
59.0,503.08860000000004
59.5,503.0878
60.0,503.087
60.5,503.08619999999996
61.0,503.08540000000005
61.5,503.0846
62.0,503.0838
62.5,503.08299999999997
63.0,503.08219999999994
63.5,503.08140000000003
64.0,503.0806
64.5,503.0798
65.0,503.07899999999995
65.5,503.07820000000004
66.0,503.0774
66.5,503.0766
67.0,503.07579999999996
67.5,503.07500000000005
68.0,503.0742
68.5,503.0734
69.0,503.07259999999997
69.5,503.07179999999994
70.0,503.071
70.5,503.0702
71.0,503.0694
71.5,503.06859999999995
72.0,503.06780000000003
72.5,503.067
73.0,503.0662
73.5,503.06539999999995
74.0,503.06460000000004
74.5,503.0638
75.0,503.063
75.5,503.06219999999996
76.0,503.06140000000005
76.5,503.0606
77.0,503.0598
77.5,503.05899999999997
78.0,503.05819999999994
78.5,503.05740000000003
79.0,503.0566
79.5,503.0558
80.0,503.05499999999995
80.5,503.05420000000004
81.0,503.0534
81.5,503.0526
82.0,503.05179999999996
82.5,503.05100000000004
83.0,503.0502
83.5,503.0494
84.0,503.04859999999996
84.5,503.04779999999994
85.0,503.047
85.5,503.0462
86.0,503.0454
86.5,503.04459999999995
87.0,503.04380000000003
87.5,503.043
88.0,503.0422
88.5,503.04139999999995
89.0,503.04060000000004
89.5,503.0398
90.0,503.039
90.5,503.03819999999996
91.0,503.03740000000005
91.5,503.0366
92.0,503.0358
92.5,503.03499999999997
93.0,503.03419999999994
93.5,503.03340000000003
94.0,503.0326
94.5,503.0318
95.0,503.03099999999995
95.5,503.03020000000004
96.0,503.0294
96.5,503.0286
97.0,503.02779999999996
97.5,503.02700000000004
98.0,503.0262
98.5,503.0254
99.0,503.02459999999996
99.5,503.02379999999994
100.0,503.023
100.5,503.0222
101.0,503.02139999999997
101.5,503.02059999999994
102.0,503.01980000000003
102.5,503.019
103.0,503.0182
103.5,503.01739999999995
104.0,503.01660000000004
104.5,503.0158
105.0,503.015
105.5,503.01419999999996
106.0,503.01340000000005
106.5,503.0126
107.0,503.0118
107.5,503.01099999999997
108.0,503.01019999999994
108.5,503.0094
109.0,503.0086
109.5,503.0078
110.0,503.00699999999995
110.5,503.00620000000004
111.0,503.0054
111.5,503.0046
112.0,503.00379999999996
112.5,503.00300000000004
113.0,503.0022
113.5,503.0014
114.0,503.00059999999996
114.5,502.99980000000005
115.0,502.999
115.5,502.9982
116.0,502.99739999999997
116.5,502.99659999999994
117.0,502.99580000000003
117.5,502.995
118.0,502.9942
118.5,502.99339999999995
119.0,502.99260000000004
119.5,502.9918
120.0,502.991
120.5,502.99019999999996
121.0,502.98940000000005
121.5,502.9886
122.0,502.9878
122.5,502.98699999999997
123.0,502.98619999999994
123.5,502.9854
124.0,502.9846
124.5,502.9838
125.0,502.98299999999995
125.5,502.98220000000003
126.0,502.9814
126.5,502.9806
127.0,502.97979999999995
127.5,502.97900000000004
128.0,502.9782
128.5,502.9774
129.0,502.97659999999996
129.5,502.97580000000005
130.0,502.975
130.5,502.9742
131.0,502.97339999999997
131.5,502.97259999999994
132.0,502.97180000000003
132.5,502.971
133.0,502.9702
133.5,502.96939999999995
134.0,502.96860000000004
134.5,502.9678
135.0,502.967
135.5,502.96619999999996
136.0,502.96540000000005
136.5,502.9646
137.0,502.9638
137.5,502.96299999999997
138.0,502.96219999999994
138.5,502.9614
139.0,502.9606
139.5,502.9598
140.0,502.95899999999995
140.5,502.95820000000003
141.0,502.9574
141.5,502.9566
142.0,502.95579999999995
142.5,502.95500000000004
143.0,502.9542
143.5,502.9534
144.0,502.95259999999996
144.5,502.95180000000005
145.0,502.951
145.5,502.9502
146.0,502.94939999999997
146.5,502.94859999999994
147.0,502.94780000000003
147.5,502.947
148.0,502.9462
148.5,502.94539999999995
149.0,502.94460000000004
149.5,502.9438
150.0,502.943
150.5,502.94219999999996
151.0,502.94140000000004
151.5,502.9406
152.0,502.9398
152.5,502.93899999999996
153.0,502.93819999999994
153.5,502.9374
154.0,502.9366
154.5,502.9358
155.0,502.93499999999995
155.5,502.93420000000003
156.0,502.9334
156.5,502.9326
157.0,502.93179999999995
157.5,502.93100000000004
158.0,502.9302
158.5,502.9294
159.0,502.92859999999996
159.5,502.92780000000005
160.0,502.927
160.5,502.9262
161.0,502.92539999999997
161.5,502.92459999999994
162.0,502.9238
162.5,502.923
163.0,502.9222
163.5,502.92139999999995
164.0,502.92060000000004
164.5,502.9198
165.0,502.919
165.5,502.91819999999996
166.0,502.91740000000004
166.5,502.9166
167.0,502.9158
167.5,502.91499999999996
168.0,502.91419999999994
168.5,502.9134
169.0,502.9126
169.5,502.91179999999997
170.0,502.91099999999994
170.5,502.91020000000003
171.0,502.9094
171.5,502.9086
172.0,502.90779999999995
172.5,502.90700000000004
173.0,502.9062
173.5,502.9054
174.0,502.90459999999996
174.5,502.90380000000005
175.0,502.903
175.5,502.9022
176.0,502.90139999999997
176.5,502.90059999999994
177.0,502.8998
177.5,502.899
178.0,502.8982
178.5,502.89739999999995
179.0,502.89660000000003
179.5,502.8958
180.0,502.895
180.5,502.89419999999996
181.0,502.89340000000004
181.5,502.8926
182.0,502.8918
182.5,502.89099999999996
183.0,502.89019999999994
183.5,502.8894
184.0,502.8886
184.5,502.88779999999997
185.0,502.88699999999994
185.5,502.88620000000003
186.0,502.8854
186.5,502.8846
187.0,502.88379999999995
187.5,502.88300000000004
188.0,502.8822
188.5,502.8814
189.0,502.88059999999996
189.5,502.87980000000005
190.0,502.879
190.5,502.8782
191.0,502.87739999999997
191.5,502.87659999999994
192.0,502.8758
192.5,502.875
193.0,502.8742
193.5,502.87339999999995
194.0,502.87260000000003
194.5,502.8718
195.0,502.871
195.5,502.87019999999995
196.0,502.86940000000004
196.5,502.8686
197.0,502.8678
197.5,502.86699999999996
198.0,502.86619999999994
198.5,502.8654
199.0,502.8646
199.5,502.86379999999997
200.0,502.86299999999994
200.5,502.86220000000003
201.0,502.8614
201.5,502.8606
202.0,502.85979999999995
202.5,502.85900000000004
203.0,502.8582
203.5,502.8574
204.0,502.85659999999996
204.5,502.85580000000004
205.0,502.855
205.5,502.8542
206.0,502.85339999999997
206.5,502.85259999999994
207.0,502.8518
207.5,502.851
208.0,502.8502
208.5,502.84939999999995
209.0,502.84860000000003
209.5,502.8478
210.0,502.847
210.5,502.84619999999995
211.0,502.84540000000004
211.5,502.8446
212.0,502.8438
212.5,502.84299999999996
213.0,502.84220000000005
213.5,502.8414
214.0,502.8406
214.5,502.83979999999997
215.0,502.83899999999994
215.5,502.83820000000003
216.0,502.8374
216.5,502.8366
217.0,502.83579999999995
217.5,502.83500000000004
218.0,502.8342
218.5,502.8334
219.0,502.83259999999996
219.5,502.83180000000004
220.0,502.831
220.5,502.8302
221.0,502.82939999999996
221.5,502.82859999999994
222.0,502.8278
222.5,502.827
223.0,502.8262
223.5,502.82539999999995
224.0,502.82460000000003
224.5,502.8238
225.0,502.823
225.5,502.82219999999995
226.0,502.82140000000004
226.5,502.8206
227.0,502.8198
227.5,502.81899999999996
228.0,502.81820000000005
228.5,502.8174
229.0,502.8166
229.5,502.81579999999997
230.0,502.81499999999994
230.5,502.8142
231.0,502.8134
231.5,502.8126
232.0,502.81179999999995
232.5,502.81100000000004
233.0,502.8102
233.5,502.8094
234.0,502.80859999999996
234.5,502.80780000000004
235.0,502.807
235.5,502.8062
236.0,502.80539999999996
236.5,502.80459999999994
237.0,502.8038
237.5,502.803
238.0,502.80219999999997
238.5,502.80139999999994
239.0,502.80060000000003
239.5,502.7998
240.0,502.799
240.5,502.79819999999995
241.0,502.79740000000004
241.5,502.7966
242.0,502.7958
242.5,502.79499999999996
243.0,502.79420000000005
243.5,502.7934
244.0,502.7926
244.5,502.79179999999997
245.0,502.79099999999994
245.5,502.7902
246.0,502.7894
246.5,502.7886
247.0,502.78779999999995
247.5,502.78700000000003
248.0,502.7862
248.5,502.7854
249.0,502.78459999999995
249.5,502.78380000000004
250.0,502.783
250.5,502.7822
251.0,502.78139999999996
251.5,502.78059999999994
252.0,502.7798
252.5,502.779
253.0,502.77819999999997
253.5,502.77739999999994
254.0,502.77660000000003
254.5,502.7758
255.0,502.775
255.5,502.77419999999995
256.0,502.77340000000004
256.5,502.7726
257.0,502.7718
257.5,502.77099999999996
258.0,502.77020000000005
258.5,502.7694
259.0,502.7686
259.5,502.76779999999997
260.0,502.76699999999994
260.5,502.7662
261.0,502.7654
261.5,502.7646
262.0,502.76379999999995
262.5,502.76300000000003
263.0,502.7622
263.5,502.7614
264.0,502.76059999999995
264.5,502.75980000000004
265.0,502.759
265.5,502.7582
266.0,502.75739999999996
266.5,502.75659999999993
267.0,502.7558
267.5,502.755
268.0,502.75419999999997
268.5,502.75339999999994
269.0,502.75260000000003
269.5,502.7518
270.0,502.751
270.5,502.75019999999995
271.0,502.74940000000004
271.5,502.7486
272.0,502.7478
272.5,502.74699999999996
273.0,502.74620000000004
273.5,502.7454
274.0,502.7446
274.5,502.74379999999996
275.0,502.74299999999994
275.5,502.7422
276.0,502.7414
276.5,502.7406
277.0,502.73979999999995
277.5,502.73900000000003
278.0,502.7382
278.5,502.7374
279.0,502.73659999999995
279.5,502.73580000000004
280.0,502.735
280.5,502.7342
281.0,502.73339999999996
281.5,502.73259999999993
282.0,502.7318
282.5,502.731
283.0,502.73019999999997
283.5,502.72939999999994
284.0,502.72860000000003
284.5,502.7278
285.0,502.727
285.5,502.72619999999995
286.0,502.72540000000004
286.5,502.7246
287.0,502.7238
287.5,502.72299999999996
288.0,502.72220000000004
288.5,502.7214
289.0,502.7206
289.5,502.71979999999996
290.0,502.71899999999994
290.5,502.7182
291.0,502.7174
291.5,502.71659999999997
292.0,502.71579999999994
292.5,502.71500000000003
293.0,502.7142
293.5,502.7134
294.0,502.71259999999995
294.5,502.71180000000004
295.0,502.711
295.5,502.7102
296.0,502.70939999999996
296.5,502.70859999999993
297.0,502.7078
297.5,502.707
298.0,502.70619999999997
298.5,502.70539999999994
299.0,502.7046
299.5,502.7038
300.0,502.703
300.5,502.70219999999995
301.0,502.70140000000004
301.5,502.7006
302.0,502.6998
302.5,502.69899999999996
303.0,502.69820000000004
303.5,502.6974
304.0,502.6966
304.5,502.69579999999996
305.0,502.69499999999994
305.5,502.6942
306.0,502.6934
306.5,502.69259999999997
307.0,502.69179999999994
307.5,502.69100000000003
308.0,502.6902
308.5,502.6894
309.0,502.68859999999995
309.5,502.68780000000004
310.0,502.687
310.5,502.6862
311.0,502.68539999999996
311.5,502.68459999999993
312.0,502.6838
312.5,502.683
313.0,502.68219999999997
313.5,502.68139999999994
314.0,502.6806
314.5,502.6798
315.0,502.679
315.5,502.67819999999995
316.0,502.67740000000003
316.5,502.6766
317.0,502.6758
317.5,502.67499999999995
318.0,502.67420000000004
318.5,502.6734
319.0,502.6726
319.5,502.67179999999996
320.0,502.67099999999994
320.5,502.6702
321.0,502.6694
321.5,502.66859999999997
322.0,502.66779999999994
322.5,502.66700000000003
323.0,502.6662
323.5,502.6654
324.0,502.66459999999995
324.5,502.66380000000004
325.0,502.663
325.5,502.6622
326.0,502.66139999999996
326.5,502.66059999999993
327.0,502.6598
327.5,502.659
328.0,502.65819999999997
328.5,502.65739999999994
329.0,502.6566
329.5,502.6558
330.0,502.655
330.5,502.65419999999995
331.0,502.65340000000003
331.5,502.6526
332.0,502.6518
332.5,502.65099999999995
333.0,502.65020000000004
333.5,502.6494
334.0,502.6486
334.5,502.64779999999996
335.0,502.64699999999993
335.5,502.6462
336.0,502.6454
336.5,502.64459999999997
337.0,502.64379999999994
337.5,502.64300000000003
338.0,502.6422
338.5,502.6414
339.0,502.64059999999995
339.5,502.63980000000004
340.0,502.639
340.5,502.6382
341.0,502.63739999999996
341.5,502.63659999999993
342.0,502.6358
342.5,502.635
343.0,502.63419999999996
343.5,502.63339999999994
344.0,502.6326
344.5,502.6318
345.0,502.631
345.5,502.63019999999995
346.0,502.62940000000003
346.5,502.6286
347.0,502.6278
347.5,502.62699999999995
348.0,502.62620000000004
348.5,502.6254
349.0,502.6246
349.5,502.62379999999996
350.0,502.62299999999993
350.5,502.6222
351.0,502.6214
351.5,502.62059999999997
352.0,502.61979999999994
352.5,502.619
353.0,502.6182
353.5,502.6174
354.0,502.61659999999995
354.5,502.61580000000004
355.0,502.615
355.5,502.6142
356.0,502.61339999999996
356.5,502.61259999999993
357.0,502.6118
357.5,502.611
358.0,502.61019999999996
358.5,502.60939999999994
359.0,502.6086
359.5,502.6078
360.0,502.60699999999997
360.5,502.60619999999994
361.0,502.60540000000003
361.5,502.6046
362.0,502.6038
362.5,502.60299999999995
363.0,502.60220000000004
363.5,502.6014
364.0,502.6006
364.5,502.59979999999996
365.0,502.59899999999993
365.5,502.5982
366.0,502.5974
366.5,502.59659999999997
367.0,502.59579999999994
367.5,502.595
368.0,502.5942
368.5,502.5934
369.0,502.59259999999995
369.5,502.59180000000003
370.0,502.591
370.5,502.5902
371.0,502.58939999999996
371.5,502.58859999999993
372.0,502.5878
372.5,502.587
373.0,502.58619999999996
373.5,502.58539999999994
374.0,502.5846
374.5,502.5838
375.0,502.58299999999997
375.5,502.58219999999994
376.0,502.58140000000003
376.5,502.5806
377.0,502.5798
377.5,502.57899999999995
378.0,502.57820000000004
378.5,502.5774
379.0,502.5766
379.5,502.57579999999996
380.0,502.57499999999993
380.5,502.5742
381.0,502.5734
381.5,502.57259999999997
382.0,502.57179999999994
382.5,502.571
383.0,502.5702
383.5,502.5694
384.0,502.56859999999995
384.5,502.56780000000003
385.0,502.567
385.5,502.5662
386.0,502.56539999999995
386.5,502.5645999999999
387.0,502.5638
387.5,502.563
388.0,502.56219999999996
388.5,502.56139999999994
389.0,502.5606
389.5,502.5598
390.0,502.55899999999997
390.5,502.55819999999994
391.0,502.55740000000003
391.5,502.5566
392.0,502.5558
392.5,502.55499999999995
393.0,502.55420000000004
393.5,502.5534
394.0,502.5526
394.5,502.55179999999996
395.0,502.55099999999993
395.5,502.5502
396.0,502.5494
396.5,502.54859999999996
397.0,502.54779999999994
397.5,502.547
398.0,502.5462
398.5,502.5454
399.0,502.54459999999995
399.5,502.54380000000003
400.0,502.543
400.5,502.5422
401.0,502.54139999999995
401.5,502.5405999999999
402.0,502.5398
402.5,502.539
403.0,502.53819999999996
403.5,502.53739999999993
404.0,502.5366
404.5,502.5358
405.0,502.53499999999997
405.5,502.53419999999994
406.0,502.53340000000003
406.5,502.5326
407.0,502.5318
407.5,502.53099999999995
408.0,502.53020000000004
408.5,502.5294
409.0,502.5286
409.5,502.52779999999996
410.0,502.52699999999993
410.5,502.5262
411.0,502.5254
411.5,502.52459999999996
412.0,502.52379999999994
412.5,502.523
413.0,502.5222
413.5,502.52139999999997
414.0,502.52059999999994
414.5,502.51980000000003
415.0,502.519
415.5,502.5182
416.0,502.51739999999995
416.5,502.5165999999999
417.0,502.5158
417.5,502.515
418.0,502.51419999999996
418.5,502.51339999999993
419.0,502.5126
419.5,502.5118
420.0,502.51099999999997
420.5,502.51019999999994
421.0,502.5094
421.5,502.5086
422.0,502.5078
422.5,502.50699999999995
423.0,502.50620000000004
423.5,502.5054
424.0,502.5046
424.5,502.50379999999996
425.0,502.50299999999993
425.5,502.5022
426.0,502.5014
426.5,502.50059999999996
427.0,502.49979999999994
427.5,502.499
428.0,502.4982
428.5,502.49739999999997
429.0,502.49659999999994
429.5,502.49580000000003
430.0,502.495
430.5,502.4942
431.0,502.49339999999995
431.5,502.4925999999999
432.0,502.4918
432.5,502.491
433.0,502.49019999999996
433.5,502.48939999999993
434.0,502.4886
434.5,502.4878
435.0,502.48699999999997
435.5,502.48619999999994
436.0,502.4854
436.5,502.4846
437.0,502.4838
437.5,502.48299999999995
438.0,502.48220000000003
438.5,502.4814
439.0,502.4806
439.5,502.47979999999995
440.0,502.4789999999999
440.5,502.4782
441.0,502.4774
441.5,502.47659999999996
442.0,502.47579999999994
442.5,502.475
443.0,502.4742
443.5,502.47339999999997
444.0,502.47259999999994
444.5,502.47180000000003
445.0,502.471
445.5,502.4702
446.0,502.46939999999995
446.5,502.4685999999999
447.0,502.4678
447.5,502.467
448.0,502.46619999999996
448.5,502.46539999999993
449.0,502.4646
449.5,502.4638
450.0,502.46299999999997
450.5,502.46219999999994
451.0,502.4614
451.5,502.4606
452.0,502.4598
452.5,502.45899999999995
453.0,502.45820000000003
453.5,502.4574
454.0,502.4566
454.5,502.45579999999995
455.0,502.4549999999999
455.5,502.4542
456.0,502.4534
456.5,502.45259999999996
457.0,502.45179999999993
457.5,502.451
458.0,502.4502
458.5,502.44939999999997
459.0,502.44859999999994
459.5,502.44780000000003
460.0,502.447
460.5,502.4462
461.0,502.44539999999995
461.5,502.4445999999999
462.0,502.4438
462.5,502.443
463.0,502.44219999999996
463.5,502.44139999999993
464.0,502.4406
464.5,502.4398
465.0,502.43899999999996
465.5,502.43819999999994
466.0,502.4374
466.5,502.4366
467.0,502.4358
467.5,502.43499999999995
468.0,502.43420000000003
468.5,502.4334
469.0,502.4326
469.5,502.43179999999995
470.0,502.4309999999999
470.5,502.4302
471.0,502.4294
471.5,502.42859999999996
472.0,502.42779999999993
472.5,502.427
473.0,502.4262
473.5,502.42539999999997
474.0,502.42459999999994
474.5,502.4238
475.0,502.423
475.5,502.4222
476.0,502.42139999999995
476.5,502.42060000000004
477.0,502.4198
477.5,502.419
478.0,502.41819999999996
478.5,502.41739999999993
479.0,502.4166
479.5,502.4158
480.0,502.41499999999996
480.5,502.41419999999994
481.0,502.4134
481.5,502.4126
482.0,502.41179999999997
482.5,502.41099999999994
483.0,502.41020000000003
483.5,502.4094
484.0,502.4086
484.5,502.40779999999995
485.0,502.4069999999999
485.5,502.4062
486.0,502.4054
486.5,502.40459999999996
487.0,502.40379999999993
487.5,502.403
488.0,502.4022
488.5,502.40139999999997
489.0,502.40059999999994
489.5,502.3998
490.0,502.399
490.5,502.3982
491.0,502.39739999999995
491.5,502.39660000000003
492.0,502.3958
492.5,502.395
493.0,502.39419999999996
493.5,502.39339999999993
494.0,502.3926
494.5,502.3918
495.0,502.39099999999996
495.5,502.39019999999994
496.0,502.3894
496.5,502.3886
497.0,502.38779999999997
497.5,502.38699999999994
498.0,502.38620000000003
498.5,502.3854
499.0,502.3846
499.5,502.38379999999995
500.0,502.3829999999999
500.5,502.3822
501.0,502.3814
501.5,502.38059999999996
502.0,502.37979999999993
502.5,502.379
503.0,502.3782
503.5,502.37739999999997
504.0,502.37659999999994
504.5,502.3758
505.0,502.375
505.5,502.3742
506.0,502.37339999999995
506.5,502.37260000000003
507.0,502.3718
507.5,502.371
508.0,502.37019999999995
508.5,502.3693999999999
509.0,502.3686
509.5,502.3678
510.0,502.36699999999996
510.5,502.36619999999994
511.0,502.3654
511.5,502.3646
512.0,502.36379999999997
512.5,502.36299999999994
513.0,502.36220000000003
513.5,502.3614
514.0,502.3606
514.5,502.35979999999995
515.0,502.3589999999999
515.5,502.3582
516.0,502.3574
516.5,502.35659999999996
517.0,502.35579999999993
517.5,502.355
518.0,502.3542
518.5,502.35339999999997
519.0,502.35259999999994
519.5,502.3518
520.0,502.351
520.5,502.3502
521.0,502.34939999999995
521.5,502.34860000000003
522.0,502.3478
522.5,502.347
523.0,502.34619999999995
523.5,502.3453999999999
524.0,502.3446
524.5,502.3438
525.0,502.34299999999996
525.5,502.34219999999993
526.0,502.3414
526.5,502.3406
527.0,502.33979999999997
527.5,502.33899999999994
528.0,502.33820000000003
528.5,502.3374
529.0,502.3366
529.5,502.33579999999995
530.0,502.3349999999999
530.5,502.3342
531.0,502.3334
531.5,502.33259999999996
532.0,502.33179999999993
532.5,502.331
533.0,502.3302
533.5,502.32939999999996
534.0,502.32859999999994
534.5,502.3278
535.0,502.327
535.5,502.3262
536.0,502.32539999999995
536.5,502.32460000000003
537.0,502.3238
537.5,502.323
538.0,502.32219999999995
538.5,502.3213999999999
539.0,502.3206
539.5,502.3198
540.0,502.31899999999996
540.5,502.31819999999993
541.0,502.3174
541.5,502.3166
542.0,502.31579999999997
542.5,502.31499999999994
543.0,502.3142
543.5,502.3134
544.0,502.3126
544.5,502.31179999999995
545.0,502.3109999999999
545.5,502.3102
546.0,502.3094
546.5,502.30859999999996
547.0,502.30779999999993
547.5,502.307
548.0,502.3062
548.5,502.30539999999996
549.0,502.30459999999994
549.5,502.3038
550.0,502.303
550.5,502.30219999999997
551.0,502.30139999999994
551.5,502.30060000000003
552.0,502.2998
552.5,502.299
553.0,502.29819999999995
553.5,502.2973999999999
554.0,502.2966
554.5,502.2958
555.0,502.29499999999996
555.5,502.29419999999993
556.0,502.2934
556.5,502.2926
557.0,502.29179999999997
557.5,502.29099999999994
558.0,502.2902
558.5,502.2894
559.0,502.2886
559.5,502.28779999999995
560.0,502.2869999999999
560.5,502.2862
561.0,502.2854
561.5,502.28459999999995
562.0,502.2837999999999
562.5,502.283
563.0,502.2822
563.5,502.28139999999996
564.0,502.28059999999994
564.5,502.2798
565.0,502.279
565.5,502.27819999999997
566.0,502.27739999999994
566.5,502.27660000000003
567.0,502.2758
567.5,502.275
568.0,502.27419999999995
568.5,502.2733999999999
569.0,502.2726
569.5,502.2718
570.0,502.27099999999996
570.5,502.27019999999993
571.0,502.2694
571.5,502.2686
572.0,502.26779999999997
572.5,502.26699999999994
573.0,502.2662
573.5,502.2654
574.0,502.2646
574.5,502.26379999999995
575.0,502.2629999999999
575.5,502.2622
576.0,502.2614
576.5,502.26059999999995
577.0,502.2597999999999
577.5,502.259
578.0,502.2582
578.5,502.25739999999996
579.0,502.25659999999993
579.5,502.2558
580.0,502.255
580.5,502.25419999999997
581.0,502.25339999999994
581.5,502.25260000000003
582.0,502.2518
582.5,502.251
583.0,502.25019999999995
583.5,502.2493999999999
584.0,502.2486
584.5,502.2478
585.0,502.24699999999996
585.5,502.24619999999993
586.0,502.2454
586.5,502.2446
587.0,502.24379999999996
587.5,502.24299999999994
588.0,502.2422
588.5,502.2414
589.0,502.2406
589.5,502.23979999999995
590.0,502.2389999999999
590.5,502.2382
591.0,502.2374
591.5,502.23659999999995
592.0,502.2357999999999
592.5,502.235
593.0,502.2342
593.5,502.23339999999996
594.0,502.23259999999993
594.5,502.2318
595.0,502.231
595.5,502.23019999999997
596.0,502.22939999999994
596.5,502.22860000000003
597.0,502.2278
597.5,502.227
598.0,502.22619999999995
598.5,502.2253999999999
599.0,502.2246
599.5,502.2238
600.0,502.22299999999996
600.5,502.22219999999993
601.0,502.2214
601.5,502.2206
602.0,502.21979999999996
602.5,502.21899999999994
603.0,502.2182
603.5,502.2174
604.0,502.21659999999997
604.5,502.21579999999994
605.0,502.2149999999999
605.5,502.2142
606.0,502.2134
606.5,502.21259999999995
607.0,502.2117999999999
607.5,502.211
608.0,502.2102
608.5,502.20939999999996
609.0,502.20859999999993
609.5,502.2078
610.0,502.207
610.5,502.20619999999997
611.0,502.20539999999994
611.5,502.2046
612.0,502.2038
612.5,502.203
613.0,502.20219999999995
613.5,502.2013999999999
614.0,502.2006
614.5,502.1998
615.0,502.19899999999996
615.5,502.19819999999993
616.0,502.1974
616.5,502.1966
617.0,502.19579999999996
617.5,502.19499999999994
618.0,502.1942
618.5,502.1934
619.0,502.19259999999997
619.5,502.19179999999994
620.0,502.1909999999999
620.5,502.1902
621.0,502.1894
621.5,502.18859999999995
622.0,502.1877999999999
622.5,502.187
623.0,502.1862
623.5,502.18539999999996
624.0,502.18459999999993
624.5,502.1838
625.0,502.183
625.5,502.18219999999997
626.0,502.18139999999994
626.5,502.1806
627.0,502.1798
627.5,502.179
628.0,502.17819999999995
628.5,502.1773999999999
629.0,502.1766
629.5,502.1758
630.0,502.17499999999995
630.5,502.1741999999999
631.0,502.1734
631.5,502.1726
632.0,502.17179999999996
632.5,502.17099999999994
633.0,502.1702
633.5,502.1694
634.0,502.16859999999997
634.5,502.16779999999994
635.0,502.16700000000003
635.5,502.1662
636.0,502.1654
636.5,502.16459999999995
637.0,502.1637999999999
637.5,502.163
638.0,502.1622
638.5,502.16139999999996
639.0,502.16059999999993
639.5,502.1598
640.0,502.159
640.5,502.15819999999997
641.0,502.15739999999994
641.5,502.1566
642.0,502.1558
642.5,502.155
643.0,502.15419999999995
643.5,502.1533999999999
644.0,502.1526
644.5,502.1518
645.0,502.15099999999995
645.5,502.1501999999999
646.0,502.1494
646.5,502.1486
647.0,502.14779999999996
647.5,502.14699999999993
648.0,502.1462
648.5,502.1454
649.0,502.14459999999997
649.5,502.14379999999994
650.0,502.14300000000003
650.5,502.1422
651.0,502.1414
651.5,502.14059999999995
652.0,502.1397999999999
652.5,502.139
653.0,502.1382
653.5,502.13739999999996
654.0,502.13659999999993
654.5,502.1358
655.0,502.135
655.5,502.13419999999996
656.0,502.13339999999994
656.5,502.1326
657.0,502.1318
657.5,502.131
658.0,502.13019999999995
658.5,502.12940000000003
659.0,502.1286
659.5,502.1278
660.0,502.12699999999995
660.5,502.1261999999999
661.0,502.1254
661.5,502.1246
662.0,502.12379999999996
662.5,502.12299999999993
663.0,502.1222
663.5,502.1214
664.0,502.12059999999997
664.5,502.11979999999994
665.0,502.119
665.5,502.1182
666.0,502.1174
666.5,502.11659999999995
667.0,502.11580000000004
667.5,502.115
668.0,502.1142
668.5,502.11339999999996
669.0,502.11259999999993
669.5,502.1118
670.0,502.111
670.5,502.11019999999996
671.0,502.10939999999994
671.5,502.1086
672.0,502.1078
672.5,502.10699999999997
673.0,502.10619999999994
673.5,502.10540000000003
674.0,502.1046
674.5,502.1038
675.0,502.10299999999995
675.5,502.1021999999999
676.0,502.1014
676.5,502.1006
677.0,502.09979999999996
677.5,502.09899999999993
678.0,502.0982
678.5,502.0974
679.0,502.09659999999997
679.5,502.09579999999994
680.0,502.095
680.5,502.0942
681.0,502.0934
681.5,502.09259999999995
682.0,502.09180000000003
682.5,502.091
683.0,502.0902
683.5,502.08939999999996
684.0,502.08859999999993
684.5,502.0878
685.0,502.087
685.5,502.08619999999996
686.0,502.08539999999994
686.5,502.0846
687.0,502.0838
687.5,502.08299999999997
688.0,502.08219999999994
688.5,502.08140000000003
689.0,502.0806
689.5,502.0798
690.0,502.07899999999995
690.5,502.07820000000004
691.0,502.0774
691.5,502.0766
692.0,502.07579999999996
692.5,502.07499999999993
693.0,502.0742
693.5,502.0734
694.0,502.07259999999997
694.5,502.07179999999994
695.0,502.071
695.5,502.0702
696.0,502.0694
696.5,502.06859999999995
697.0,502.06780000000003
697.5,502.067
698.0,502.0662
698.5,502.06539999999995
699.0,502.06460000000004
699.5,502.0638
700.0,502.063
700.5,502.06219999999996
701.0,502.06139999999994
701.5,502.0606
702.0,502.0598
702.5,502.05899999999997
703.0,502.05819999999994
703.5,502.05740000000003
704.0,502.0566
704.5,502.0558
705.0,502.05499999999995
705.5,502.05420000000004
706.0,502.0534
706.5,502.0526
707.0,502.05179999999996
707.5,502.05099999999993
708.0,502.0502
708.5,502.0494
709.0,502.04859999999996
709.5,502.04779999999994
710.0,502.047
710.5,502.0462
711.0,502.0454
711.5,502.04459999999995
712.0,502.04380000000003
712.5,502.043
713.0,502.0422
713.5,502.04139999999995
714.0,502.04060000000004
714.5,502.0398
715.0,502.039
715.5,502.03819999999996
716.0,502.03739999999993
716.5,502.0366
717.0,502.0358
717.5,502.03499999999997
718.0,502.03419999999994
718.5,502.03340000000003
719.0,502.0326
719.5,502.0318
720.0,502.03099999999995
720.5,502.03020000000004
721.0,502.0294
721.5,502.0286
722.0,502.02779999999996
722.5,502.02700000000004
723.0,502.0262
723.5,502.0254
724.0,502.02459999999996
724.5,502.02379999999994
725.0,502.023
725.5,502.0222
726.0,502.02139999999997
726.5,502.02059999999994
727.0,502.01980000000003
727.5,502.019
728.0,502.0182
728.5,502.01739999999995
729.0,502.01660000000004
729.5,502.0158
730.0,502.015
730.5,502.01419999999996
731.0,502.01340000000005
731.5,502.0126
732.0,502.0118
732.5,502.01099999999997
733.0,502.01019999999994
733.5,502.0094
734.0,502.0086
734.5,502.0078
735.0,502.00699999999995
735.5,502.00620000000004
736.0,502.0054
736.5,502.0046
737.0,502.00379999999996
737.5,502.00300000000004
738.0,502.0022
738.5,502.0014
739.0,502.00059999999996
739.5,501.99979999999994
740.0,501.999
740.5,501.9982
741.0,501.99739999999997
741.5,501.99659999999994
742.0,501.99580000000003
742.5,501.995
743.0,501.9942
743.5,501.99339999999995
744.0,501.99260000000004
744.5,501.9918
745.0,501.991
745.5,501.99019999999996
746.0,501.98940000000005
746.5,501.9886
747.0,501.9878
747.5,501.98699999999997
748.0,501.98619999999994
748.5,501.9854
749.0,501.9846
749.5,501.9838
750.0,501.98299999999995
750.5,501.98220000000003
751.0,501.9814
751.5,501.9806
752.0,501.97979999999995
752.5,501.97900000000004
753.0,501.9782
753.5,501.9774
754.0,501.97659999999996
754.5,501.97580000000005
755.0,501.975
755.5,501.9742
756.0,501.97339999999997
756.5,501.97259999999994
757.0,501.97180000000003
757.5,501.971
758.0,501.9702
758.5,501.96939999999995
759.0,501.96860000000004
759.5,501.9678
760.0,501.967
760.5,501.96619999999996
761.0,501.96540000000005
761.5,501.9646
762.0,501.9638
762.5,501.96299999999997
763.0,501.96220000000005
763.5,501.9614
764.0,501.9606
764.5,501.9598
765.0,501.95899999999995
765.5,501.95820000000003
766.0,501.9574
766.5,501.9566
767.0,501.95579999999995
767.5,501.95500000000004
768.0,501.9542
768.5,501.9534
769.0,501.95259999999996
769.5,501.95180000000005
770.0,501.951
770.5,501.9502
771.0,501.94939999999997
771.5,501.94859999999994
772.0,501.94780000000003
772.5,501.947
773.0,501.9462
773.5,501.94539999999995
774.0,501.94460000000004
774.5,501.9438
775.0,501.943
775.5,501.94219999999996
776.0,501.94140000000004
776.5,501.9406
777.0,501.9398
777.5,501.93899999999996
778.0,501.93820000000005
778.5,501.9374
779.0,501.9366
779.5,501.9358
780.0,501.93499999999995
780.5,501.93420000000003
781.0,501.9334
781.5,501.9326
782.0,501.93179999999995
782.5,501.93100000000004
783.0,501.9302
783.5,501.9294
784.0,501.92859999999996
784.5,501.92780000000005
785.0,501.927
785.5,501.9262
786.0,501.92539999999997
786.5,501.92460000000005
787.0,501.9238
787.5,501.923
788.0,501.9222
788.5,501.92139999999995
789.0,501.92060000000004
789.5,501.9198
790.0,501.919
790.5,501.91819999999996
791.0,501.91740000000004
791.5,501.9166
792.0,501.9158
792.5,501.91499999999996
793.0,501.91420000000005
793.5,501.9134
794.0,501.9126
794.5,501.91179999999997
795.0,501.91100000000006
795.5,501.91020000000003
796.0,501.9094
796.5,501.9086
797.0,501.90779999999995
797.5,501.90700000000004
798.0,501.9062
798.5,501.9054
799.0,501.90459999999996
799.5,501.90380000000005
800.0,501.903
800.5,501.9022
801.0,501.90139999999997
801.5,501.90060000000005
802.0,501.8998
802.5,501.899
803.0,501.8982
803.5,501.89739999999995
804.0,501.89660000000003
804.5,501.8958
805.0,501.895
805.5,501.89419999999996
806.0,501.89340000000004
806.5,501.8926
807.0,501.8918
807.5,501.89099999999996
808.0,501.89020000000005
808.5,501.8894
809.0,501.8886
809.5,501.88779999999997
810.0,501.88700000000006
810.5,501.88620000000003
811.0,501.8854
811.5,501.8846
812.0,501.88379999999995
812.5,501.88300000000004
813.0,501.8822
813.5,501.8814
814.0,501.88059999999996
814.5,501.87980000000005
815.0,501.879
815.5,501.8782
816.0,501.87739999999997
816.5,501.87660000000005
817.0,501.8758
817.5,501.875
818.0,501.8742
818.5,501.87340000000006
819.0,501.87260000000003
819.5,501.8718
820.0,501.871
820.5,501.87019999999995
821.0,501.86940000000004
821.5,501.8686
822.0,501.8678
822.5,501.86699999999996
823.0,501.86620000000005
