X,Y,ID
0.0,31.0,LV0
0.5,31.0,LV0
1.0,31.0,LV0
1.5,31.0,LV0
2.0,31.0,LV0
2.5,31.0,LV0
3.0,31.0,LV0
3.5,31.0,LV0
4.0,31.0,LV0
4.5,31.0,LV0
5.0,31.0,LV0
5.5,31.0,LV0
6.0,31.0,LV0
6.5,31.0,LV0
7.0,31.0,LV0
7.5,31.0,LV0
8.0,31.0,LV0
8.5,31.0,LV0
9.0,31.0,LV0
9.5,31.0,LV0
10.0,31.0,LV0
10.5,31.0,LV0
11.0,31.0,LV0
11.5,31.0,LV0
12.0,31.0,LV0
12.5,31.0,LV0
13.0,31.0,LV0
13.5,31.0,LV0
14.0,31.0,LV0
14.5,31.0,LV0
15.0,31.0,LV0
15.5,31.0,LV0
16.0,31.0,LV0
16.5,31.0,LV0
17.0,31.0,LV0
17.5,31.0,LV0
18.0,31.0,LV0
18.5,31.0,LV0
19.0,31.0,LV0
19.5,31.0,LV0
20.0,31.0,LV0
20.5,31.0,LV0
21.0,31.0,LV0
21.5,31.0,LV0
22.0,31.0,LV0
22.5,31.0,LV0
23.0,31.0,LV0
23.5,31.0,LV0
24.0,31.0,LV0
24.5,31.0,LV0
25.0,31.0,LV0
25.5,31.0,LV0
26.0,31.0,LV0
26.5,31.0,LV0
27.0,31.0,LV0
27.5,31.0,LV0
28.0,31.0,LV0
28.5,31.0,LV0
29.0,31.0,LV0
29.5,31.0,LV0
30.0,31.0,LV0
30.5,31.0,LV0
31.0,31.0,LV0
31.5,31.0,LV0
32.0,31.0,LV0
32.5,31.0,LV0
33.0,31.0,LV0
33.5,31.0,LV0
34.0,31.0,LV0
34.5,31.0,LV0
35.0,31.0,LV0
35.5,31.0,LV0
36.0,31.0,LV0
36.5,31.0,LV0
37.0,31.0,LV0
37.5,31.0,LV0
38.0,31.0,LV0
38.5,31.0,LV0
39.0,31.0,LV0
39.5,31.0,LV0
40.0,31.0,LV0
40.5,31.0,LV0
41.0,31.0,LV0
41.5,31.0,LV0
42.0,31.0,LV0
42.5,31.0,LV0
43.0,31.0,LV0
43.5,31.0,LV0
44.0,31.0,LV0
44.5,31.0,LV0
45.0,31.0,LV0
45.5,31.0,LV0
46.0,31.0,LV0
46.5,31.0,LV0
47.0,31.0,LV0
47.5,31.0,LV0
48.0,31.0,LV0
48.5,31.0,LV0
49.0,31.0,LV0
49.5,31.0,LV0
50.0,31.0,LV0
50.5,31.0,LV0
51.0,31.0,LV0
51.5,31.0,LV0
52.0,31.0,LV0
52.5,31.0,LV0
53.0,31.0,LV0
53.5,31.0,LV0
54.0,31.0,LV0
54.5,31.0,LV0
55.0,31.0,LV0
55.5,31.0,LV0
56.0,31.0,LV0
56.5,31.0,LV0
57.0,31.0,LV0
57.5,31.0,LV0
58.0,31.0,LV0
58.5,31.0,LV0
59.0,31.0,LV0
59.5,31.0,LV0
60.0,31.0,LV0
60.5,31.0,LV0
61.0,31.0,LV0
61.5,31.0,LV0
62.0,31.0,LV0
62.5,31.0,LV0
63.0,31.0,LV0
63.5,31.0,LV0
64.0,31.0,LV0
64.5,31.0,LV0
65.0,31.0,LV0
65.5,31.0,LV0
66.0,31.0,LV0
66.5,31.0,LV0
67.0,31.0,LV0
67.5,31.0,LV0
68.0,31.0,LV0
68.5,31.0,LV0
69.0,31.0,LV0
69.5,31.0,LV0
70.0,31.0,LV0
70.5,31.0,LV0
71.0,31.0,LV0
71.5,31.0,LV0
72.0,31.0,LV0
72.5,31.0,LV0
73.0,31.0,LV0
73.5,31.0,LV0
74.0,31.0,LV0
74.5,31.0,LV0
75.0,31.0,LV0
75.5,31.0,LV0
76.0,31.0,LV0
76.5,31.0,LV0
77.0,31.0,LV0
77.5,31.0,LV0
78.0,31.0,LV0
78.5,31.0,LV0
79.0,31.0,LV0
79.5,31.0,LV0
80.0,31.0,LV0
80.5,31.0,LV0
81.0,31.0,LV0
81.5,31.0,LV0
82.0,31.0,LV0
82.5,31.0,LV0
83.0,31.0,LV0
83.5,31.0,LV0
84.0,31.0,LV0
84.5,31.0,LV0
85.0,31.0,LV0
85.5,31.0,LV0
86.0,31.0,LV0
86.5,31.0,LV0
87.0,31.0,LV0
87.5,31.0,LV0
88.0,31.0,LV0
88.5,31.0,LV0
89.0,31.0,LV0
89.5,31.0,LV0
90.0,31.0,LV0
90.5,31.0,LV0
91.0,31.0,LV0
91.5,31.0,LV0
92.0,31.0,LV0
92.5,31.0,LV0
93.0,31.0,LV0
93.5,31.0,LV0
94.0,31.0,LV0
94.5,31.0,LV0
95.0,31.0,LV0
95.5,31.0,LV0
96.0,31.0,LV0
96.5,31.0,LV0
97.0,31.0,LV0
97.5,31.0,LV0
98.0,31.0,LV0
98.5,31.0,LV0
99.0,31.0,LV0
99.5,31.0,LV0
100.0,31.0,LV0
100.5,31.0,LV0
101.0,31.0,LV0
101.5,31.0,LV0
102.0,31.0,LV0
102.5,31.0,LV0
103.0,31.0,LV0
103.5,31.0,LV0
104.0,31.0,LV0
104.5,31.0,LV0
105.0,31.0,LV0
105.5,31.0,LV0
106.0,31.0,LV0
106.5,31.0,LV0
107.0,31.0,LV0
107.5,31.0,LV0
108.0,31.0,LV0
108.5,31.0,LV0
109.0,31.0,LV0
109.5,31.0,LV0
110.0,31.0,LV0
110.5,31.0,LV0
111.0,31.0,LV0
111.5,31.0,LV0
112.0,31.0,LV0
112.5,31.0,LV0
113.0,31.0,LV0
113.5,31.0,LV0
114.0,31.0,LV0
114.5,31.0,LV0
115.0,31.0,LV0
115.5,31.0,LV0
116.0,31.0,LV0
116.5,31.0,LV0
117.0,31.0,LV0
117.5,31.0,LV0
118.0,31.0,LV0
118.5,31.0,LV0
119.0,31.0,LV0
119.5,31.0,LV0
120.0,31.0,LV0
120.5,31.0,LV0
121.0,31.0,LV0
121.5,31.0,LV0
122.0,31.0,LV0
122.5,31.0,LV0
123.0,31.0,LV0
123.5,31.0,LV0
124.0,31.0,LV0
124.5,31.0,LV0
125.0,31.0,LV0
125.5,31.0,LV0
126.0,31.0,LV0
126.5,31.0,LV0
127.0,31.0,LV0
127.5,31.0,LV0
128.0,31.0,LV0
128.5,31.0,LV0
129.0,31.0,LV0
129.5,31.0,LV0
130.0,31.0,LV0
130.5,31.0,LV0
131.0,31.0,LV0
131.5,31.0,LV0
132.0,31.0,LV0
132.5,31.0,LV0
133.0,31.0,LV0
133.5,31.0,LV0
134.0,31.0,LV0
134.5,31.0,LV0
135.0,31.0,LV0
135.5,31.0,LV0
136.0,31.0,LV0
136.5,31.0,LV0
137.0,31.0,LV0
137.5,31.0,LV0
138.0,31.0,LV0
138.5,31.0,LV0
139.0,31.0,LV0
139.5,31.0,LV0
140.0,31.0,LV0
140.5,31.0,LV0
141.0,31.0,LV0
141.5,31.0,LV0
142.0,31.0,LV0
142.5,31.0,LV0
143.0,31.0,LV0
143.5,31.0,LV0
144.0,31.0,LV0
144.5,31.0,LV0
145.0,31.0,LV0
145.5,31.0,LV0
146.0,31.0,LV0
146.5,31.0,LV0
147.0,31.0,LV0
147.5,31.0,LV0
148.0,31.0,LV0
148.5,31.0,LV0
149.0,31.0,LV0
149.5,31.0,LV0
150.0,31.0,LV0
150.5,31.0,LV0
151.0,31.0,LV0
151.5,31.0,LV0
152.0,31.0,LV0
152.5,31.0,LV0
153.0,31.0,LV0
153.5,31.0,LV0
154.0,31.0,LV0
154.5,31.0,LV0
155.0,31.0,LV0
155.5,31.0,LV0
156.0,31.0,LV0
156.5,31.0,LV0
157.0,31.0,LV0
157.5,31.0,LV0
158.0,31.0,LV0
158.5,31.0,LV0
159.0,31.0,LV0
159.5,31.0,LV0
160.0,31.0,LV0
160.5,31.0,LV0
161.0,31.0,LV0
161.5,31.0,LV0
162.0,31.0,LV0
162.5,31.0,LV0
163.0,31.0,LV0
163.5,31.0,LV0
164.0,31.0,LV0
164.5,31.0,LV0
165.0,31.0,LV0
165.5,31.0,LV0
166.0,31.0,LV0
166.5,31.0,LV0
167.0,31.0,LV0
167.5,31.0,LV0
168.0,31.0,LV0
168.5,31.0,LV0
169.0,31.0,LV0
169.5,31.0,LV0
170.0,31.0,LV0
170.5,31.0,LV0
171.0,31.0,LV0
171.5,31.0,LV0
172.0,31.0,LV0
172.5,31.0,LV0
173.0,31.0,LV0
173.5,31.0,LV0
174.0,31.0,LV0
174.5,31.0,LV0
175.0,31.0,LV0
175.5,31.0,LV0
176.0,31.0,LV0
176.5,31.0,LV0
177.0,31.0,LV0
177.5,31.0,LV0
178.0,31.0,LV0
178.5,31.0,LV0
179.0,31.0,LV0
179.5,31.0,LV0
180.0,31.0,LV0
180.5,31.0,LV0
181.0,31.0,LV0
181.5,31.0,LV0
182.0,31.0,LV0
182.5,31.0,LV0
183.0,31.0,LV0
183.5,31.0,LV0
184.0,31.0,LV0
184.5,31.0,LV0
185.0,31.0,LV0
185.5,31.0,LV0
186.0,31.0,LV0
186.5,31.0,LV0
187.0,31.0,LV0
187.5,31.0,LV0
188.0,31.0,LV0
188.5,31.0,LV0
189.0,31.0,LV0
189.5,31.0,LV0
190.0,31.0,LV0
190.5,31.0,LV0
191.0,31.0,LV0
191.5,31.0,LV0
192.0,31.0,LV0
192.5,31.0,LV0
193.0,31.0,LV0
193.5,31.0,LV0
194.0,31.0,LV0
194.5,31.0,LV0
195.0,31.0,LV0
195.5,31.0,LV0
196.0,31.0,LV0
196.5,31.0,LV0
197.0,31.0,LV0
197.5,31.0,LV0
198.0,31.0,LV0
198.5,31.0,LV0
199.0,31.0,LV0
199.5,31.0,LV0
200.0,31.0,LV0
200.5,31.0,LV0
201.0,31.0,LV0
201.5,31.0,LV0
202.0,31.0,LV0
202.5,31.0,LV0
203.0,31.0,LV0
203.5,31.0,LV0
204.0,31.0,LV0
204.5,31.0,LV0
205.0,31.0,LV0
205.5,31.0,LV0
206.0,31.0,LV0
206.5,31.0,LV0
207.0,31.0,LV0
207.5,31.0,LV0
208.0,31.0,LV0
208.5,31.0,LV0
209.0,31.0,LV0
209.5,31.0,LV0
210.0,31.0,LV0
210.5,31.0,LV0
211.0,31.0,LV0
211.5,31.0,LV0
212.0,31.0,LV0
212.5,31.0,LV0
213.0,31.0,LV0
213.5,31.0,LV0
214.0,31.0,LV0
214.5,31.0,LV0
215.0,31.0,LV0
215.5,31.0,LV0
216.0,31.0,LV0
216.5,31.0,LV0
217.0,31.0,LV0
217.5,31.0,LV0
218.0,31.0,LV0
218.5,31.0,LV0
219.0,31.0,LV0
219.5,31.0,LV0
220.0,31.0,LV0
220.5,31.0,LV0
221.0,31.0,LV0
221.5,31.0,LV0
222.0,31.0,LV0
222.5,31.0,LV0
223.0,31.0,LV0
223.5,31.0,LV0
224.0,31.0,LV0
224.5,31.0,LV0
225.0,31.0,LV0
225.5,31.0,LV0
226.0,31.0,LV0
226.5,31.0,LV0
227.0,31.0,LV0
227.5,31.0,LV0
228.0,31.0,LV0
228.5,31.0,LV0
229.0,31.0,LV0
229.5,31.0,LV0
230.0,31.0,LV0
230.5,31.0,LV0
231.0,31.0,LV0
231.5,31.0,LV0
232.0,31.0,LV0
232.5,31.0,LV0
233.0,31.0,LV0
233.5,31.0,LV0
234.0,31.0,LV0
234.5,31.0,LV0
235.0,31.0,LV0
235.5,31.0,LV0
236.0,31.0,LV0
236.5,31.0,LV0
237.0,31.0,LV0
237.5,31.0,LV0
238.0,31.0,LV0
238.5,31.0,LV0
239.0,31.0,LV0
239.5,31.0,LV0
240.0,31.0,LV0
240.5,31.0,LV0
241.0,31.0,LV0
241.5,31.0,LV0
242.0,31.0,LV0
242.5,31.0,LV0
243.0,31.0,LV0
243.5,31.0,LV0
244.0,31.0,LV0
244.5,31.0,LV0
245.0,31.0,LV0
245.5,31.0,LV0
246.0,31.0,LV0
246.5,31.0,LV0
247.0,31.0,LV0
247.5,31.0,LV0
248.0,31.0,LV0
248.5,31.0,LV0
249.0,31.0,LV0
249.5,31.0,LV0
250.0,31.0,LV0
250.5,31.0,LV0
251.0,31.0,LV0
251.5,31.0,LV0
252.0,31.0,LV0
252.5,31.0,LV0
253.0,31.0,LV0
253.5,31.0,LV0
254.0,31.0,LV0
254.5,31.0,LV0
255.0,31.0,LV0
255.5,31.0,LV0
256.0,31.0,LV0
256.5,31.0,LV0
257.0,31.0,LV0
257.5,31.0,LV0
258.0,31.0,LV0
258.5,31.0,LV0
259.0,31.0,LV0
259.5,31.0,LV0
260.0,31.0,LV0
260.5,31.0,LV0
261.0,31.0,LV0
261.5,31.0,LV0
262.0,31.0,LV0
262.5,31.0,LV0
263.0,31.0,LV0
263.5,31.0,LV0
264.0,31.0,LV0
264.5,31.0,LV0
265.0,31.0,LV0
265.5,31.0,LV0
266.0,31.0,LV0
266.5,31.0,LV0
267.0,31.0,LV0
267.5,31.0,LV0
268.0,31.0,LV0
268.5,31.0,LV0
269.0,31.0,LV0
269.5,31.0,LV0
270.0,31.0,LV0
270.5,31.0,LV0
271.0,31.0,LV0
271.5,31.0,LV0
272.0,31.0,LV0
272.5,31.0,LV0
273.0,31.0,LV0
273.5,31.0,LV0
274.0,31.0,LV0
274.5,31.0,LV0
275.0,31.0,LV0
275.5,31.0,LV0
276.0,31.0,LV0
276.5,31.0,LV0
277.0,31.0,LV0
277.5,31.0,LV0
278.0,31.0,LV0
278.5,31.0,LV0
279.0,31.0,LV0
279.5,31.0,LV0
280.0,31.0,LV0
280.5,31.0,LV0
281.0,31.0,LV0
281.5,31.0,LV0
282.0,31.0,LV0
282.5,31.0,LV0
283.0,31.0,LV0
283.5,31.0,LV0
284.0,31.0,LV0
284.5,31.0,LV0
285.0,31.0,LV0
285.5,31.0,LV0
286.0,31.0,LV0
286.5,31.0,LV0
287.0,31.0,LV0
287.5,31.0,LV0
288.0,31.0,LV0
288.5,31.0,LV0
289.0,31.0,LV0
289.5,31.0,LV0
290.0,31.0,LV0
290.5,31.0,LV0
291.0,31.0,LV0
291.5,31.0,LV0
292.0,31.0,LV0
292.5,31.0,LV0
293.0,31.0,LV0
293.5,31.0,LV0
294.0,31.0,LV0
294.5,31.0,LV0
295.0,31.0,LV0
295.5,31.0,LV0
296.0,31.0,LV0
296.5,31.0,LV0
297.0,31.0,LV0
297.5,31.0,LV0
298.0,31.0,LV0
298.5,31.0,LV0
299.0,31.0,LV0
299.5,31.0,LV0
300.0,31.0,LV0
300.5,31.0,LV0
301.0,31.0,LV0
301.5,31.0,LV0
302.0,31.0,LV0
302.5,31.0,LV0
303.0,31.0,LV0
303.5,31.0,LV0
304.0,31.0,LV0
304.5,31.0,LV0
305.0,31.0,LV0
305.5,31.0,LV0
306.0,31.0,LV0
306.5,31.0,LV0
307.0,31.0,LV0
307.5,31.0,LV0
308.0,31.0,LV0
308.5,31.0,LV0
309.0,31.0,LV0
309.5,31.0,LV0
310.0,31.0,LV0
310.5,31.0,LV0
311.0,31.0,LV0
311.5,31.0,LV0
312.0,31.0,LV0
312.5,31.0,LV0
313.0,31.0,LV0
313.5,31.0,LV0
314.0,31.0,LV0
314.5,31.0,LV0
315.0,31.0,LV0
315.5,31.0,LV0
316.0,31.0,LV0
316.5,31.0,LV0
317.0,31.0,LV0
317.5,31.0,LV0
318.0,31.0,LV0
318.5,31.0,LV0
319.0,31.0,LV0
319.5,31.0,LV0
320.0,31.0,LV0
320.5,31.0,LV0
321.0,31.0,LV0
321.5,31.0,LV0
322.0,31.0,LV0
322.5,31.0,LV0
323.0,31.0,LV0
323.5,31.0,LV0
324.0,31.0,LV0
324.5,31.0,LV0
325.0,31.0,LV0
325.5,31.0,LV0
326.0,31.0,LV0
326.5,31.0,LV0
327.0,31.0,LV0
327.5,31.0,LV0
328.0,31.0,LV0
328.5,31.0,LV0
329.0,31.0,LV0
329.5,31.0,LV0
330.0,31.0,LV0
330.5,31.0,LV0
331.0,31.0,LV0
331.5,31.0,LV0
332.0,31.0,LV0
332.5,31.0,LV0
333.0,31.0,LV0
333.5,31.0,LV0
334.0,31.0,LV0
334.5,31.0,LV0
335.0,31.0,LV0
335.5,31.0,LV0
336.0,31.0,LV0
336.5,31.0,LV0
337.0,31.0,LV0
337.5,31.0,LV0
338.0,31.0,LV0
338.5,31.0,LV0
339.0,31.0,LV0
339.5,31.0,LV0
340.0,31.0,LV0
340.5,31.0,LV0
341.0,31.0,LV0
341.5,31.0,LV0
342.0,31.0,LV0
342.5,31.0,LV0
343.0,31.0,LV0
343.5,31.0,LV0
344.0,31.0,LV0
344.5,31.0,LV0
345.0,31.0,LV0
345.5,31.0,LV0
346.0,31.0,LV0
346.5,31.0,LV0
347.0,31.0,LV0
347.5,31.0,LV0
348.0,31.0,LV0
348.5,31.0,LV0
349.0,31.0,LV0
349.5,31.0,LV0
350.0,31.0,LV0
350.5,31.0,LV0
351.0,31.0,LV0
351.5,31.0,LV0
352.0,31.0,LV0
352.5,31.0,LV0
353.0,31.0,LV0
353.5,31.0,LV0
354.0,31.0,LV0
354.5,31.0,LV0
355.0,31.0,LV0
355.5,31.0,LV0
356.0,31.0,LV0
356.5,31.0,LV0
357.0,31.0,LV0
357.5,31.0,LV0
358.0,31.0,LV0
358.5,31.0,LV0
359.0,31.0,LV0
359.5,31.0,LV0
360.0,31.0,LV0
360.5,31.0,LV0
361.0,31.0,LV0
361.5,31.0,LV0
362.0,31.0,LV0
362.5,31.0,LV0
363.0,31.0,LV0
363.5,31.0,LV0
364.0,31.0,LV0
364.5,31.0,LV0
365.0,31.0,LV0
365.5,31.0,LV0
366.0,31.0,LV0
366.5,31.0,LV0
367.0,31.0,LV0
367.5,31.0,LV0
368.0,31.0,LV0
368.5,31.0,LV0
369.0,31.0,LV0
369.5,31.0,LV0
370.0,31.0,LV0
370.5,31.0,LV0
371.0,31.0,LV0
371.5,31.0,LV0
372.0,31.0,LV0
372.5,31.0,LV0
373.0,31.0,LV0
373.5,31.0,LV0
374.0,31.0,LV0
374.5,31.0,LV0
375.0,31.0,LV0
375.5,31.0,LV0
376.0,31.0,LV0
376.5,31.0,LV0
377.0,31.0,LV0
377.5,31.0,LV0
378.0,31.0,LV0
378.5,31.0,LV0
379.0,31.0,LV0
379.5,31.0,LV0
380.0,31.0,LV0
380.5,31.0,LV0
381.0,31.0,LV0
381.5,31.0,LV0
382.0,31.0,LV0
382.5,31.0,LV0
383.0,31.0,LV0
383.5,31.0,LV0
384.0,31.0,LV0
384.5,31.0,LV0
385.0,31.0,LV0
385.5,31.0,LV0
386.0,31.0,LV0
386.5,31.0,LV0
387.0,31.0,LV0
387.5,31.0,LV0
388.0,31.0,LV0
388.5,31.0,LV0
389.0,31.0,LV0
389.5,31.0,LV0
390.0,31.0,LV0
390.5,31.0,LV0
391.0,31.0,LV0
391.5,31.0,LV0
392.0,31.0,LV0
392.5,31.0,LV0
393.0,31.0,LV0
393.5,31.0,LV0
394.0,31.0,LV0
394.5,31.0,LV0
395.0,31.0,LV0
395.5,31.0,LV0
396.0,31.0,LV0
396.5,31.0,LV0
397.0,31.0,LV0
397.5,31.0,LV0
398.0,31.0,LV0
398.5,31.0,LV0
399.0,31.0,LV0
399.5,31.0,LV0
400.0,31.0,LV0
400.5,31.0,LV0
401.0,31.0,LV0
401.5,31.0,LV0
402.0,31.0,LV0
402.5,31.0,LV0
403.0,31.0,LV0
403.5,31.0,LV0
404.0,31.0,LV0
404.5,31.0,LV0
405.0,31.0,LV0
405.5,31.0,LV0
406.0,31.0,LV0
406.5,31.0,LV0
407.0,31.0,LV0
407.5,31.0,LV0
408.0,31.0,LV0
408.5,31.0,LV0
409.0,31.0,LV0
409.5,31.0,LV0
410.0,31.0,LV0
410.5,31.0,LV0
411.0,31.0,LV0
411.5,31.0,LV0
412.0,31.0,LV0
412.5,31.0,LV0
413.0,31.0,LV0
413.5,31.0,LV0
414.0,31.0,LV0
414.5,31.0,LV0
415.0,31.0,LV0
415.5,31.0,LV0
416.0,31.0,LV0
416.5,31.0,LV0
417.0,31.0,LV0
417.5,31.0,LV0
418.0,31.0,LV0
418.5,31.0,LV0
419.0,31.0,LV0
419.5,31.0,LV0
420.0,31.0,LV0
420.5,31.0,LV0
421.0,31.0,LV0
421.5,31.0,LV0
422.0,31.0,LV0
422.5,31.0,LV0
423.0,31.0,LV0
423.5,31.0,LV0
424.0,31.0,LV0
424.5,31.0,LV0
425.0,31.0,LV0
425.5,31.0,LV0
426.0,31.0,LV0
426.5,31.0,LV0
427.0,31.0,LV0
427.5,31.0,LV0
428.0,31.0,LV0
428.5,31.0,LV0
429.0,31.0,LV0
429.5,31.0,LV0
430.0,31.0,LV0
430.5,31.0,LV0
431.0,31.0,LV0
431.5,31.0,LV0
432.0,31.0,LV0
432.5,31.0,LV0
433.0,31.0,LV0
433.5,31.0,LV0
434.0,31.0,LV0
434.5,31.0,LV0
435.0,31.0,LV0
435.5,31.0,LV0
436.0,31.0,LV0
436.5,31.0,LV0
437.0,31.0,LV0
437.5,31.0,LV0
438.0,31.0,LV0
438.5,31.0,LV0
439.0,31.0,LV0
439.5,31.0,LV0
440.0,31.0,LV0
440.5,31.0,LV0
441.0,31.0,LV0
441.5,31.0,LV0
442.0,31.0,LV0
442.5,31.0,LV0
443.0,31.0,LV0
443.5,31.0,LV0
444.0,31.0,LV0
444.5,31.0,LV0
445.0,31.0,LV0
445.5,31.0,LV0
446.0,31.0,LV0
446.5,31.0,LV0
447.0,31.0,LV0
447.5,31.0,LV0
448.0,31.0,LV0
448.5,31.0,LV0
449.0,31.0,LV0
449.5,31.0,LV0
450.0,31.0,LV0
450.5,31.0,LV0
451.0,31.0,LV0
451.5,31.0,LV0
452.0,31.0,LV0
452.5,31.0,LV0
453.0,31.0,LV0
453.5,31.0,LV0
454.0,31.0,LV0
454.5,31.0,LV0
455.0,31.0,LV0
455.5,31.0,LV0
456.0,31.0,LV0
456.5,31.0,LV0
457.0,31.0,LV0
457.5,31.0,LV0
458.0,31.0,LV0
458.5,31.0,LV0
459.0,31.0,LV0
459.5,31.0,LV0
460.0,31.0,LV0
460.5,31.0,LV0
461.0,31.0,LV0
461.5,31.0,LV0
462.0,31.0,LV0
462.5,31.0,LV0
463.0,31.0,LV0
463.5,31.0,LV0
464.0,31.0,LV0
464.5,31.0,LV0
465.0,31.0,LV0
465.5,31.0,LV0
466.0,31.0,LV0
466.5,31.0,LV0
467.0,31.0,LV0
467.5,31.0,LV0
468.0,31.0,LV0
468.5,31.0,LV0
469.0,31.0,LV0
469.5,31.0,LV0
470.0,31.0,LV0
470.5,31.0,LV0
471.0,31.0,LV0
471.5,31.0,LV0
472.0,31.0,LV0
472.5,31.0,LV0
473.0,31.0,LV0
473.5,31.0,LV0
474.0,31.0,LV0
474.5,31.0,LV0
475.0,31.0,LV0
475.5,31.0,LV0
476.0,31.0,LV0
476.5,31.0,LV0
477.0,31.0,LV0
477.5,31.0,LV0
478.0,31.0,LV0
478.5,31.0,LV0
479.0,31.0,LV0
479.5,31.0,LV0
480.0,31.0,LV0
480.5,31.0,LV0
481.0,31.0,LV0
481.5,31.0,LV0
482.0,31.0,LV0
482.5,31.0,LV0
483.0,31.0,LV0
483.5,31.0,LV0
484.0,31.0,LV0
484.5,31.0,LV0
485.0,31.0,LV0
485.5,31.0,LV0
486.0,31.0,LV0
486.5,31.0,LV0
487.0,31.0,LV0
487.5,31.0,LV0
488.0,31.0,LV0
488.5,31.0,LV0
489.0,31.0,LV0
489.5,31.0,LV0
490.0,31.0,LV0
490.5,31.0,LV0
491.0,31.0,LV0
491.5,31.0,LV0
492.0,31.0,LV0
492.5,31.0,LV0
493.0,31.0,LV0
493.5,31.0,LV0
494.0,31.0,LV0
494.5,31.0,LV0
495.0,31.0,LV0
495.5,31.0,LV0
496.0,31.0,LV0
496.5,31.0,LV0
497.0,31.0,LV0
497.5,31.0,LV0
498.0,31.0,LV0
498.5,31.0,LV0
499.0,31.0,LV0
499.5,31.0,LV0
500.0,31.0,LV0
500.5,31.0,LV0
501.0,31.0,LV0
501.5,31.0,LV0
502.0,31.0,LV0
502.5,31.0,LV0
503.0,31.0,LV0
503.5,31.0,LV0
504.0,31.0,LV0
504.5,31.0,LV0
505.0,31.0,LV0
505.5,31.0,LV0
506.0,31.0,LV0
506.5,31.0,LV0
507.0,31.0,LV0
507.5,31.0,LV0
508.0,31.0,LV0
508.5,31.0,LV0
509.0,31.0,LV0
509.5,31.0,LV0
510.0,31.0,LV0
510.5,31.0,LV0
511.0,31.0,LV0
511.5,31.0,LV0
512.0,31.0,LV0
512.5,31.0,LV0
513.0,31.0,LV0
513.5,31.0,LV0
514.0,31.0,LV0
514.5,31.0,LV0
515.0,31.0,LV0
515.5,31.0,LV0
516.0,31.0,LV0
516.5,31.0,LV0
517.0,31.0,LV0
517.5,31.0,LV0
518.0,31.0,LV0
518.5,31.0,LV0
519.0,31.0,LV0
519.5,31.0,LV0
520.0,31.0,LV0
520.5,31.0,LV0
521.0,31.0,LV0
521.5,31.0,LV0
522.0,31.0,LV0
522.5,31.0,LV0
523.0,31.0,LV0
523.5,31.0,LV0
524.0,31.0,LV0
524.5,31.0,LV0
525.0,31.0,LV0
525.5,31.0,LV0
526.0,31.0,LV0
526.5,31.0,LV0
527.0,31.0,LV0
527.5,31.0,LV0
528.0,31.0,LV0
528.5,31.0,LV0
529.0,31.0,LV0
529.5,31.0,LV0
530.0,31.0,LV0
530.5,31.0,LV0
531.0,31.0,LV0
531.5,31.0,LV0
532.0,31.0,LV0
532.5,31.0,LV0
533.0,31.0,LV0
533.5,31.0,LV0
534.0,31.0,LV0
534.5,31.0,LV0
535.0,31.0,LV0
535.5,31.0,LV0
536.0,31.0,LV0
536.5,31.0,LV0
537.0,31.0,LV0
537.5,31.0,LV0
538.0,31.0,LV0
538.5,31.0,LV0
539.0,31.0,LV0
539.5,31.0,LV0
540.0,31.0,LV0
540.5,31.0,LV0
541.0,31.0,LV0
541.5,31.0,LV0
542.0,31.0,LV0
542.5,31.0,LV0
543.0,31.0,LV0
543.5,31.0,LV0
544.0,31.0,LV0
544.5,31.0,LV0
545.0,31.0,LV0
545.5,31.0,LV0
546.0,31.0,LV0
546.5,31.0,LV0
547.0,31.0,LV0
547.5,31.0,LV0
548.0,31.0,LV0
548.5,31.0,LV0
549.0,31.0,LV0
549.5,31.0,LV0
550.0,31.0,LV0
550.5,31.0,LV0
551.0,31.0,LV0
551.5,31.0,LV0
552.0,31.0,LV0
552.5,31.0,LV0
553.0,31.0,LV0
553.5,31.0,LV0
554.0,31.0,LV0
554.5,31.0,LV0
555.0,31.0,LV0
555.5,31.0,LV0
556.0,31.0,LV0
556.5,31.0,LV0
557.0,31.0,LV0
557.5,31.0,LV0
558.0,31.0,LV0
558.5,31.0,LV0
559.0,31.0,LV0
559.5,31.0,LV0
560.0,31.0,LV0
560.5,31.0,LV0
561.0,31.0,LV0
561.5,31.0,LV0
562.0,31.0,LV0
562.5,31.0,LV0
563.0,31.0,LV0
563.5,31.0,LV0
564.0,31.0,LV0
564.5,31.0,LV0
565.0,31.0,LV0
565.5,31.0,LV0
566.0,31.0,LV0
566.5,31.0,LV0
567.0,31.0,LV0
567.5,31.0,LV0
568.0,31.0,LV0
568.5,31.0,LV0
569.0,31.0,LV0
569.5,31.0,LV0
570.0,31.0,LV0
570.5,31.0,LV0
571.0,31.0,LV0
571.5,31.0,LV0
572.0,31.0,LV0
572.5,31.0,LV0
573.0,31.0,LV0
573.5,31.0,LV0
574.0,31.0,LV0
574.5,31.0,LV0
575.0,31.0,LV0
575.5,31.0,LV0
576.0,31.0,LV0
576.5,31.0,LV0
577.0,31.0,LV0
577.5,31.0,LV0
578.0,31.0,LV0
578.5,31.0,LV0
579.0,31.0,LV0
579.5,31.0,LV0
580.0,31.0,LV0
580.5,31.0,LV0
581.0,31.0,LV0
581.5,31.0,LV0
582.0,31.0,LV0
582.5,31.0,LV0
583.0,31.0,LV0
583.5,31.0,LV0
584.0,31.0,LV0
584.5,31.0,LV0
585.0,31.0,LV0
585.5,31.0,LV0
586.0,31.0,LV0
586.5,31.0,LV0
587.0,31.0,LV0
587.5,31.0,LV0
588.0,31.0,LV0
588.5,31.0,LV0
589.0,31.0,LV0
589.5,31.0,LV0
590.0,31.0,LV0
590.5,31.0,LV0
591.0,31.0,LV0
591.5,31.0,LV0
592.0,31.0,LV0
592.5,31.0,LV0
593.0,31.0,LV0
593.5,31.0,LV0
594.0,31.0,LV0
594.5,31.0,LV0
595.0,31.0,LV0
595.5,31.0,LV0
596.0,31.0,LV0
596.5,31.0,LV0
597.0,31.0,LV0
597.5,31.0,LV0
598.0,31.0,LV0
598.5,31.0,LV0
599.0,31.0,LV0
599.5,31.0,LV0
600.0,31.0,LV0
600.5,31.0,LV0
601.0,31.0,LV0
601.5,31.0,LV0
602.0,31.0,LV0
602.5,31.0,LV0
603.0,31.0,LV0
603.5,31.0,LV0
604.0,31.0,LV0
604.5,31.0,LV0
605.0,31.0,LV0
605.5,31.0,LV0
606.0,31.0,LV0
606.5,31.0,LV0
607.0,31.0,LV0
607.5,31.0,LV0
608.0,31.0,LV0
608.5,31.0,LV0
609.0,31.0,LV0
609.5,31.0,LV0
610.0,31.0,LV0
610.5,31.0,LV0
611.0,31.0,LV0
611.5,31.0,LV0
612.0,31.0,LV0
612.5,31.0,LV0
613.0,31.0,LV0
613.5,31.0,LV0
614.0,31.0,LV0
614.5,31.0,LV0
615.0,31.0,LV0
615.5,31.0,LV0
616.0,31.0,LV0
616.5,31.0,LV0
617.0,31.0,LV0
617.5,31.0,LV0
618.0,31.0,LV0
618.5,31.0,LV0
619.0,31.0,LV0
619.5,31.0,LV0
620.0,31.0,LV0
620.5,31.0,LV0
621.0,31.0,LV0
621.5,31.0,LV0
622.0,31.0,LV0
622.5,31.0,LV0
623.0,31.0,LV0
623.5,31.0,LV0
624.0,31.0,LV0
624.5,31.0,LV0
625.0,31.0,LV0
625.5,31.0,LV0
626.0,31.0,LV0
626.5,31.0,LV0
627.0,31.0,LV0
627.5,31.0,LV0
628.0,31.0,LV0
628.5,31.0,LV0
629.0,31.0,LV0
629.5,31.0,LV0
630.0,31.0,LV0
630.5,31.0,LV0
631.0,31.0,LV0
631.5,31.0,LV0
632.0,31.0,LV0
632.5,31.0,LV0
633.0,31.0,LV0
633.5,31.0,LV0
634.0,31.0,LV0
634.5,31.0,LV0
635.0,31.0,LV0
635.5,31.0,LV0
636.0,31.0,LV0
636.5,31.0,LV0
637.0,31.0,LV0
637.5,31.0,LV0
638.0,31.0,LV0
638.5,31.0,LV0
639.0,31.0,LV0
639.5,31.0,LV0
640.0,31.0,LV0
640.5,31.0,LV0
641.0,31.0,LV0
641.5,31.0,LV0
642.0,31.0,LV0
642.5,31.0,LV0
643.0,31.0,LV0
643.5,31.0,LV0
644.0,31.0,LV0
644.5,31.0,LV0
645.0,31.0,LV0
645.5,31.0,LV0
646.0,31.0,LV0
646.5,31.0,LV0
647.0,31.0,LV0
647.5,31.0,LV0
648.0,31.0,LV0
648.5,31.0,LV0
649.0,31.0,LV0
649.5,31.0,LV0
650.0,31.0,LV0
650.5,31.0,LV0
651.0,31.0,LV0
651.5,31.0,LV0
652.0,31.0,LV0
652.5,31.0,LV0
653.0,31.0,LV0
653.5,31.0,LV0
654.0,31.0,LV0
654.5,31.0,LV0
655.0,31.0,LV0
655.5,31.0,LV0
656.0,31.0,LV0
656.5,31.0,LV0
657.0,31.0,LV0
657.5,31.0,LV0
658.0,31.0,LV0
658.5,31.0,LV0
659.0,31.0,LV0
659.5,31.0,LV0
660.0,31.0,LV0
660.5,31.0,LV0
661.0,31.0,LV0
661.5,31.0,LV0
662.0,31.0,LV0
662.5,31.0,LV0
663.0,31.0,LV0
663.5,31.0,LV0
664.0,31.0,LV0
664.5,31.0,LV0
665.0,31.0,LV0
665.5,31.0,LV0
666.0,31.0,LV0
666.5,31.0,LV0
667.0,31.0,LV0
667.5,31.0,LV0
668.0,31.0,LV0
668.5,31.0,LV0
669.0,31.0,LV0
669.5,31.0,LV0
670.0,31.0,LV0
670.5,31.0,LV0
671.0,31.0,LV0
671.5,31.0,LV0
672.0,31.0,LV0
672.5,31.0,LV0
673.0,31.0,LV0
673.5,31.0,LV0
674.0,31.0,LV0
674.5,31.0,LV0
675.0,31.0,LV0
675.5,31.0,LV0
676.0,31.0,LV0
676.5,31.0,LV0
677.0,31.0,LV0
677.5,31.0,LV0
678.0,31.0,LV0
678.5,31.0,LV0
679.0,31.0,LV0
679.5,31.0,LV0
680.0,31.0,LV0
680.5,31.0,LV0
681.0,31.0,LV0
681.5,31.0,LV0
682.0,31.0,LV0
682.5,31.0,LV0
683.0,31.0,LV0
683.5,31.0,LV0
684.0,31.0,LV0
684.5,31.0,LV0
685.0,31.0,LV0
685.5,31.0,LV0
686.0,31.0,LV0
686.5,31.0,LV0
687.0,31.0,LV0
687.5,31.0,LV0
688.0,31.0,LV0
688.5,31.0,LV0
689.0,31.0,LV0
689.5,31.0,LV0
690.0,31.0,LV0
690.5,31.0,LV0
691.0,31.0,LV0
691.5,31.0,LV0
692.0,31.0,LV0
692.5,31.0,LV0
693.0,31.0,LV0
693.5,31.0,LV0
694.0,31.0,LV0
694.5,31.0,LV0
695.0,31.0,LV0
695.5,31.0,LV0
696.0,31.0,LV0
696.5,31.0,LV0
697.0,31.0,LV0
697.5,31.0,LV0
698.0,31.0,LV0
698.5,31.0,LV0
699.0,31.0,LV0
699.5,31.0,LV0
700.0,31.0,LV0
700.5,31.0,LV0
701.0,31.0,LV0
701.5,31.0,LV0
702.0,31.0,LV0
702.5,31.0,LV0
703.0,31.0,LV0
703.5,31.0,LV0
704.0,31.0,LV0
704.5,31.0,LV0
705.0,31.0,LV0
705.5,31.0,LV0
706.0,31.0,LV0
706.5,31.0,LV0
707.0,31.0,LV0
707.5,31.0,LV0
708.0,31.0,LV0
708.5,31.0,LV0
709.0,31.0,LV0
709.5,31.0,LV0
710.0,31.0,LV0
710.5,31.0,LV0
711.0,31.0,LV0
711.5,31.0,LV0
712.0,31.0,LV0
712.5,31.0,LV0
713.0,31.0,LV0
713.5,31.0,LV0
714.0,31.0,LV0
714.5,31.0,LV0
715.0,31.0,LV0
715.5,31.0,LV0
716.0,31.0,LV0
716.5,31.0,LV0
717.0,31.0,LV0
717.5,31.0,LV0
718.0,31.0,LV0
718.5,31.0,LV0
719.0,31.0,LV0
719.5,31.0,LV0
720.0,31.0,LV0
720.5,31.0,LV0
721.0,31.0,LV0
721.5,31.0,LV0
722.0,31.0,LV0
722.5,31.0,LV0
723.0,31.0,LV0
723.5,31.0,LV0
724.0,31.0,LV0
724.5,31.0,LV0
725.0,31.0,LV0
725.5,31.0,LV0
726.0,31.0,LV0
726.5,31.0,LV0
727.0,31.0,LV0
727.5,31.0,LV0
728.0,31.0,LV0
728.5,31.0,LV0
729.0,31.0,LV0
729.5,31.0,LV0
730.0,31.0,LV0
730.5,31.0,LV0
731.0,31.0,LV0
731.5,31.0,LV0
732.0,31.0,LV0
732.5,31.0,LV0
733.0,31.0,LV0
733.5,31.0,LV0
734.0,31.0,LV0
734.5,31.0,LV0
735.0,31.0,LV0
735.5,31.0,LV0
736.0,31.0,LV0
736.5,31.0,LV0
737.0,31.0,LV0
737.5,31.0,LV0
738.0,31.0,LV0
738.5,31.0,LV0
739.0,31.0,LV0
739.5,31.0,LV0
740.0,31.0,LV0
740.5,31.0,LV0
741.0,31.0,LV0
741.5,31.0,LV0
742.0,31.0,LV0
742.5,31.0,LV0
743.0,31.0,LV0
743.5,31.0,LV0
744.0,31.0,LV0
744.5,31.0,LV0
745.0,31.0,LV0
745.5,31.0,LV0
746.0,31.0,LV0
746.5,31.0,LV0
747.0,31.0,LV0
747.5,31.0,LV0
748.0,31.0,LV0
748.5,31.0,LV0
749.0,31.0,LV0
749.5,31.0,LV0
750.0,31.0,LV0
750.5,31.0,LV0
751.0,31.0,LV0
751.5,31.0,LV0
752.0,31.0,LV0
752.5,31.0,LV0
753.0,31.0,LV0
753.5,31.0,LV0
754.0,31.0,LV0
754.5,31.0,LV0
755.0,31.0,LV0
755.5,31.0,LV0
756.0,31.0,LV0
756.5,31.0,LV0
757.0,31.0,LV0
757.5,31.0,LV0
758.0,31.0,LV0
758.5,31.0,LV0
759.0,31.0,LV0
759.5,31.0,LV0
760.0,31.0,LV0
760.5,31.0,LV0
761.0,31.0,LV0
761.5,31.0,LV0
762.0,31.0,LV0
762.5,31.0,LV0
763.0,31.0,LV0
763.5,31.0,LV0
764.0,31.0,LV0
764.5,31.0,LV0
765.0,31.0,LV0
765.5,31.0,LV0
766.0,31.0,LV0
766.5,31.0,LV0
767.0,31.0,LV0
767.5,31.0,LV0
768.0,31.0,LV0
768.5,31.0,LV0
769.0,31.0,LV0
769.5,31.0,LV0
770.0,31.0,LV0
770.5,31.0,LV0
771.0,31.0,LV0
771.5,31.0,LV0
772.0,31.0,LV0
772.5,31.0,LV0
773.0,31.0,LV0
773.5,31.0,LV0
774.0,31.0,LV0
774.5,31.0,LV0
775.0,31.0,LV0
775.5,31.0,LV0
776.0,31.0,LV0
776.5,31.0,LV0
777.0,31.0,LV0
777.5,31.0,LV0
778.0,31.0,LV0
778.5,31.0,LV0
779.0,31.0,LV0
779.5,31.0,LV0
780.0,31.0,LV0
780.5,31.0,LV0
781.0,31.0,LV0
781.5,31.0,LV0
782.0,31.0,LV0
782.5,31.0,LV0
783.0,31.0,LV0
783.5,31.0,LV0
784.0,31.0,LV0
784.5,31.0,LV0
785.0,31.0,LV0
785.5,31.0,LV0
786.0,31.0,LV0
786.5,31.0,LV0
787.0,31.0,LV0
787.5,31.0,LV0
788.0,31.0,LV0
788.5,31.0,LV0
789.0,31.0,LV0
789.5,31.0,LV0
790.0,31.0,LV0
790.5,31.0,LV0
791.0,31.0,LV0
791.5,31.0,LV0
792.0,31.0,LV0
792.5,31.0,LV0
793.0,31.0,LV0
793.5,31.0,LV0
794.0,31.0,LV0
794.5,31.0,LV0
795.0,31.0,LV0
795.5,31.0,LV0
796.0,31.0,LV0
796.5,31.0,LV0
797.0,31.0,LV0
797.5,31.0,LV0
798.0,31.0,LV0
798.5,31.0,LV0
799.0,31.0,LV0
799.5,31.0,LV0
800.0,31.0,LV0
800.5,31.0,LV0
801.0,31.0,LV0
801.5,31.0,LV0
802.0,31.0,LV0
802.5,31.0,LV0
803.0,31.0,LV0
803.5,31.0,LV0
804.0,31.0,LV0
804.5,31.0,LV0
805.0,31.0,LV0
805.5,31.0,LV0
806.0,31.0,LV0
806.5,31.0,LV0
807.0,31.0,LV0
807.5,31.0,LV0
808.0,31.0,LV0
808.5,31.0,LV0
809.0,31.0,LV0
809.5,31.0,LV0
810.0,31.0,LV0
810.5,31.0,LV0
811.0,31.0,LV0
811.5,31.0,LV0
812.0,31.0,LV0
812.5,31.0,LV0
813.0,31.0,LV0
813.5,31.0,LV0
814.0,31.0,LV0
814.5,31.0,LV0
815.0,31.0,LV0
815.5,31.0,LV0
816.0,31.0,LV0
816.5,31.0,LV0
817.0,31.0,LV0
817.5,31.0,LV0
818.0,31.0,LV0
818.5,31.0,LV0
819.0,31.0,LV0
819.5,31.0,LV0
820.0,31.0,LV0
820.5,31.0,LV0
821.0,31.0,LV0
821.5,31.0,LV0
822.0,31.0,LV0
822.5,31.0,LV0
823.0,31.0,LV0
0.0,21.0,LB0
0.0,20.5,LB0
0.0,20.0,LB0
0.0,19.5,LB0
0.0,19.0,LB0
0.0,18.5,LB0
0.0,18.0,LB0
0.0,17.5,LB0
0.0,17.0,LB0
0.0,16.5,LB0
0.0,16.0,LB0
0.0,15.5,LB0
0.0,15.0,LB0
0.0,14.5,LB0
0.0,14.0,LB0
0.0,13.5,LB0
0.0,13.0,LB0
0.0,12.5,LB0
0.0,12.0,LB0
0.0,11.5,LB0
0.0,11.0,LB0
0.0,10.5,LB0
0.0,10.0,LB0
0.0,9.5,LB0
0.0,9.0,LB0
0.0,8.5,LB0
0.0,8.0,LB0
0.0,7.5,LB0
0.0,7.0,LB0
0.0,6.5,LB0
0.0,6.0,LB0
0.0,5.5,LB0
0.0,5.0,LB0
0.0,4.5,LB0
0.0,4.0,LB0
0.0,3.5,LB0
0.0,3.0,LB0
0.0,2.5,LB0
0.0,2.0,LB0
0.0,1.5,LB0
0.5,21.0,LB0
1.0,21.0,LB0
1.5,21.0,LB0
2.0,21.0,LB0
2.5,21.0,LB0
3.0,21.0,LB0
3.5,21.0,LB0
4.0,21.0,LB0
4.5,21.0,LB0
5.0,21.0,LB0
5.5,21.0,LB0
6.0,21.0,LB0
6.5,21.0,LB0
7.0,21.0,LB0
7.5,21.0,LB0
8.0,21.0,LB0
8.5,21.0,LB0
9.0,21.0,LB0
9.5,21.0,LB0
10.0,21.0,LB0
10.5,21.0,LB0
11.0,21.0,LB0
11.5,21.0,LB0
12.0,21.0,LB0
12.5,21.0,LB0
13.0,21.0,LB0
13.5,21.0,LB0
14.0,21.0,LB0
14.5,21.0,LB0
15.0,21.0,LB0
15.5,21.0,LB0
16.0,21.0,LB0
16.5,21.0,LB0
17.0,21.0,LB0
17.5,21.0,LB0
18.0,21.0,LB0
18.5,21.0,LB0
19.0,21.0,LB0
19.5,21.0,LB0
20.0,21.0,LB0
20.5,21.0,LB0
21.0,21.0,LB0
21.5,21.0,LB0
22.0,21.0,LB0
22.5,21.0,LB0
23.0,21.0,LB0
23.5,21.0,LB0
24.0,21.0,LB0
24.5,21.0,LB0
25.0,21.0,LB0
25.5,21.0,LB0
26.0,21.0,LB0
26.5,21.0,LB0
27.0,21.0,LB0
27.5,21.0,LB0
28.0,21.0,LB0
28.5,21.0,LB0
29.0,21.0,LB0
29.5,21.0,LB0
30.0,21.0,LB0
30.5,21.0,LB0
31.0,21.0,LB0
31.5,21.0,LB0
32.0,21.0,LB0
32.5,21.0,LB0
33.0,21.0,LB0
33.5,21.0,LB0
34.0,21.0,LB0
34.5,21.0,LB0
35.0,21.0,LB0
35.5,21.0,LB0
36.0,21.0,LB0
36.5,21.0,LB0
37.0,21.0,LB0
37.5,21.0,LB0
38.0,21.0,LB0
38.5,21.0,LB0
39.0,21.0,LB0
39.5,21.0,LB0
40.0,21.0,LB0
40.5,21.0,LB0
41.0,21.0,LB0
41.5,21.0,LB0
42.0,21.0,LB0
42.5,21.0,LB0
43.0,21.0,LB0
43.5,21.0,LB0
44.0,21.0,LB0
44.5,21.0,LB0
45.0,21.0,LB0
45.5,21.0,LB0
46.0,21.0,LB0
46.5,21.0,LB0
47.0,21.0,LB0
47.5,21.0,LB0
48.0,21.0,LB0
48.5,21.0,LB0
49.0,21.0,LB0
49.5,21.0,LB0
50.0,21.0,LB0
50.5,21.0,LB0
51.0,21.0,LB0
51.5,21.0,LB0
52.0,21.0,LB0
52.5,21.0,LB0
53.0,21.0,LB0
53.5,21.0,LB0
54.0,21.0,LB0
54.5,21.0,LB0
55.0,21.0,LB0
55.5,21.0,LB0
56.0,21.0,LB0
56.5,21.0,LB0
57.0,21.0,LB0
57.5,21.0,LB0
58.0,21.0,LB0
58.5,21.0,LB0
59.0,21.0,LB0
59.5,21.0,LB0
60.0,21.0,LB0
60.5,21.0,LB0
61.0,21.0,LB0
61.5,21.0,LB0
62.0,21.0,LB0
62.5,21.0,LB0
63.0,21.0,LB0
63.5,21.0,LB0
64.0,21.0,LB0
64.5,21.0,LB0
65.0,21.0,LB0
65.5,21.0,LB0
66.0,21.0,LB0
66.5,21.0,LB0
67.0,21.0,LB0
67.5,21.0,LB0
68.0,21.0,LB0
68.5,21.0,LB0
69.0,21.0,LB0
69.5,21.0,LB0
70.0,21.0,LB0
70.5,21.0,LB0
71.0,21.0,LB0
71.5,21.0,LB0
72.0,21.0,LB0
72.5,21.0,LB0
73.0,21.0,LB0
73.5,21.0,LB0
74.0,21.0,LB0
74.5,21.0,LB0
75.0,21.0,LB0
75.5,21.0,LB0
76.0,21.0,LB0
76.5,21.0,LB0
77.0,21.0,LB0
77.5,21.0,LB0
78.0,21.0,LB0
78.5,21.0,LB0
79.0,21.0,LB0
79.5,21.0,LB0
80.0,21.0,LB0
80.5,21.0,LB0
81.0,21.0,LB0
81.5,21.0,LB0
82.0,21.0,LB0
82.5,21.0,LB0
83.0,21.0,LB0
83.5,21.0,LB0
84.0,21.0,LB0
84.5,21.0,LB0
85.0,21.0,LB0
85.5,21.0,LB0
86.0,21.0,LB0
86.5,21.0,LB0
87.0,21.0,LB0
87.5,21.0,LB0
88.0,21.0,LB0
88.5,21.0,LB0
89.0,21.0,LB0
89.5,21.0,LB0
90.0,21.0,LB0
90.5,21.0,LB0
91.0,21.0,LB0
91.5,21.0,LB0
92.0,21.0,LB0
92.5,21.0,LB0
93.0,21.0,LB0
93.5,21.0,LB0
94.0,21.0,LB0
94.5,21.0,LB0
95.0,21.0,LB0
95.5,21.0,LB0
96.0,21.0,LB0
96.5,21.0,LB0
97.0,21.0,LB0
97.5,21.0,LB0
98.0,21.0,LB0
98.5,21.0,LB0
99.0,21.0,LB0
99.5,21.0,LB0
100.0,21.0,LB0
100.5,21.0,LB0
101.0,21.0,LB0
101.5,21.0,LB0
102.0,21.0,LB0
102.5,21.0,LB0
103.0,21.0,LB0
103.5,21.0,LB0
104.0,21.0,LB0
104.5,21.0,LB0
105.0,21.0,LB0
105.5,21.0,LB0
106.0,21.0,LB0
106.5,21.0,LB0
107.0,21.0,LB0
107.5,21.0,LB0
108.0,21.0,LB0
108.5,21.0,LB0
109.0,21.0,LB0
109.5,21.0,LB0
110.0,21.0,LB0
110.5,21.0,LB0
111.0,21.0,LB0
111.5,21.0,LB0
112.0,21.0,LB0
112.5,21.0,LB0
113.0,21.0,LB0
113.5,21.0,LB0
114.0,21.0,LB0
114.5,21.0,LB0
115.0,21.0,LB0
115.5,21.0,LB0
116.0,21.0,LB0
116.5,21.0,LB0
117.0,21.0,LB0
117.5,21.0,LB0
118.0,21.0,LB0
118.5,21.0,LB0
119.0,21.0,LB0
119.5,21.0,LB0
120.0,21.0,LB0
120.5,21.0,LB0
121.0,21.0,LB0
121.5,21.0,LB0
122.0,21.0,LB0
122.5,21.0,LB0
123.0,21.0,LB0
123.5,21.0,LB0
124.0,21.0,LB0
124.5,21.0,LB0
125.0,21.0,LB0
125.5,21.0,LB0
126.0,21.0,LB0
126.5,21.0,LB0
127.0,21.0,LB0
127.5,21.0,LB0
128.0,21.0,LB0
128.5,21.0,LB0
129.0,21.0,LB0
129.5,21.0,LB0
130.0,21.0,LB0
130.5,21.0,LB0
131.0,21.0,LB0
131.5,21.0,LB0
132.0,21.0,LB0
132.5,21.0,LB0
133.0,21.0,LB0
133.5,21.0,LB0
134.0,21.0,LB0
134.5,21.0,LB0
135.0,21.0,LB0
135.5,21.0,LB0
136.0,21.0,LB0
136.5,21.0,LB0
137.0,21.0,LB0
137.5,21.0,LB0
138.0,21.0,LB0
138.5,21.0,LB0
139.0,21.0,LB0
139.5,21.0,LB0
140.0,21.0,LB0
140.5,21.0,LB0
141.0,21.0,LB0
141.5,21.0,LB0
142.0,21.0,LB0
142.5,21.0,LB0
143.0,21.0,LB0
143.5,21.0,LB0
144.0,21.0,LB0
144.5,21.0,LB0
145.0,21.0,LB0
145.5,21.0,LB0
146.0,21.0,LB0
146.5,21.0,LB0
147.0,21.0,LB0
147.5,21.0,LB0
148.0,21.0,LB0
148.5,21.0,LB0
149.0,21.0,LB0
149.5,21.0,LB0
150.0,21.0,LB0
150.5,21.0,LB0
151.0,21.0,LB0
151.5,21.0,LB0
152.0,21.0,LB0
152.5,21.0,LB0
153.0,21.0,LB0
153.5,21.0,LB0
154.0,21.0,LB0
154.5,21.0,LB0
155.0,21.0,LB0
155.5,21.0,LB0
156.0,21.0,LB0
156.5,21.0,LB0
157.0,21.0,LB0
157.5,21.0,LB0
158.0,21.0,LB0
158.5,21.0,LB0
159.0,21.0,LB0
159.5,21.0,LB0
160.0,21.0,LB0
160.5,21.0,LB0
161.0,21.0,LB0
161.5,21.0,LB0
162.0,21.0,LB0
162.5,21.0,LB0
163.0,21.0,LB0
163.5,21.0,LB0
164.0,21.0,LB0
164.5,21.0,LB0
165.0,21.0,LB0
165.5,21.0,LB0
166.0,21.0,LB0
166.5,21.0,LB0
167.0,21.0,LB0
167.5,21.0,LB0
168.0,21.0,LB0
168.5,21.0,LB0
169.0,21.0,LB0
169.5,21.0,LB0
170.0,21.0,LB0
170.5,21.0,LB0
171.0,21.0,LB0
171.5,21.0,LB0
172.0,21.0,LB0
172.5,21.0,LB0
173.0,21.0,LB0
173.5,21.0,LB0
174.0,21.0,LB0
174.5,21.0,LB0
175.0,21.0,LB0
175.5,21.0,LB0
176.0,21.0,LB0
176.5,21.0,LB0
177.0,21.0,LB0
177.5,21.0,LB0
178.0,21.0,LB0
178.5,21.0,LB0
179.0,21.0,LB0
179.5,21.0,LB0
180.0,21.0,LB0
180.5,21.0,LB0
181.0,21.0,LB0
181.5,21.0,LB0
182.0,21.0,LB0
182.5,21.0,LB0
183.0,21.0,LB0
183.5,21.0,LB0
184.0,21.0,LB0
184.5,21.0,LB0
185.0,21.0,LB0
185.5,21.0,LB0
186.0,21.0,LB0
186.5,21.0,LB0
187.0,21.0,LB0
187.5,21.0,LB0
188.0,21.0,LB0
188.5,21.0,LB0
189.0,21.0,LB0
189.5,21.0,LB0
190.0,21.0,LB0
190.5,21.0,LB0
191.0,21.0,LB0
191.5,21.0,LB0
192.0,21.0,LB0
192.5,21.0,LB0
193.0,21.0,LB0
193.5,21.0,LB0
194.0,21.0,LB0
194.5,21.0,LB0
195.0,21.0,LB0
195.5,21.0,LB0
196.0,21.0,LB0
196.5,21.0,LB0
197.0,21.0,LB0
197.5,21.0,LB0
198.0,21.0,LB0
198.5,21.0,LB0
199.0,21.0,LB0
199.5,21.0,LB0
200.0,21.0,LB0
200.5,21.0,LB0
201.0,21.0,LB0
201.5,21.0,LB0
202.0,21.0,LB0
202.5,21.0,LB0
203.0,21.0,LB0
203.5,21.0,LB0
204.0,21.0,LB0
204.5,21.0,LB0
205.0,21.0,LB0
205.5,21.0,LB0
206.0,21.0,LB0
206.5,21.0,LB0
207.0,21.0,LB0
207.5,21.0,LB0
208.0,21.0,LB0
208.5,21.0,LB0
209.0,21.0,LB0
209.5,21.0,LB0
210.0,21.0,LB0
210.5,21.0,LB0
211.0,21.0,LB0
211.5,21.0,LB0
212.0,21.0,LB0
212.5,21.0,LB0
213.0,21.0,LB0
213.5,21.0,LB0
214.0,21.0,LB0
214.5,21.0,LB0
215.0,21.0,LB0
215.5,21.0,LB0
216.0,21.0,LB0
216.5,21.0,LB0
217.0,21.0,LB0
217.5,21.0,LB0
218.0,21.0,LB0
218.5,21.0,LB0
219.0,21.0,LB0
219.5,21.0,LB0
220.0,21.0,LB0
220.5,21.0,LB0
221.0,21.0,LB0
221.5,21.0,LB0
222.0,21.0,LB0
222.5,21.0,LB0
223.0,21.0,LB0
223.5,21.0,LB0
224.0,21.0,LB0
224.5,21.0,LB0
225.0,21.0,LB0
225.5,21.0,LB0
226.0,21.0,LB0
226.5,21.0,LB0
227.0,21.0,LB0
227.5,21.0,LB0
228.0,21.0,LB0
228.5,21.0,LB0
229.0,21.0,LB0
229.5,21.0,LB0
230.0,21.0,LB0
230.5,21.0,LB0
231.0,21.0,LB0
231.5,21.0,LB0
232.0,21.0,LB0
232.5,21.0,LB0
233.0,21.0,LB0
233.5,21.0,LB0
234.0,21.0,LB0
234.5,21.0,LB0
235.0,21.0,LB0
235.5,21.0,LB0
236.0,21.0,LB0
236.5,21.0,LB0
237.0,21.0,LB0
237.5,21.0,LB0
238.0,21.0,LB0
238.5,21.0,LB0
239.0,21.0,LB0
239.5,21.0,LB0
240.0,21.0,LB0
240.5,21.0,LB0
241.0,21.0,LB0
241.5,21.0,LB0
242.0,21.0,LB0
242.5,21.0,LB0
243.0,21.0,LB0
243.5,21.0,LB0
244.0,21.0,LB0
244.5,21.0,LB0
245.0,21.0,LB0
245.5,21.0,LB0
246.0,21.0,LB0
246.5,21.0,LB0
247.0,21.0,LB0
247.5,21.0,LB0
248.0,21.0,LB0
248.5,21.0,LB0
249.0,21.0,LB0
249.5,21.0,LB0
250.0,21.0,LB0
250.5,21.0,LB0
251.0,21.0,LB0
251.5,21.0,LB0
252.0,21.0,LB0
252.5,21.0,LB0
253.0,21.0,LB0
253.5,21.0,LB0
254.0,21.0,LB0
254.5,21.0,LB0
255.0,21.0,LB0
255.5,21.0,LB0
256.0,21.0,LB0
256.5,21.0,LB0
257.0,21.0,LB0
257.5,21.0,LB0
258.0,21.0,LB0
258.5,21.0,LB0
259.0,21.0,LB0
259.5,21.0,LB0
260.0,21.0,LB0
260.5,21.0,LB0
261.0,21.0,LB0
261.5,21.0,LB0
262.0,21.0,LB0
262.5,21.0,LB0
263.0,21.0,LB0
263.5,21.0,LB0
264.0,21.0,LB0
264.5,21.0,LB0
265.0,21.0,LB0
265.5,21.0,LB0
266.0,21.0,LB0
266.5,21.0,LB0
267.0,21.0,LB0
267.5,21.0,LB0
268.0,21.0,LB0
268.5,21.0,LB0
269.0,21.0,LB0
269.5,21.0,LB0
270.0,21.0,LB0
270.5,21.0,LB0
271.0,21.0,LB0
271.5,21.0,LB0
272.0,21.0,LB0
272.5,21.0,LB0
273.0,21.0,LB0
273.5,21.0,LB0
274.0,21.0,LB0
274.5,21.0,LB0
275.0,21.0,LB0
275.5,21.0,LB0
276.0,21.0,LB0
276.5,21.0,LB0
277.0,21.0,LB0
277.5,21.0,LB0
278.0,21.0,LB0
278.5,21.0,LB0
279.0,21.0,LB0
279.5,21.0,LB0
280.0,21.0,LB0
280.5,21.0,LB0
281.0,21.0,LB0
281.5,21.0,LB0
282.0,21.0,LB0
282.5,21.0,LB0
283.0,21.0,LB0
283.5,21.0,LB0
284.0,21.0,LB0
284.5,21.0,LB0
285.0,21.0,LB0
285.5,21.0,LB0
286.0,21.0,LB0
286.5,21.0,LB0
287.0,21.0,LB0
287.5,21.0,LB0
288.0,21.0,LB0
288.5,21.0,LB0
289.0,21.0,LB0
289.5,21.0,LB0
290.0,21.0,LB0
290.5,21.0,LB0
291.0,21.0,LB0
291.5,21.0,LB0
292.0,21.0,LB0
292.5,21.0,LB0
293.0,21.0,LB0
293.5,21.0,LB0
294.0,21.0,LB0
294.5,21.0,LB0
295.0,21.0,LB0
295.5,21.0,LB0
296.0,21.0,LB0
296.5,21.0,LB0
297.0,21.0,LB0
297.5,21.0,LB0
298.0,21.0,LB0
298.5,21.0,LB0
299.0,21.0,LB0
299.5,21.0,LB0
300.0,21.0,LB0
300.5,21.0,LB0
301.0,21.0,LB0
301.5,21.0,LB0
302.0,21.0,LB0
302.5,21.0,LB0
303.0,21.0,LB0
303.5,21.0,LB0
304.0,21.0,LB0
304.5,21.0,LB0
305.0,21.0,LB0
305.5,21.0,LB0
306.0,21.0,LB0
306.5,21.0,LB0
307.0,21.0,LB0
307.5,21.0,LB0
308.0,21.0,LB0
308.5,21.0,LB0
309.0,21.0,LB0
309.5,21.0,LB0
310.0,21.0,LB0
310.5,21.0,LB0
311.0,21.0,LB0
311.5,21.0,LB0
312.0,21.0,LB0
312.5,21.0,LB0
313.0,21.0,LB0
313.5,21.0,LB0
314.0,21.0,LB0
314.5,21.0,LB0
315.0,21.0,LB0
315.5,21.0,LB0
316.0,21.0,LB0
316.5,21.0,LB0
317.0,21.0,LB0
317.5,21.0,LB0
318.0,21.0,LB0
318.5,21.0,LB0
319.0,21.0,LB0
319.5,21.0,LB0
320.0,21.0,LB0
320.5,21.0,LB0
321.0,21.0,LB0
321.5,21.0,LB0
322.0,21.0,LB0
322.5,21.0,LB0
323.0,21.0,LB0
323.5,21.0,LB0
324.0,21.0,LB0
324.5,21.0,LB0
325.0,21.0,LB0
325.5,21.0,LB0
326.0,21.0,LB0
326.5,21.0,LB0
327.0,21.0,LB0
327.5,21.0,LB0
328.0,21.0,LB0
328.5,21.0,LB0
329.0,21.0,LB0
329.5,21.0,LB0
330.0,21.0,LB0
330.5,21.0,LB0
331.0,21.0,LB0
331.5,21.0,LB0
332.0,21.0,LB0
332.5,21.0,LB0
333.0,21.0,LB0
333.5,21.0,LB0
334.0,21.0,LB0
334.5,21.0,LB0
335.0,21.0,LB0
335.5,21.0,LB0
336.0,21.0,LB0
336.5,21.0,LB0
337.0,21.0,LB0
337.5,21.0,LB0
338.0,21.0,LB0
338.5,21.0,LB0
339.0,21.0,LB0
339.5,21.0,LB0
340.0,21.0,LB0
340.5,21.0,LB0
341.0,21.0,LB0
341.5,21.0,LB0
342.0,21.0,LB0
342.5,21.0,LB0
343.0,21.0,LB0
343.5,21.0,LB0
344.0,21.0,LB0
344.5,21.0,LB0
345.0,21.0,LB0
345.5,21.0,LB0
346.0,21.0,LB0
346.5,21.0,LB0
347.0,21.0,LB0
347.5,21.0,LB0
348.0,21.0,LB0
348.5,21.0,LB0
349.0,21.0,LB0
349.5,21.0,LB0
350.0,21.0,LB0
350.5,21.0,LB0
351.0,21.0,LB0
351.5,21.0,LB0
352.0,21.0,LB0
352.5,21.0,LB0
353.0,21.0,LB0
353.5,21.0,LB0
354.0,21.0,LB0
354.5,21.0,LB0
355.0,21.0,LB0
355.5,21.0,LB0
356.0,21.0,LB0
356.5,21.0,LB0
357.0,21.0,LB0
357.5,21.0,LB0
358.0,21.0,LB0
358.5,21.0,LB0
359.0,21.0,LB0
359.5,21.0,LB0
360.0,21.0,LB0
360.5,21.0,LB0
361.0,21.0,LB0
361.5,21.0,LB0
362.0,21.0,LB0
362.5,21.0,LB0
363.0,21.0,LB0
363.5,21.0,LB0
364.0,21.0,LB0
364.5,21.0,LB0
365.0,21.0,LB0
365.5,21.0,LB0
366.0,21.0,LB0
366.5,21.0,LB0
367.0,21.0,LB0
367.5,21.0,LB0
368.0,21.0,LB0
368.5,21.0,LB0
369.0,21.0,LB0
369.5,21.0,LB0
370.0,21.0,LB0
370.5,21.0,LB0
371.0,21.0,LB0
371.5,21.0,LB0
372.0,21.0,LB0
372.5,21.0,LB0
373.0,21.0,LB0
373.5,21.0,LB0
374.0,21.0,LB0
374.5,21.0,LB0
375.0,21.0,LB0
375.5,21.0,LB0
376.0,21.0,LB0
376.5,21.0,LB0
377.0,21.0,LB0
377.5,21.0,LB0
378.0,21.0,LB0
378.5,21.0,LB0
379.0,21.0,LB0
379.5,21.0,LB0
380.0,21.0,LB0
380.5,21.0,LB0
381.0,21.0,LB0
381.5,21.0,LB0
382.0,21.0,LB0
382.5,21.0,LB0
383.0,21.0,LB0
383.5,21.0,LB0
384.0,21.0,LB0
384.5,21.0,LB0
385.0,21.0,LB0
385.5,21.0,LB0
386.0,21.0,LB0
386.5,21.0,LB0
387.0,21.0,LB0
387.5,21.0,LB0
388.0,21.0,LB0
388.5,21.0,LB0
389.0,21.0,LB0
389.5,21.0,LB0
390.0,21.0,LB0
390.5,21.0,LB0
391.0,21.0,LB0
391.5,21.0,LB0
392.0,21.0,LB0
392.5,21.0,LB0
393.0,21.0,LB0
393.5,21.0,LB0
394.0,21.0,LB0
394.5,21.0,LB0
395.0,21.0,LB0
395.5,21.0,LB0
396.0,21.0,LB0
396.5,21.0,LB0
397.0,21.0,LB0
397.5,21.0,LB0
398.0,21.0,LB0
398.5,21.0,LB0
399.0,21.0,LB0
399.5,21.0,LB0
400.0,21.0,LB0
400.5,21.0,LB0
401.0,21.0,LB0
401.5,21.0,LB0
402.0,21.0,LB0
402.5,21.0,LB0
403.0,21.0,LB0
403.5,21.0,LB0
404.0,21.0,LB0
404.5,21.0,LB0
405.0,21.0,LB0
405.5,21.0,LB0
406.0,21.0,LB0
406.5,21.0,LB0
407.0,21.0,LB0
407.5,21.0,LB0
408.0,21.0,LB0
408.5,21.0,LB0
409.0,21.0,LB0
409.5,21.0,LB0
410.0,21.0,LB0
410.5,21.0,LB0
411.0,21.0,LB0
411.5,21.0,LB0
412.0,21.0,LB0
412.5,21.0,LB0
413.0,21.0,LB0
413.5,21.0,LB0
414.0,21.0,LB0
414.5,21.0,LB0
415.0,21.0,LB0
415.5,21.0,LB0
416.0,21.0,LB0
416.5,21.0,LB0
417.0,21.0,LB0
417.5,21.0,LB0
418.0,21.0,LB0
418.5,21.0,LB0
419.0,21.0,LB0
419.5,21.0,LB0
420.0,21.0,LB0
420.5,21.0,LB0
421.0,21.0,LB0
421.5,21.0,LB0
422.0,21.0,LB0
422.5,21.0,LB0
423.0,21.0,LB0
423.5,21.0,LB0
424.0,21.0,LB0
424.5,21.0,LB0
425.0,21.0,LB0
425.5,21.0,LB0
426.0,21.0,LB0
426.5,21.0,LB0
427.0,21.0,LB0
427.5,21.0,LB0
428.0,21.0,LB0
428.5,21.0,LB0
429.0,21.0,LB0
429.5,21.0,LB0
430.0,21.0,LB0
430.5,21.0,LB0
431.0,21.0,LB0
431.5,21.0,LB0
432.0,21.0,LB0
432.5,21.0,LB0
433.0,21.0,LB0
433.5,21.0,LB0
434.0,21.0,LB0
434.5,21.0,LB0
435.0,21.0,LB0
435.5,21.0,LB0
436.0,21.0,LB0
436.5,21.0,LB0
437.0,21.0,LB0
437.5,21.0,LB0
438.0,21.0,LB0
438.5,21.0,LB0
439.0,21.0,LB0
439.5,21.0,LB0
440.0,21.0,LB0
440.5,21.0,LB0
441.0,21.0,LB0
441.5,21.0,LB0
442.0,21.0,LB0
442.5,21.0,LB0
443.0,21.0,LB0
443.5,21.0,LB0
444.0,21.0,LB0
444.5,21.0,LB0
445.0,21.0,LB0
445.5,21.0,LB0
446.0,21.0,LB0
446.5,21.0,LB0
447.0,21.0,LB0
447.5,21.0,LB0
448.0,21.0,LB0
448.5,21.0,LB0
449.0,21.0,LB0
449.5,21.0,LB0
450.0,21.0,LB0
450.5,21.0,LB0
451.0,21.0,LB0
451.5,21.0,LB0
452.0,21.0,LB0
452.5,21.0,LB0
453.0,21.0,LB0
453.5,21.0,LB0
454.0,21.0,LB0
454.5,21.0,LB0
455.0,21.0,LB0
455.5,21.0,LB0
456.0,21.0,LB0
456.5,21.0,LB0
457.0,21.0,LB0
457.5,21.0,LB0
458.0,21.0,LB0
458.5,21.0,LB0
459.0,21.0,LB0
459.5,21.0,LB0
460.0,21.0,LB0
460.5,21.0,LB0
461.0,21.0,LB0
461.5,21.0,LB0
462.0,21.0,LB0
462.5,21.0,LB0
463.0,21.0,LB0
463.5,21.0,LB0
464.0,21.0,LB0
464.5,21.0,LB0
465.0,21.0,LB0
465.5,21.0,LB0
466.0,21.0,LB0
466.5,21.0,LB0
467.0,21.0,LB0
467.5,21.0,LB0
468.0,21.0,LB0
468.5,21.0,LB0
469.0,21.0,LB0
469.5,21.0,LB0
470.0,21.0,LB0
470.5,21.0,LB0
471.0,21.0,LB0
471.5,21.0,LB0
472.0,21.0,LB0
472.5,21.0,LB0
473.0,21.0,LB0
473.5,21.0,LB0
474.0,21.0,LB0
474.5,21.0,LB0
475.0,21.0,LB0
475.5,21.0,LB0
476.0,21.0,LB0
476.5,21.0,LB0
477.0,21.0,LB0
477.5,21.0,LB0
478.0,21.0,LB0
478.5,21.0,LB0
479.0,21.0,LB0
479.5,21.0,LB0
480.0,21.0,LB0
480.5,21.0,LB0
481.0,21.0,LB0
481.5,21.0,LB0
482.0,21.0,LB0
482.5,21.0,LB0
483.0,21.0,LB0
483.5,21.0,LB0
484.0,21.0,LB0
484.5,21.0,LB0
485.0,21.0,LB0
485.5,21.0,LB0
486.0,21.0,LB0
486.5,21.0,LB0
487.0,21.0,LB0
487.5,21.0,LB0
488.0,21.0,LB0
488.5,21.0,LB0
489.0,21.0,LB0
489.5,21.0,LB0
490.0,21.0,LB0
490.5,21.0,LB0
491.0,21.0,LB0
491.5,21.0,LB0
492.0,21.0,LB0
492.5,21.0,LB0
493.0,21.0,LB0
493.5,21.0,LB0
494.0,21.0,LB0
494.5,21.0,LB0
495.0,21.0,LB0
495.5,21.0,LB0
496.0,21.0,LB0
496.5,21.0,LB0
497.0,21.0,LB0
497.5,21.0,LB0
498.0,21.0,LB0
498.5,21.0,LB0
499.0,21.0,LB0
499.5,21.0,LB0
500.0,21.0,LB0
500.5,21.0,LB0
501.0,21.0,LB0
501.5,21.0,LB0
502.0,21.0,LB0
502.5,21.0,LB0
503.0,21.0,LB0
503.5,21.0,LB0
504.0,21.0,LB0
504.5,21.0,LB0
505.0,21.0,LB0
505.5,21.0,LB0
506.0,21.0,LB0
506.5,21.0,LB0
507.0,21.0,LB0
507.5,21.0,LB0
508.0,21.0,LB0
508.5,21.0,LB0
509.0,21.0,LB0
509.5,21.0,LB0
510.0,21.0,LB0
510.5,21.0,LB0
511.0,21.0,LB0
511.5,21.0,LB0
512.0,21.0,LB0
512.5,21.0,LB0
513.0,21.0,LB0
513.5,21.0,LB0
514.0,21.0,LB0
514.5,21.0,LB0
515.0,21.0,LB0
515.5,21.0,LB0
516.0,21.0,LB0
516.5,21.0,LB0
517.0,21.0,LB0
517.5,21.0,LB0
518.0,21.0,LB0
518.5,21.0,LB0
519.0,21.0,LB0
519.5,21.0,LB0
520.0,21.0,LB0
520.5,21.0,LB0
521.0,21.0,LB0
521.5,21.0,LB0
522.0,21.0,LB0
522.5,21.0,LB0
523.0,21.0,LB0
523.5,21.0,LB0
524.0,21.0,LB0
524.5,21.0,LB0
525.0,21.0,LB0
525.5,21.0,LB0
526.0,21.0,LB0
526.5,21.0,LB0
527.0,21.0,LB0
527.5,21.0,LB0
528.0,21.0,LB0
528.5,21.0,LB0
529.0,21.0,LB0
529.5,21.0,LB0
530.0,21.0,LB0
530.5,21.0,LB0
531.0,21.0,LB0
531.5,21.0,LB0
532.0,21.0,LB0
532.5,21.0,LB0
533.0,21.0,LB0
533.5,21.0,LB0
534.0,21.0,LB0
534.5,21.0,LB0
535.0,21.0,LB0
535.5,21.0,LB0
536.0,21.0,LB0
536.5,21.0,LB0
537.0,21.0,LB0
537.5,21.0,LB0
538.0,21.0,LB0
538.5,21.0,LB0
539.0,21.0,LB0
539.5,21.0,LB0
540.0,21.0,LB0
540.5,21.0,LB0
541.0,21.0,LB0
541.5,21.0,LB0
542.0,21.0,LB0
542.5,21.0,LB0
543.0,21.0,LB0
543.5,21.0,LB0
544.0,21.0,LB0
544.5,21.0,LB0
545.0,21.0,LB0
545.5,21.0,LB0
546.0,21.0,LB0
546.5,21.0,LB0
547.0,21.0,LB0
547.5,21.0,LB0
548.0,21.0,LB0
548.5,21.0,LB0
549.0,21.0,LB0
549.5,21.0,LB0
550.0,21.0,LB0
550.5,21.0,LB0
551.0,21.0,LB0
551.5,21.0,LB0
552.0,21.0,LB0
552.5,21.0,LB0
553.0,21.0,LB0
553.5,21.0,LB0
554.0,21.0,LB0
554.5,21.0,LB0
555.0,21.0,LB0
555.5,21.0,LB0
556.0,21.0,LB0
556.5,21.0,LB0
557.0,21.0,LB0
557.5,21.0,LB0
558.0,21.0,LB0
558.5,21.0,LB0
559.0,21.0,LB0
559.5,21.0,LB0
560.0,21.0,LB0
560.5,21.0,LB0
561.0,21.0,LB0
561.5,21.0,LB0
562.0,21.0,LB0
562.5,21.0,LB0
563.0,21.0,LB0
563.5,21.0,LB0
564.0,21.0,LB0
564.5,21.0,LB0
565.0,21.0,LB0
565.5,21.0,LB0
566.0,21.0,LB0
566.5,21.0,LB0
567.0,21.0,LB0
567.5,21.0,LB0
568.0,21.0,LB0
568.5,21.0,LB0
569.0,21.0,LB0
569.5,21.0,LB0
570.0,21.0,LB0
570.5,21.0,LB0
571.0,21.0,LB0
571.5,21.0,LB0
572.0,21.0,LB0
572.5,21.0,LB0
573.0,21.0,LB0
573.5,21.0,LB0
574.0,21.0,LB0
574.5,21.0,LB0
575.0,21.0,LB0
575.5,21.0,LB0
576.0,21.0,LB0
576.5,21.0,LB0
577.0,21.0,LB0
577.5,21.0,LB0
578.0,21.0,LB0
578.5,21.0,LB0
579.0,21.0,LB0
579.5,21.0,LB0
580.0,21.0,LB0
580.5,21.0,LB0
581.0,21.0,LB0
581.5,21.0,LB0
582.0,21.0,LB0
582.5,21.0,LB0
583.0,21.0,LB0
583.5,21.0,LB0
584.0,21.0,LB0
584.5,21.0,LB0
585.0,21.0,LB0
585.5,21.0,LB0
586.0,21.0,LB0
586.5,21.0,LB0
587.0,21.0,LB0
587.5,21.0,LB0
588.0,21.0,LB0
588.5,21.0,LB0
589.0,21.0,LB0
589.5,21.0,LB0
590.0,21.0,LB0
590.5,21.0,LB0
591.0,21.0,LB0
591.5,21.0,LB0
592.0,21.0,LB0
592.5,21.0,LB0
593.0,21.0,LB0
593.5,21.0,LB0
594.0,21.0,LB0
594.5,21.0,LB0
595.0,21.0,LB0
595.5,21.0,LB0
596.0,21.0,LB0
596.5,21.0,LB0
597.0,21.0,LB0
597.5,21.0,LB0
598.0,21.0,LB0
598.5,21.0,LB0
599.0,21.0,LB0
599.5,21.0,LB0
600.0,21.0,LB0
600.5,21.0,LB0
601.0,21.0,LB0
601.5,21.0,LB0
602.0,21.0,LB0
602.5,21.0,LB0
603.0,21.0,LB0
603.5,21.0,LB0
604.0,21.0,LB0
604.5,21.0,LB0
605.0,21.0,LB0
605.5,21.0,LB0
606.0,21.0,LB0
606.5,21.0,LB0
607.0,21.0,LB0
607.5,21.0,LB0
608.0,21.0,LB0
608.5,21.0,LB0
609.0,21.0,LB0
609.5,21.0,LB0
610.0,21.0,LB0
610.5,21.0,LB0
611.0,21.0,LB0
611.5,21.0,LB0
612.0,21.0,LB0
612.5,21.0,LB0
613.0,21.0,LB0
613.5,21.0,LB0
614.0,21.0,LB0
614.5,21.0,LB0
615.0,21.0,LB0
615.5,21.0,LB0
616.0,21.0,LB0
616.5,21.0,LB0
617.0,21.0,LB0
617.5,21.0,LB0
618.0,21.0,LB0
618.5,21.0,LB0
619.0,21.0,LB0
619.5,21.0,LB0
620.0,21.0,LB0
620.5,21.0,LB0
621.0,21.0,LB0
621.5,21.0,LB0
622.0,21.0,LB0
622.5,21.0,LB0
623.0,21.0,LB0
623.5,21.0,LB0
624.0,21.0,LB0
624.5,21.0,LB0
625.0,21.0,LB0
625.5,21.0,LB0
626.0,21.0,LB0
626.5,21.0,LB0
627.0,21.0,LB0
627.5,21.0,LB0
628.0,21.0,LB0
628.5,21.0,LB0
629.0,21.0,LB0
629.5,21.0,LB0
630.0,21.0,LB0
630.5,21.0,LB0
631.0,21.0,LB0
631.5,21.0,LB0
632.0,21.0,LB0
632.5,21.0,LB0
633.0,21.0,LB0
633.5,21.0,LB0
634.0,21.0,LB0
634.5,21.0,LB0
635.0,21.0,LB0
635.5,21.0,LB0
636.0,21.0,LB0
636.5,21.0,LB0
637.0,21.0,LB0
637.5,21.0,LB0
638.0,21.0,LB0
638.5,21.0,LB0
639.0,21.0,LB0
639.5,21.0,LB0
640.0,21.0,LB0
640.5,21.0,LB0
641.0,21.0,LB0
641.5,21.0,LB0
642.0,21.0,LB0
642.5,21.0,LB0
643.0,21.0,LB0
643.5,21.0,LB0
644.0,21.0,LB0
644.5,21.0,LB0
645.0,21.0,LB0
645.5,21.0,LB0
646.0,21.0,LB0
646.5,21.0,LB0
647.0,21.0,LB0
647.5,21.0,LB0
648.0,21.0,LB0
648.5,21.0,LB0
649.0,21.0,LB0
649.5,21.0,LB0
650.0,21.0,LB0
650.5,21.0,LB0
651.0,21.0,LB0
651.5,21.0,LB0
652.0,21.0,LB0
652.5,21.0,LB0
653.0,21.0,LB0
653.5,21.0,LB0
654.0,21.0,LB0
654.5,21.0,LB0
655.0,21.0,LB0
655.5,21.0,LB0
656.0,21.0,LB0
656.5,21.0,LB0
657.0,21.0,LB0
657.5,21.0,LB0
658.0,21.0,LB0
658.5,21.0,LB0
659.0,21.0,LB0
659.5,21.0,LB0
660.0,21.0,LB0
660.5,21.0,LB0
661.0,21.0,LB0
661.5,21.0,LB0
662.0,21.0,LB0
662.5,21.0,LB0
663.0,21.0,LB0
663.5,21.0,LB0
664.0,21.0,LB0
664.5,21.0,LB0
665.0,21.0,LB0
665.5,21.0,LB0
666.0,21.0,LB0
666.5,21.0,LB0
667.0,21.0,LB0
667.5,21.0,LB0
668.0,21.0,LB0
668.5,21.0,LB0
669.0,21.0,LB0
669.5,21.0,LB0
670.0,21.0,LB0
670.5,21.0,LB0
671.0,21.0,LB0
671.5,21.0,LB0
672.0,21.0,LB0
672.5,21.0,LB0
673.0,21.0,LB0
673.5,21.0,LB0
674.0,21.0,LB0
674.5,21.0,LB0
675.0,21.0,LB0
675.5,21.0,LB0
676.0,21.0,LB0
676.5,21.0,LB0
677.0,21.0,LB0
677.5,21.0,LB0
678.0,21.0,LB0
678.5,21.0,LB0
679.0,21.0,LB0
679.5,21.0,LB0
680.0,21.0,LB0
680.5,21.0,LB0
681.0,21.0,LB0
681.5,21.0,LB0
682.0,21.0,LB0
682.5,21.0,LB0
683.0,21.0,LB0
683.5,21.0,LB0
684.0,21.0,LB0
684.5,21.0,LB0
685.0,21.0,LB0
685.5,21.0,LB0
686.0,21.0,LB0
686.5,21.0,LB0
687.0,21.0,LB0
687.5,21.0,LB0
688.0,21.0,LB0
688.5,21.0,LB0
689.0,21.0,LB0
689.5,21.0,LB0
690.0,21.0,LB0
690.5,21.0,LB0
691.0,21.0,LB0
691.5,21.0,LB0
692.0,21.0,LB0
692.5,21.0,LB0
693.0,21.0,LB0
693.5,21.0,LB0
694.0,21.0,LB0
694.5,21.0,LB0
695.0,21.0,LB0
695.5,21.0,LB0
696.0,21.0,LB0
696.5,21.0,LB0
697.0,21.0,LB0
697.5,21.0,LB0
698.0,21.0,LB0
698.5,21.0,LB0
699.0,21.0,LB0
699.5,21.0,LB0
700.0,21.0,LB0
700.5,21.0,LB0
701.0,21.0,LB0
701.5,21.0,LB0
702.0,21.0,LB0
702.5,21.0,LB0
703.0,21.0,LB0
703.5,21.0,LB0
704.0,21.0,LB0
704.5,21.0,LB0
705.0,21.0,LB0
705.5,21.0,LB0
706.0,21.0,LB0
706.5,21.0,LB0
707.0,21.0,LB0
707.5,21.0,LB0
708.0,21.0,LB0
708.5,21.0,LB0
709.0,21.0,LB0
709.5,21.0,LB0
710.0,21.0,LB0
710.5,21.0,LB0
711.0,21.0,LB0
711.5,21.0,LB0
712.0,21.0,LB0
712.5,21.0,LB0
713.0,21.0,LB0
713.5,21.0,LB0
714.0,21.0,LB0
714.5,21.0,LB0
715.0,21.0,LB0
715.5,21.0,LB0
716.0,21.0,LB0
716.5,21.0,LB0
717.0,21.0,LB0
717.5,21.0,LB0
718.0,21.0,LB0
718.5,21.0,LB0
719.0,21.0,LB0
719.5,21.0,LB0
720.0,21.0,LB0
720.5,21.0,LB0
721.0,21.0,LB0
721.5,21.0,LB0
722.0,21.0,LB0
722.5,21.0,LB0
723.0,21.0,LB0
723.5,21.0,LB0
724.0,21.0,LB0
724.5,21.0,LB0
725.0,21.0,LB0
725.5,21.0,LB0
726.0,21.0,LB0
726.5,21.0,LB0
727.0,21.0,LB0
727.5,21.0,LB0
728.0,21.0,LB0
728.5,21.0,LB0
729.0,21.0,LB0
729.5,21.0,LB0
730.0,21.0,LB0
730.5,21.0,LB0
731.0,21.0,LB0
731.5,21.0,LB0
732.0,21.0,LB0
732.5,21.0,LB0
733.0,21.0,LB0
733.5,21.0,LB0
734.0,21.0,LB0
734.5,21.0,LB0
735.0,21.0,LB0
735.5,21.0,LB0
736.0,21.0,LB0
736.5,21.0,LB0
737.0,21.0,LB0
737.5,21.0,LB0
738.0,21.0,LB0
738.5,21.0,LB0
739.0,21.0,LB0
739.5,21.0,LB0
740.0,21.0,LB0
740.5,21.0,LB0
741.0,21.0,LB0
741.5,21.0,LB0
742.0,21.0,LB0
742.5,21.0,LB0
743.0,21.0,LB0
743.5,21.0,LB0
744.0,21.0,LB0
744.5,21.0,LB0
745.0,21.0,LB0
745.5,21.0,LB0
746.0,21.0,LB0
746.5,21.0,LB0
747.0,21.0,LB0
747.5,21.0,LB0
748.0,21.0,LB0
748.5,21.0,LB0
749.0,21.0,LB0
749.5,21.0,LB0
750.0,21.0,LB0
750.5,21.0,LB0
751.0,21.0,LB0
751.5,21.0,LB0
752.0,21.0,LB0
752.5,21.0,LB0
753.0,21.0,LB0
753.5,21.0,LB0
754.0,21.0,LB0
754.5,21.0,LB0
755.0,21.0,LB0
755.5,21.0,LB0
756.0,21.0,LB0
756.5,21.0,LB0
757.0,21.0,LB0
757.5,21.0,LB0
758.0,21.0,LB0
758.5,21.0,LB0
759.0,21.0,LB0
759.5,21.0,LB0
760.0,21.0,LB0
760.5,21.0,LB0
761.0,21.0,LB0
761.5,21.0,LB0
762.0,21.0,LB0
762.5,21.0,LB0
763.0,21.0,LB0
763.5,21.0,LB0
764.0,21.0,LB0
764.5,21.0,LB0
765.0,21.0,LB0
765.5,21.0,LB0
766.0,21.0,LB0
766.5,21.0,LB0
767.0,21.0,LB0
767.5,21.0,LB0
768.0,21.0,LB0
768.5,21.0,LB0
769.0,21.0,LB0
769.5,21.0,LB0
770.0,21.0,LB0
770.5,21.0,LB0
771.0,21.0,LB0
771.5,21.0,LB0
772.0,21.0,LB0
772.5,21.0,LB0
773.0,21.0,LB0
773.5,21.0,LB0
774.0,21.0,LB0
774.5,21.0,LB0
775.0,21.0,LB0
775.5,21.0,LB0
776.0,21.0,LB0
776.5,21.0,LB0
777.0,21.0,LB0
777.5,21.0,LB0
778.0,21.0,LB0
778.5,21.0,LB0
779.0,21.0,LB0
779.5,21.0,LB0
780.0,21.0,LB0
780.5,21.0,LB0
781.0,21.0,LB0
781.5,21.0,LB0
782.0,21.0,LB0
782.5,21.0,LB0
783.0,21.0,LB0
783.5,21.0,LB0
784.0,21.0,LB0
784.5,21.0,LB0
785.0,21.0,LB0
785.5,21.0,LB0
786.0,21.0,LB0
786.5,21.0,LB0
787.0,21.0,LB0
787.5,21.0,LB0
788.0,21.0,LB0
788.5,21.0,LB0
789.0,21.0,LB0
789.5,21.0,LB0
790.0,21.0,LB0
790.5,21.0,LB0
791.0,21.0,LB0
791.5,21.0,LB0
792.0,21.0,LB0
792.5,21.0,LB0
793.0,21.0,LB0
793.5,21.0,LB0
794.0,21.0,LB0
794.5,21.0,LB0
795.0,21.0,LB0
795.5,21.0,LB0
796.0,21.0,LB0
796.5,21.0,LB0
797.0,21.0,LB0
797.5,21.0,LB0
798.0,21.0,LB0
798.5,21.0,LB0
799.0,21.0,LB0
799.5,21.0,LB0
800.0,21.0,LB0
800.5,21.0,LB0
801.0,21.0,LB0
801.5,21.0,LB0
802.0,21.0,LB0
802.5,21.0,LB0
803.0,21.0,LB0
803.5,21.0,LB0
804.0,21.0,LB0
804.5,21.0,LB0
805.0,21.0,LB0
805.5,21.0,LB0
806.0,21.0,LB0
806.5,21.0,LB0
807.0,21.0,LB0
807.5,21.0,LB0
808.0,21.0,LB0
808.5,21.0,LB0
809.0,21.0,LB0
809.5,21.0,LB0
810.0,21.0,LB0
810.5,21.0,LB0
811.0,21.0,LB0
811.5,21.0,LB0
812.0,21.0,LB0
812.5,21.0,LB0
813.0,21.0,LB0
813.5,21.0,LB0
814.0,21.0,LB0
814.5,21.0,LB0
815.0,21.0,LB0
815.5,21.0,LB0
816.0,21.0,LB0
816.5,21.0,LB0
817.0,21.0,LB0
817.5,21.0,LB0
818.0,21.0,LB0
818.5,21.0,LB0
819.0,21.0,LB0
819.5,21.0,LB0
820.0,21.0,LB0
820.5,21.0,LB0
821.0,21.0,LB0
821.5,21.0,LB0
822.0,21.0,LB0
822.5,21.0,LB0
823.0,21.0,LB0
823.0,20.5,LB0
823.0,20.0,LB0
823.0,19.5,LB0
823.0,19.0,LB0
823.0,18.5,LB0
823.0,18.0,LB0
823.0,17.5,LB0
823.0,17.0,LB0
823.0,16.5,LB0
823.0,16.0,LB0
823.0,15.5,LB0
823.0,15.0,LB0
823.0,14.5,LB0
823.0,14.0,LB0
823.0,13.5,LB0
823.0,13.0,LB0
823.0,12.5,LB0
823.0,12.0,LB0
823.0,11.5,LB0
823.0,11.0,LB0
0.0,0.0,CL
0.5,0.0,CL
1.0,0.0,CL
1.5,0.0,CL
2.0,0.0,CL
2.5,0.0,CL
3.0,0.0,CL
3.5,0.0,CL
4.0,0.0,CL
4.5,0.0,CL
5.0,0.0,CL
5.5,0.0,CL
6.0,0.0,CL
6.5,0.0,CL
7.0,0.0,CL
7.5,0.0,CL
8.0,0.0,CL
8.5,0.0,CL
9.0,0.0,CL
9.5,0.0,CL
10.0,0.0,CL
10.5,0.0,CL
11.0,0.0,CL
11.5,0.0,CL
12.0,0.0,CL
12.5,0.0,CL
13.0,0.0,CL
13.5,0.0,CL
14.0,0.0,CL
14.5,0.0,CL
15.0,0.0,CL
15.5,0.0,CL
16.0,0.0,CL
16.5,0.0,CL
17.0,0.0,CL
17.5,0.0,CL
18.0,0.0,CL
18.5,0.0,CL
19.0,0.0,CL
19.5,0.0,CL
20.0,0.0,CL
20.5,0.0,CL
21.0,0.0,CL
21.5,0.0,CL
22.0,0.0,CL
22.5,0.0,CL
23.0,0.0,CL
23.5,0.0,CL
24.0,0.0,CL
24.5,0.0,CL
25.0,0.0,CL
25.5,0.0,CL
26.0,0.0,CL
26.5,0.0,CL
27.0,0.0,CL
27.5,0.0,CL
28.0,0.0,CL
28.5,0.0,CL
29.0,0.0,CL
29.5,0.0,CL
30.0,0.0,CL
30.5,0.0,CL
31.0,0.0,CL
31.5,0.0,CL
32.0,0.0,CL
32.5,0.0,CL
33.0,0.0,CL
33.5,0.0,CL
34.0,0.0,CL
34.5,0.0,CL
35.0,0.0,CL
35.5,0.0,CL
36.0,0.0,CL
36.5,0.0,CL
37.0,0.0,CL
37.5,0.0,CL
38.0,0.0,CL
38.5,0.0,CL
39.0,0.0,CL
39.5,0.0,CL
40.0,0.0,CL
40.5,0.0,CL
41.0,0.0,CL
41.5,0.0,CL
42.0,0.0,CL
42.5,0.0,CL
43.0,0.0,CL
43.5,0.0,CL
44.0,0.0,CL
44.5,0.0,CL
45.0,0.0,CL
45.5,0.0,CL
46.0,0.0,CL
46.5,0.0,CL
47.0,0.0,CL
47.5,0.0,CL
48.0,0.0,CL
48.5,0.0,CL
49.0,0.0,CL
49.5,0.0,CL
50.0,0.0,CL
50.5,0.0,CL
51.0,0.0,CL
51.5,0.0,CL
52.0,0.0,CL
52.5,0.0,CL
53.0,0.0,CL
53.5,0.0,CL
54.0,0.0,CL
54.5,0.0,CL
55.0,0.0,CL
55.5,0.0,CL
56.0,0.0,CL
56.5,0.0,CL
57.0,0.0,CL
57.5,0.0,CL
58.0,0.0,CL
58.5,0.0,CL
59.0,0.0,CL
59.5,0.0,CL
60.0,0.0,CL
60.5,0.0,CL
61.0,0.0,CL
61.5,0.0,CL
62.0,0.0,CL
62.5,0.0,CL
63.0,0.0,CL
63.5,0.0,CL
64.0,0.0,CL
64.5,0.0,CL
65.0,0.0,CL
65.5,0.0,CL
66.0,0.0,CL
66.5,0.0,CL
67.0,0.0,CL
67.5,0.0,CL
68.0,0.0,CL
68.5,0.0,CL
69.0,0.0,CL
69.5,0.0,CL
70.0,0.0,CL
70.5,0.0,CL
71.0,0.0,CL
71.5,0.0,CL
72.0,0.0,CL
72.5,0.0,CL
73.0,0.0,CL
73.5,0.0,CL
74.0,0.0,CL
74.5,0.0,CL
75.0,0.0,CL
75.5,0.0,CL
76.0,0.0,CL
76.5,0.0,CL
77.0,0.0,CL
77.5,0.0,CL
78.0,0.0,CL
78.5,0.0,CL
79.0,0.0,CL
79.5,0.0,CL
80.0,0.0,CL
80.5,0.0,CL
81.0,0.0,CL
81.5,0.0,CL
82.0,0.0,CL
82.5,0.0,CL
83.0,0.0,CL
83.5,0.0,CL
84.0,0.0,CL
84.5,0.0,CL
85.0,0.0,CL
85.5,0.0,CL
86.0,0.0,CL
86.5,0.0,CL
87.0,0.0,CL
87.5,0.0,CL
88.0,0.0,CL
88.5,0.0,CL
89.0,0.0,CL
89.5,0.0,CL
90.0,0.0,CL
90.5,0.0,CL
91.0,0.0,CL
91.5,0.0,CL
92.0,0.0,CL
92.5,0.0,CL
93.0,0.0,CL
93.5,0.0,CL
94.0,0.0,CL
94.5,0.0,CL
95.0,0.0,CL
95.5,0.0,CL
96.0,0.0,CL
96.5,0.0,CL
97.0,0.0,CL
97.5,0.0,CL
98.0,0.0,CL
98.5,0.0,CL
99.0,0.0,CL
99.5,0.0,CL
100.0,0.0,CL
100.5,0.0,CL
101.0,0.0,CL
101.5,0.0,CL
102.0,0.0,CL
102.5,0.0,CL
103.0,0.0,CL
103.5,0.0,CL
104.0,0.0,CL
104.5,0.0,CL
105.0,0.0,CL
105.5,0.0,CL
106.0,0.0,CL
106.5,0.0,CL
107.0,0.0,CL
107.5,0.0,CL
108.0,0.0,CL
108.5,0.0,CL
109.0,0.0,CL
109.5,0.0,CL
110.0,0.0,CL
110.5,0.0,CL
111.0,0.0,CL
111.5,0.0,CL
112.0,0.0,CL
112.5,0.0,CL
113.0,0.0,CL
113.5,0.0,CL
114.0,0.0,CL
114.5,0.0,CL
115.0,0.0,CL
115.5,0.0,CL
116.0,0.0,CL
116.5,0.0,CL
117.0,0.0,CL
117.5,0.0,CL
118.0,0.0,CL
118.5,0.0,CL
119.0,0.0,CL
119.5,0.0,CL
120.0,0.0,CL
120.5,0.0,CL
121.0,0.0,CL
121.5,0.0,CL
122.0,0.0,CL
122.5,0.0,CL
123.0,0.0,CL
123.5,0.0,CL
124.0,0.0,CL
124.5,0.0,CL
125.0,0.0,CL
125.5,0.0,CL
126.0,0.0,CL
126.5,0.0,CL
127.0,0.0,CL
127.5,0.0,CL
128.0,0.0,CL
128.5,0.0,CL
129.0,0.0,CL
129.5,0.0,CL
130.0,0.0,CL
130.5,0.0,CL
131.0,0.0,CL
131.5,0.0,CL
132.0,0.0,CL
132.5,0.0,CL
133.0,0.0,CL
133.5,0.0,CL
134.0,0.0,CL
134.5,0.0,CL
135.0,0.0,CL
135.5,0.0,CL
136.0,0.0,CL
136.5,0.0,CL
137.0,0.0,CL
137.5,0.0,CL
138.0,0.0,CL
138.5,0.0,CL
139.0,0.0,CL
139.5,0.0,CL
140.0,0.0,CL
140.5,0.0,CL
141.0,0.0,CL
141.5,0.0,CL
142.0,0.0,CL
142.5,0.0,CL
143.0,0.0,CL
143.5,0.0,CL
144.0,0.0,CL
144.5,0.0,CL
145.0,0.0,CL
145.5,0.0,CL
146.0,0.0,CL
146.5,0.0,CL
147.0,0.0,CL
147.5,0.0,CL
148.0,0.0,CL
148.5,0.0,CL
149.0,0.0,CL
149.5,0.0,CL
150.0,0.0,CL
150.5,0.0,CL
151.0,0.0,CL
151.5,0.0,CL
152.0,0.0,CL
152.5,0.0,CL
153.0,0.0,CL
153.5,0.0,CL
154.0,0.0,CL
154.5,0.0,CL
155.0,0.0,CL
155.5,0.0,CL
156.0,0.0,CL
156.5,0.0,CL
157.0,0.0,CL
157.5,0.0,CL
158.0,0.0,CL
158.5,0.0,CL
159.0,0.0,CL
159.5,0.0,CL
160.0,0.0,CL
160.5,0.0,CL
161.0,0.0,CL
161.5,0.0,CL
162.0,0.0,CL
162.5,0.0,CL
163.0,0.0,CL
163.5,0.0,CL
164.0,0.0,CL
164.5,0.0,CL
165.0,0.0,CL
165.5,0.0,CL
166.0,0.0,CL
166.5,0.0,CL
167.0,0.0,CL
167.5,0.0,CL
168.0,0.0,CL
168.5,0.0,CL
169.0,0.0,CL
169.5,0.0,CL
170.0,0.0,CL
170.5,0.0,CL
171.0,0.0,CL
171.5,0.0,CL
172.0,0.0,CL
172.5,0.0,CL
173.0,0.0,CL
173.5,0.0,CL
174.0,0.0,CL
174.5,0.0,CL
175.0,0.0,CL
175.5,0.0,CL
176.0,0.0,CL
176.5,0.0,CL
177.0,0.0,CL
177.5,0.0,CL
178.0,0.0,CL
178.5,0.0,CL
179.0,0.0,CL
179.5,0.0,CL
180.0,0.0,CL
180.5,0.0,CL
181.0,0.0,CL
181.5,0.0,CL
182.0,0.0,CL
182.5,0.0,CL
183.0,0.0,CL
183.5,0.0,CL
184.0,0.0,CL
184.5,0.0,CL
185.0,0.0,CL
185.5,0.0,CL
186.0,0.0,CL
186.5,0.0,CL
187.0,0.0,CL
187.5,0.0,CL
188.0,0.0,CL
188.5,0.0,CL
189.0,0.0,CL
189.5,0.0,CL
190.0,0.0,CL
190.5,0.0,CL
191.0,0.0,CL
191.5,0.0,CL
192.0,0.0,CL
192.5,0.0,CL
193.0,0.0,CL
193.5,0.0,CL
194.0,0.0,CL
194.5,0.0,CL
195.0,0.0,CL
195.5,0.0,CL
196.0,0.0,CL
196.5,0.0,CL
197.0,0.0,CL
197.5,0.0,CL
198.0,0.0,CL
198.5,0.0,CL
199.0,0.0,CL
199.5,0.0,CL
200.0,0.0,CL
200.5,0.0,CL
201.0,0.0,CL
201.5,0.0,CL
202.0,0.0,CL
202.5,0.0,CL
203.0,0.0,CL
203.5,0.0,CL
204.0,0.0,CL
204.5,0.0,CL
205.0,0.0,CL
205.5,0.0,CL
206.0,0.0,CL
206.5,0.0,CL
207.0,0.0,CL
207.5,0.0,CL
208.0,0.0,CL
208.5,0.0,CL
209.0,0.0,CL
209.5,0.0,CL
210.0,0.0,CL
210.5,0.0,CL
211.0,0.0,CL
211.5,0.0,CL
212.0,0.0,CL
212.5,0.0,CL
213.0,0.0,CL
213.5,0.0,CL
214.0,0.0,CL
214.5,0.0,CL
215.0,0.0,CL
215.5,0.0,CL
216.0,0.0,CL
216.5,0.0,CL
217.0,0.0,CL
217.5,0.0,CL
218.0,0.0,CL
218.5,0.0,CL
219.0,0.0,CL
219.5,0.0,CL
220.0,0.0,CL
220.5,0.0,CL
221.0,0.0,CL
221.5,0.0,CL
222.0,0.0,CL
222.5,0.0,CL
223.0,0.0,CL
223.5,0.0,CL
224.0,0.0,CL
224.5,0.0,CL
225.0,0.0,CL
225.5,0.0,CL
226.0,0.0,CL
226.5,0.0,CL
227.0,0.0,CL
227.5,0.0,CL
228.0,0.0,CL
228.5,0.0,CL
229.0,0.0,CL
229.5,0.0,CL
230.0,0.0,CL
230.5,0.0,CL
231.0,0.0,CL
231.5,0.0,CL
232.0,0.0,CL
232.5,0.0,CL
233.0,0.0,CL
233.5,0.0,CL
234.0,0.0,CL
234.5,0.0,CL
235.0,0.0,CL
235.5,0.0,CL
236.0,0.0,CL
236.5,0.0,CL
237.0,0.0,CL
237.5,0.0,CL
238.0,0.0,CL
238.5,0.0,CL
239.0,0.0,CL
239.5,0.0,CL
240.0,0.0,CL
240.5,0.0,CL
241.0,0.0,CL
241.5,0.0,CL
242.0,0.0,CL
242.5,0.0,CL
243.0,0.0,CL
243.5,0.0,CL
244.0,0.0,CL
244.5,0.0,CL
245.0,0.0,CL
245.5,0.0,CL
246.0,0.0,CL
246.5,0.0,CL
247.0,0.0,CL
247.5,0.0,CL
248.0,0.0,CL
248.5,0.0,CL
249.0,0.0,CL
249.5,0.0,CL
250.0,0.0,CL
250.5,0.0,CL
251.0,0.0,CL
251.5,0.0,CL
252.0,0.0,CL
252.5,0.0,CL
253.0,0.0,CL
253.5,0.0,CL
254.0,0.0,CL
254.5,0.0,CL
255.0,0.0,CL
255.5,0.0,CL
256.0,0.0,CL
256.5,0.0,CL
257.0,0.0,CL
257.5,0.0,CL
258.0,0.0,CL
258.5,0.0,CL
259.0,0.0,CL
259.5,0.0,CL
260.0,0.0,CL
260.5,0.0,CL
261.0,0.0,CL
261.5,0.0,CL
262.0,0.0,CL
262.5,0.0,CL
263.0,0.0,CL
263.5,0.0,CL
264.0,0.0,CL
264.5,0.0,CL
265.0,0.0,CL
265.5,0.0,CL
266.0,0.0,CL
266.5,0.0,CL
267.0,0.0,CL
267.5,0.0,CL
268.0,0.0,CL
268.5,0.0,CL
269.0,0.0,CL
269.5,0.0,CL
270.0,0.0,CL
270.5,0.0,CL
271.0,0.0,CL
271.5,0.0,CL
272.0,0.0,CL
272.5,0.0,CL
273.0,0.0,CL
273.5,0.0,CL
274.0,0.0,CL
274.5,0.0,CL
275.0,0.0,CL
275.5,0.0,CL
276.0,0.0,CL
276.5,0.0,CL
277.0,0.0,CL
277.5,0.0,CL
278.0,0.0,CL
278.5,0.0,CL
279.0,0.0,CL
279.5,0.0,CL
280.0,0.0,CL
280.5,0.0,CL
281.0,0.0,CL
281.5,0.0,CL
282.0,0.0,CL
282.5,0.0,CL
283.0,0.0,CL
283.5,0.0,CL
284.0,0.0,CL
284.5,0.0,CL
285.0,0.0,CL
285.5,0.0,CL
286.0,0.0,CL
286.5,0.0,CL
287.0,0.0,CL
287.5,0.0,CL
288.0,0.0,CL
288.5,0.0,CL
289.0,0.0,CL
289.5,0.0,CL
290.0,0.0,CL
290.5,0.0,CL
291.0,0.0,CL
291.5,0.0,CL
292.0,0.0,CL
292.5,0.0,CL
293.0,0.0,CL
293.5,0.0,CL
294.0,0.0,CL
294.5,0.0,CL
295.0,0.0,CL
295.5,0.0,CL
296.0,0.0,CL
296.5,0.0,CL
297.0,0.0,CL
297.5,0.0,CL
298.0,0.0,CL
298.5,0.0,CL
299.0,0.0,CL
299.5,0.0,CL
300.0,0.0,CL
300.5,0.0,CL
301.0,0.0,CL
301.5,0.0,CL
302.0,0.0,CL
302.5,0.0,CL
303.0,0.0,CL
303.5,0.0,CL
304.0,0.0,CL
304.5,0.0,CL
305.0,0.0,CL
305.5,0.0,CL
306.0,0.0,CL
306.5,0.0,CL
307.0,0.0,CL
307.5,0.0,CL
308.0,0.0,CL
308.5,0.0,CL
309.0,0.0,CL
309.5,0.0,CL
310.0,0.0,CL
310.5,0.0,CL
311.0,0.0,CL
311.5,0.0,CL
312.0,0.0,CL
312.5,0.0,CL
313.0,0.0,CL
313.5,0.0,CL
314.0,0.0,CL
314.5,0.0,CL
315.0,0.0,CL
315.5,0.0,CL
316.0,0.0,CL
316.5,0.0,CL
317.0,0.0,CL
317.5,0.0,CL
318.0,0.0,CL
318.5,0.0,CL
319.0,0.0,CL
319.5,0.0,CL
320.0,0.0,CL
320.5,0.0,CL
321.0,0.0,CL
321.5,0.0,CL
322.0,0.0,CL
322.5,0.0,CL
323.0,0.0,CL
323.5,0.0,CL
324.0,0.0,CL
324.5,0.0,CL
325.0,0.0,CL
325.5,0.0,CL
326.0,0.0,CL
326.5,0.0,CL
327.0,0.0,CL
327.5,0.0,CL
328.0,0.0,CL
328.5,0.0,CL
329.0,0.0,CL
329.5,0.0,CL
330.0,0.0,CL
330.5,0.0,CL
331.0,0.0,CL
331.5,0.0,CL
332.0,0.0,CL
332.5,0.0,CL
333.0,0.0,CL
333.5,0.0,CL
334.0,0.0,CL
334.5,0.0,CL
335.0,0.0,CL
335.5,0.0,CL
336.0,0.0,CL
336.5,0.0,CL
337.0,0.0,CL
337.5,0.0,CL
338.0,0.0,CL
338.5,0.0,CL
339.0,0.0,CL
339.5,0.0,CL
340.0,0.0,CL
340.5,0.0,CL
341.0,0.0,CL
341.5,0.0,CL
342.0,0.0,CL
342.5,0.0,CL
343.0,0.0,CL
343.5,0.0,CL
344.0,0.0,CL
344.5,0.0,CL
345.0,0.0,CL
345.5,0.0,CL
346.0,0.0,CL
346.5,0.0,CL
347.0,0.0,CL
347.5,0.0,CL
348.0,0.0,CL
348.5,0.0,CL
349.0,0.0,CL
349.5,0.0,CL
350.0,0.0,CL
350.5,0.0,CL
351.0,0.0,CL
351.5,0.0,CL
352.0,0.0,CL
352.5,0.0,CL
353.0,0.0,CL
353.5,0.0,CL
354.0,0.0,CL
354.5,0.0,CL
355.0,0.0,CL
355.5,0.0,CL
356.0,0.0,CL
356.5,0.0,CL
357.0,0.0,CL
357.5,0.0,CL
358.0,0.0,CL
358.5,0.0,CL
359.0,0.0,CL
359.5,0.0,CL
360.0,0.0,CL
360.5,0.0,CL
361.0,0.0,CL
361.5,0.0,CL
362.0,0.0,CL
362.5,0.0,CL
363.0,0.0,CL
363.5,0.0,CL
364.0,0.0,CL
364.5,0.0,CL
365.0,0.0,CL
365.5,0.0,CL
366.0,0.0,CL
366.5,0.0,CL
367.0,0.0,CL
367.5,0.0,CL
368.0,0.0,CL
368.5,0.0,CL
369.0,0.0,CL
369.5,0.0,CL
370.0,0.0,CL
370.5,0.0,CL
371.0,0.0,CL
371.5,0.0,CL
372.0,0.0,CL
372.5,0.0,CL
373.0,0.0,CL
373.5,0.0,CL
374.0,0.0,CL
374.5,0.0,CL
375.0,0.0,CL
375.5,0.0,CL
376.0,0.0,CL
376.5,0.0,CL
377.0,0.0,CL
377.5,0.0,CL
378.0,0.0,CL
378.5,0.0,CL
379.0,0.0,CL
379.5,0.0,CL
380.0,0.0,CL
380.5,0.0,CL
381.0,0.0,CL
381.5,0.0,CL
382.0,0.0,CL
382.5,0.0,CL
383.0,0.0,CL
383.5,0.0,CL
384.0,0.0,CL
384.5,0.0,CL
385.0,0.0,CL
385.5,0.0,CL
386.0,0.0,CL
386.5,0.0,CL
387.0,0.0,CL
387.5,0.0,CL
388.0,0.0,CL
388.5,0.0,CL
389.0,0.0,CL
389.5,0.0,CL
390.0,0.0,CL
390.5,0.0,CL
391.0,0.0,CL
391.5,0.0,CL
392.0,0.0,CL
392.5,0.0,CL
393.0,0.0,CL
393.5,0.0,CL
394.0,0.0,CL
394.5,0.0,CL
395.0,0.0,CL
395.5,0.0,CL
396.0,0.0,CL
396.5,0.0,CL
397.0,0.0,CL
397.5,0.0,CL
398.0,0.0,CL
398.5,0.0,CL
399.0,0.0,CL
399.5,0.0,CL
400.0,0.0,CL
400.5,0.0,CL
401.0,0.0,CL
401.5,0.0,CL
402.0,0.0,CL
402.5,0.0,CL
403.0,0.0,CL
403.5,0.0,CL
404.0,0.0,CL
404.5,0.0,CL
405.0,0.0,CL
405.5,0.0,CL
406.0,0.0,CL
406.5,0.0,CL
407.0,0.0,CL
407.5,0.0,CL
408.0,0.0,CL
408.5,0.0,CL
409.0,0.0,CL
409.5,0.0,CL
410.0,0.0,CL
410.5,0.0,CL
411.0,0.0,CL
411.5,0.0,CL
412.0,0.0,CL
412.5,0.0,CL
413.0,0.0,CL
413.5,0.0,CL
414.0,0.0,CL
414.5,0.0,CL
415.0,0.0,CL
415.5,0.0,CL
416.0,0.0,CL
416.5,0.0,CL
417.0,0.0,CL
417.5,0.0,CL
418.0,0.0,CL
418.5,0.0,CL
419.0,0.0,CL
419.5,0.0,CL
420.0,0.0,CL
420.5,0.0,CL
421.0,0.0,CL
421.5,0.0,CL
422.0,0.0,CL
422.5,0.0,CL
423.0,0.0,CL
423.5,0.0,CL
424.0,0.0,CL
424.5,0.0,CL
425.0,0.0,CL
425.5,0.0,CL
426.0,0.0,CL
426.5,0.0,CL
427.0,0.0,CL
427.5,0.0,CL
428.0,0.0,CL
428.5,0.0,CL
429.0,0.0,CL
429.5,0.0,CL
430.0,0.0,CL
430.5,0.0,CL
431.0,0.0,CL
431.5,0.0,CL
432.0,0.0,CL
432.5,0.0,CL
433.0,0.0,CL
433.5,0.0,CL
434.0,0.0,CL
434.5,0.0,CL
435.0,0.0,CL
435.5,0.0,CL
436.0,0.0,CL
436.5,0.0,CL
437.0,0.0,CL
437.5,0.0,CL
438.0,0.0,CL
438.5,0.0,CL
439.0,0.0,CL
439.5,0.0,CL
440.0,0.0,CL
440.5,0.0,CL
441.0,0.0,CL
441.5,0.0,CL
442.0,0.0,CL
442.5,0.0,CL
443.0,0.0,CL
443.5,0.0,CL
444.0,0.0,CL
444.5,0.0,CL
445.0,0.0,CL
445.5,0.0,CL
446.0,0.0,CL
446.5,0.0,CL
447.0,0.0,CL
447.5,0.0,CL
448.0,0.0,CL
448.5,0.0,CL
449.0,0.0,CL
449.5,0.0,CL
450.0,0.0,CL
450.5,0.0,CL
451.0,0.0,CL
451.5,0.0,CL
452.0,0.0,CL
452.5,0.0,CL
453.0,0.0,CL
453.5,0.0,CL
454.0,0.0,CL
454.5,0.0,CL
455.0,0.0,CL
455.5,0.0,CL
456.0,0.0,CL
456.5,0.0,CL
457.0,0.0,CL
457.5,0.0,CL
458.0,0.0,CL
458.5,0.0,CL
459.0,0.0,CL
459.5,0.0,CL
460.0,0.0,CL
460.5,0.0,CL
461.0,0.0,CL
461.5,0.0,CL
462.0,0.0,CL
462.5,0.0,CL
463.0,0.0,CL
463.5,0.0,CL
464.0,0.0,CL
464.5,0.0,CL
465.0,0.0,CL
465.5,0.0,CL
466.0,0.0,CL
466.5,0.0,CL
467.0,0.0,CL
467.5,0.0,CL
468.0,0.0,CL
468.5,0.0,CL
469.0,0.0,CL
469.5,0.0,CL
470.0,0.0,CL
470.5,0.0,CL
471.0,0.0,CL
471.5,0.0,CL
472.0,0.0,CL
472.5,0.0,CL
473.0,0.0,CL
473.5,0.0,CL
474.0,0.0,CL
474.5,0.0,CL
475.0,0.0,CL
475.5,0.0,CL
476.0,0.0,CL
476.5,0.0,CL
477.0,0.0,CL
477.5,0.0,CL
478.0,0.0,CL
478.5,0.0,CL
479.0,0.0,CL
479.5,0.0,CL
480.0,0.0,CL
480.5,0.0,CL
481.0,0.0,CL
481.5,0.0,CL
482.0,0.0,CL
482.5,0.0,CL
483.0,0.0,CL
483.5,0.0,CL
484.0,0.0,CL
484.5,0.0,CL
485.0,0.0,CL
485.5,0.0,CL
486.0,0.0,CL
486.5,0.0,CL
487.0,0.0,CL
487.5,0.0,CL
488.0,0.0,CL
488.5,0.0,CL
489.0,0.0,CL
489.5,0.0,CL
490.0,0.0,CL
490.5,0.0,CL
491.0,0.0,CL
491.5,0.0,CL
492.0,0.0,CL
492.5,0.0,CL
493.0,0.0,CL
493.5,0.0,CL
494.0,0.0,CL
494.5,0.0,CL
495.0,0.0,CL
495.5,0.0,CL
496.0,0.0,CL
496.5,0.0,CL
497.0,0.0,CL
497.5,0.0,CL
498.0,0.0,CL
498.5,0.0,CL
499.0,0.0,CL
499.5,0.0,CL
500.0,0.0,CL
500.5,0.0,CL
501.0,0.0,CL
501.5,0.0,CL
502.0,0.0,CL
502.5,0.0,CL
503.0,0.0,CL
503.5,0.0,CL
504.0,0.0,CL
504.5,0.0,CL
505.0,0.0,CL
505.5,0.0,CL
506.0,0.0,CL
506.5,0.0,CL
507.0,0.0,CL
507.5,0.0,CL
508.0,0.0,CL
508.5,0.0,CL
509.0,0.0,CL
509.5,0.0,CL
510.0,0.0,CL
510.5,0.0,CL
511.0,0.0,CL
511.5,0.0,CL
512.0,0.0,CL
512.5,0.0,CL
513.0,0.0,CL
513.5,0.0,CL
514.0,0.0,CL
514.5,0.0,CL
515.0,0.0,CL
515.5,0.0,CL
516.0,0.0,CL
516.5,0.0,CL
517.0,0.0,CL
517.5,0.0,CL
518.0,0.0,CL
518.5,0.0,CL
519.0,0.0,CL
519.5,0.0,CL
520.0,0.0,CL
520.5,0.0,CL
521.0,0.0,CL
521.5,0.0,CL
522.0,0.0,CL
522.5,0.0,CL
523.0,0.0,CL
523.5,0.0,CL
524.0,0.0,CL
524.5,0.0,CL
525.0,0.0,CL
525.5,0.0,CL
526.0,0.0,CL
526.5,0.0,CL
527.0,0.0,CL
527.5,0.0,CL
528.0,0.0,CL
528.5,0.0,CL
529.0,0.0,CL
529.5,0.0,CL
530.0,0.0,CL
530.5,0.0,CL
531.0,0.0,CL
531.5,0.0,CL
532.0,0.0,CL
532.5,0.0,CL
533.0,0.0,CL
533.5,0.0,CL
534.0,0.0,CL
534.5,0.0,CL
535.0,0.0,CL
535.5,0.0,CL
536.0,0.0,CL
536.5,0.0,CL
537.0,0.0,CL
537.5,0.0,CL
538.0,0.0,CL
538.5,0.0,CL
539.0,0.0,CL
539.5,0.0,CL
540.0,0.0,CL
540.5,0.0,CL
541.0,0.0,CL
541.5,0.0,CL
542.0,0.0,CL
542.5,0.0,CL
543.0,0.0,CL
543.5,0.0,CL
544.0,0.0,CL
544.5,0.0,CL
545.0,0.0,CL
545.5,0.0,CL
546.0,0.0,CL
546.5,0.0,CL
547.0,0.0,CL
547.5,0.0,CL
548.0,0.0,CL
548.5,0.0,CL
549.0,0.0,CL
549.5,0.0,CL
550.0,0.0,CL
550.5,0.0,CL
551.0,0.0,CL
551.5,0.0,CL
552.0,0.0,CL
552.5,0.0,CL
553.0,0.0,CL
553.5,0.0,CL
554.0,0.0,CL
554.5,0.0,CL
555.0,0.0,CL
555.5,0.0,CL
556.0,0.0,CL
556.5,0.0,CL
557.0,0.0,CL
557.5,0.0,CL
558.0,0.0,CL
558.5,0.0,CL
559.0,0.0,CL
559.5,0.0,CL
560.0,0.0,CL
560.5,0.0,CL
561.0,0.0,CL
561.5,0.0,CL
562.0,0.0,CL
562.5,0.0,CL
563.0,0.0,CL
563.5,0.0,CL
564.0,0.0,CL
564.5,0.0,CL
565.0,0.0,CL
565.5,0.0,CL
566.0,0.0,CL
566.5,0.0,CL
567.0,0.0,CL
567.5,0.0,CL
568.0,0.0,CL
568.5,0.0,CL
569.0,0.0,CL
569.5,0.0,CL
570.0,0.0,CL
570.5,0.0,CL
571.0,0.0,CL
571.5,0.0,CL
572.0,0.0,CL
572.5,0.0,CL
573.0,0.0,CL
573.5,0.0,CL
574.0,0.0,CL
574.5,0.0,CL
575.0,0.0,CL
575.5,0.0,CL
576.0,0.0,CL
576.5,0.0,CL
577.0,0.0,CL
577.5,0.0,CL
578.0,0.0,CL
578.5,0.0,CL
579.0,0.0,CL
579.5,0.0,CL
580.0,0.0,CL
580.5,0.0,CL
581.0,0.0,CL
581.5,0.0,CL
582.0,0.0,CL
582.5,0.0,CL
583.0,0.0,CL
583.5,0.0,CL
584.0,0.0,CL
584.5,0.0,CL
585.0,0.0,CL
585.5,0.0,CL
586.0,0.0,CL
586.5,0.0,CL
587.0,0.0,CL
587.5,0.0,CL
588.0,0.0,CL
588.5,0.0,CL
589.0,0.0,CL
589.5,0.0,CL
590.0,0.0,CL
590.5,0.0,CL
591.0,0.0,CL
591.5,0.0,CL
592.0,0.0,CL
592.5,0.0,CL
593.0,0.0,CL
593.5,0.0,CL
594.0,0.0,CL
594.5,0.0,CL
595.0,0.0,CL
595.5,0.0,CL
596.0,0.0,CL
596.5,0.0,CL
597.0,0.0,CL
597.5,0.0,CL
598.0,0.0,CL
598.5,0.0,CL
599.0,0.0,CL
599.5,0.0,CL
600.0,0.0,CL
600.5,0.0,CL
601.0,0.0,CL
601.5,0.0,CL
602.0,0.0,CL
602.5,0.0,CL
603.0,0.0,CL
603.5,0.0,CL
604.0,0.0,CL
604.5,0.0,CL
605.0,0.0,CL
605.5,0.0,CL
606.0,0.0,CL
606.5,0.0,CL
607.0,0.0,CL
607.5,0.0,CL
608.0,0.0,CL
608.5,0.0,CL
609.0,0.0,CL
609.5,0.0,CL
610.0,0.0,CL
610.5,0.0,CL
611.0,0.0,CL
611.5,0.0,CL
612.0,0.0,CL
612.5,0.0,CL
613.0,0.0,CL
613.5,0.0,CL
614.0,0.0,CL
614.5,0.0,CL
615.0,0.0,CL
615.5,0.0,CL
616.0,0.0,CL
616.5,0.0,CL
617.0,0.0,CL
617.5,0.0,CL
618.0,0.0,CL
618.5,0.0,CL
619.0,0.0,CL
619.5,0.0,CL
620.0,0.0,CL
620.5,0.0,CL
621.0,0.0,CL
621.5,0.0,CL
622.0,0.0,CL
622.5,0.0,CL
623.0,0.0,CL
623.5,0.0,CL
624.0,0.0,CL
624.5,0.0,CL
625.0,0.0,CL
625.5,0.0,CL
626.0,0.0,CL
626.5,0.0,CL
627.0,0.0,CL
627.5,0.0,CL
628.0,0.0,CL
628.5,0.0,CL
629.0,0.0,CL
629.5,0.0,CL
630.0,0.0,CL
630.5,0.0,CL
631.0,0.0,CL
631.5,0.0,CL
632.0,0.0,CL
632.5,0.0,CL
633.0,0.0,CL
633.5,0.0,CL
634.0,0.0,CL
634.5,0.0,CL
635.0,0.0,CL
635.5,0.0,CL
636.0,0.0,CL
636.5,0.0,CL
637.0,0.0,CL
637.5,0.0,CL
638.0,0.0,CL
638.5,0.0,CL
639.0,0.0,CL
639.5,0.0,CL
640.0,0.0,CL
640.5,0.0,CL
641.0,0.0,CL
641.5,0.0,CL
642.0,0.0,CL
642.5,0.0,CL
643.0,0.0,CL
643.5,0.0,CL
644.0,0.0,CL
644.5,0.0,CL
645.0,0.0,CL
645.5,0.0,CL
646.0,0.0,CL
646.5,0.0,CL
647.0,0.0,CL
647.5,0.0,CL
648.0,0.0,CL
648.5,0.0,CL
649.0,0.0,CL
649.5,0.0,CL
650.0,0.0,CL
650.5,0.0,CL
651.0,0.0,CL
651.5,0.0,CL
652.0,0.0,CL
652.5,0.0,CL
653.0,0.0,CL
653.5,0.0,CL
654.0,0.0,CL
654.5,0.0,CL
655.0,0.0,CL
655.5,0.0,CL
656.0,0.0,CL
656.5,0.0,CL
657.0,0.0,CL
657.5,0.0,CL
658.0,0.0,CL
658.5,0.0,CL
659.0,0.0,CL
659.5,0.0,CL
660.0,0.0,CL
660.5,0.0,CL
661.0,0.0,CL
661.5,0.0,CL
662.0,0.0,CL
662.5,0.0,CL
663.0,0.0,CL
663.5,0.0,CL
664.0,0.0,CL
664.5,0.0,CL
665.0,0.0,CL
665.5,0.0,CL
666.0,0.0,CL
666.5,0.0,CL
667.0,0.0,CL
667.5,0.0,CL
668.0,0.0,CL
668.5,0.0,CL
669.0,0.0,CL
669.5,0.0,CL
670.0,0.0,CL
670.5,0.0,CL
671.0,0.0,CL
671.5,0.0,CL
672.0,0.0,CL
672.5,0.0,CL
673.0,0.0,CL
673.5,0.0,CL
674.0,0.0,CL
674.5,0.0,CL
675.0,0.0,CL
675.5,0.0,CL
676.0,0.0,CL
676.5,0.0,CL
677.0,0.0,CL
677.5,0.0,CL
678.0,0.0,CL
678.5,0.0,CL
679.0,0.0,CL
679.5,0.0,CL
680.0,0.0,CL
680.5,0.0,CL
681.0,0.0,CL
681.5,0.0,CL
682.0,0.0,CL
682.5,0.0,CL
683.0,0.0,CL
683.5,0.0,CL
684.0,0.0,CL
684.5,0.0,CL
685.0,0.0,CL
685.5,0.0,CL
686.0,0.0,CL
686.5,0.0,CL
687.0,0.0,CL
687.5,0.0,CL
688.0,0.0,CL
688.5,0.0,CL
689.0,0.0,CL
689.5,0.0,CL
690.0,0.0,CL
690.5,0.0,CL
691.0,0.0,CL
691.5,0.0,CL
692.0,0.0,CL
692.5,0.0,CL
693.0,0.0,CL
693.5,0.0,CL
694.0,0.0,CL
694.5,0.0,CL
695.0,0.0,CL
695.5,0.0,CL
696.0,0.0,CL
696.5,0.0,CL
697.0,0.0,CL
697.5,0.0,CL
698.0,0.0,CL
698.5,0.0,CL
699.0,0.0,CL
699.5,0.0,CL
700.0,0.0,CL
700.5,0.0,CL
701.0,0.0,CL
701.5,0.0,CL
702.0,0.0,CL
702.5,0.0,CL
703.0,0.0,CL
703.5,0.0,CL
704.0,0.0,CL
704.5,0.0,CL
705.0,0.0,CL
705.5,0.0,CL
706.0,0.0,CL
706.5,0.0,CL
707.0,0.0,CL
707.5,0.0,CL
708.0,0.0,CL
708.5,0.0,CL
709.0,0.0,CL
709.5,0.0,CL
710.0,0.0,CL
710.5,0.0,CL
711.0,0.0,CL
711.5,0.0,CL
712.0,0.0,CL
712.5,0.0,CL
713.0,0.0,CL
713.5,0.0,CL
714.0,0.0,CL
714.5,0.0,CL
715.0,0.0,CL
715.5,0.0,CL
716.0,0.0,CL
716.5,0.0,CL
717.0,0.0,CL
717.5,0.0,CL
718.0,0.0,CL
718.5,0.0,CL
719.0,0.0,CL
719.5,0.0,CL
720.0,0.0,CL
720.5,0.0,CL
721.0,0.0,CL
721.5,0.0,CL
722.0,0.0,CL
722.5,0.0,CL
723.0,0.0,CL
723.5,0.0,CL
724.0,0.0,CL
724.5,0.0,CL
725.0,0.0,CL
725.5,0.0,CL
726.0,0.0,CL
726.5,0.0,CL
727.0,0.0,CL
727.5,0.0,CL
728.0,0.0,CL
728.5,0.0,CL
729.0,0.0,CL
729.5,0.0,CL
730.0,0.0,CL
730.5,0.0,CL
731.0,0.0,CL
731.5,0.0,CL
732.0,0.0,CL
732.5,0.0,CL
733.0,0.0,CL
733.5,0.0,CL
734.0,0.0,CL
734.5,0.0,CL
735.0,0.0,CL
735.5,0.0,CL
736.0,0.0,CL
736.5,0.0,CL
737.0,0.0,CL
737.5,0.0,CL
738.0,0.0,CL
738.5,0.0,CL
739.0,0.0,CL
739.5,0.0,CL
740.0,0.0,CL
740.5,0.0,CL
741.0,0.0,CL
741.5,0.0,CL
742.0,0.0,CL
742.5,0.0,CL
743.0,0.0,CL
743.5,0.0,CL
744.0,0.0,CL
744.5,0.0,CL
745.0,0.0,CL
745.5,0.0,CL
746.0,0.0,CL
746.5,0.0,CL
747.0,0.0,CL
747.5,0.0,CL
748.0,0.0,CL
748.5,0.0,CL
749.0,0.0,CL
749.5,0.0,CL
750.0,0.0,CL
750.5,0.0,CL
751.0,0.0,CL
751.5,0.0,CL
752.0,0.0,CL
752.5,0.0,CL
753.0,0.0,CL
753.5,0.0,CL
754.0,0.0,CL
754.5,0.0,CL
755.0,0.0,CL
755.5,0.0,CL
756.0,0.0,CL
756.5,0.0,CL
757.0,0.0,CL
757.5,0.0,CL
758.0,0.0,CL
758.5,0.0,CL
759.0,0.0,CL
759.5,0.0,CL
760.0,0.0,CL
760.5,0.0,CL
761.0,0.0,CL
761.5,0.0,CL
762.0,0.0,CL
762.5,0.0,CL
763.0,0.0,CL
763.5,0.0,CL
764.0,0.0,CL
764.5,0.0,CL
765.0,0.0,CL
765.5,0.0,CL
766.0,0.0,CL
766.5,0.0,CL
767.0,0.0,CL
767.5,0.0,CL
768.0,0.0,CL
768.5,0.0,CL
769.0,0.0,CL
769.5,0.0,CL
770.0,0.0,CL
770.5,0.0,CL
771.0,0.0,CL
771.5,0.0,CL
772.0,0.0,CL
772.5,0.0,CL
773.0,0.0,CL
773.5,0.0,CL
774.0,0.0,CL
774.5,0.0,CL
775.0,0.0,CL
775.5,0.0,CL
776.0,0.0,CL
776.5,0.0,CL
777.0,0.0,CL
777.5,0.0,CL
778.0,0.0,CL
778.5,0.0,CL
779.0,0.0,CL
779.5,0.0,CL
780.0,0.0,CL
780.5,0.0,CL
781.0,0.0,CL
781.5,0.0,CL
782.0,0.0,CL
782.5,0.0,CL
783.0,0.0,CL
783.5,0.0,CL
784.0,0.0,CL
784.5,0.0,CL
785.0,0.0,CL
785.5,0.0,CL
786.0,0.0,CL
786.5,0.0,CL
787.0,0.0,CL
787.5,0.0,CL
788.0,0.0,CL
788.5,0.0,CL
789.0,0.0,CL
789.5,0.0,CL
790.0,0.0,CL
790.5,0.0,CL
791.0,0.0,CL
791.5,0.0,CL
792.0,0.0,CL
792.5,0.0,CL
793.0,0.0,CL
793.5,0.0,CL
794.0,0.0,CL
794.5,0.0,CL
795.0,0.0,CL
795.5,0.0,CL
796.0,0.0,CL
796.5,0.0,CL
797.0,0.0,CL
797.5,0.0,CL
798.0,0.0,CL
798.5,0.0,CL
799.0,0.0,CL
799.5,0.0,CL
800.0,0.0,CL
800.5,0.0,CL
801.0,0.0,CL
801.5,0.0,CL
802.0,0.0,CL
802.5,0.0,CL
803.0,0.0,CL
803.5,0.0,CL
804.0,0.0,CL
804.5,0.0,CL
805.0,0.0,CL
805.5,0.0,CL
806.0,0.0,CL
806.5,0.0,CL
807.0,0.0,CL
807.5,0.0,CL
808.0,0.0,CL
808.5,0.0,CL
809.0,0.0,CL
809.5,0.0,CL
810.0,0.0,CL
810.5,0.0,CL
811.0,0.0,CL
811.5,0.0,CL
812.0,0.0,CL
812.5,0.0,CL
813.0,0.0,CL
813.5,0.0,CL
814.0,0.0,CL
814.5,0.0,CL
815.0,0.0,CL
815.5,0.0,CL
816.0,0.0,CL
816.5,0.0,CL
817.0,0.0,CL
817.5,0.0,CL
818.0,0.0,CL
818.5,0.0,CL
819.0,0.0,CL
819.5,0.0,CL
820.0,0.0,CL
820.5,0.0,CL
821.0,0.0,CL
821.5,0.0,CL
822.0,0.0,CL
822.5,0.0,CL
823.0,0.0,CL
823.5,0.0,CL
0.0,-21.0,RB0
0.0,-20.5,RB0
0.0,-20.0,RB0
0.0,-19.5,RB0
0.0,-19.0,RB0
0.0,-18.5,RB0
0.0,-18.0,RB0
0.0,-17.5,RB0
0.0,-17.0,RB0
0.0,-16.5,RB0
0.0,-16.0,RB0
0.0,-15.5,RB0
0.0,-15.0,RB0
0.0,-14.5,RB0
0.0,-14.0,RB0
0.0,-13.5,RB0
0.0,-13.0,RB0
0.0,-12.5,RB0
0.0,-12.0,RB0
0.0,-11.5,RB0
0.0,-11.0,RB0
0.0,-10.5,RB0
0.0,-10.0,RB0
0.0,-9.5,RB0
0.0,-9.0,RB0
0.0,-8.5,RB0
0.0,-8.0,RB0
0.0,-7.5,RB0
0.0,-7.0,RB0
0.0,-6.5,RB0
0.0,-6.0,RB0
0.0,-5.5,RB0
0.0,-5.0,RB0
0.0,-4.5,RB0
0.0,-4.0,RB0
0.0,-3.5,RB0
0.0,-3.0,RB0
0.0,-2.5,RB0
0.0,-2.0,RB0
0.0,-1.5,RB0
0.5,-21.0,RB0
1.0,-21.0,RB0
1.5,-21.0,RB0
2.0,-21.0,RB0
2.5,-21.0,RB0
3.0,-21.0,RB0
3.5,-21.0,RB0
4.0,-21.0,RB0
4.5,-21.0,RB0
5.0,-21.0,RB0
5.5,-21.0,RB0
6.0,-21.0,RB0
6.5,-21.0,RB0
7.0,-21.0,RB0
7.5,-21.0,RB0
8.0,-21.0,RB0
8.5,-21.0,RB0
9.0,-21.0,RB0
9.5,-21.0,RB0
10.0,-21.0,RB0
10.5,-21.0,RB0
11.0,-21.0,RB0
11.5,-21.0,RB0
12.0,-21.0,RB0
12.5,-21.0,RB0
13.0,-21.0,RB0
13.5,-21.0,RB0
14.0,-21.0,RB0
14.5,-21.0,RB0
15.0,-21.0,RB0
15.5,-21.0,RB0
16.0,-21.0,RB0
16.5,-21.0,RB0
17.0,-21.0,RB0
17.5,-21.0,RB0
18.0,-21.0,RB0
18.5,-21.0,RB0
19.0,-21.0,RB0
19.5,-21.0,RB0
20.0,-21.0,RB0
20.5,-21.0,RB0
21.0,-21.0,RB0
21.5,-21.0,RB0
22.0,-21.0,RB0
22.5,-21.0,RB0
23.0,-21.0,RB0
23.5,-21.0,RB0
24.0,-21.0,RB0
24.5,-21.0,RB0
25.0,-21.0,RB0
25.5,-21.0,RB0
26.0,-21.0,RB0
26.5,-21.0,RB0
27.0,-21.0,RB0
27.5,-21.0,RB0
28.0,-21.0,RB0
28.5,-21.0,RB0
29.0,-21.0,RB0
29.5,-21.0,RB0
30.0,-21.0,RB0
30.5,-21.0,RB0
31.0,-21.0,RB0
31.5,-21.0,RB0
32.0,-21.0,RB0
32.5,-21.0,RB0
33.0,-21.0,RB0
33.5,-21.0,RB0
34.0,-21.0,RB0
34.5,-21.0,RB0
35.0,-21.0,RB0
35.5,-21.0,RB0
36.0,-21.0,RB0
36.5,-21.0,RB0
37.0,-21.0,RB0
37.5,-21.0,RB0
38.0,-21.0,RB0
38.5,-21.0,RB0
39.0,-21.0,RB0
39.5,-21.0,RB0
40.0,-21.0,RB0
40.5,-21.0,RB0
41.0,-21.0,RB0
41.5,-21.0,RB0
42.0,-21.0,RB0
42.5,-21.0,RB0
43.0,-21.0,RB0
43.5,-21.0,RB0
44.0,-21.0,RB0
44.5,-21.0,RB0
45.0,-21.0,RB0
45.5,-21.0,RB0
46.0,-21.0,RB0
46.5,-21.0,RB0
47.0,-21.0,RB0
47.5,-21.0,RB0
48.0,-21.0,RB0
48.5,-21.0,RB0
49.0,-21.0,RB0
49.5,-21.0,RB0
50.0,-21.0,RB0
50.5,-21.0,RB0
51.0,-21.0,RB0
51.5,-21.0,RB0
52.0,-21.0,RB0
52.5,-21.0,RB0
53.0,-21.0,RB0
53.5,-21.0,RB0
54.0,-21.0,RB0
54.5,-21.0,RB0
55.0,-21.0,RB0
55.5,-21.0,RB0
56.0,-21.0,RB0
56.5,-21.0,RB0
57.0,-21.0,RB0
57.5,-21.0,RB0
58.0,-21.0,RB0
58.5,-21.0,RB0
59.0,-21.0,RB0
59.5,-21.0,RB0
60.0,-21.0,RB0
60.5,-21.0,RB0
61.0,-21.0,RB0
61.5,-21.0,RB0
62.0,-21.0,RB0
62.5,-21.0,RB0
63.0,-21.0,RB0
63.5,-21.0,RB0
64.0,-21.0,RB0
64.5,-21.0,RB0
65.0,-21.0,RB0
65.5,-21.0,RB0
66.0,-21.0,RB0
66.5,-21.0,RB0
67.0,-21.0,RB0
67.5,-21.0,RB0
68.0,-21.0,RB0
68.5,-21.0,RB0
69.0,-21.0,RB0
69.5,-21.0,RB0
70.0,-21.0,RB0
70.5,-21.0,RB0
71.0,-21.0,RB0
71.5,-21.0,RB0
72.0,-21.0,RB0
72.5,-21.0,RB0
73.0,-21.0,RB0
73.5,-21.0,RB0
74.0,-21.0,RB0
74.5,-21.0,RB0
75.0,-21.0,RB0
75.5,-21.0,RB0
76.0,-21.0,RB0
76.5,-21.0,RB0
77.0,-21.0,RB0
77.5,-21.0,RB0
78.0,-21.0,RB0
78.5,-21.0,RB0
79.0,-21.0,RB0
79.5,-21.0,RB0
80.0,-21.0,RB0
80.5,-21.0,RB0
81.0,-21.0,RB0
81.5,-21.0,RB0
82.0,-21.0,RB0
82.5,-21.0,RB0
83.0,-21.0,RB0
83.5,-21.0,RB0
84.0,-21.0,RB0
84.5,-21.0,RB0
85.0,-21.0,RB0
85.5,-21.0,RB0
86.0,-21.0,RB0
86.5,-21.0,RB0
87.0,-21.0,RB0
87.5,-21.0,RB0
88.0,-21.0,RB0
88.5,-21.0,RB0
89.0,-21.0,RB0
89.5,-21.0,RB0
90.0,-21.0,RB0
90.5,-21.0,RB0
91.0,-21.0,RB0
91.5,-21.0,RB0
92.0,-21.0,RB0
92.5,-21.0,RB0
93.0,-21.0,RB0
93.5,-21.0,RB0
94.0,-21.0,RB0
94.5,-21.0,RB0
95.0,-21.0,RB0
95.5,-21.0,RB0
96.0,-21.0,RB0
96.5,-21.0,RB0
97.0,-21.0,RB0
97.5,-21.0,RB0
98.0,-21.0,RB0
98.5,-21.0,RB0
99.0,-21.0,RB0
99.5,-21.0,RB0
100.0,-21.0,RB0
100.5,-21.0,RB0
101.0,-21.0,RB0
101.5,-21.0,RB0
102.0,-21.0,RB0
102.5,-21.0,RB0
103.0,-21.0,RB0
103.5,-21.0,RB0
104.0,-21.0,RB0
104.5,-21.0,RB0
105.0,-21.0,RB0
105.5,-21.0,RB0
106.0,-21.0,RB0
106.5,-21.0,RB0
107.0,-21.0,RB0
107.5,-21.0,RB0
108.0,-21.0,RB0
108.5,-21.0,RB0
109.0,-21.0,RB0
109.5,-21.0,RB0
110.0,-21.0,RB0
110.5,-21.0,RB0
111.0,-21.0,RB0
111.5,-21.0,RB0
112.0,-21.0,RB0
112.5,-21.0,RB0
113.0,-21.0,RB0
113.5,-21.0,RB0
114.0,-21.0,RB0
114.5,-21.0,RB0
115.0,-21.0,RB0
115.5,-21.0,RB0
116.0,-21.0,RB0
116.5,-21.0,RB0
117.0,-21.0,RB0
117.5,-21.0,RB0
118.0,-21.0,RB0
118.5,-21.0,RB0
119.0,-21.0,RB0
119.5,-21.0,RB0
120.0,-21.0,RB0
120.5,-21.0,RB0
121.0,-21.0,RB0
121.5,-21.0,RB0
122.0,-21.0,RB0
122.5,-21.0,RB0
123.0,-21.0,RB0
123.5,-21.0,RB0
124.0,-21.0,RB0
124.5,-21.0,RB0
125.0,-21.0,RB0
125.5,-21.0,RB0
126.0,-21.0,RB0
126.5,-21.0,RB0
127.0,-21.0,RB0
127.5,-21.0,RB0
128.0,-21.0,RB0
128.5,-21.0,RB0
129.0,-21.0,RB0
129.5,-21.0,RB0
130.0,-21.0,RB0
130.5,-21.0,RB0
131.0,-21.0,RB0
131.5,-21.0,RB0
132.0,-21.0,RB0
132.5,-21.0,RB0
133.0,-21.0,RB0
133.5,-21.0,RB0
134.0,-21.0,RB0
134.5,-21.0,RB0
135.0,-21.0,RB0
135.5,-21.0,RB0
136.0,-21.0,RB0
136.5,-21.0,RB0
137.0,-21.0,RB0
137.5,-21.0,RB0
138.0,-21.0,RB0
138.5,-21.0,RB0
139.0,-21.0,RB0
139.5,-21.0,RB0
140.0,-21.0,RB0
140.5,-21.0,RB0
141.0,-21.0,RB0
141.5,-21.0,RB0
142.0,-21.0,RB0
142.5,-21.0,RB0
143.0,-21.0,RB0
143.5,-21.0,RB0
144.0,-21.0,RB0
144.5,-21.0,RB0
145.0,-21.0,RB0
145.5,-21.0,RB0
146.0,-21.0,RB0
146.5,-21.0,RB0
147.0,-21.0,RB0
147.5,-21.0,RB0
148.0,-21.0,RB0
148.5,-21.0,RB0
149.0,-21.0,RB0
149.5,-21.0,RB0
150.0,-21.0,RB0
150.5,-21.0,RB0
151.0,-21.0,RB0
151.5,-21.0,RB0
152.0,-21.0,RB0
152.5,-21.0,RB0
153.0,-21.0,RB0
153.5,-21.0,RB0
154.0,-21.0,RB0
154.5,-21.0,RB0
155.0,-21.0,RB0
155.5,-21.0,RB0
156.0,-21.0,RB0
156.5,-21.0,RB0
157.0,-21.0,RB0
157.5,-21.0,RB0
158.0,-21.0,RB0
158.5,-21.0,RB0
159.0,-21.0,RB0
159.5,-21.0,RB0
160.0,-21.0,RB0
160.5,-21.0,RB0
161.0,-21.0,RB0
161.5,-21.0,RB0
162.0,-21.0,RB0
162.5,-21.0,RB0
163.0,-21.0,RB0
163.5,-21.0,RB0
164.0,-21.0,RB0
164.5,-21.0,RB0
165.0,-21.0,RB0
165.5,-21.0,RB0
166.0,-21.0,RB0
166.5,-21.0,RB0
167.0,-21.0,RB0
167.5,-21.0,RB0
168.0,-21.0,RB0
168.5,-21.0,RB0
169.0,-21.0,RB0
169.5,-21.0,RB0
170.0,-21.0,RB0
170.5,-21.0,RB0
171.0,-21.0,RB0
171.5,-21.0,RB0
172.0,-21.0,RB0
172.5,-21.0,RB0
173.0,-21.0,RB0
173.5,-21.0,RB0
174.0,-21.0,RB0
174.5,-21.0,RB0
175.0,-21.0,RB0
175.5,-21.0,RB0
176.0,-21.0,RB0
176.5,-21.0,RB0
177.0,-21.0,RB0
177.5,-21.0,RB0
178.0,-21.0,RB0
178.5,-21.0,RB0
179.0,-21.0,RB0
179.5,-21.0,RB0
180.0,-21.0,RB0
180.5,-21.0,RB0
181.0,-21.0,RB0
181.5,-21.0,RB0
182.0,-21.0,RB0
182.5,-21.0,RB0
183.0,-21.0,RB0
183.5,-21.0,RB0
184.0,-21.0,RB0
184.5,-21.0,RB0
185.0,-21.0,RB0
185.5,-21.0,RB0
186.0,-21.0,RB0
186.5,-21.0,RB0
187.0,-21.0,RB0
187.5,-21.0,RB0
188.0,-21.0,RB0
188.5,-21.0,RB0
189.0,-21.0,RB0
189.5,-21.0,RB0
190.0,-21.0,RB0
190.5,-21.0,RB0
191.0,-21.0,RB0
191.5,-21.0,RB0
192.0,-21.0,RB0
192.5,-21.0,RB0
193.0,-21.0,RB0
193.5,-21.0,RB0
194.0,-21.0,RB0
194.5,-21.0,RB0
195.0,-21.0,RB0
195.5,-21.0,RB0
196.0,-21.0,RB0
196.5,-21.0,RB0
197.0,-21.0,RB0
197.5,-21.0,RB0
198.0,-21.0,RB0
198.5,-21.0,RB0
199.0,-21.0,RB0
199.5,-21.0,RB0
200.0,-21.0,RB0
200.5,-21.0,RB0
201.0,-21.0,RB0
201.5,-21.0,RB0
202.0,-21.0,RB0
202.5,-21.0,RB0
203.0,-21.0,RB0
203.5,-21.0,RB0
204.0,-21.0,RB0
204.5,-21.0,RB0
205.0,-21.0,RB0
205.5,-21.0,RB0
206.0,-21.0,RB0
206.5,-21.0,RB0
207.0,-21.0,RB0
207.5,-21.0,RB0
208.0,-21.0,RB0
208.5,-21.0,RB0
209.0,-21.0,RB0
209.5,-21.0,RB0
210.0,-21.0,RB0
210.5,-21.0,RB0
211.0,-21.0,RB0
211.5,-21.0,RB0
212.0,-21.0,RB0
212.5,-21.0,RB0
213.0,-21.0,RB0
213.5,-21.0,RB0
214.0,-21.0,RB0
214.5,-21.0,RB0
215.0,-21.0,RB0
215.5,-21.0,RB0
216.0,-21.0,RB0
216.5,-21.0,RB0
217.0,-21.0,RB0
217.5,-21.0,RB0
218.0,-21.0,RB0
218.5,-21.0,RB0
219.0,-21.0,RB0
219.5,-21.0,RB0
220.0,-21.0,RB0
220.5,-21.0,RB0
221.0,-21.0,RB0
221.5,-21.0,RB0
222.0,-21.0,RB0
222.5,-21.0,RB0
223.0,-21.0,RB0
223.5,-21.0,RB0
224.0,-21.0,RB0
224.5,-21.0,RB0
225.0,-21.0,RB0
225.5,-21.0,RB0
226.0,-21.0,RB0
226.5,-21.0,RB0
227.0,-21.0,RB0
227.5,-21.0,RB0
228.0,-21.0,RB0
228.5,-21.0,RB0
229.0,-21.0,RB0
229.5,-21.0,RB0
230.0,-21.0,RB0
230.5,-21.0,RB0
231.0,-21.0,RB0
231.5,-21.0,RB0
232.0,-21.0,RB0
232.5,-21.0,RB0
233.0,-21.0,RB0
233.5,-21.0,RB0
234.0,-21.0,RB0
234.5,-21.0,RB0
235.0,-21.0,RB0
235.5,-21.0,RB0
236.0,-21.0,RB0
236.5,-21.0,RB0
237.0,-21.0,RB0
237.5,-21.0,RB0
238.0,-21.0,RB0
238.5,-21.0,RB0
239.0,-21.0,RB0
239.5,-21.0,RB0
240.0,-21.0,RB0
240.5,-21.0,RB0
241.0,-21.0,RB0
241.5,-21.0,RB0
242.0,-21.0,RB0
242.5,-21.0,RB0
243.0,-21.0,RB0
243.5,-21.0,RB0
244.0,-21.0,RB0
244.5,-21.0,RB0
245.0,-21.0,RB0
245.5,-21.0,RB0
246.0,-21.0,RB0
246.5,-21.0,RB0
247.0,-21.0,RB0
247.5,-21.0,RB0
248.0,-21.0,RB0
248.5,-21.0,RB0
249.0,-21.0,RB0
249.5,-21.0,RB0
250.0,-21.0,RB0
250.5,-21.0,RB0
251.0,-21.0,RB0
251.5,-21.0,RB0
252.0,-21.0,RB0
252.5,-21.0,RB0
253.0,-21.0,RB0
253.5,-21.0,RB0
254.0,-21.0,RB0
254.5,-21.0,RB0
255.0,-21.0,RB0
255.5,-21.0,RB0
256.0,-21.0,RB0
256.5,-21.0,RB0
257.0,-21.0,RB0
257.5,-21.0,RB0
258.0,-21.0,RB0
258.5,-21.0,RB0
259.0,-21.0,RB0
259.5,-21.0,RB0
260.0,-21.0,RB0
260.5,-21.0,RB0
261.0,-21.0,RB0
261.5,-21.0,RB0
262.0,-21.0,RB0
262.5,-21.0,RB0
263.0,-21.0,RB0
263.5,-21.0,RB0
264.0,-21.0,RB0
264.5,-21.0,RB0
265.0,-21.0,RB0
265.5,-21.0,RB0
266.0,-21.0,RB0
266.5,-21.0,RB0
267.0,-21.0,RB0
267.5,-21.0,RB0
268.0,-21.0,RB0
268.5,-21.0,RB0
269.0,-21.0,RB0
269.5,-21.0,RB0
270.0,-21.0,RB0
270.5,-21.0,RB0
271.0,-21.0,RB0
271.5,-21.0,RB0
272.0,-21.0,RB0
272.5,-21.0,RB0
273.0,-21.0,RB0
273.5,-21.0,RB0
274.0,-21.0,RB0
274.5,-21.0,RB0
275.0,-21.0,RB0
275.5,-21.0,RB0
276.0,-21.0,RB0
276.5,-21.0,RB0
277.0,-21.0,RB0
277.5,-21.0,RB0
278.0,-21.0,RB0
278.5,-21.0,RB0
279.0,-21.0,RB0
279.5,-21.0,RB0
280.0,-21.0,RB0
280.5,-21.0,RB0
281.0,-21.0,RB0
281.5,-21.0,RB0
282.0,-21.0,RB0
282.5,-21.0,RB0
283.0,-21.0,RB0
283.5,-21.0,RB0
284.0,-21.0,RB0
284.5,-21.0,RB0
285.0,-21.0,RB0
285.5,-21.0,RB0
286.0,-21.0,RB0
286.5,-21.0,RB0
287.0,-21.0,RB0
287.5,-21.0,RB0
288.0,-21.0,RB0
288.5,-21.0,RB0
289.0,-21.0,RB0
289.5,-21.0,RB0
290.0,-21.0,RB0
290.5,-21.0,RB0
291.0,-21.0,RB0
291.5,-21.0,RB0
292.0,-21.0,RB0
292.5,-21.0,RB0
293.0,-21.0,RB0
293.5,-21.0,RB0
294.0,-21.0,RB0
294.5,-21.0,RB0
295.0,-21.0,RB0
295.5,-21.0,RB0
296.0,-21.0,RB0
296.5,-21.0,RB0
297.0,-21.0,RB0
297.5,-21.0,RB0
298.0,-21.0,RB0
298.5,-21.0,RB0
299.0,-21.0,RB0
299.5,-21.0,RB0
300.0,-21.0,RB0
300.5,-21.0,RB0
301.0,-21.0,RB0
301.5,-21.0,RB0
302.0,-21.0,RB0
302.5,-21.0,RB0
303.0,-21.0,RB0
303.5,-21.0,RB0
304.0,-21.0,RB0
304.5,-21.0,RB0
305.0,-21.0,RB0
305.5,-21.0,RB0
306.0,-21.0,RB0
306.5,-21.0,RB0
307.0,-21.0,RB0
307.5,-21.0,RB0
308.0,-21.0,RB0
308.5,-21.0,RB0
309.0,-21.0,RB0
309.5,-21.0,RB0
310.0,-21.0,RB0
310.5,-21.0,RB0
311.0,-21.0,RB0
311.5,-21.0,RB0
312.0,-21.0,RB0
312.5,-21.0,RB0
313.0,-21.0,RB0
313.5,-21.0,RB0
314.0,-21.0,RB0
314.5,-21.0,RB0
315.0,-21.0,RB0
315.5,-21.0,RB0
316.0,-21.0,RB0
316.5,-21.0,RB0
317.0,-21.0,RB0
317.5,-21.0,RB0
318.0,-21.0,RB0
318.5,-21.0,RB0
319.0,-21.0,RB0
319.5,-21.0,RB0
320.0,-21.0,RB0
320.5,-21.0,RB0
321.0,-21.0,RB0
321.5,-21.0,RB0
322.0,-21.0,RB0
322.5,-21.0,RB0
323.0,-21.0,RB0
323.5,-21.0,RB0
324.0,-21.0,RB0
324.5,-21.0,RB0
325.0,-21.0,RB0
325.5,-21.0,RB0
326.0,-21.0,RB0
326.5,-21.0,RB0
327.0,-21.0,RB0
327.5,-21.0,RB0
328.0,-21.0,RB0
328.5,-21.0,RB0
329.0,-21.0,RB0
329.5,-21.0,RB0
330.0,-21.0,RB0
330.5,-21.0,RB0
331.0,-21.0,RB0
331.5,-21.0,RB0
332.0,-21.0,RB0
332.5,-21.0,RB0
333.0,-21.0,RB0
333.5,-21.0,RB0
334.0,-21.0,RB0
334.5,-21.0,RB0
335.0,-21.0,RB0
335.5,-21.0,RB0
336.0,-21.0,RB0
336.5,-21.0,RB0
337.0,-21.0,RB0
337.5,-21.0,RB0
338.0,-21.0,RB0
338.5,-21.0,RB0
339.0,-21.0,RB0
339.5,-21.0,RB0
340.0,-21.0,RB0
340.5,-21.0,RB0
341.0,-21.0,RB0
341.5,-21.0,RB0
342.0,-21.0,RB0
342.5,-21.0,RB0
343.0,-21.0,RB0
343.5,-21.0,RB0
344.0,-21.0,RB0
344.5,-21.0,RB0
345.0,-21.0,RB0
345.5,-21.0,RB0
346.0,-21.0,RB0
346.5,-21.0,RB0
347.0,-21.0,RB0
347.5,-21.0,RB0
348.0,-21.0,RB0
348.5,-21.0,RB0
349.0,-21.0,RB0
349.5,-21.0,RB0
350.0,-21.0,RB0
350.5,-21.0,RB0
351.0,-21.0,RB0
351.5,-21.0,RB0
352.0,-21.0,RB0
352.5,-21.0,RB0
353.0,-21.0,RB0
353.5,-21.0,RB0
354.0,-21.0,RB0
354.5,-21.0,RB0
355.0,-21.0,RB0
355.5,-21.0,RB0
356.0,-21.0,RB0
356.5,-21.0,RB0
357.0,-21.0,RB0
357.5,-21.0,RB0
358.0,-21.0,RB0
358.5,-21.0,RB0
359.0,-21.0,RB0
359.5,-21.0,RB0
360.0,-21.0,RB0
360.5,-21.0,RB0
361.0,-21.0,RB0
361.5,-21.0,RB0
362.0,-21.0,RB0
362.5,-21.0,RB0
363.0,-21.0,RB0
363.5,-21.0,RB0
364.0,-21.0,RB0
364.5,-21.0,RB0
365.0,-21.0,RB0
365.5,-21.0,RB0
366.0,-21.0,RB0
366.5,-21.0,RB0
367.0,-21.0,RB0
367.5,-21.0,RB0
368.0,-21.0,RB0
368.5,-21.0,RB0
369.0,-21.0,RB0
369.5,-21.0,RB0
370.0,-21.0,RB0
370.5,-21.0,RB0
371.0,-21.0,RB0
371.5,-21.0,RB0
372.0,-21.0,RB0
372.5,-21.0,RB0
373.0,-21.0,RB0
373.5,-21.0,RB0
374.0,-21.0,RB0
374.5,-21.0,RB0
375.0,-21.0,RB0
375.5,-21.0,RB0
376.0,-21.0,RB0
376.5,-21.0,RB0
377.0,-21.0,RB0
377.5,-21.0,RB0
378.0,-21.0,RB0
378.5,-21.0,RB0
379.0,-21.0,RB0
379.5,-21.0,RB0
380.0,-21.0,RB0
380.5,-21.0,RB0
381.0,-21.0,RB0
381.5,-21.0,RB0
382.0,-21.0,RB0
382.5,-21.0,RB0
383.0,-21.0,RB0
383.5,-21.0,RB0
384.0,-21.0,RB0
384.5,-21.0,RB0
385.0,-21.0,RB0
385.5,-21.0,RB0
386.0,-21.0,RB0
386.5,-21.0,RB0
387.0,-21.0,RB0
387.5,-21.0,RB0
388.0,-21.0,RB0
388.5,-21.0,RB0
389.0,-21.0,RB0
389.5,-21.0,RB0
390.0,-21.0,RB0
390.5,-21.0,RB0
391.0,-21.0,RB0
391.5,-21.0,RB0
392.0,-21.0,RB0
392.5,-21.0,RB0
393.0,-21.0,RB0
393.5,-21.0,RB0
394.0,-21.0,RB0
394.5,-21.0,RB0
395.0,-21.0,RB0
395.5,-21.0,RB0
396.0,-21.0,RB0
396.5,-21.0,RB0
397.0,-21.0,RB0
397.5,-21.0,RB0
398.0,-21.0,RB0
398.5,-21.0,RB0
399.0,-21.0,RB0
399.5,-21.0,RB0
400.0,-21.0,RB0
400.5,-21.0,RB0
401.0,-21.0,RB0
401.5,-21.0,RB0
402.0,-21.0,RB0
402.5,-21.0,RB0
403.0,-21.0,RB0
403.5,-21.0,RB0
404.0,-21.0,RB0
404.5,-21.0,RB0
405.0,-21.0,RB0
405.5,-21.0,RB0
406.0,-21.0,RB0
406.5,-21.0,RB0
407.0,-21.0,RB0
407.5,-21.0,RB0
408.0,-21.0,RB0
408.5,-21.0,RB0
409.0,-21.0,RB0
409.5,-21.0,RB0
410.0,-21.0,RB0
410.5,-21.0,RB0
411.0,-21.0,RB0
411.5,-21.0,RB0
412.0,-21.0,RB0
412.5,-21.0,RB0
413.0,-21.0,RB0
413.5,-21.0,RB0
414.0,-21.0,RB0
414.5,-21.0,RB0
415.0,-21.0,RB0
415.5,-21.0,RB0
416.0,-21.0,RB0
416.5,-21.0,RB0
417.0,-21.0,RB0
417.5,-21.0,RB0
418.0,-21.0,RB0
418.5,-21.0,RB0
419.0,-21.0,RB0
419.5,-21.0,RB0
420.0,-21.0,RB0
420.5,-21.0,RB0
421.0,-21.0,RB0
421.5,-21.0,RB0
422.0,-21.0,RB0
422.5,-21.0,RB0
423.0,-21.0,RB0
423.5,-21.0,RB0
424.0,-21.0,RB0
424.5,-21.0,RB0
425.0,-21.0,RB0
425.5,-21.0,RB0
426.0,-21.0,RB0
426.5,-21.0,RB0
427.0,-21.0,RB0
427.5,-21.0,RB0
428.0,-21.0,RB0
428.5,-21.0,RB0
429.0,-21.0,RB0
429.5,-21.0,RB0
430.0,-21.0,RB0
430.5,-21.0,RB0
431.0,-21.0,RB0
431.5,-21.0,RB0
432.0,-21.0,RB0
432.5,-21.0,RB0
433.0,-21.0,RB0
433.5,-21.0,RB0
434.0,-21.0,RB0
434.5,-21.0,RB0
435.0,-21.0,RB0
435.5,-21.0,RB0
436.0,-21.0,RB0
436.5,-21.0,RB0
437.0,-21.0,RB0
437.5,-21.0,RB0
438.0,-21.0,RB0
438.5,-21.0,RB0
439.0,-21.0,RB0
439.5,-21.0,RB0
440.0,-21.0,RB0
440.5,-21.0,RB0
441.0,-21.0,RB0
441.5,-21.0,RB0
442.0,-21.0,RB0
442.5,-21.0,RB0
443.0,-21.0,RB0
443.5,-21.0,RB0
444.0,-21.0,RB0
444.5,-21.0,RB0
445.0,-21.0,RB0
445.5,-21.0,RB0
446.0,-21.0,RB0
446.5,-21.0,RB0
447.0,-21.0,RB0
447.5,-21.0,RB0
448.0,-21.0,RB0
448.5,-21.0,RB0
449.0,-21.0,RB0
449.5,-21.0,RB0
450.0,-21.0,RB0
450.5,-21.0,RB0
451.0,-21.0,RB0
451.5,-21.0,RB0
452.0,-21.0,RB0
452.5,-21.0,RB0
453.0,-21.0,RB0
453.5,-21.0,RB0
454.0,-21.0,RB0
454.5,-21.0,RB0
455.0,-21.0,RB0
455.5,-21.0,RB0
456.0,-21.0,RB0
456.5,-21.0,RB0
457.0,-21.0,RB0
457.5,-21.0,RB0
458.0,-21.0,RB0
458.5,-21.0,RB0
459.0,-21.0,RB0
459.5,-21.0,RB0
460.0,-21.0,RB0
460.5,-21.0,RB0
461.0,-21.0,RB0
461.5,-21.0,RB0
462.0,-21.0,RB0
462.5,-21.0,RB0
463.0,-21.0,RB0
463.5,-21.0,RB0
464.0,-21.0,RB0
464.5,-21.0,RB0
465.0,-21.0,RB0
465.5,-21.0,RB0
466.0,-21.0,RB0
466.5,-21.0,RB0
467.0,-21.0,RB0
467.5,-21.0,RB0
468.0,-21.0,RB0
468.5,-21.0,RB0
469.0,-21.0,RB0
469.5,-21.0,RB0
470.0,-21.0,RB0
470.5,-21.0,RB0
471.0,-21.0,RB0
471.5,-21.0,RB0
472.0,-21.0,RB0
472.5,-21.0,RB0
473.0,-21.0,RB0
473.5,-21.0,RB0
474.0,-21.0,RB0
474.5,-21.0,RB0
475.0,-21.0,RB0
475.5,-21.0,RB0
476.0,-21.0,RB0
476.5,-21.0,RB0
477.0,-21.0,RB0
477.5,-21.0,RB0
478.0,-21.0,RB0
478.5,-21.0,RB0
479.0,-21.0,RB0
479.5,-21.0,RB0
480.0,-21.0,RB0
480.5,-21.0,RB0
481.0,-21.0,RB0
481.5,-21.0,RB0
482.0,-21.0,RB0
482.5,-21.0,RB0
483.0,-21.0,RB0
483.5,-21.0,RB0
484.0,-21.0,RB0
484.5,-21.0,RB0
485.0,-21.0,RB0
485.5,-21.0,RB0
486.0,-21.0,RB0
486.5,-21.0,RB0
487.0,-21.0,RB0
487.5,-21.0,RB0
488.0,-21.0,RB0
488.5,-21.0,RB0
489.0,-21.0,RB0
489.5,-21.0,RB0
490.0,-21.0,RB0
490.5,-21.0,RB0
491.0,-21.0,RB0
491.5,-21.0,RB0
492.0,-21.0,RB0
492.5,-21.0,RB0
493.0,-21.0,RB0
493.5,-21.0,RB0
494.0,-21.0,RB0
494.5,-21.0,RB0
495.0,-21.0,RB0
495.5,-21.0,RB0
496.0,-21.0,RB0
496.5,-21.0,RB0
497.0,-21.0,RB0
497.5,-21.0,RB0
498.0,-21.0,RB0
498.5,-21.0,RB0
499.0,-21.0,RB0
499.5,-21.0,RB0
500.0,-21.0,RB0
500.5,-21.0,RB0
501.0,-21.0,RB0
501.5,-21.0,RB0
502.0,-21.0,RB0
502.5,-21.0,RB0
503.0,-21.0,RB0
503.5,-21.0,RB0
504.0,-21.0,RB0
504.5,-21.0,RB0
505.0,-21.0,RB0
505.5,-21.0,RB0
506.0,-21.0,RB0
506.5,-21.0,RB0
507.0,-21.0,RB0
507.5,-21.0,RB0
508.0,-21.0,RB0
508.5,-21.0,RB0
509.0,-21.0,RB0
509.5,-21.0,RB0
510.0,-21.0,RB0
510.5,-21.0,RB0
511.0,-21.0,RB0
511.5,-21.0,RB0
512.0,-21.0,RB0
512.5,-21.0,RB0
513.0,-21.0,RB0
513.5,-21.0,RB0
514.0,-21.0,RB0
514.5,-21.0,RB0
515.0,-21.0,RB0
515.5,-21.0,RB0
516.0,-21.0,RB0
516.5,-21.0,RB0
517.0,-21.0,RB0
517.5,-21.0,RB0
518.0,-21.0,RB0
518.5,-21.0,RB0
519.0,-21.0,RB0
519.5,-21.0,RB0
520.0,-21.0,RB0
520.5,-21.0,RB0
521.0,-21.0,RB0
521.5,-21.0,RB0
522.0,-21.0,RB0
522.5,-21.0,RB0
523.0,-21.0,RB0
523.5,-21.0,RB0
524.0,-21.0,RB0
524.5,-21.0,RB0
525.0,-21.0,RB0
525.5,-21.0,RB0
526.0,-21.0,RB0
526.5,-21.0,RB0
527.0,-21.0,RB0
527.5,-21.0,RB0
528.0,-21.0,RB0
528.5,-21.0,RB0
529.0,-21.0,RB0
529.5,-21.0,RB0
530.0,-21.0,RB0
530.5,-21.0,RB0
531.0,-21.0,RB0
531.5,-21.0,RB0
532.0,-21.0,RB0
532.5,-21.0,RB0
533.0,-21.0,RB0
533.5,-21.0,RB0
534.0,-21.0,RB0
534.5,-21.0,RB0
535.0,-21.0,RB0
535.5,-21.0,RB0
536.0,-21.0,RB0
536.5,-21.0,RB0
537.0,-21.0,RB0
537.5,-21.0,RB0
538.0,-21.0,RB0
538.5,-21.0,RB0
539.0,-21.0,RB0
539.5,-21.0,RB0
540.0,-21.0,RB0
540.5,-21.0,RB0
541.0,-21.0,RB0
541.5,-21.0,RB0
542.0,-21.0,RB0
542.5,-21.0,RB0
543.0,-21.0,RB0
543.5,-21.0,RB0
544.0,-21.0,RB0
544.5,-21.0,RB0
545.0,-21.0,RB0
545.5,-21.0,RB0
546.0,-21.0,RB0
546.5,-21.0,RB0
547.0,-21.0,RB0
547.5,-21.0,RB0
548.0,-21.0,RB0
548.5,-21.0,RB0
549.0,-21.0,RB0
549.5,-21.0,RB0
550.0,-21.0,RB0
550.5,-21.0,RB0
551.0,-21.0,RB0
551.5,-21.0,RB0
552.0,-21.0,RB0
552.5,-21.0,RB0
553.0,-21.0,RB0
553.5,-21.0,RB0
554.0,-21.0,RB0
554.5,-21.0,RB0
555.0,-21.0,RB0
555.5,-21.0,RB0
556.0,-21.0,RB0
556.5,-21.0,RB0
557.0,-21.0,RB0
557.5,-21.0,RB0
558.0,-21.0,RB0
558.5,-21.0,RB0
559.0,-21.0,RB0
559.5,-21.0,RB0
560.0,-21.0,RB0
560.5,-21.0,RB0
561.0,-21.0,RB0
561.5,-21.0,RB0
562.0,-21.0,RB0
562.5,-21.0,RB0
563.0,-21.0,RB0
563.5,-21.0,RB0
564.0,-21.0,RB0
564.5,-21.0,RB0
565.0,-21.0,RB0
565.5,-21.0,RB0
566.0,-21.0,RB0
566.5,-21.0,RB0
567.0,-21.0,RB0
567.5,-21.0,RB0
568.0,-21.0,RB0
568.5,-21.0,RB0
569.0,-21.0,RB0
569.5,-21.0,RB0
570.0,-21.0,RB0
570.5,-21.0,RB0
571.0,-21.0,RB0
571.5,-21.0,RB0
572.0,-21.0,RB0
572.5,-21.0,RB0
573.0,-21.0,RB0
573.5,-21.0,RB0
574.0,-21.0,RB0
574.5,-21.0,RB0
575.0,-21.0,RB0
575.5,-21.0,RB0
576.0,-21.0,RB0
576.5,-21.0,RB0
577.0,-21.0,RB0
577.5,-21.0,RB0
578.0,-21.0,RB0
578.5,-21.0,RB0
579.0,-21.0,RB0
579.5,-21.0,RB0
580.0,-21.0,RB0
580.5,-21.0,RB0
581.0,-21.0,RB0
581.5,-21.0,RB0
582.0,-21.0,RB0
582.5,-21.0,RB0
583.0,-21.0,RB0
583.5,-21.0,RB0
584.0,-21.0,RB0
584.5,-21.0,RB0
585.0,-21.0,RB0
585.5,-21.0,RB0
586.0,-21.0,RB0
586.5,-21.0,RB0
587.0,-21.0,RB0
587.5,-21.0,RB0
588.0,-21.0,RB0
588.5,-21.0,RB0
589.0,-21.0,RB0
589.5,-21.0,RB0
590.0,-21.0,RB0
590.5,-21.0,RB0
591.0,-21.0,RB0
591.5,-21.0,RB0
592.0,-21.0,RB0
592.5,-21.0,RB0
593.0,-21.0,RB0
593.5,-21.0,RB0
594.0,-21.0,RB0
594.5,-21.0,RB0
595.0,-21.0,RB0
595.5,-21.0,RB0
596.0,-21.0,RB0
596.5,-21.0,RB0
597.0,-21.0,RB0
597.5,-21.0,RB0
598.0,-21.0,RB0
598.5,-21.0,RB0
599.0,-21.0,RB0
599.5,-21.0,RB0
600.0,-21.0,RB0
600.5,-21.0,RB0
601.0,-21.0,RB0
601.5,-21.0,RB0
602.0,-21.0,RB0
602.5,-21.0,RB0
603.0,-21.0,RB0
603.5,-21.0,RB0
604.0,-21.0,RB0
604.5,-21.0,RB0
605.0,-21.0,RB0
605.5,-21.0,RB0
606.0,-21.0,RB0
606.5,-21.0,RB0
607.0,-21.0,RB0
607.5,-21.0,RB0
608.0,-21.0,RB0
608.5,-21.0,RB0
609.0,-21.0,RB0
609.5,-21.0,RB0
610.0,-21.0,RB0
610.5,-21.0,RB0
611.0,-21.0,RB0
611.5,-21.0,RB0
612.0,-21.0,RB0
612.5,-21.0,RB0
613.0,-21.0,RB0
613.5,-21.0,RB0
614.0,-21.0,RB0
614.5,-21.0,RB0
615.0,-21.0,RB0
615.5,-21.0,RB0
616.0,-21.0,RB0
616.5,-21.0,RB0
617.0,-21.0,RB0
617.5,-21.0,RB0
618.0,-21.0,RB0
618.5,-21.0,RB0
619.0,-21.0,RB0
619.5,-21.0,RB0
620.0,-21.0,RB0
620.5,-21.0,RB0
621.0,-21.0,RB0
621.5,-21.0,RB0
622.0,-21.0,RB0
622.5,-21.0,RB0
623.0,-21.0,RB0
623.5,-21.0,RB0
624.0,-21.0,RB0
624.5,-21.0,RB0
625.0,-21.0,RB0
625.5,-21.0,RB0
626.0,-21.0,RB0
626.5,-21.0,RB0
627.0,-21.0,RB0
627.5,-21.0,RB0
628.0,-21.0,RB0
628.5,-21.0,RB0
629.0,-21.0,RB0
629.5,-21.0,RB0
630.0,-21.0,RB0
630.5,-21.0,RB0
631.0,-21.0,RB0
631.5,-21.0,RB0
632.0,-21.0,RB0
632.5,-21.0,RB0
633.0,-21.0,RB0
633.5,-21.0,RB0
634.0,-21.0,RB0
634.5,-21.0,RB0
635.0,-21.0,RB0
635.5,-21.0,RB0
636.0,-21.0,RB0
636.5,-21.0,RB0
637.0,-21.0,RB0
637.5,-21.0,RB0
638.0,-21.0,RB0
638.5,-21.0,RB0
639.0,-21.0,RB0
639.5,-21.0,RB0
640.0,-21.0,RB0
640.5,-21.0,RB0
641.0,-21.0,RB0
641.5,-21.0,RB0
642.0,-21.0,RB0
642.5,-21.0,RB0
643.0,-21.0,RB0
643.5,-21.0,RB0
644.0,-21.0,RB0
644.5,-21.0,RB0
645.0,-21.0,RB0
645.5,-21.0,RB0
646.0,-21.0,RB0
646.5,-21.0,RB0
647.0,-21.0,RB0
647.5,-21.0,RB0
648.0,-21.0,RB0
648.5,-21.0,RB0
649.0,-21.0,RB0
649.5,-21.0,RB0
650.0,-21.0,RB0
650.5,-21.0,RB0
651.0,-21.0,RB0
651.5,-21.0,RB0
652.0,-21.0,RB0
652.5,-21.0,RB0
653.0,-21.0,RB0
653.5,-21.0,RB0
654.0,-21.0,RB0
654.5,-21.0,RB0
655.0,-21.0,RB0
655.5,-21.0,RB0
656.0,-21.0,RB0
656.5,-21.0,RB0
657.0,-21.0,RB0
657.5,-21.0,RB0
658.0,-21.0,RB0
658.5,-21.0,RB0
659.0,-21.0,RB0
659.5,-21.0,RB0
660.0,-21.0,RB0
660.5,-21.0,RB0
661.0,-21.0,RB0
661.5,-21.0,RB0
662.0,-21.0,RB0
662.5,-21.0,RB0
663.0,-21.0,RB0
663.5,-21.0,RB0
664.0,-21.0,RB0
664.5,-21.0,RB0
665.0,-21.0,RB0
665.5,-21.0,RB0
666.0,-21.0,RB0
666.5,-21.0,RB0
667.0,-21.0,RB0
667.5,-21.0,RB0
668.0,-21.0,RB0
668.5,-21.0,RB0
669.0,-21.0,RB0
669.5,-21.0,RB0
670.0,-21.0,RB0
670.5,-21.0,RB0
671.0,-21.0,RB0
671.5,-21.0,RB0
672.0,-21.0,RB0
672.5,-21.0,RB0
673.0,-21.0,RB0
673.5,-21.0,RB0
674.0,-21.0,RB0
674.5,-21.0,RB0
675.0,-21.0,RB0
675.5,-21.0,RB0
676.0,-21.0,RB0
676.5,-21.0,RB0
677.0,-21.0,RB0
677.5,-21.0,RB0
678.0,-21.0,RB0
678.5,-21.0,RB0
679.0,-21.0,RB0
679.5,-21.0,RB0
680.0,-21.0,RB0
680.5,-21.0,RB0
681.0,-21.0,RB0
681.5,-21.0,RB0
682.0,-21.0,RB0
682.5,-21.0,RB0
683.0,-21.0,RB0
683.5,-21.0,RB0
684.0,-21.0,RB0
684.5,-21.0,RB0
685.0,-21.0,RB0
685.5,-21.0,RB0
686.0,-21.0,RB0
686.5,-21.0,RB0
687.0,-21.0,RB0
687.5,-21.0,RB0
688.0,-21.0,RB0
688.5,-21.0,RB0
689.0,-21.0,RB0
689.5,-21.0,RB0
690.0,-21.0,RB0
690.5,-21.0,RB0
691.0,-21.0,RB0
691.5,-21.0,RB0
692.0,-21.0,RB0
692.5,-21.0,RB0
693.0,-21.0,RB0
693.5,-21.0,RB0
694.0,-21.0,RB0
694.5,-21.0,RB0
695.0,-21.0,RB0
695.5,-21.0,RB0
696.0,-21.0,RB0
696.5,-21.0,RB0
697.0,-21.0,RB0
697.5,-21.0,RB0
698.0,-21.0,RB0
698.5,-21.0,RB0
699.0,-21.0,RB0
699.5,-21.0,RB0
700.0,-21.0,RB0
700.5,-21.0,RB0
701.0,-21.0,RB0
701.5,-21.0,RB0
702.0,-21.0,RB0
702.5,-21.0,RB0
703.0,-21.0,RB0
703.5,-21.0,RB0
704.0,-21.0,RB0
704.5,-21.0,RB0
705.0,-21.0,RB0
705.5,-21.0,RB0
706.0,-21.0,RB0
706.5,-21.0,RB0
707.0,-21.0,RB0
707.5,-21.0,RB0
708.0,-21.0,RB0
708.5,-21.0,RB0
709.0,-21.0,RB0
709.5,-21.0,RB0
710.0,-21.0,RB0
710.5,-21.0,RB0
711.0,-21.0,RB0
711.5,-21.0,RB0
712.0,-21.0,RB0
712.5,-21.0,RB0
713.0,-21.0,RB0
713.5,-21.0,RB0
714.0,-21.0,RB0
714.5,-21.0,RB0
715.0,-21.0,RB0
715.5,-21.0,RB0
716.0,-21.0,RB0
716.5,-21.0,RB0
717.0,-21.0,RB0
717.5,-21.0,RB0
718.0,-21.0,RB0
718.5,-21.0,RB0
719.0,-21.0,RB0
719.5,-21.0,RB0
720.0,-21.0,RB0
720.5,-21.0,RB0
721.0,-21.0,RB0
721.5,-21.0,RB0
722.0,-21.0,RB0
722.5,-21.0,RB0
723.0,-21.0,RB0
723.5,-21.0,RB0
724.0,-21.0,RB0
724.5,-21.0,RB0
725.0,-21.0,RB0
725.5,-21.0,RB0
726.0,-21.0,RB0
726.5,-21.0,RB0
727.0,-21.0,RB0
727.5,-21.0,RB0
728.0,-21.0,RB0
728.5,-21.0,RB0
729.0,-21.0,RB0
729.5,-21.0,RB0
730.0,-21.0,RB0
730.5,-21.0,RB0
731.0,-21.0,RB0
731.5,-21.0,RB0
732.0,-21.0,RB0
732.5,-21.0,RB0
733.0,-21.0,RB0
733.5,-21.0,RB0
734.0,-21.0,RB0
734.5,-21.0,RB0
735.0,-21.0,RB0
735.5,-21.0,RB0
736.0,-21.0,RB0
736.5,-21.0,RB0
737.0,-21.0,RB0
737.5,-21.0,RB0
738.0,-21.0,RB0
738.5,-21.0,RB0
739.0,-21.0,RB0
739.5,-21.0,RB0
740.0,-21.0,RB0
740.5,-21.0,RB0
741.0,-21.0,RB0
741.5,-21.0,RB0
742.0,-21.0,RB0
742.5,-21.0,RB0
743.0,-21.0,RB0
743.5,-21.0,RB0
744.0,-21.0,RB0
744.5,-21.0,RB0
745.0,-21.0,RB0
745.5,-21.0,RB0
746.0,-21.0,RB0
746.5,-21.0,RB0
747.0,-21.0,RB0
747.5,-21.0,RB0
748.0,-21.0,RB0
748.5,-21.0,RB0
749.0,-21.0,RB0
749.5,-21.0,RB0
750.0,-21.0,RB0
750.5,-21.0,RB0
751.0,-21.0,RB0
751.5,-21.0,RB0
752.0,-21.0,RB0
752.5,-21.0,RB0
753.0,-21.0,RB0
753.5,-21.0,RB0
754.0,-21.0,RB0
754.5,-21.0,RB0
755.0,-21.0,RB0
755.5,-21.0,RB0
756.0,-21.0,RB0
756.5,-21.0,RB0
757.0,-21.0,RB0
757.5,-21.0,RB0
758.0,-21.0,RB0
758.5,-21.0,RB0
759.0,-21.0,RB0
759.5,-21.0,RB0
760.0,-21.0,RB0
760.5,-21.0,RB0
761.0,-21.0,RB0
761.5,-21.0,RB0
762.0,-21.0,RB0
762.5,-21.0,RB0
763.0,-21.0,RB0
763.5,-21.0,RB0
764.0,-21.0,RB0
764.5,-21.0,RB0
765.0,-21.0,RB0
765.5,-21.0,RB0
766.0,-21.0,RB0
766.5,-21.0,RB0
767.0,-21.0,RB0
767.5,-21.0,RB0
768.0,-21.0,RB0
768.5,-21.0,RB0
769.0,-21.0,RB0
769.5,-21.0,RB0
770.0,-21.0,RB0
770.5,-21.0,RB0
771.0,-21.0,RB0
771.5,-21.0,RB0
772.0,-21.0,RB0
772.5,-21.0,RB0
773.0,-21.0,RB0
773.5,-21.0,RB0
774.0,-21.0,RB0
774.5,-21.0,RB0
775.0,-21.0,RB0
775.5,-21.0,RB0
776.0,-21.0,RB0
776.5,-21.0,RB0
777.0,-21.0,RB0
777.5,-21.0,RB0
778.0,-21.0,RB0
778.5,-21.0,RB0
779.0,-21.0,RB0
779.5,-21.0,RB0
780.0,-21.0,RB0
780.5,-21.0,RB0
781.0,-21.0,RB0
781.5,-21.0,RB0
782.0,-21.0,RB0
782.5,-21.0,RB0
783.0,-21.0,RB0
783.5,-21.0,RB0
784.0,-21.0,RB0
784.5,-21.0,RB0
785.0,-21.0,RB0
785.5,-21.0,RB0
786.0,-21.0,RB0
786.5,-21.0,RB0
787.0,-21.0,RB0
787.5,-21.0,RB0
788.0,-21.0,RB0
788.5,-21.0,RB0
789.0,-21.0,RB0
789.5,-21.0,RB0
790.0,-21.0,RB0
790.5,-21.0,RB0
791.0,-21.0,RB0
791.5,-21.0,RB0
792.0,-21.0,RB0
792.5,-21.0,RB0
793.0,-21.0,RB0
793.5,-21.0,RB0
794.0,-21.0,RB0
794.5,-21.0,RB0
795.0,-21.0,RB0
795.5,-21.0,RB0
796.0,-21.0,RB0
796.5,-21.0,RB0
797.0,-21.0,RB0
797.5,-21.0,RB0
798.0,-21.0,RB0
798.5,-21.0,RB0
799.0,-21.0,RB0
799.5,-21.0,RB0
800.0,-21.0,RB0
800.5,-21.0,RB0
801.0,-21.0,RB0
801.5,-21.0,RB0
802.0,-21.0,RB0
802.5,-21.0,RB0
803.0,-21.0,RB0
803.5,-21.0,RB0
804.0,-21.0,RB0
804.5,-21.0,RB0
805.0,-21.0,RB0
805.5,-21.0,RB0
806.0,-21.0,RB0
806.5,-21.0,RB0
807.0,-21.0,RB0
807.5,-21.0,RB0
808.0,-21.0,RB0
808.5,-21.0,RB0
809.0,-21.0,RB0
809.5,-21.0,RB0
810.0,-21.0,RB0
810.5,-21.0,RB0
811.0,-21.0,RB0
811.5,-21.0,RB0
812.0,-21.0,RB0
812.5,-21.0,RB0
813.0,-21.0,RB0
813.5,-21.0,RB0
814.0,-21.0,RB0
814.5,-21.0,RB0
815.0,-21.0,RB0
815.5,-21.0,RB0
816.0,-21.0,RB0
816.5,-21.0,RB0
817.0,-21.0,RB0
817.5,-21.0,RB0
818.0,-21.0,RB0
818.5,-21.0,RB0
819.0,-21.0,RB0
819.5,-21.0,RB0
820.0,-21.0,RB0
820.5,-21.0,RB0
821.0,-21.0,RB0
821.5,-21.0,RB0
822.0,-21.0,RB0
822.5,-21.0,RB0
823.0,-21.0,RB0
823.0,-20.5,RB0
823.0,-20.0,RB0
823.0,-19.5,RB0
823.0,-19.0,RB0
823.0,-18.5,RB0
823.0,-18.0,RB0
823.0,-17.5,RB0
823.0,-17.0,RB0
823.0,-16.5,RB0
823.0,-16.0,RB0
823.0,-15.5,RB0
823.0,-15.0,RB0
823.0,-14.5,RB0
823.0,-14.0,RB0
823.0,-13.5,RB0
823.0,-13.0,RB0
823.0,-12.5,RB0
823.0,-12.0,RB0
823.0,-11.5,RB0
823.0,-11.0,RB0
0.0,-31.0,RV0
0.5,-31.0,RV0
1.0,-31.0,RV0
1.5,-31.0,RV0
2.0,-31.0,RV0
2.5,-31.0,RV0
3.0,-31.0,RV0
3.5,-31.0,RV0
4.0,-31.0,RV0
4.5,-31.0,RV0
5.0,-31.0,RV0
5.5,-31.0,RV0
6.0,-31.0,RV0
6.5,-31.0,RV0
7.0,-31.0,RV0
7.5,-31.0,RV0
8.0,-31.0,RV0
8.5,-31.0,RV0
9.0,-31.0,RV0
9.5,-31.0,RV0
10.0,-31.0,RV0
10.5,-31.0,RV0
11.0,-31.0,RV0
11.5,-31.0,RV0
12.0,-31.0,RV0
12.5,-31.0,RV0
13.0,-31.0,RV0
13.5,-31.0,RV0
14.0,-31.0,RV0
14.5,-31.0,RV0
15.0,-31.0,RV0
15.5,-31.0,RV0
16.0,-31.0,RV0
16.5,-31.0,RV0
17.0,-31.0,RV0
17.5,-31.0,RV0
18.0,-31.0,RV0
18.5,-31.0,RV0
19.0,-31.0,RV0
19.5,-31.0,RV0
20.0,-31.0,RV0
20.5,-31.0,RV0
21.0,-31.0,RV0
21.5,-31.0,RV0
22.0,-31.0,RV0
22.5,-31.0,RV0
23.0,-31.0,RV0
23.5,-31.0,RV0
24.0,-31.0,RV0
24.5,-31.0,RV0
25.0,-31.0,RV0
25.5,-31.0,RV0
26.0,-31.0,RV0
26.5,-31.0,RV0
27.0,-31.0,RV0
27.5,-31.0,RV0
28.0,-31.0,RV0
28.5,-31.0,RV0
29.0,-31.0,RV0
29.5,-31.0,RV0
30.0,-31.0,RV0
30.5,-31.0,RV0
31.0,-31.0,RV0
31.5,-31.0,RV0
32.0,-31.0,RV0
32.5,-31.0,RV0
33.0,-31.0,RV0
33.5,-31.0,RV0
34.0,-31.0,RV0
34.5,-31.0,RV0
35.0,-31.0,RV0
35.5,-31.0,RV0
36.0,-31.0,RV0
36.5,-31.0,RV0
37.0,-31.0,RV0
37.5,-31.0,RV0
38.0,-31.0,RV0
38.5,-31.0,RV0
39.0,-31.0,RV0
39.5,-31.0,RV0
40.0,-31.0,RV0
40.5,-31.0,RV0
41.0,-31.0,RV0
41.5,-31.0,RV0
42.0,-31.0,RV0
42.5,-31.0,RV0
43.0,-31.0,RV0
43.5,-31.0,RV0
44.0,-31.0,RV0
44.5,-31.0,RV0
45.0,-31.0,RV0
45.5,-31.0,RV0
46.0,-31.0,RV0
46.5,-31.0,RV0
47.0,-31.0,RV0
47.5,-31.0,RV0
48.0,-31.0,RV0
48.5,-31.0,RV0
49.0,-31.0,RV0
49.5,-31.0,RV0
50.0,-31.0,RV0
50.5,-31.0,RV0
51.0,-31.0,RV0
51.5,-31.0,RV0
52.0,-31.0,RV0
52.5,-31.0,RV0
53.0,-31.0,RV0
53.5,-31.0,RV0
54.0,-31.0,RV0
54.5,-31.0,RV0
55.0,-31.0,RV0
55.5,-31.0,RV0
56.0,-31.0,RV0
56.5,-31.0,RV0
57.0,-31.0,RV0
57.5,-31.0,RV0
58.0,-31.0,RV0
58.5,-31.0,RV0
59.0,-31.0,RV0
59.5,-31.0,RV0
60.0,-31.0,RV0
60.5,-31.0,RV0
61.0,-31.0,RV0
61.5,-31.0,RV0
62.0,-31.0,RV0
62.5,-31.0,RV0
63.0,-31.0,RV0
63.5,-31.0,RV0
64.0,-31.0,RV0
64.5,-31.0,RV0
65.0,-31.0,RV0
65.5,-31.0,RV0
66.0,-31.0,RV0
66.5,-31.0,RV0
67.0,-31.0,RV0
67.5,-31.0,RV0
68.0,-31.0,RV0
68.5,-31.0,RV0
69.0,-31.0,RV0
69.5,-31.0,RV0
70.0,-31.0,RV0
70.5,-31.0,RV0
71.0,-31.0,RV0
71.5,-31.0,RV0
72.0,-31.0,RV0
72.5,-31.0,RV0
73.0,-31.0,RV0
73.5,-31.0,RV0
74.0,-31.0,RV0
74.5,-31.0,RV0
75.0,-31.0,RV0
75.5,-31.0,RV0
76.0,-31.0,RV0
76.5,-31.0,RV0
77.0,-31.0,RV0
77.5,-31.0,RV0
78.0,-31.0,RV0
78.5,-31.0,RV0
79.0,-31.0,RV0
79.5,-31.0,RV0
80.0,-31.0,RV0
80.5,-31.0,RV0
81.0,-31.0,RV0
81.5,-31.0,RV0
82.0,-31.0,RV0
82.5,-31.0,RV0
83.0,-31.0,RV0
83.5,-31.0,RV0
84.0,-31.0,RV0
84.5,-31.0,RV0
85.0,-31.0,RV0
85.5,-31.0,RV0
86.0,-31.0,RV0
86.5,-31.0,RV0
87.0,-31.0,RV0
87.5,-31.0,RV0
88.0,-31.0,RV0
88.5,-31.0,RV0
89.0,-31.0,RV0
89.5,-31.0,RV0
90.0,-31.0,RV0
90.5,-31.0,RV0
91.0,-31.0,RV0
91.5,-31.0,RV0
92.0,-31.0,RV0
92.5,-31.0,RV0
93.0,-31.0,RV0
93.5,-31.0,RV0
94.0,-31.0,RV0
94.5,-31.0,RV0
95.0,-31.0,RV0
95.5,-31.0,RV0
96.0,-31.0,RV0
96.5,-31.0,RV0
97.0,-31.0,RV0
97.5,-31.0,RV0
98.0,-31.0,RV0
98.5,-31.0,RV0
99.0,-31.0,RV0
99.5,-31.0,RV0
100.0,-31.0,RV0
100.5,-31.0,RV0
101.0,-31.0,RV0
101.5,-31.0,RV0
102.0,-31.0,RV0
102.5,-31.0,RV0
103.0,-31.0,RV0
103.5,-31.0,RV0
104.0,-31.0,RV0
104.5,-31.0,RV0
105.0,-31.0,RV0
105.5,-31.0,RV0
106.0,-31.0,RV0
106.5,-31.0,RV0
107.0,-31.0,RV0
107.5,-31.0,RV0
108.0,-31.0,RV0
108.5,-31.0,RV0
109.0,-31.0,RV0
109.5,-31.0,RV0
110.0,-31.0,RV0
110.5,-31.0,RV0
111.0,-31.0,RV0
111.5,-31.0,RV0
112.0,-31.0,RV0
112.5,-31.0,RV0
113.0,-31.0,RV0
113.5,-31.0,RV0
114.0,-31.0,RV0
114.5,-31.0,RV0
115.0,-31.0,RV0
115.5,-31.0,RV0
116.0,-31.0,RV0
116.5,-31.0,RV0
117.0,-31.0,RV0
117.5,-31.0,RV0
118.0,-31.0,RV0
118.5,-31.0,RV0
119.0,-31.0,RV0
119.5,-31.0,RV0
120.0,-31.0,RV0
120.5,-31.0,RV0
121.0,-31.0,RV0
121.5,-31.0,RV0
122.0,-31.0,RV0
122.5,-31.0,RV0
123.0,-31.0,RV0
123.5,-31.0,RV0
124.0,-31.0,RV0
124.5,-31.0,RV0
125.0,-31.0,RV0
125.5,-31.0,RV0
126.0,-31.0,RV0
126.5,-31.0,RV0
127.0,-31.0,RV0
127.5,-31.0,RV0
128.0,-31.0,RV0
128.5,-31.0,RV0
129.0,-31.0,RV0
129.5,-31.0,RV0
130.0,-31.0,RV0
130.5,-31.0,RV0
131.0,-31.0,RV0
131.5,-31.0,RV0
132.0,-31.0,RV0
132.5,-31.0,RV0
133.0,-31.0,RV0
133.5,-31.0,RV0
134.0,-31.0,RV0
134.5,-31.0,RV0
135.0,-31.0,RV0
135.5,-31.0,RV0
136.0,-31.0,RV0
136.5,-31.0,RV0
137.0,-31.0,RV0
137.5,-31.0,RV0
138.0,-31.0,RV0
138.5,-31.0,RV0
139.0,-31.0,RV0
139.5,-31.0,RV0
140.0,-31.0,RV0
140.5,-31.0,RV0
141.0,-31.0,RV0
141.5,-31.0,RV0
142.0,-31.0,RV0
142.5,-31.0,RV0
143.0,-31.0,RV0
143.5,-31.0,RV0
144.0,-31.0,RV0
144.5,-31.0,RV0
145.0,-31.0,RV0
145.5,-31.0,RV0
146.0,-31.0,RV0
146.5,-31.0,RV0
147.0,-31.0,RV0
147.5,-31.0,RV0
148.0,-31.0,RV0
148.5,-31.0,RV0
149.0,-31.0,RV0
149.5,-31.0,RV0
150.0,-31.0,RV0
150.5,-31.0,RV0
151.0,-31.0,RV0
151.5,-31.0,RV0
152.0,-31.0,RV0
152.5,-31.0,RV0
153.0,-31.0,RV0
153.5,-31.0,RV0
154.0,-31.0,RV0
154.5,-31.0,RV0
155.0,-31.0,RV0
155.5,-31.0,RV0
156.0,-31.0,RV0
156.5,-31.0,RV0
157.0,-31.0,RV0
157.5,-31.0,RV0
158.0,-31.0,RV0
158.5,-31.0,RV0
159.0,-31.0,RV0
159.5,-31.0,RV0
160.0,-31.0,RV0
160.5,-31.0,RV0
161.0,-31.0,RV0
161.5,-31.0,RV0
162.0,-31.0,RV0
162.5,-31.0,RV0
163.0,-31.0,RV0
163.5,-31.0,RV0
164.0,-31.0,RV0
164.5,-31.0,RV0
165.0,-31.0,RV0
165.5,-31.0,RV0
166.0,-31.0,RV0
166.5,-31.0,RV0
167.0,-31.0,RV0
167.5,-31.0,RV0
168.0,-31.0,RV0
168.5,-31.0,RV0
169.0,-31.0,RV0
169.5,-31.0,RV0
170.0,-31.0,RV0
170.5,-31.0,RV0
171.0,-31.0,RV0
171.5,-31.0,RV0
172.0,-31.0,RV0
172.5,-31.0,RV0
173.0,-31.0,RV0
173.5,-31.0,RV0
174.0,-31.0,RV0
174.5,-31.0,RV0
175.0,-31.0,RV0
175.5,-31.0,RV0
176.0,-31.0,RV0
176.5,-31.0,RV0
177.0,-31.0,RV0
177.5,-31.0,RV0
178.0,-31.0,RV0
178.5,-31.0,RV0
179.0,-31.0,RV0
179.5,-31.0,RV0
180.0,-31.0,RV0
180.5,-31.0,RV0
181.0,-31.0,RV0
181.5,-31.0,RV0
182.0,-31.0,RV0
182.5,-31.0,RV0
183.0,-31.0,RV0
183.5,-31.0,RV0
184.0,-31.0,RV0
184.5,-31.0,RV0
185.0,-31.0,RV0
185.5,-31.0,RV0
186.0,-31.0,RV0
186.5,-31.0,RV0
187.0,-31.0,RV0
187.5,-31.0,RV0
188.0,-31.0,RV0
188.5,-31.0,RV0
189.0,-31.0,RV0
189.5,-31.0,RV0
190.0,-31.0,RV0
190.5,-31.0,RV0
191.0,-31.0,RV0
191.5,-31.0,RV0
192.0,-31.0,RV0
192.5,-31.0,RV0
193.0,-31.0,RV0
193.5,-31.0,RV0
194.0,-31.0,RV0
194.5,-31.0,RV0
195.0,-31.0,RV0
195.5,-31.0,RV0
196.0,-31.0,RV0
196.5,-31.0,RV0
197.0,-31.0,RV0
197.5,-31.0,RV0
198.0,-31.0,RV0
198.5,-31.0,RV0
199.0,-31.0,RV0
199.5,-31.0,RV0
200.0,-31.0,RV0
200.5,-31.0,RV0
201.0,-31.0,RV0
201.5,-31.0,RV0
202.0,-31.0,RV0
202.5,-31.0,RV0
203.0,-31.0,RV0
203.5,-31.0,RV0
204.0,-31.0,RV0
204.5,-31.0,RV0
205.0,-31.0,RV0
205.5,-31.0,RV0
206.0,-31.0,RV0
206.5,-31.0,RV0
207.0,-31.0,RV0
207.5,-31.0,RV0
208.0,-31.0,RV0
208.5,-31.0,RV0
209.0,-31.0,RV0
209.5,-31.0,RV0
210.0,-31.0,RV0
210.5,-31.0,RV0
211.0,-31.0,RV0
211.5,-31.0,RV0
212.0,-31.0,RV0
212.5,-31.0,RV0
213.0,-31.0,RV0
213.5,-31.0,RV0
214.0,-31.0,RV0
214.5,-31.0,RV0
215.0,-31.0,RV0
215.5,-31.0,RV0
216.0,-31.0,RV0
216.5,-31.0,RV0
217.0,-31.0,RV0
217.5,-31.0,RV0
218.0,-31.0,RV0
218.5,-31.0,RV0
219.0,-31.0,RV0
219.5,-31.0,RV0
220.0,-31.0,RV0
220.5,-31.0,RV0
221.0,-31.0,RV0
221.5,-31.0,RV0
222.0,-31.0,RV0
222.5,-31.0,RV0
223.0,-31.0,RV0
223.5,-31.0,RV0
224.0,-31.0,RV0
224.5,-31.0,RV0
225.0,-31.0,RV0
225.5,-31.0,RV0
226.0,-31.0,RV0
226.5,-31.0,RV0
227.0,-31.0,RV0
227.5,-31.0,RV0
228.0,-31.0,RV0
228.5,-31.0,RV0
229.0,-31.0,RV0
229.5,-31.0,RV0
230.0,-31.0,RV0
230.5,-31.0,RV0
231.0,-31.0,RV0
231.5,-31.0,RV0
232.0,-31.0,RV0
232.5,-31.0,RV0
233.0,-31.0,RV0
233.5,-31.0,RV0
234.0,-31.0,RV0
234.5,-31.0,RV0
235.0,-31.0,RV0
235.5,-31.0,RV0
236.0,-31.0,RV0
236.5,-31.0,RV0
237.0,-31.0,RV0
237.5,-31.0,RV0
238.0,-31.0,RV0
238.5,-31.0,RV0
239.0,-31.0,RV0
239.5,-31.0,RV0
240.0,-31.0,RV0
240.5,-31.0,RV0
241.0,-31.0,RV0
241.5,-31.0,RV0
242.0,-31.0,RV0
242.5,-31.0,RV0
243.0,-31.0,RV0
243.5,-31.0,RV0
244.0,-31.0,RV0
244.5,-31.0,RV0
245.0,-31.0,RV0
245.5,-31.0,RV0
246.0,-31.0,RV0
246.5,-31.0,RV0
247.0,-31.0,RV0
247.5,-31.0,RV0
248.0,-31.0,RV0
248.5,-31.0,RV0
249.0,-31.0,RV0
249.5,-31.0,RV0
250.0,-31.0,RV0
250.5,-31.0,RV0
251.0,-31.0,RV0
251.5,-31.0,RV0
252.0,-31.0,RV0
252.5,-31.0,RV0
253.0,-31.0,RV0
253.5,-31.0,RV0
254.0,-31.0,RV0
254.5,-31.0,RV0
255.0,-31.0,RV0
255.5,-31.0,RV0
256.0,-31.0,RV0
256.5,-31.0,RV0
257.0,-31.0,RV0
257.5,-31.0,RV0
258.0,-31.0,RV0
258.5,-31.0,RV0
259.0,-31.0,RV0
259.5,-31.0,RV0
260.0,-31.0,RV0
260.5,-31.0,RV0
261.0,-31.0,RV0
261.5,-31.0,RV0
262.0,-31.0,RV0
262.5,-31.0,RV0
263.0,-31.0,RV0
263.5,-31.0,RV0
264.0,-31.0,RV0
264.5,-31.0,RV0
265.0,-31.0,RV0
265.5,-31.0,RV0
266.0,-31.0,RV0
266.5,-31.0,RV0
267.0,-31.0,RV0
267.5,-31.0,RV0
268.0,-31.0,RV0
268.5,-31.0,RV0
269.0,-31.0,RV0
269.5,-31.0,RV0
270.0,-31.0,RV0
270.5,-31.0,RV0
271.0,-31.0,RV0
271.5,-31.0,RV0
272.0,-31.0,RV0
272.5,-31.0,RV0
273.0,-31.0,RV0
273.5,-31.0,RV0
274.0,-31.0,RV0
274.5,-31.0,RV0
275.0,-31.0,RV0
275.5,-31.0,RV0
276.0,-31.0,RV0
276.5,-31.0,RV0
277.0,-31.0,RV0
277.5,-31.0,RV0
278.0,-31.0,RV0
278.5,-31.0,RV0
279.0,-31.0,RV0
279.5,-31.0,RV0
280.0,-31.0,RV0
280.5,-31.0,RV0
281.0,-31.0,RV0
281.5,-31.0,RV0
282.0,-31.0,RV0
282.5,-31.0,RV0
283.0,-31.0,RV0
283.5,-31.0,RV0
284.0,-31.0,RV0
284.5,-31.0,RV0
285.0,-31.0,RV0
285.5,-31.0,RV0
286.0,-31.0,RV0
286.5,-31.0,RV0
287.0,-31.0,RV0
287.5,-31.0,RV0
288.0,-31.0,RV0
288.5,-31.0,RV0
289.0,-31.0,RV0
289.5,-31.0,RV0
290.0,-31.0,RV0
290.5,-31.0,RV0
291.0,-31.0,RV0
291.5,-31.0,RV0
292.0,-31.0,RV0
292.5,-31.0,RV0
293.0,-31.0,RV0
293.5,-31.0,RV0
294.0,-31.0,RV0
294.5,-31.0,RV0
295.0,-31.0,RV0
295.5,-31.0,RV0
296.0,-31.0,RV0
296.5,-31.0,RV0
297.0,-31.0,RV0
297.5,-31.0,RV0
298.0,-31.0,RV0
298.5,-31.0,RV0
299.0,-31.0,RV0
299.5,-31.0,RV0
300.0,-31.0,RV0
300.5,-31.0,RV0
301.0,-31.0,RV0
301.5,-31.0,RV0
302.0,-31.0,RV0
302.5,-31.0,RV0
303.0,-31.0,RV0
303.5,-31.0,RV0
304.0,-31.0,RV0
304.5,-31.0,RV0
305.0,-31.0,RV0
305.5,-31.0,RV0
306.0,-31.0,RV0
306.5,-31.0,RV0
307.0,-31.0,RV0
307.5,-31.0,RV0
308.0,-31.0,RV0
308.5,-31.0,RV0
309.0,-31.0,RV0
309.5,-31.0,RV0
310.0,-31.0,RV0
310.5,-31.0,RV0
311.0,-31.0,RV0
311.5,-31.0,RV0
312.0,-31.0,RV0
312.5,-31.0,RV0
313.0,-31.0,RV0
313.5,-31.0,RV0
314.0,-31.0,RV0
314.5,-31.0,RV0
315.0,-31.0,RV0
315.5,-31.0,RV0
316.0,-31.0,RV0
316.5,-31.0,RV0
317.0,-31.0,RV0
317.5,-31.0,RV0
318.0,-31.0,RV0
318.5,-31.0,RV0
319.0,-31.0,RV0
319.5,-31.0,RV0
320.0,-31.0,RV0
320.5,-31.0,RV0
321.0,-31.0,RV0
321.5,-31.0,RV0
322.0,-31.0,RV0
322.5,-31.0,RV0
323.0,-31.0,RV0
323.5,-31.0,RV0
324.0,-31.0,RV0
324.5,-31.0,RV0
325.0,-31.0,RV0
325.5,-31.0,RV0
326.0,-31.0,RV0
326.5,-31.0,RV0
327.0,-31.0,RV0
327.5,-31.0,RV0
328.0,-31.0,RV0
328.5,-31.0,RV0
329.0,-31.0,RV0
329.5,-31.0,RV0
330.0,-31.0,RV0
330.5,-31.0,RV0
331.0,-31.0,RV0
331.5,-31.0,RV0
332.0,-31.0,RV0
332.5,-31.0,RV0
333.0,-31.0,RV0
333.5,-31.0,RV0
334.0,-31.0,RV0
334.5,-31.0,RV0
335.0,-31.0,RV0
335.5,-31.0,RV0
336.0,-31.0,RV0
336.5,-31.0,RV0
337.0,-31.0,RV0
337.5,-31.0,RV0
338.0,-31.0,RV0
338.5,-31.0,RV0
339.0,-31.0,RV0
339.5,-31.0,RV0
340.0,-31.0,RV0
340.5,-31.0,RV0
341.0,-31.0,RV0
341.5,-31.0,RV0
342.0,-31.0,RV0
342.5,-31.0,RV0
343.0,-31.0,RV0
343.5,-31.0,RV0
344.0,-31.0,RV0
344.5,-31.0,RV0
345.0,-31.0,RV0
345.5,-31.0,RV0
346.0,-31.0,RV0
346.5,-31.0,RV0
347.0,-31.0,RV0
347.5,-31.0,RV0
348.0,-31.0,RV0
348.5,-31.0,RV0
349.0,-31.0,RV0
349.5,-31.0,RV0
350.0,-31.0,RV0
350.5,-31.0,RV0
351.0,-31.0,RV0
351.5,-31.0,RV0
352.0,-31.0,RV0
352.5,-31.0,RV0
353.0,-31.0,RV0
353.5,-31.0,RV0
354.0,-31.0,RV0
354.5,-31.0,RV0
355.0,-31.0,RV0
355.5,-31.0,RV0
356.0,-31.0,RV0
356.5,-31.0,RV0
357.0,-31.0,RV0
357.5,-31.0,RV0
358.0,-31.0,RV0
358.5,-31.0,RV0
359.0,-31.0,RV0
359.5,-31.0,RV0
360.0,-31.0,RV0
360.5,-31.0,RV0
361.0,-31.0,RV0
361.5,-31.0,RV0
362.0,-31.0,RV0
362.5,-31.0,RV0
363.0,-31.0,RV0
363.5,-31.0,RV0
364.0,-31.0,RV0
364.5,-31.0,RV0
365.0,-31.0,RV0
365.5,-31.0,RV0
366.0,-31.0,RV0
366.5,-31.0,RV0
367.0,-31.0,RV0
367.5,-31.0,RV0
368.0,-31.0,RV0
368.5,-31.0,RV0
369.0,-31.0,RV0
369.5,-31.0,RV0
370.0,-31.0,RV0
370.5,-31.0,RV0
371.0,-31.0,RV0
371.5,-31.0,RV0
372.0,-31.0,RV0
372.5,-31.0,RV0
373.0,-31.0,RV0
373.5,-31.0,RV0
374.0,-31.0,RV0
374.5,-31.0,RV0
375.0,-31.0,RV0
375.5,-31.0,RV0
376.0,-31.0,RV0
376.5,-31.0,RV0
377.0,-31.0,RV0
377.5,-31.0,RV0
378.0,-31.0,RV0
378.5,-31.0,RV0
379.0,-31.0,RV0
379.5,-31.0,RV0
380.0,-31.0,RV0
380.5,-31.0,RV0
381.0,-31.0,RV0
381.5,-31.0,RV0
382.0,-31.0,RV0
382.5,-31.0,RV0
383.0,-31.0,RV0
383.5,-31.0,RV0
384.0,-31.0,RV0
384.5,-31.0,RV0
385.0,-31.0,RV0
385.5,-31.0,RV0
386.0,-31.0,RV0
386.5,-31.0,RV0
387.0,-31.0,RV0
387.5,-31.0,RV0
388.0,-31.0,RV0
388.5,-31.0,RV0
389.0,-31.0,RV0
389.5,-31.0,RV0
390.0,-31.0,RV0
390.5,-31.0,RV0
391.0,-31.0,RV0
391.5,-31.0,RV0
392.0,-31.0,RV0
392.5,-31.0,RV0
393.0,-31.0,RV0
393.5,-31.0,RV0
394.0,-31.0,RV0
394.5,-31.0,RV0
395.0,-31.0,RV0
395.5,-31.0,RV0
396.0,-31.0,RV0
396.5,-31.0,RV0
397.0,-31.0,RV0
397.5,-31.0,RV0
398.0,-31.0,RV0
398.5,-31.0,RV0
399.0,-31.0,RV0
399.5,-31.0,RV0
400.0,-31.0,RV0
400.5,-31.0,RV0
401.0,-31.0,RV0
401.5,-31.0,RV0
402.0,-31.0,RV0
402.5,-31.0,RV0
403.0,-31.0,RV0
403.5,-31.0,RV0
404.0,-31.0,RV0
404.5,-31.0,RV0
405.0,-31.0,RV0
405.5,-31.0,RV0
406.0,-31.0,RV0
406.5,-31.0,RV0
407.0,-31.0,RV0
407.5,-31.0,RV0
408.0,-31.0,RV0
408.5,-31.0,RV0
409.0,-31.0,RV0
409.5,-31.0,RV0
410.0,-31.0,RV0
410.5,-31.0,RV0
411.0,-31.0,RV0
411.5,-31.0,RV0
412.0,-31.0,RV0
412.5,-31.0,RV0
413.0,-31.0,RV0
413.5,-31.0,RV0
414.0,-31.0,RV0
414.5,-31.0,RV0
415.0,-31.0,RV0
415.5,-31.0,RV0
416.0,-31.0,RV0
416.5,-31.0,RV0
417.0,-31.0,RV0
417.5,-31.0,RV0
418.0,-31.0,RV0
418.5,-31.0,RV0
419.0,-31.0,RV0
419.5,-31.0,RV0
420.0,-31.0,RV0
420.5,-31.0,RV0
421.0,-31.0,RV0
421.5,-31.0,RV0
422.0,-31.0,RV0
422.5,-31.0,RV0
423.0,-31.0,RV0
423.5,-31.0,RV0
424.0,-31.0,RV0
424.5,-31.0,RV0
425.0,-31.0,RV0
425.5,-31.0,RV0
426.0,-31.0,RV0
426.5,-31.0,RV0
427.0,-31.0,RV0
427.5,-31.0,RV0
428.0,-31.0,RV0
428.5,-31.0,RV0
429.0,-31.0,RV0
429.5,-31.0,RV0
430.0,-31.0,RV0
430.5,-31.0,RV0
431.0,-31.0,RV0
431.5,-31.0,RV0
432.0,-31.0,RV0
432.5,-31.0,RV0
433.0,-31.0,RV0
433.5,-31.0,RV0
434.0,-31.0,RV0
434.5,-31.0,RV0
435.0,-31.0,RV0
435.5,-31.0,RV0
436.0,-31.0,RV0
436.5,-31.0,RV0
437.0,-31.0,RV0
437.5,-31.0,RV0
438.0,-31.0,RV0
438.5,-31.0,RV0
439.0,-31.0,RV0
439.5,-31.0,RV0
440.0,-31.0,RV0
440.5,-31.0,RV0
441.0,-31.0,RV0
441.5,-31.0,RV0
442.0,-31.0,RV0
442.5,-31.0,RV0
443.0,-31.0,RV0
443.5,-31.0,RV0
444.0,-31.0,RV0
444.5,-31.0,RV0
445.0,-31.0,RV0
445.5,-31.0,RV0
446.0,-31.0,RV0
446.5,-31.0,RV0
447.0,-31.0,RV0
447.5,-31.0,RV0
448.0,-31.0,RV0
448.5,-31.0,RV0
449.0,-31.0,RV0
449.5,-31.0,RV0
450.0,-31.0,RV0
450.5,-31.0,RV0
451.0,-31.0,RV0
451.5,-31.0,RV0
452.0,-31.0,RV0
452.5,-31.0,RV0
453.0,-31.0,RV0
453.5,-31.0,RV0
454.0,-31.0,RV0
454.5,-31.0,RV0
455.0,-31.0,RV0
455.5,-31.0,RV0
456.0,-31.0,RV0
456.5,-31.0,RV0
457.0,-31.0,RV0
457.5,-31.0,RV0
458.0,-31.0,RV0
458.5,-31.0,RV0
459.0,-31.0,RV0
459.5,-31.0,RV0
460.0,-31.0,RV0
460.5,-31.0,RV0
461.0,-31.0,RV0
461.5,-31.0,RV0
462.0,-31.0,RV0
462.5,-31.0,RV0
463.0,-31.0,RV0
463.5,-31.0,RV0
464.0,-31.0,RV0
464.5,-31.0,RV0
465.0,-31.0,RV0
465.5,-31.0,RV0
466.0,-31.0,RV0
466.5,-31.0,RV0
467.0,-31.0,RV0
467.5,-31.0,RV0
468.0,-31.0,RV0
468.5,-31.0,RV0
469.0,-31.0,RV0
469.5,-31.0,RV0
470.0,-31.0,RV0
470.5,-31.0,RV0
471.0,-31.0,RV0
471.5,-31.0,RV0
472.0,-31.0,RV0
472.5,-31.0,RV0
473.0,-31.0,RV0
473.5,-31.0,RV0
474.0,-31.0,RV0
474.5,-31.0,RV0
475.0,-31.0,RV0
475.5,-31.0,RV0
476.0,-31.0,RV0
476.5,-31.0,RV0
477.0,-31.0,RV0
477.5,-31.0,RV0
478.0,-31.0,RV0
478.5,-31.0,RV0
479.0,-31.0,RV0
479.5,-31.0,RV0
480.0,-31.0,RV0
480.5,-31.0,RV0
481.0,-31.0,RV0
481.5,-31.0,RV0
482.0,-31.0,RV0
482.5,-31.0,RV0
483.0,-31.0,RV0
483.5,-31.0,RV0
484.0,-31.0,RV0
484.5,-31.0,RV0
485.0,-31.0,RV0
485.5,-31.0,RV0
486.0,-31.0,RV0
486.5,-31.0,RV0
487.0,-31.0,RV0
487.5,-31.0,RV0
488.0,-31.0,RV0
488.5,-31.0,RV0
489.0,-31.0,RV0
489.5,-31.0,RV0
490.0,-31.0,RV0
490.5,-31.0,RV0
491.0,-31.0,RV0
491.5,-31.0,RV0
492.0,-31.0,RV0
492.5,-31.0,RV0
493.0,-31.0,RV0
493.5,-31.0,RV0
494.0,-31.0,RV0
494.5,-31.0,RV0
495.0,-31.0,RV0
495.5,-31.0,RV0
496.0,-31.0,RV0
496.5,-31.0,RV0
497.0,-31.0,RV0
497.5,-31.0,RV0
498.0,-31.0,RV0
498.5,-31.0,RV0
499.0,-31.0,RV0
499.5,-31.0,RV0
500.0,-31.0,RV0
500.5,-31.0,RV0
501.0,-31.0,RV0
501.5,-31.0,RV0
502.0,-31.0,RV0
502.5,-31.0,RV0
503.0,-31.0,RV0
503.5,-31.0,RV0
504.0,-31.0,RV0
504.5,-31.0,RV0
505.0,-31.0,RV0
505.5,-31.0,RV0
506.0,-31.0,RV0
506.5,-31.0,RV0
507.0,-31.0,RV0
507.5,-31.0,RV0
508.0,-31.0,RV0
508.5,-31.0,RV0
509.0,-31.0,RV0
509.5,-31.0,RV0
510.0,-31.0,RV0
510.5,-31.0,RV0
511.0,-31.0,RV0
511.5,-31.0,RV0
512.0,-31.0,RV0
512.5,-31.0,RV0
513.0,-31.0,RV0
513.5,-31.0,RV0
514.0,-31.0,RV0
514.5,-31.0,RV0
515.0,-31.0,RV0
515.5,-31.0,RV0
516.0,-31.0,RV0
516.5,-31.0,RV0
517.0,-31.0,RV0
517.5,-31.0,RV0
518.0,-31.0,RV0
518.5,-31.0,RV0
519.0,-31.0,RV0
519.5,-31.0,RV0
520.0,-31.0,RV0
520.5,-31.0,RV0
521.0,-31.0,RV0
521.5,-31.0,RV0
522.0,-31.0,RV0
522.5,-31.0,RV0
523.0,-31.0,RV0
523.5,-31.0,RV0
524.0,-31.0,RV0
524.5,-31.0,RV0
525.0,-31.0,RV0
525.5,-31.0,RV0
526.0,-31.0,RV0
526.5,-31.0,RV0
527.0,-31.0,RV0
527.5,-31.0,RV0
528.0,-31.0,RV0
528.5,-31.0,RV0
529.0,-31.0,RV0
529.5,-31.0,RV0
530.0,-31.0,RV0
530.5,-31.0,RV0
531.0,-31.0,RV0
531.5,-31.0,RV0
532.0,-31.0,RV0
532.5,-31.0,RV0
533.0,-31.0,RV0
533.5,-31.0,RV0
534.0,-31.0,RV0
534.5,-31.0,RV0
535.0,-31.0,RV0
535.5,-31.0,RV0
536.0,-31.0,RV0
536.5,-31.0,RV0
537.0,-31.0,RV0
537.5,-31.0,RV0
538.0,-31.0,RV0
538.5,-31.0,RV0
539.0,-31.0,RV0
539.5,-31.0,RV0
540.0,-31.0,RV0
540.5,-31.0,RV0
541.0,-31.0,RV0
541.5,-31.0,RV0
542.0,-31.0,RV0
542.5,-31.0,RV0
543.0,-31.0,RV0
543.5,-31.0,RV0
544.0,-31.0,RV0
544.5,-31.0,RV0
545.0,-31.0,RV0
545.5,-31.0,RV0
546.0,-31.0,RV0
546.5,-31.0,RV0
547.0,-31.0,RV0
547.5,-31.0,RV0
548.0,-31.0,RV0
548.5,-31.0,RV0
549.0,-31.0,RV0
549.5,-31.0,RV0
550.0,-31.0,RV0
550.5,-31.0,RV0
551.0,-31.0,RV0
551.5,-31.0,RV0
552.0,-31.0,RV0
552.5,-31.0,RV0
553.0,-31.0,RV0
553.5,-31.0,RV0
554.0,-31.0,RV0
554.5,-31.0,RV0
555.0,-31.0,RV0
555.5,-31.0,RV0
556.0,-31.0,RV0
556.5,-31.0,RV0
557.0,-31.0,RV0
557.5,-31.0,RV0
558.0,-31.0,RV0
558.5,-31.0,RV0
559.0,-31.0,RV0
559.5,-31.0,RV0
560.0,-31.0,RV0
560.5,-31.0,RV0
561.0,-31.0,RV0
561.5,-31.0,RV0
562.0,-31.0,RV0
562.5,-31.0,RV0
563.0,-31.0,RV0
563.5,-31.0,RV0
564.0,-31.0,RV0
564.5,-31.0,RV0
565.0,-31.0,RV0
565.5,-31.0,RV0
566.0,-31.0,RV0
566.5,-31.0,RV0
567.0,-31.0,RV0
567.5,-31.0,RV0
568.0,-31.0,RV0
568.5,-31.0,RV0
569.0,-31.0,RV0
569.5,-31.0,RV0
570.0,-31.0,RV0
570.5,-31.0,RV0
571.0,-31.0,RV0
571.5,-31.0,RV0
572.0,-31.0,RV0
572.5,-31.0,RV0
573.0,-31.0,RV0
573.5,-31.0,RV0
574.0,-31.0,RV0
574.5,-31.0,RV0
575.0,-31.0,RV0
575.5,-31.0,RV0
576.0,-31.0,RV0
576.5,-31.0,RV0
577.0,-31.0,RV0
577.5,-31.0,RV0
578.0,-31.0,RV0
578.5,-31.0,RV0
579.0,-31.0,RV0
579.5,-31.0,RV0
580.0,-31.0,RV0
580.5,-31.0,RV0
581.0,-31.0,RV0
581.5,-31.0,RV0
582.0,-31.0,RV0
582.5,-31.0,RV0
583.0,-31.0,RV0
583.5,-31.0,RV0
584.0,-31.0,RV0
584.5,-31.0,RV0
585.0,-31.0,RV0
585.5,-31.0,RV0
586.0,-31.0,RV0
586.5,-31.0,RV0
587.0,-31.0,RV0
587.5,-31.0,RV0
588.0,-31.0,RV0
588.5,-31.0,RV0
589.0,-31.0,RV0
589.5,-31.0,RV0
590.0,-31.0,RV0
590.5,-31.0,RV0
591.0,-31.0,RV0
591.5,-31.0,RV0
592.0,-31.0,RV0
592.5,-31.0,RV0
593.0,-31.0,RV0
593.5,-31.0,RV0
594.0,-31.0,RV0
594.5,-31.0,RV0
595.0,-31.0,RV0
595.5,-31.0,RV0
596.0,-31.0,RV0
596.5,-31.0,RV0
597.0,-31.0,RV0
597.5,-31.0,RV0
598.0,-31.0,RV0
598.5,-31.0,RV0
599.0,-31.0,RV0
599.5,-31.0,RV0
600.0,-31.0,RV0
600.5,-31.0,RV0
601.0,-31.0,RV0
601.5,-31.0,RV0
602.0,-31.0,RV0
602.5,-31.0,RV0
603.0,-31.0,RV0
603.5,-31.0,RV0
604.0,-31.0,RV0
604.5,-31.0,RV0
605.0,-31.0,RV0
605.5,-31.0,RV0
606.0,-31.0,RV0
606.5,-31.0,RV0
607.0,-31.0,RV0
607.5,-31.0,RV0
608.0,-31.0,RV0
608.5,-31.0,RV0
609.0,-31.0,RV0
609.5,-31.0,RV0
610.0,-31.0,RV0
610.5,-31.0,RV0
611.0,-31.0,RV0
611.5,-31.0,RV0
612.0,-31.0,RV0
612.5,-31.0,RV0
613.0,-31.0,RV0
613.5,-31.0,RV0
614.0,-31.0,RV0
614.5,-31.0,RV0
615.0,-31.0,RV0
615.5,-31.0,RV0
616.0,-31.0,RV0
616.5,-31.0,RV0
617.0,-31.0,RV0
617.5,-31.0,RV0
618.0,-31.0,RV0
618.5,-31.0,RV0
619.0,-31.0,RV0
619.5,-31.0,RV0
620.0,-31.0,RV0
620.5,-31.0,RV0
621.0,-31.0,RV0
621.5,-31.0,RV0
622.0,-31.0,RV0
622.5,-31.0,RV0
623.0,-31.0,RV0
623.5,-31.0,RV0
624.0,-31.0,RV0
624.5,-31.0,RV0
625.0,-31.0,RV0
625.5,-31.0,RV0
626.0,-31.0,RV0
626.5,-31.0,RV0
627.0,-31.0,RV0
627.5,-31.0,RV0
628.0,-31.0,RV0
628.5,-31.0,RV0
629.0,-31.0,RV0
629.5,-31.0,RV0
630.0,-31.0,RV0
630.5,-31.0,RV0
631.0,-31.0,RV0
631.5,-31.0,RV0
632.0,-31.0,RV0
632.5,-31.0,RV0
633.0,-31.0,RV0
633.5,-31.0,RV0
634.0,-31.0,RV0
634.5,-31.0,RV0
635.0,-31.0,RV0
635.5,-31.0,RV0
636.0,-31.0,RV0
636.5,-31.0,RV0
637.0,-31.0,RV0
637.5,-31.0,RV0
638.0,-31.0,RV0
638.5,-31.0,RV0
639.0,-31.0,RV0
639.5,-31.0,RV0
640.0,-31.0,RV0
640.5,-31.0,RV0
641.0,-31.0,RV0
641.5,-31.0,RV0
642.0,-31.0,RV0
642.5,-31.0,RV0
643.0,-31.0,RV0
643.5,-31.0,RV0
644.0,-31.0,RV0
644.5,-31.0,RV0
645.0,-31.0,RV0
645.5,-31.0,RV0
646.0,-31.0,RV0
646.5,-31.0,RV0
647.0,-31.0,RV0
647.5,-31.0,RV0
648.0,-31.0,RV0
648.5,-31.0,RV0
649.0,-31.0,RV0
649.5,-31.0,RV0
650.0,-31.0,RV0
650.5,-31.0,RV0
651.0,-31.0,RV0
651.5,-31.0,RV0
652.0,-31.0,RV0
652.5,-31.0,RV0
653.0,-31.0,RV0
653.5,-31.0,RV0
654.0,-31.0,RV0
654.5,-31.0,RV0
655.0,-31.0,RV0
655.5,-31.0,RV0
656.0,-31.0,RV0
656.5,-31.0,RV0
657.0,-31.0,RV0
657.5,-31.0,RV0
658.0,-31.0,RV0
658.5,-31.0,RV0
659.0,-31.0,RV0
659.5,-31.0,RV0
660.0,-31.0,RV0
660.5,-31.0,RV0
661.0,-31.0,RV0
661.5,-31.0,RV0
662.0,-31.0,RV0
662.5,-31.0,RV0
663.0,-31.0,RV0
663.5,-31.0,RV0
664.0,-31.0,RV0
664.5,-31.0,RV0
665.0,-31.0,RV0
665.5,-31.0,RV0
666.0,-31.0,RV0
666.5,-31.0,RV0
667.0,-31.0,RV0
667.5,-31.0,RV0
668.0,-31.0,RV0
668.5,-31.0,RV0
669.0,-31.0,RV0
669.5,-31.0,RV0
670.0,-31.0,RV0
670.5,-31.0,RV0
671.0,-31.0,RV0
671.5,-31.0,RV0
672.0,-31.0,RV0
672.5,-31.0,RV0
673.0,-31.0,RV0
673.5,-31.0,RV0
674.0,-31.0,RV0
674.5,-31.0,RV0
675.0,-31.0,RV0
675.5,-31.0,RV0
676.0,-31.0,RV0
676.5,-31.0,RV0
677.0,-31.0,RV0
677.5,-31.0,RV0
678.0,-31.0,RV0
678.5,-31.0,RV0
679.0,-31.0,RV0
679.5,-31.0,RV0
680.0,-31.0,RV0
680.5,-31.0,RV0
681.0,-31.0,RV0
681.5,-31.0,RV0
682.0,-31.0,RV0
682.5,-31.0,RV0
683.0,-31.0,RV0
683.5,-31.0,RV0
684.0,-31.0,RV0
684.5,-31.0,RV0
685.0,-31.0,RV0
685.5,-31.0,RV0
686.0,-31.0,RV0
686.5,-31.0,RV0
687.0,-31.0,RV0
687.5,-31.0,RV0
688.0,-31.0,RV0
688.5,-31.0,RV0
689.0,-31.0,RV0
689.5,-31.0,RV0
690.0,-31.0,RV0
690.5,-31.0,RV0
691.0,-31.0,RV0
691.5,-31.0,RV0
692.0,-31.0,RV0
692.5,-31.0,RV0
693.0,-31.0,RV0
693.5,-31.0,RV0
694.0,-31.0,RV0
694.5,-31.0,RV0
695.0,-31.0,RV0
695.5,-31.0,RV0
696.0,-31.0,RV0
696.5,-31.0,RV0
697.0,-31.0,RV0
697.5,-31.0,RV0
698.0,-31.0,RV0
698.5,-31.0,RV0
699.0,-31.0,RV0
699.5,-31.0,RV0
700.0,-31.0,RV0
700.5,-31.0,RV0
701.0,-31.0,RV0
701.5,-31.0,RV0
702.0,-31.0,RV0
702.5,-31.0,RV0
703.0,-31.0,RV0
703.5,-31.0,RV0
704.0,-31.0,RV0
704.5,-31.0,RV0
705.0,-31.0,RV0
705.5,-31.0,RV0
706.0,-31.0,RV0
706.5,-31.0,RV0
707.0,-31.0,RV0
707.5,-31.0,RV0
708.0,-31.0,RV0
708.5,-31.0,RV0
709.0,-31.0,RV0
709.5,-31.0,RV0
710.0,-31.0,RV0
710.5,-31.0,RV0
711.0,-31.0,RV0
711.5,-31.0,RV0
712.0,-31.0,RV0
712.5,-31.0,RV0
713.0,-31.0,RV0
713.5,-31.0,RV0
714.0,-31.0,RV0
714.5,-31.0,RV0
715.0,-31.0,RV0
715.5,-31.0,RV0
716.0,-31.0,RV0
716.5,-31.0,RV0
717.0,-31.0,RV0
717.5,-31.0,RV0
718.0,-31.0,RV0
718.5,-31.0,RV0
719.0,-31.0,RV0
719.5,-31.0,RV0
720.0,-31.0,RV0
720.5,-31.0,RV0
721.0,-31.0,RV0
721.5,-31.0,RV0
722.0,-31.0,RV0
722.5,-31.0,RV0
723.0,-31.0,RV0
723.5,-31.0,RV0
724.0,-31.0,RV0
724.5,-31.0,RV0
725.0,-31.0,RV0
725.5,-31.0,RV0
726.0,-31.0,RV0
726.5,-31.0,RV0
727.0,-31.0,RV0
727.5,-31.0,RV0
728.0,-31.0,RV0
728.5,-31.0,RV0
729.0,-31.0,RV0
729.5,-31.0,RV0
730.0,-31.0,RV0
730.5,-31.0,RV0
731.0,-31.0,RV0
731.5,-31.0,RV0
732.0,-31.0,RV0
732.5,-31.0,RV0
733.0,-31.0,RV0
733.5,-31.0,RV0
734.0,-31.0,RV0
734.5,-31.0,RV0
735.0,-31.0,RV0
735.5,-31.0,RV0
736.0,-31.0,RV0
736.5,-31.0,RV0
737.0,-31.0,RV0
737.5,-31.0,RV0
738.0,-31.0,RV0
738.5,-31.0,RV0
739.0,-31.0,RV0
739.5,-31.0,RV0
740.0,-31.0,RV0
740.5,-31.0,RV0
741.0,-31.0,RV0
741.5,-31.0,RV0
742.0,-31.0,RV0
742.5,-31.0,RV0
743.0,-31.0,RV0
743.5,-31.0,RV0
744.0,-31.0,RV0
744.5,-31.0,RV0
745.0,-31.0,RV0
745.5,-31.0,RV0
746.0,-31.0,RV0
746.5,-31.0,RV0
747.0,-31.0,RV0
747.5,-31.0,RV0
748.0,-31.0,RV0
748.5,-31.0,RV0
749.0,-31.0,RV0
749.5,-31.0,RV0
750.0,-31.0,RV0
750.5,-31.0,RV0
751.0,-31.0,RV0
751.5,-31.0,RV0
752.0,-31.0,RV0
752.5,-31.0,RV0
753.0,-31.0,RV0
753.5,-31.0,RV0
754.0,-31.0,RV0
754.5,-31.0,RV0
755.0,-31.0,RV0
755.5,-31.0,RV0
756.0,-31.0,RV0
756.5,-31.0,RV0
757.0,-31.0,RV0
757.5,-31.0,RV0
758.0,-31.0,RV0
758.5,-31.0,RV0
759.0,-31.0,RV0
759.5,-31.0,RV0
760.0,-31.0,RV0
760.5,-31.0,RV0
761.0,-31.0,RV0
761.5,-31.0,RV0
762.0,-31.0,RV0
762.5,-31.0,RV0
763.0,-31.0,RV0
763.5,-31.0,RV0
764.0,-31.0,RV0
764.5,-31.0,RV0
765.0,-31.0,RV0
765.5,-31.0,RV0
766.0,-31.0,RV0
766.5,-31.0,RV0
767.0,-31.0,RV0
767.5,-31.0,RV0
768.0,-31.0,RV0
768.5,-31.0,RV0
769.0,-31.0,RV0
769.5,-31.0,RV0
770.0,-31.0,RV0
770.5,-31.0,RV0
771.0,-31.0,RV0
771.5,-31.0,RV0
772.0,-31.0,RV0
772.5,-31.0,RV0
773.0,-31.0,RV0
773.5,-31.0,RV0
774.0,-31.0,RV0
774.5,-31.0,RV0
775.0,-31.0,RV0
775.5,-31.0,RV0
776.0,-31.0,RV0
776.5,-31.0,RV0
777.0,-31.0,RV0
777.5,-31.0,RV0
778.0,-31.0,RV0
778.5,-31.0,RV0
779.0,-31.0,RV0
779.5,-31.0,RV0
780.0,-31.0,RV0
780.5,-31.0,RV0
781.0,-31.0,RV0
781.5,-31.0,RV0
782.0,-31.0,RV0
782.5,-31.0,RV0
783.0,-31.0,RV0
783.5,-31.0,RV0
784.0,-31.0,RV0
784.5,-31.0,RV0
785.0,-31.0,RV0
785.5,-31.0,RV0
786.0,-31.0,RV0
786.5,-31.0,RV0
787.0,-31.0,RV0
787.5,-31.0,RV0
788.0,-31.0,RV0
788.5,-31.0,RV0
789.0,-31.0,RV0
789.5,-31.0,RV0
790.0,-31.0,RV0
790.5,-31.0,RV0
791.0,-31.0,RV0
791.5,-31.0,RV0
792.0,-31.0,RV0
792.5,-31.0,RV0
793.0,-31.0,RV0
793.5,-31.0,RV0
794.0,-31.0,RV0
794.5,-31.0,RV0
795.0,-31.0,RV0
795.5,-31.0,RV0
796.0,-31.0,RV0
796.5,-31.0,RV0
797.0,-31.0,RV0
797.5,-31.0,RV0
798.0,-31.0,RV0
798.5,-31.0,RV0
799.0,-31.0,RV0
799.5,-31.0,RV0
800.0,-31.0,RV0
800.5,-31.0,RV0
801.0,-31.0,RV0
801.5,-31.0,RV0
802.0,-31.0,RV0
802.5,-31.0,RV0
803.0,-31.0,RV0
803.5,-31.0,RV0
804.0,-31.0,RV0
804.5,-31.0,RV0
805.0,-31.0,RV0
805.5,-31.0,RV0
806.0,-31.0,RV0
806.5,-31.0,RV0
807.0,-31.0,RV0
807.5,-31.0,RV0
808.0,-31.0,RV0
808.5,-31.0,RV0
809.0,-31.0,RV0
809.5,-31.0,RV0
810.0,-31.0,RV0
810.5,-31.0,RV0
811.0,-31.0,RV0
811.5,-31.0,RV0
812.0,-31.0,RV0
812.5,-31.0,RV0
813.0,-31.0,RV0
813.5,-31.0,RV0
814.0,-31.0,RV0
814.5,-31.0,RV0
815.0,-31.0,RV0
815.5,-31.0,RV0
816.0,-31.0,RV0
816.5,-31.0,RV0
817.0,-31.0,RV0
817.5,-31.0,RV0
818.0,-31.0,RV0
818.5,-31.0,RV0
819.0,-31.0,RV0
819.5,-31.0,RV0
820.0,-31.0,RV0
820.5,-31.0,RV0
821.0,-31.0,RV0
821.5,-31.0,RV0
822.0,-31.0,RV0
822.5,-31.0,RV0
823.0,-31.0,RV0
