,raw_series,harmonic_1,harmonic_2,harmonic_3,harmonic_4,harmonic_5,harmonic_6,harmonic_7,harmonic_8,harmonic_9,harmonic_10,harmonic_11,harmonic_12,harmonic_13,harmonic_14,harmonic_15,harmonic_16,harmonic_17,harmonic_18,harmonic_19,harmonic_20,harmonic_21,harmonic_807,harmonic_808,harmonic_809,harmonic_810,harmonic_811,harmonic_812,harmonic_813,harmonic_814,harmonic_815,harmonic_816,harmonic_817,harmonic_818,harmonic_819,harmonic_820,harmonic_821,harmonic_822,harmonic_823,harmonic_824,harmonic_825,all_20_harmonics
0,0.0,1.4466196672647587,3.5168911263949076,-4.3400319581910605,0.6888423161724561,1.0676232688652403,-0.7813463695275548,0.3275365480974177,-0.580167540535302,0.15551778071277494,0.22811613678204182,-0.2705008839625224,0.14142911106645523,-0.1373029903829865,0.01274713215569116,0.023750968187859933,-0.05554004442026462,0.0491494850780659,-0.050637208724367506,0.0018631754852045852,-0.0015388866050178886,-0.008646917690121627,-0.050637208724367354,0.049149485078065984,-0.05554004442026463,0.023750968187859937,0.012747132155691107,-0.13730299038298652,0.14142911106645523,-0.2705008839625224,0.22811613678204176,0.15551778071277494,-0.580167540535302,0.32753654809741767,-0.7813463695275544,1.0676232688652403,0.6888423161724561,-4.340031958191062,3.5168911263949076,1.4466196672647587,0.0,2.877070461257285
1,0.261594873446902,1.449774175540423,3.5228702664872795,-4.256489400115239,0.705769639498602,0.9975143324616048,-0.7498818851512458,0.32918029171497976,-0.5770054115628934,0.1899537409553017,0.20187624540262428,-0.2704500312669791,0.1405067450721195,-0.1398999698942364,0.027205823975134276,0.018373078417463048,-0.05098733067541459,0.04669117498823354,-0.05497139075420979,0.004936610805350608,-0.0014522743519786222,-0.007675528346164767,-0.054971390754209634,0.04669117498823362,-0.05098733067541461,0.01837307841746305,0.027205823975134217,-0.13989996989423636,0.1405067450721195,-0.2704500312669791,0.20187624540262422,0.18995374095530176,-0.5770054115628934,0.3291802917149797,-0.7498818851512453,0.9975143324616049,0.705769639498602,-4.256489400115239,3.522870266487278,1.4497741755404228,0.0,3.0558689982943017
2,0.5186869308466688,1.4528445927032358,3.5280320716031754,-4.170724929231808,0.7220420232901515,0.925959095639215,-0.7168518338767149,0.3298886751425009,-0.5717019834306324,0.22349759888111487,0.17446597338695163,-0.2685021659201772,0.13841161893335738,-0.1411266944839771,0.041355515914018634,0.012755667471892437,-0.0456784518499687,0.04345127717278718,-0.05827411056423241,0.007906857937644608,-0.0013320325800723275,-0.006508221713461945,-0.05827411056423225,0.04345127717278726,-0.0456784518499687,0.012755667471892438,0.04135551591401859,-0.14112669448397713,0.13841161893335738,-0.2685021659201772,0.17446597338695158,0.22349759888111478,-0.5717019834306322,0.32988867514250086,-0.7168518338767147,0.9259590956392146,0.7220420232901515,-4.170724929231809,3.5280320716031746,1.4528445927032358,0.0,3.23975448520589
3,0.7713144055582397,1.455830740660084,3.5323753441612076,-4.082783315105165,0.737644367113662,0.8530613066507146,-0.6823251742372274,0.3296596855205419,-0.5642769374551514,0.25599181848583435,0.14604423220842505,-0.26467095079798536,0.1351612199276075,-0.14097114895729695,0.05503549778311949,0.006971966893546453,-0.03969214100823408,0.03948402595685215,-0.060483397178988874,0.010711830881966443,-0.0011809456619152527,-0.005174793206778135,-0.06048339717898872,0.03948402595685224,-0.039692141008234066,0.006971966893546456,0.05503549778311942,-0.14097114895729698,0.1351612199276075,-0.26467095079798536,0.14604423220842502,0.25599181848583435,-0.5642769374551514,0.32965968552054187,-0.6823251742372269,0.8530613066507147,0.7376443671136621,-4.082783315105167,3.5323753441612076,1.4558307406600839,0.0,3.4284703732563635
4,1.0195155309405464,1.4587324462057134,3.535899076486299,-3.9927104637814383,0.7525621923188339,0.7789266603210396,-0.6463739893121423,0.32849397351921183,-0.5547578283948476,0.2872837933062056,0.11677579734846719,-0.2589832591217614,0.1307826779866427,-0.13943485681004522,0.06809039429340087,0.0010973760644939076,-0.03311717783646119,0.03485583121029327,-0.06155779638666811,0.013292898304692487,-0.0010025122342200835,-0.00370927848932558,-0.061557796386667966,0.03485583121029336,-0.03311717783646119,0.0010973760644939095,0.06809039429340079,-0.13943485681004517,0.13078267798664273,-0.25898325912176134,0.11677579734846712,0.28728379330620557,-0.5547578283948476,0.3284939735192118,-0.646373989312142,0.7789266603210399,0.7525621923188339,-3.9927104637814375,3.5358990764862974,1.458732446205713,0.0,3.6217108024156213
5,1.2633285403525258,1.461549541032775,3.538602451043466,-3.9005533938252617,0.7667816554743966,0.7036626448000256,-0.6090733362353703,0.32639485148930003,-0.5431799821926407,0.31722656312395975,0.08683035300813526,-0.25147898596201324,0.12531253925261748,-0.13653286530690134,0.08037192978645702,-0.004791520739779715,-0.026051072000106926,0.029644166678557553,-0.061477148570121626,0.015596109088228794,-0.0008008641817887561,-0.002149084714998001,-0.06147714857012147,0.029644166678557626,-0.0260510720001069,-0.004791520739779709,0.08037192978645695,-0.13653286530690134,0.12531253925261748,-0.2514789859620132,0.08683035300813519,0.3172265631239596,-0.5431799821926406,0.3263948514892999,-0.60907333623537,0.7036626448000255,0.7667816554743966,-3.9005533938252626,3.5386024510434653,1.461549541032775,0.0,3.8191229419064294
6,1.5027916671531139,1.464281861741586,3.540484840627501,-3.806360211775804,0.7802895612145255,0.6273783857148668,-0.570501089494741,0.3233682840502877,-0.529586364879436,0.34567950415254245,0.05638150836135701,-0.24221076840314365,0.11879646104033507,-0.13229359810043914,0.09174061232835859,-0.010617952743523748,-0.01859861703157365,0.023936273109581806,-0.06024296697423436,0.017573320051683584,-0.0005806709577273594,-0.0005340357135565527,-0.06024296697423425,0.02393627310958188,-0.018598617031573634,-0.010617952743523744,0.09174061232835855,-0.13229359810043914,0.11879646104033512,-0.24221076840314365,0.05638150836135694,0.3456795041525425,-0.529586364879436,0.3233682840502877,-0.5705010894947407,0.6273783857148667,0.7802895612145255,-3.8063602117758046,3.5404848406275016,1.464281861741586,0.0,4.0203100592564915
7,1.7379431447012443,1.4669292498496107,3.541545808508487,-3.7101800870348685,0.7930733744838656,0.5501844879483894,-0.5307377783494391,0.31942287114198364,-0.5140274231247945,0.3725089894653072,0.025605791053075727,-0.23124361633212298,0.11128883075177688,-0.1267585768347136,0.10206731803920517,-0.01630596349519003,-0.010870336194920697,0.017827697885794254,-0.05787840931197466,0.019183202270342162,-0.00034703145548730974,0.0010946445096555488,-0.05787840931197456,0.017827697885794323,-0.010870336194920687,-0.01630596349519003,0.10206731803920513,-0.1267585768347136,0.11128883075177692,-0.23124361633212298,0.025605791053075644,0.37250898946530725,-0.5140274231247945,0.31942287114198353,-0.5307377783494386,0.5501844879483895,0.7930733744838656,-3.7101800870348676,3.5415458085084857,1.4669292498496105,0.0,4.224835272223454
8,1.9688212063558526,1.4694915518006495,3.541785108533116,-3.6120632262001715,0.8051212321698029,0.4721928752725452,-0.4898664187049363,0.3145698235879411,-0.49656089702653866,0.3975890165635226,-0.0053183762224849685,-0.2186544564408416,0.10285231192367912,-0.11998201446013312,0.11123475766379409,-0.021781401075939254,-0.0029808433760742997,0.011420695607065316,-0.05442784324189623,0.020392104959212825,-0.00010535593659251254,0.002695384013375743,-0.05442784324189613,0.011420695607065367,-0.0029808433760742715,-0.02178140107593926,0.11123475766379406,-0.11998201446013312,0.10285231192367919,-0.21865445644084164,-0.005318376222485002,0.3975890165635225,-0.49656089702653844,0.31456982358794106,-0.4898664187049362,0.47219287527254494,0.8051212321698029,-3.612063226200172,3.5417851085331153,1.4694915518006495,0.0,4.432225925782194
9,2.195464085475875,1.471968618973747,3.5412026851818084,-3.5120608468572017,0.8164219541111857,0.3935166280696416,-0.44797233979642553,0.3088229312400945,-0.47725160583403736,0.42080179913687377,-0.03621171013013402,-0.20453159264063792,0.09355732119713768,-0.11203028424290858,0.1191388087263049,-0.026972884783303792,0.004952856692727224,0.004822516398076947,-0.04995601387030702,0.021174758863198778,0.00013875925181277584,0.00422732404112323,-0.04995601387030695,0.00482251639807699,0.004952856692727259,-0.026972884783303792,0.11913880872630486,-0.11203028424290859,0.09355732119713776,-0.2045315926406379,-0.03621171013013408,0.42080179913687377,-0.4772516058340373,0.30882293124009447,-0.4479723397964253,0.39351662806964144,0.8164219541111856,-3.5120608468572025,3.5412026851818084,1.4719686189737475,0.0,4.641978525301418
10,2.4179100154202455,1.4743603076918137,3.53979867358159,-3.4102251508433357,0.8269650534732808,0.3142698193765993,-0.4051430060425961,0.30219852379512946,-0.4561712074003705,0.4420383202373036,-0.06689510609160497,-0.1889740866738067,0.08348144057479094,-0.10298126966988351,0.1256896981385753,-0.03181273568780705,0.01281310366581606,-0.0018563894069814199,-0.044546828898776716,0.021514804451186073,0.0003796612684985097,0.005651361937911705,-0.044546828898776654,-0.0018563894069813854,0.012813103665816086,-0.031812735687807056,0.12568969813857525,-0.10298126966988351,0.083481440574791,-0.1889740866738067,-0.066895106091605,0.4420383202373037,-0.45617120740037054,0.30219852379512946,-0.40514300604259573,0.3142698193765994,0.8269650534732806,-3.4102251508433357,3.5397986735815885,1.4743603076918137,0.0,4.853564147297067
11,2.6361972295479013,1.4766664792299569,3.537573399474737,-3.306609296998163,0.8367407464793386,0.23456734948995372,-0.36146783444167907,0.29471542439392845,-0.4333979322560511,0.46119884426825386,-0.09719067664710147,-0.17209106326665272,0.07270876987126224,-0.09292360161612433,0.13081302183007265,-0.036237858931310825,0.020483326540019935,-0.00850422014967903,-0.0383017842120119,0.021405133873397784,0.0006117716778859015,0.006931149242602369,-0.03830178421201185,-0.008504220149679019,0.02048332654001998,-0.03623785893131082,0.13081302183007262,-0.09292360161612433,0.07270876987126232,-0.1720910632666527,-0.09719067664710151,0.4611988442682538,-0.4333979322560511,0.29471542439392845,-0.3614678344416789,0.23456734948995325,0.8367407464793387,-3.3066092969981633,3.5375733994747365,1.4766664792299573,0.0,5.066434240911384
12,2.8503639612177745,1.4788869998235297,3.534527379143209,-3.201267373414263,0.845739961489735,0.15452477937140802,-0.31703800789098985,0.28639489613593616,-0.4090162932911774,0.4781933853847945,-0.12692278276058092,-0.15400094469794143,0.06132922476172886,-0.08195579024685831,0.13445058981874813,-0.04019056626498222,0.027849772455147307,-0.0150096943531252,-0.03133805944776786,0.020848039534203833,0.0008297156268137065,0.00803401947966435,-0.03133805944776784,-0.015009694353125182,0.027849772455147352,-0.04019056626498221,0.1344505898187481,-0.08195579024685828,0.06132922476172892,-0.1540009446979414,-0.12692278276058097,0.47819338538479444,-0.4090162932911773,0.2863948961359361,-0.3170380078909898,0.1545247793714079,0.845739961489735,-3.201267373414264,3.53452737914321,1.4788869998235294,0.0,5.280026726673782
13,3.060448443788805,1.4810217406758883,3.530661319288863,-3.094254369202892,0.8539543474202614,0.07425816309548915,-0.2719462848197145,0.27726058166042505,-0.38311677212339984,0.4929421301048362,-0.1559190520897655,-0.13483062015170025,0.04943778628755874,-0.07018526015637437,0.13656108712457934,-0.04361932810384003,0.0348031937001427,-0.021263913520162953,-0.023786319282797223,0.019855166174822556,0.0010284463070583708,0.008931821968527008,-0.023786319282797216,-0.021263913520162936,0.034803193700142745,-0.04361932810384003,0.1365610871245793,-0.07018526015637432,0.04943778628755881,-0.1348306201517002,-0.1559190520897656,0.4929421301048362,-0.38311677212339984,0.277260581660425,-0.2719462848197141,0.07425816309548912,0.8539543474202613,-3.094254369202892,3.530661319288862,1.481021740675888,0.0,5.493772294265201
14,3.2664889106199246,1.4830705779658635,3.5259761168694914,-2.985626145789345,0.8613762814917602,-0.006116120417767144,-0.2262868055323753,0.26733843596633877,-0.3557954833156081,0.5053758121466665,-0.18401137831744666,-0.1147145556807618,0.037133708083125404,-0.05772729819425114,0.13712054301923926,-0.046479445293699365,0.041240467905851105,-0.027162185041632453,-0.01578826169066754,0.018447267467512272,0.0012033618214978804,0.009601640367602566,-0.01578826169066756,-0.027162185041632474,0.041240467905851154,-0.046479445293699365,0.13712054301923923,-0.057727298194251084,0.0371337080831255,-0.11471455568076173,-0.18401137831744663,0.5053758121466662,-0.355795483315608,0.2673384359663387,-0.22628680553237515,-0.006116120417767558,0.8613762814917603,-2.985626145789345,3.5259761168694905,1.4830705779658633,0.0,5.707100798006175
15,3.468523595070069,1.4850333928549415,3.520472858890722,-2.875439407752954,0.8679988763039036,-0.08648153614112482,-0.1801548956672867,0.2566566526616047,-0.32715381768944374,0.5154360377324158,-0.21103689575044357,-0.09379385102401733,0.02451968794079934,-0.04470392428446347,0.13612260328222028,-0.048733631833004845,0.04706612739620284,-0.03260577470010008,-0.007493959175003661,0.016653772209076063,0.0013504117477137953,0.010026377612196503,-0.0074939591750036935,-0.03260577470010011,0.04706612739620291,-0.04873363183300485,0.13612260328222028,-0.044703924284463424,0.024519687940799437,-0.09379385102401729,-0.21103689575044354,0.5154360377324156,-0.3271538176894438,0.2566566526616047,-0.1801548956672865,-0.08648153614112496,0.8679988763039036,-2.8754394077529564,3.520472858890722,1.4850333928549415,0.0,5.919447647658918
16,3.6665907304981746,1.4869100714941583,3.5141528221538265,-2.763751673226966,0.8738159862265573,-0.16672156190479476,-0.1336468671803268,0.2452455838514775,-0.2972980660583259,0.523075559829693,-0.23683892353596317,-0.07221524989312836,0.011701010628769543,-0.031242696297166937,0.13357860237116748,-0.05035250095288265,0.05219377501685209,-0.037503559432986895,0.0009409571337594151,0.014512169181379955,0.0014661909313967148,0.0101951923158091,0.0009409571337593634,-0.03750355943298693,0.05219377501685215,-0.05035250095288265,0.13357860237116748,-0.0312426962971669,0.01170101062876964,-0.07221524989312833,-0.2368389235359632,0.5230755598296931,-0.2972980660583259,0.24524558385147746,-0.13364686718032653,-0.16672156190479476,0.8738159862265573,-2.7637516732269654,3.5141528221538256,1.4869100714941579,0.0,6.130260092876026
17,3.8607285502631745,1.4887005050307025,3.507017472959487,-2.6506212438737267,0.8788222131027987,-0.2467198573424416,-0.08685981726952446,0.23313765389354912,-0.2663390247763326,0.5282585000434363,-0.2612678740212528,-0.05013011067082457,-0.0012153308837076298,-0.01747546067888399,0.12951743468671997,-0.051314948218613925,0.05654736544389243,-0.041773552688639644,0.00935821768157801,0.012067223536922259,0.0015480183376328361,0.01010377549571753,0.009358217681577923,-0.0417735526886397,0.0565473654438925,-0.051314948218613925,0.12951743468671997,-0.017475460678883937,-0.0012153308837075242,-0.05013011067082455,-0.2612678740212528,0.5282585000434362,-0.2663390247763326,0.2331376538935491,-0.0868598172695244,-0.24671985734244187,0.8788222131027986,-2.650621243873728,3.507017472959486,1.4887005050307025,0.0,6.339003302206701
18,4.050975287724006,1.4904045896142284,3.499068466767605,-2.536107174450875,0.883012911258293,-0.32636043257359443,-0.03989142566025548,0.2203672672644894,-0.23439158456677128,0.5309605171158801,-0.28418211999031695,-0.027693344740599785,-0.014121528458810324,-0.0035370610780856323,0.12398522639401698,-0.05160842665821645,0.0600623329702642,-0.045344276841620235,0.017599884200376024,0.009370041089062791,0.0015939991341557156,0.009754460559438556,0.017599884200375917,-0.04534427684162029,0.06006233297026425,-0.05160842665821646,0.123985226394017,-0.003537061078085611,-0.014121528458810229,-0.027693344740599743,-0.2841821199903169,0.53096051711588,-0.23439158456677148,0.2203672672644894,-0.039891425660255206,-0.32636043257359443,0.8830129112582931,-2.5361071744508763,3.4990684667676053,1.4904045896142277,0.0,6.545166141914669
19,4.237369176239605,1.4920222264028808,3.490307647813223,-2.420269241984402,0.8863841918123828,-0.40552781637788166,0.007160249325733633,0.20697071080031154,-0.20157430415631875,0.5311689212432962,-0.3054488157498789,-0.005062329894660413,-0.02690985862657698,0.01043598238542111,0.11704481152827212,-0.05122911033141261,0.06268654904427298,-0.0481559596936444,0.02551131320149763,0.006477000065714359,0.0016030685689354916,0.009156163744675674,0.025511313201497517,-0.04815595969364445,0.06268654904427302,-0.05122911033141261,0.11704481152827212,0.01043598238542113,-0.02690985862657689,-0.005062329894660345,-0.305448815749879,0.5311689212432961,-0.20157430415631875,0.20697071080031143,0.007160249325733909,-0.4055278163778814,0.8863841918123828,-2.4202692419844016,3.490307647813222,1.4920222264028802,0.0,6.748266565864356
20,4.419948449168905,1.4935533215690286,3.48073704867864,-2.3031679145646904,0.8889329262868886,-0.48410722361726427,0.05419697549171608,0.192986050587946,-0.1680089702969934,0.5288827336726267,-0.32494466730433047,0.017604193558211,-0.039473581714639376,0.02430681027136043,0.10877501833473555,-0.05018194420661184,0.06438109535949217,-0.05016153503132135,0.032944057647175014,0.003448572655662302,0.0015750166260563513,0.008324156533016493,0.032944057647174875,-0.050161535031321425,0.06438109535949217,-0.05018194420661184,0.10877501833473556,0.02430681027136046,-0.039473581714639265,0.017604193558211034,-0.32494466730433047,0.5288827336726265,-0.16800897029699352,0.19298605058794596,0.05419697549171608,-0.4841072236172643,0.8889329262868884,-2.303167914564691,3.480737048678639,1.4935533215690286,0.0,6.947856535258674
21,4.598751339870841,1.4949977863047041,3.4703588898218434,-2.1848643197818074,0.8906567495092705,-0.5619847216635109,0.10112055185038392,0.17845302380110312,-0.13382014580874974,0.5241126912981171,-0.3425566471545661,0.040147236241867175,-0.051707832766544885,0.03793956429334036,0.09926977394869217,-0.04848057969568507,0.06512084103077732,-0.051327430491841276,0.0397586523541536,0.0003480609803025268,0.0015104928889396554,0.007279675846503882,0.03975865235415349,-0.051327430491841346,0.06512084103077738,-0.048480579695685075,0.09926977394869214,0.037939564293340416,-0.051707832766544795,0.04014723624186723,-0.3425566471545661,0.5241126912981171,-0.13382014580874974,0.17845302380110314,0.10112055185038399,-0.5619847216635115,0.8906567495092705,-2.184864319781808,3.470358889821844,1.4949977863047041,0.0,7.14352639589884
22,4.773816081704351,1.4963555368267583,3.459175579061342,-2.0654202128165426,0.8915540618074606,-0.6390473955896174,0.1478330136430892,0.1634129257877712,-0.09913470731992755,0.5168811962363656,-0.35818264957664736,0.0624086749090361,-0.06351049681248747,0.051200717987370546,0.08863703758441353,-0.046147196686933956,0.0648948152966131,-0.051634129548119106,0.045827230865223736,-0.0027597260876769114,0.0014109914982977142,0.006049381976784263,0.04582723086522361,-0.051634129548119176,0.06489481529661315,-0.046147196686933956,0.0886370375844136,0.05120071798737058,-0.06351049681248738,0.062408674909036135,-0.3581826495766473,0.5168811962363657,-0.09913470731992749,0.1634129257877711,0.14783301364308948,-0.6390473955896177,0.8915540618074606,-2.0654202128165418,3.459175579061341,1.4963555368267583,0.0,7.334908650697743
23,4.945180908028368,1.4976264943817177,3.4471897110175265,-1.9448979442038354,0.8916240304943235,-0.7151835118856547,0.19423683686589852,0.14790849273018827,-0.06408137442103157,0.5072222106166019,-0.3717320825813066,0.08423236156228919,-0.07478306118687214,0.06396038454126737,0.07699757434975238,-0.04321221439632698,0.06370637022044792,-0.05107649820603485,0.05103592468667808,-0.0058098276006908565,0.0012788165531386327,0.004664678083151115,0.05103592468667793,-0.051076498206034944,0.06370637022044796,-0.04321221439632697,0.0769975743497524,0.06396038454126747,-0.074783061186872,0.08423236156228923,-0.3717320825813065,0.5072222106166017,-0.06408137442103158,0.14790849273018827,0.1942368368658986,-0.7151835118856553,0.8916240304943235,-1.9448979442038357,3.4471897110175265,1.4976264943817175,0.0,7.521681076206856
24,5.112884052201824,1.498810585250352,3.4344040665107043,-1.8233604272854231,0.8908665906403751,-0.7902826804616796,0.24023514187546116,0.13198378021070933,-0.028790231979174147,0.4951810970803038,-0.383126393122398,0.10546521872005112,-0.08543143777871896,0.07609358897536862,0.06448358361321756,-0.03971389480649909,0.06157313097808325,-0.049663870945016404,0.05528699987331849,-0.008738488391418527,0.0011170287560121183,0.003160908629245454,0.05528699987331834,-0.04966387094501648,0.061573130978083285,-0.03971389480649908,0.0644835836132176,0.07609358897536868,-0.0854314377787189,0.10546521872005113,-0.38312639312239793,0.49518109708030367,-0.028790231979174113,0.13198378021070928,0.24023514187546108,-0.7902826804616795,0.8908665906403751,-1.8233604272854242,3.434404066510704,1.498810585250352,0.0,7.703569143691908
25,5.2769637475836655,1.499907740751952,3.4208216119159243,-1.700871105368705,0.8892824451340325,-0.8642360147028075,0.2857318956496128,0.11568403802861885,0.006607752614097398,0.48081440573923856,-0.3922995225093898,0.12595831314514694,-0.095366748351874,0.08748149221413995,0.05123719750234315,-0.03569784386329399,0.058526734468377424,-0.04741989446336077,0.05850069087094533,-0.01148449172397691,0.0009293745380029775,0.0015764572182566763,0.05850069087094518,-0.04741989446336085,0.05852673446837746,-0.035697843863294006,0.05123719750234321,0.08748149221413999,-0.09536674835187389,0.12595831314514694,-0.39229952250938976,0.4808144057392386,0.006607752614097328,0.11568403802861886,0.2857318956496131,-0.8642360147028078,0.8892824451340324,-1.700871105368705,3.420821611915923,1.499907740751952,0.0,7.8803477175822785
26,5.437458227532815,1.5009178972483126,3.406445498474748,-1.5774939186089523,0.8868730640293515,-0.9369362893443977,0.33063211228044503,0.09905558162359791,0.04198121547007225,0.46418960859245434,-0.3991982893836381,0.14556790050445279,-0.10450606638023537,0.09801255505946432,0.03740886658719226,-0.031216416932514743,0.054612360123784974,-0.044382131843921833,0.060616697206808214,-0.013990438885180985,0.0007201993046858652,-4.823314568693916e-05,0.06061669720680806,-0.044382131843921924,0.054612360123784995,-0.03121641693251474,0.03740886658719227,0.09801255505946442,-0.10450606638023532,0.14556790050445273,-0.39919828938363805,0.46418960859245434,0.041981215470072004,0.09905558162359787,0.3306321122804448,-0.936936289344398,0.8868730640293516,-1.5774939186089532,3.406445498474747,1.5009178972483133,0.0,8.051842016687864
27,5.594405725408214,1.5018409961474228,3.3912790615641417,-1.453293270632174,0.8836406831818454,-1.0082780959384354,0.3748420512812596,0.08214566047119075,0.07719888370157002,0.4453847826495161,-0.40378269803813177,0.1641564336321119,-0.11277310920615996,0.10758363066503845,0.023155651084173477,-0.026328036267663227,0.04988805987902289,-0.04060143376623979,0.06159531494468874,-0.016203948969058336,0.0004943468119570201,-0.0016716923621831737,0.06159531494468861,-0.04060143376623987,0.049888059879022895,-0.026328036267663224,0.023155651084173504,0.10758363066503852,-0.1127731092061599,0.164156433632112,-0.4037826980381317,0.44538478264951586,0.07719888370156992,0.08214566047119068,0.3748420512812594,-1.0082780959384352,0.8836406831818454,-1.4532932706321746,3.391279061564142,1.5018409961474228,0.0,8.21792783618707
28,5.747844474568794,1.502676983906865,3.3753258199226397,-1.3283339949160327,0.8795883021736568,-1.0781579956857033,0.41826941329339357,0.06500232382422566,0.11213006258392294,0.42448824324817247,-0.4060261702932184,0.18159352732407677,-0.12009887474484715,0.11610097481159913,0.008639436988433887,-0.021096429386520527,0.04442389723472978,-0.036141087290717716,0.06141818167442375,-0.01807875377595669,0.0002570470018415439,-0.0032524817557766095,0.0614181816744236,-0.036141087290717806,0.04442389723472979,-0.021096429386520513,0.008639436988433922,0.1161009748115992,-0.12009887474484715,0.18159352732407671,-0.40602617029321836,0.42448824324817236,0.11213006258392287,0.06500232382422562,0.41826941329339373,-1.0781579956857033,0.8795883021736567,-1.328333994916032,3.3753258199226392,1.5026769839068643,0.0,8.378531040808308
29,5.8978127083735,1.503425812036922,3.358589474833967,-1.202681320946391,0.8747196815300097,-1.1464746694121521,0.4608235327843291,0.047674284181681584,0.14664512057036463,0.4015981292885448,-0.4059156995840088,0.19775687289663255,-0.12642221742035495,0.12348116408780588,-0.005974902604256688,-0.015589798285493894,0.03830090818419222,-0.031075756463786883,0.06008862105716939,-0.019575664939965078,1.3794895600775598e-05,-0.004750251795059946,0.06008862105716926,-0.031075756463786946,0.03830090818419221,-0.015589798285493882,-0.0059749026042566575,0.12348116408780593,-0.12642221742035492,0.19775687289663255,-0.40591569958400864,0.40159812928854444,0.14664512057036447,0.047674284181681584,0.4608235327843289,-1.1464746694121526,0.8747196815300099,-1.202681320946391,3.358589474833967,1.5034258120369217,0.0,8.533626351630923
30,6.044348660181255,1.504087437103386,3.3410739092683115,-1.0764008401671255,0.8690393392295196,-1.2131290644720183,0.5024155673347764,0.030210778872952145,0.18061597036190688,0.3768219423317524,-0.40345192636613836,0.2125330960939356,-0.1316903585261124,0.12965191298362577,-0.020521380102685654,-0.00987993032229212,0.031609899413062366,-0.025490232477819307,0.05763158046149037,-0.020663393069134266,-0.0002297766514544939,-0.0061267720114547,0.05763158046149026,-0.025490232477819376,0.031609899413062366,-0.009879930322292124,-0.020521380102685616,0.12965191298362577,-0.13169035852611238,0.21253309609393561,-0.4034519263661383,0.3768219423317523,0.18061597036190682,0.030210778872952208,0.5024155673347763,-1.2131290644720183,0.8690393392295196,-1.0764008401671261,3.3410739092683115,1.5040874371033865,0.0,8.683235460309014
31,6.187490563351004,1.5046618207300835,3.322783186981441,-0.9495584717410073,0.8625525465116025,-1.278024538364687,0.5429586831195542,0.012661430150813432,0.21391654424642714,0.3502760417275632,-0.39864913440271416,0.22581855232695855,-0.13585932675013115,0.13455278189317263,-0.0348347786836583,-0.0040412623579331826,0.02445010159530704,-0.019478014307506803,0.05409316286044656,-0.02131920177630507,-0.00046802738689812555,-0.007346906829071187,0.054093162860446464,-0.01947801430750688,0.024450101595307024,-0.004041262357933186,-0.034834778683658245,0.13455278189317263,-0.13585932675013115,0.22581855232695855,-0.3986491344027141,0.35027604172756327,0.21391654424642714,0.012661430150813476,0.5429586831195543,-1.2780245383646869,0.8625525465116025,-0.9495584717410067,3.32278318698144,1.5046618207300835,0.0,8.82742451507919
32,6.327276651241676,1.5051489296010945,3.303721551571882,-0.8222204281395021,0.8552653229848756,-1.3410669988570831,0.5823682361950228,-0.004923895809362059,0.2464232619429565,0.32208509814215713,-0.3915351679539796,0.23752005366581389,-0.13889432518800635,0.13813576909244288,-0.048752528801185066,0.0018500896415756505,0.016927697757615334,-0.013139743582168274,0.04953976177298205,-0.021529382929575083,-0.0006954402694136707,-0.008379512397663397,0.049539761772981965,-0.013139743582168325,0.0169276977576153,0.0018500896415756455,-0.04875252880118502,0.13813576909244288,-0.13889432518800632,0.23752005366581389,-0.39153516795397947,0.32208509814215713,0.24642326194295636,-0.0049238958093619865,0.5823682361950226,-1.3410669988570831,0.8552653229848758,-0.8222204281395021,3.3037215515718814,1.5051489296010947,0.0,8.96630103247761
33,6.463745157212207,1.5055487354626902,3.2838934254963665,-0.6944531805794693,0.8471844310410859,-1.402165040408412,0.6205619492145886,-0.022495230603492993,0.27801548921497254,0.2923815080524677,-0.38215127034978735,0.24755552248612656,-0.14077002178038012,0.14036578089380225,-0.06211655462827044,0.007717322893259091,0.009154248537283858,-0.006581519893467254,0.04405681548124626,-0.02128954318841542,-0.0009067492238874693,-0.009198231537084418,0.04405681548124621,-0.006581519893467308,0.009154248537283824,0.007717322893259091,-0.06211655462827037,0.14036578089380225,-0.14077002178038012,0.24755552248612658,-0.38215127034978735,0.29238150805246776,0.2780154892149725,-0.02249523060349287,0.6205619492145886,-1.4021650404084125,0.8471844310410861,-0.6944531805794707,3.2838934254963665,1.5055487354626904,0.0,9.100010297111831
34,6.596934314621533,1.5058612151249693,3.2633034090437905,-0.5663234243247902,0.83831736957975,-1.4612300766994548,0.657460083203344,-0.04000264558315788,0.30857598555075777,0.26130477195688195,-0.3705518448807608,0.2558545671845966,-0.14147076075068862,0.14122097537228007,-0.07477506945968075,0.013483949038904625,0.0012450376877143944,8.68752605248863e-05,0.037747203899238725,-0.020604695836076665,-0.001097061085015344,-0.009782166502344501,0.037747203899238684,8.687526052483894e-05,0.001245037687714375,0.013483949038904623,-0.07477506945968067,0.14122097537228004,-0.14147076075068862,0.2558545671845966,-0.3705518448807607,0.26130477195688195,0.30857598555075766,-0.040002645583157845,0.657460083203344,-1.4612300766994544,0.83831736957975,-0.5663234243247891,3.263303409043789,1.505861215124969,0.0,9.228731318985004
35,6.726882356828594,1.5060863504632043,3.2419562792678995,-0.4378980438710421,0.828672367049333,-1.5181764690742625,0.6929856040332182,-0.05739639372699896,0.3379913392494562,0.22900083922247935,-0.35680413939437944,0.2623589759255196,-0.1409906932783959,0.14069297629703176,-0.08658429968376091,0.019074791287785674,-0.006682637631577336,0.006753816164601432,0.030729318173322726,-0.0194891559887447,-0.0012619689056418215,-0.010116412396993757,0.030729318173322705,0.006753816164601414,-0.006682637631577371,0.019074791287785667,-0.08658429968376084,0.14069297629703179,-0.1409906932783959,0.2623589759255196,-0.3568041393943794,0.22900083922247938,0.3379913392494558,-0.05739639372699885,0.692985604033218,-1.518176469074262,0.8286723670493331,-0.43789804387104253,3.2419562792678986,1.5060863504632043,0.0,9.352672423655488
36,6.853627517192313,1.5062241284188906,3.2198569888789836,-0.30924407803139314,0.8182583738114187,-1.5729216507080204,0.7270643432510792,-0.07462705099603571,0.3661523882981997,0.19562142264568255,-0.34098785642455043,0.2670231249549892,-0.1393338263170317,0.13878695517261133,-0.0974101177426738,0.024416964461096813,-0.014511206424672525,0.013307701446997108,0.02313483923588837,-0.017966241371851353,-0.0013976540060129537,-0.010192437619492751,0.023134839235888376,0.01330770144699709,-0.014511206424672565,0.02441696446109681,-0.09741011774267373,0.13878695517261133,-0.13933382631703173,0.2670231249549892,-0.3409878564245503,0.19562142264568252,0.3661523882981996,-0.07462705099603563,0.727064343251079,-1.5729216507080208,0.8182583738114187,-0.30924407803139387,3.219856988878984,1.506224128418891,0.0,9.472066554865565
37,6.977208029071644,1.506274541000508,3.197010665094802,-0.1804286849419474,0.8070850538349608,-1.6253862463210518,0.7596251529240202,-0.0916456567712294,0.3929546254784076,0.16132328594543155,-0.32319469111494187,0.2698142986187501,-0.13651398914956692,0.13552158058649746,-0.10712956553413175,0.029440825161723003,-0.022124567490077296,0.019638822232467393,0.015106266994536785,-0.016067784918104257,-0.0015009744008442874,-0.010008301631705657,0.015106266994536814,0.01963882223246737,-0.022124567490077327,0.029440825161723003,-0.10712956553413168,0.1355215805864974,-0.13651398914956692,0.2698142986187501,-0.3231946911149418,0.16132328594543166,0.3929546254784077,-0.09164565677122935,0.7596251529240202,-1.625386246321052,0.807085053834961,-0.1804286849419467,3.197010665094801,1.506274541000508,0.0,9.587166372147664
38,7.097662125825503,1.5062375852839796,3.173422608451023,-0.05151910700479041,0.7951627757283206,-1.6754941872653817,0.7906000541785512,-0.10840385297424802,0.41829858619788357,0.12626750753510962,-0.3035277996149786,0.27071291883900656,-0.13255471796027565,0.13092883535899075,-0.11563225095203995,0.034080879682426846,-0.02940981125383737,0.025641198615889954,0.006794246518137939,-0.013833469375222934,-0.0015695375565469767,-0.009568704490991503,0.0067942465181379955,0.025641198615889975,-0.02940981125383741,0.034080879682426846,-0.11563225095203995,0.13092883535899075,-0.13255471796027568,0.2707129188390066,-0.30352779961497856,0.1262675075351096,0.4182985861978834,-0.10840385297424787,0.7906000541785511,-1.6754941872653824,0.7951627757283207,-0.05151910700479041,3.1734226084510224,1.5062375852839796,0.0,9.69823922730477
39,7.215028040812834,1.506113263412844,3.149098291571465,0.07741736421293988,0.7825026031174146,-1.7231728218170086,0.8199243791235815,-0.1248540214761218,0.4420902176094472,0.09061872403085669,-0.28210120103047964,0.26971268244057117,-0.12748905938652322,0.1250537032864136,-0.12282160170434209,0.03827663781648214,-0.03625889426937866,0.031214353714706593,-0.0016452586098123765,-0.01130999783183444,-0.0016017557938129447,-0.008884866881590518,-0.0016452586098123052,0.03121435371470661,-0.03625889426937869,0.038276637816482134,-0.12282160170434207,0.1250537032864136,-0.12748905938652325,0.26971268244057117,-0.2821012010304795,0.09061872403085662,0.4420902176094472,-0.12485402147612173,0.8199243791235813,-1.7231728218170086,0.7825026031174146,0.07741736421293877,3.149098291571465,1.506113263412845,0.0,9.80556210357887
40,7.329344007392583,1.5059015825981317,3.1240433578983957,0.2063134231056497,0.7691162843788992,-1.7683530205139544,0.8475369058608951,-0.14094941940334527,0.4642412276462786,0.05454435704907379,-0.2590391163961391,0.2668206053631102,-0.121359294690163,0.11795372854581666,-0.12861596216738244,0.04197340144002639,-0.04257024155048694,0.03626499560342439,-0.010053892732416607,-0.008550117499725474,-0.0015968830526318894,-0.007974243707495497,-0.01005389273241652,0.03626499560342442,-0.042570241550486984,0.04197340144002639,-0.12861596216738236,0.11795372854581666,-0.12135929469016303,0.2668206053631102,-0.2590391163961389,0.05454435704907379,0.46424122764627856,-0.1409494194033452,0.847536905860895,-1.7683530205139546,0.7691162843788991,0.20631342310564943,3.1240433578983953,1.5059015825981321,0.0,9.909416599811777
41,7.440648258923664,1.5056025551179442,3.0982636203832072,0.3351017851632247,0.7550162417379224,-1.8109692763873786,0.8733799863012505,-0.15664431195695594,0.4846694126786872,0.01821382692439949,-0.23447524850216822,0.2620569734493675,-0.11421658685078662,0.10969845207661716,-0.1329495208188696,0.04512297758575538,-0.0482502529741068,0.04070857897540482,-0.018273879444552832,-0.00561151715797704,-0.0015550321683928403,-0.006860078557328862,-0.01827387944455273,0.04070857897540487,-0.04825025297410685,0.04512297758575536,-0.13294952081886957,0.10969845207661715,-0.11421658685078669,0.26205697344936746,-0.23447524850216808,0.01821382692439963,0.484669412678687,-0.15664431195695588,0.87337998630125,-1.8109692763873786,0.7550162417379224,0.3351017851632247,3.098263620383206,1.5056025551179448,0.0,10.010084039034224
42,7.548979028765024,1.5052161983167436,3.071765060137766,0.4637152220939369,0.7402155597405581,-1.8509597999404193,0.8973996665192536,-0.17189410236718633,0.5032989625763504,-0.01820224295913287,-0.20855200675031368,0.255455200154553,-0.10612055352641471,0.1003687304595484,-0.13577305771578965,0.04768430671195358,-0.05321469141232756,0.044470720390476184,-0.026150982049192608,-0.0025556213053075216,-0.001477172259017078,-0.005570810413476099,-0.026150982049192497,0.044470720390476226,-0.05321469141232761,0.04768430671195357,-0.13577305771578962,0.10036873045954833,-0.10612055352641474,0.255455200154553,-0.20855200675031355,-0.018202242959132905,0.5032989625763503,-0.1718941023671863,0.8973996665192532,-1.8509597999404188,0.7402155597405579,0.46371522209393634,3.071765060137766,1.5052161983167438,0.0,10.107840776782924
43,7.654374550275605,1.5047425346043468,3.0445538250467457,0.5920865969180161,0.7247279731116173,-1.888266608737056,0.919545799395738,-0.18665545861442534,0.5200607420439229,-0.05453282748695935,-0.18141968153316143,0.24706159217496243,-0.097138769445975,0.09005594396418269,-0.1370545035275207,0.04962399797641293,-0.057389932006934014,0.047488443417807974,-0.03353739759598569,0.0005536937739789504,-0.0013651062836271474,-0.004139347749180795,-0.033537397595985556,0.047488443417808016,-0.05738993200693406,0.04962399797641293,-0.13705450352752063,0.09005594396418264,-0.09713876944597506,0.24706159217496237,-0.1814196815331613,-0.05453282748695935,0.5200607420439228,-0.18665545861442528,0.9195457993957379,-1.8882666087370559,0.7247279731116171,0.5920865969180167,3.044553825046745,1.5047425346043468,0.0,10.202953779152642
44,7.7568730568143245,1.504181591454625,3.016636228341265,0.7201488990135526,0.7085678540091122,-1.9228356114711003,0.9397721493124804,-0.2008864365564135,0.5348925471859608,-0.09060730301954618,-0.15323557292327503,0.23693502463977362,-0.08734620238692177,0.07886110152183312,-0.13677930377473022,0.050916764537125764,-0.06071405405921717,0.04971123283095619,-0.04029453019947465,0.0036514351928302285,-0.001221429292413525,-0.002602228542218767,-0.0402945301994745,0.049711232830956256,-0.06071405405921722,0.05091676453712576,-0.13677930377473016,0.07886110152183305,-0.08734620238692185,0.23693502463977356,-0.153235572923275,-0.09060730301954611,0.5348925471859606,-0.20088643655641342,0.93977214931248,-1.9228356114711003,0.7085678540091122,0.7201488990135526,3.0166362283412638,1.504181591454625,0.0,10.295676534270209
45,7.856512781740135,1.50353340140391,2.9880187471341655,0.8478352790964423,0.691750198687191,-1.9546166863934167,0.9580364886806709,-0.21454659911180873,0.5477393363490349,-0.12625624871245528,-0.12416307872360739,0.22514652814431704,-0.07682458744569172,0.06689385139020661,-0.13495058413708225,0.0515457532049415,-0.06313775934182764,0.0511018802083641,-0.04629559159945383,0.0066728519842268,-0.0010494683344838356,-0.0009986876457396129,-0.04629559159945369,0.051101880208364155,-0.06313775934182768,0.05154575320494151,-0.13495058413708222,0.06689385139020658,-0.07682458744569179,0.22514652814431702,-0.12416307872360732,-0.12625624871245533,0.5477393363490349,-0.21454659911180865,0.9580364886806706,-1.9546166863934171,0.6917501986871909,0.847835279096442,2.9880187471341655,1.5035334014039097,0.0,10.386245353671804
46,7.953331958411965,1.5027980020491067,2.9587080209172716,0.9750790841161082,0.6742906135799266,-1.9835637539836697,0.9743006861016206,-0.22759713116146396,0.5585534343843681,-0.16131224218757959,-0.09437074716622536,0.21177879052148538,-0.06566174482374025,0.0542714071998864,-0.13158911495221207,0.051502764150661004,-0.06462510321369302,0.051637106784373894,-0.051427980167549465,0.009554788567195592,-0.0008532054152155143,0.0006303446784345691,-0.05142798016754932,0.05163710678437397,-0.06462510321369307,0.051502764150661004,-0.13158911495221204,0.05427140719988636,-0.06566174482374032,0.21177879052148538,-0.09437074716622526,-0.16131224218757967,0.5585534343843681,-0.2275971311614639,0.9743006861016205,-1.98356375398367,0.6742906135799263,0.9750790841161086,2.958708020917271,1.5027980020491065,0.0,10.474876112127761
47,8.047368820188735,1.5019754360455144,2.92871085002097,1.1018138920487923,0.6562053008188706,-2.00963484376122,0.9885307859756376,-0.24000094984092668,0.5672947095729617,-0.19561064581874463,-0.0640312997513436,0.19692557684599657,-0.053950846823356574,0.041117399901517686,-0.12673307530918443,0.05078835780235009,-0.06515402769523604,0.051307953124524214,-0.055595393721248186,0.01223700486504701,-0.0006371852871461497,0.0022432875016904124,-0.055595393721248026,0.05130795312452429,-0.06515402769523607,0.05078835780235009,-0.12673307530918443,0.04111739990151765,-0.05395084682335665,0.19692557684599657,-0.06403129975134354,-0.19561064581874457,0.5672947095729615,-0.24000094984092657,0.988530785975637,-2.0096348437612197,0.6562053008188705,1.101813892048792,2.9287108500209698,1.5019754360455144,0.0,10.561761465951344
48,8.138661600429414,1.5010657511043497,2.898034194036479,1.2279735465702462,0.6375110431978132,-2.0327921551383104,1.0006970793928756,-0.25172280991076645,0.5739307225566354,-0.22899037993894794,-0.033320629891771765,0.18069107173976487,-0.04178964017138457,0.02756066685833779,-0.1204376194158284,0.04941184753930269,-0.06471668859814712,0.05011992910215713,-0.058719636501337255,0.014663435481881811,-0.00040641020963718446,0.0037989705787258555,-0.05871963650133709,0.05011992910215722,-0.06471668859814715,0.049411847539302674,-0.12043761941582838,0.027560666858337815,-0.04178964017138464,0.18069107173976484,-0.033320629891771696,-0.22899037993894794,0.5739307225566355,-0.2517228099107664,1.0006970793928753,-2.0327921551383112,0.6375110431978129,1.2279735465702448,2.898034194036479,1.5010657511043495,0.0,10.647068580913903
49,8.227248532492904,1.5000689999899814,2.866685170201165,1.3534921915897251,0.6182251885986981,-2.0530021122273063,1.01077416615815,-0.2627294039053224,0.5784368467222903,-0.2612946793379328,-0.0024167831681495325,0.16318914859163455,-0.029279630161838762,0.013733989944324673,-0.11277425016508652,0.04739117827789874,-0.06331957185823071,0.048092921665798836,-0.06074208640732054,0.0167833616172573,-0.0001662241143035736,0.0052576852149918045,-0.06074208640732038,0.048092921665798934,-0.06331957185823074,0.04739117827789874,-0.1127742501650865,0.013733989944324655,-0.02927963016183884,0.16318914859163455,-0.002416783168149412,-0.2612946793379328,0.5784368467222902,-0.26272940390532235,1.0107741661581497,-2.053002112227306,0.618225188598698,1.3534921915897256,2.8666851702011638,1.5000689999899808,0.0,10.730937391734901
50,8.313167849738155,1.4989852405168695,2.8346710517472835,1.478304305627261,0.5983656338931516,-2.070235412522518,1.01874100782023,-0.2729894567752991,0.5807963595926383,-0.292371829497266,0.028501074893044365,0.1445425708173755,-0.016525233427088237,-0.00022720499229706093,-0.10383000701532336,0.04475269253217606,-0.06098339734605557,0.045260861941243125,-0.06162479496016415,0.018552471222904956,7.781114147311143e-05,0.006582197828159809,-0.06162479496016398,0.04526086194124321,-0.06098339734605556,0.04475269253217606,-0.10383000701532337,-0.00022720499229704586,-0.016525233427088327,0.14454257081737545,0.028501074893044466,-0.29237182949726587,0.580796359592638,-0.272989456775299,1.0187410078202295,-2.0702354125225186,0.5983656338931516,1.4783043056272618,2.8346710517472826,1.4989852405168695,0.0,10.813479405883058
51,8.396457785524104,1.4978145355462105,2.8019992662145334,1.602344736016268,0.5779508083345563,-2.084467069386039,1.0245809715948901,-0.2824738147552865,0.5810005048842442,-0.32207587910525104,0.05925369753438609,0.12488213076252634,-0.0036329064091282764,-0.014186174562043232,-0.0937064774085327,0.041530786998873984,-0.05774281158194119,0.04167115724088843,-0.06135119935309025,0.01993378524142766,0.00032004456741876623,0.007738700332534845,-0.06135119935309012,0.04167115724088851,-0.057742811581941195,0.04153078699887398,-0.09370647740853272,-0.014186174562043267,-0.0036329064091283627,0.12488213076252631,0.0592536975343862,-0.3220758791052511,0.5810005048842442,-0.2824738147552865,1.02458097159489,-2.0844670693860397,0.5779508083345563,1.602344736016268,2.8019992662145334,1.4978145355462102,0.0,10.89477705527351
52,8.477156573209683,1.4965569529822929,2.768677393726803,1.725548732913612,0.5569996564560881,-2.0956764482759764,1.0282818650900314,-0.2911555282036874,0.5790485250025821,-0.3502673255054111,0.08966279595333883,0.10434573228806525,0.009289743194718035,-0.02800619717185998,-0.08251864295461502,0.03776746414388862,-0.05364587391245545,0.03738389748821781,-0.05992643322976939,0.020898430566144304,0.0005548668972422349,0.008697673087921947,-0.059926433229769274,0.03738389748821789,-0.05364587391245546,0.03776746414388862,-0.08251864295461504,-0.02800619717186,0.009289743194717901,0.10434573228806522,0.08966279595333891,-0.3502673255054112,0.5790485250025823,-0.29115552820368734,1.028281865090031,-2.095676448275977,0.5569996564560882,1.7255487329136139,2.7686773937268017,1.4965569529822926,0.0,10.974883590523032
53,8.555302446153835,1.4952125657685582,2.7347131652335164,1.8478519830994273,0.5355316204905843,-2.1038472966645667,1.02983596176036,-0.2990099281796649,0.5749476638535099,-0.3768137698593836,0.11955207293432592,0.08307742347390855,0.022134854595219494,-0.041551912149326894,-0.07039357348660064,0.03351178463589524,-0.04875334376865712,0.03247084934149271,-0.05737723035858767,0.02142624356518227,0.0007768404793314523,0.009434638386241177,-0.05737723035858756,0.032470849341492795,-0.048753343768657136,0.03351178463589523,-0.07039357348660065,-0.041551912149326936,0.022134854595219362,0.08307742347390856,0.11955207293432595,-0.3768137698593836,0.5749476638535097,-0.29900992817966476,1.02983596176036,-2.1038472966645676,0.5355316204905843,1.8478519830994284,2.7347131652335155,1.495212565768558,0.0,11.053823503870778
54,8.630933637715485,1.4937814518833692,2.7001144607159966,1.9691906435489934,0.513566622328556,-2.108967767602788,1.029240017038497,-0.3060146965395175,0.5687131399607309,-0.4015905389473117,0.14874824493454905,0.06122638622512883,0.034795214187125376,-0.05469064553727833,-0.057468983819552906,0.02881922776550356,-0.04313777957636483,0.027014254854544482,-0.05375142301040822,0.02150619155457215,0.000980825193462797,0.00993078524320131,-0.053751423010408125,0.027014254854544555,-0.04313777957636484,0.028819227765503542,-0.05746898381955297,-0.054690645537278336,0.03479521418712528,0.0612263862251288,0.14874824493454913,-0.4015905389473117,0.5687131399607309,-0.30601469653951746,1.0292400170384965,-2.108967767602788,0.513566622328556,1.9691906435489934,2.700114460715996,1.4937814518833699,0.0,11.131593458810782
55,8.704088381253566,1.4922636943354883,2.6648893073592372,2.0895013747591693,0.49112504503108767,-2.111030436897301,1.0264952751088228,-0.31214992935330416,0.5603680899890082,-0.4244812706854967,0.17708204669799127,0.03894588986807762,0.04716515042323795,-0.06729370957330193,-0.043891669605279404,0.023750968187859937,-0.036882462682019106,0.021105454784501793,-0.04911704445207551,0.02113660341044519,0.0011620974777396356,0.010173449547271311,-0.04911704445207544,0.021105454784501855,-0.036882462682019126,0.023750968187859933,-0.043891669605279446,-0.06729370957330191,0.04716515042323785,0.03894588986807762,0.1770820466979913,-0.4244812706854968,0.5603680899890082,-0.31214992935330416,1.0264952751088223,-2.1110304368973014,0.4911250450310874,2.08950137475917,2.664889307359237,1.492263694335488,0.0,11.208163697026869
56,8.774804910127015,1.49065938115926,2.6290458776895353,2.2087213738120046,0.46822771391478135,-2.110032313874822,1.0216074663099344,-0.31739819346152226,0.5499434828827147,-0.44537846061147174,0.20438921257334056,0.01639221607618512,0.05914141581747132,-0.07923766312632012,-0.029815840048189823,0.01837307841746306,-0.030080162252801444,0.014843359591617896,-0.04356105239613197,0.02032520449993032,0.001316459709518662,0.01015643731018292,-0.043561052396131894,0.014843359591617943,-0.030080162252801433,0.018373078417463048,-0.02981584004818984,-0.07923766312632016,0.05914141581747121,0.0163922160761851,0.2043892125733406,-0.44537846061147174,0.5499434828827148,-0.31739819346152226,1.021607466309934,-2.1100323138748216,0.4682277139147813,2.2087213738120046,2.6290458776895345,1.4906593811592606,0.0,11.28347988646573
57,8.843121457694785,1.4889686054095097,2.592592487678394,2.3267884071582228,0.44489587722629703,-2.105974845718312,1.014586795171121,-0.3217445760111326,0.5374780049383582,-0.46418396676997975,0.23051142884662965,-0.006276437333690823,0.07062404871512895,-0.090405520744866,-0.015401366419078405,0.01275566747189243,-0.022831759468098147,0.008332793725922537,-0.03718769735945004,0.019088955200602883,0.0014403374074500573,0.009880182768019384,-0.037187697359449996,0.008332793725922587,-0.022831759468098133,0.012755667471892431,-0.01540136641907843,-0.09040552074486603,0.07062404871512887,-0.0062764373336908754,0.23051142884662973,-0.4641839667699797,0.5374780049383581,-0.3217445760111326,1.014586795171121,-2.1059748457183116,0.4448958772262966,2.3267884071582228,2.592592487678394,1.4889686054095095,0.0,11.357465368409809
58,8.909076257315785,1.4871914651561402,2.555537594813149,2.4436408431035135,0.4211511864244201,-2.0988639153687005,1.005447919107845,-0.32517672683017823,0.5230179162375851,-0.4808094706286948,0.25529725156742566,-0.02890106604528493,0.08151720763750785,-0.10068789847498948,-0.0008119662599604757,0.006971966893546453,-0.015244751406169297,0.0016827409165403933,-0.030116566546276178,0.017453696383854356,0.0015308620037772448,0.009351737297371796,-0.030116566546276154,0.0016827409165404439,-0.015244751406169288,0.006971966893546443,-0.0008119662599605273,-0.10068789847498948,0.08151720763750778,-0.028901066045284966,0.2552972515674257,-0.48080947062869483,0.5230179162375851,-0.32517672683017823,1.0054479191078447,-2.0988639153687005,0.42115118642441984,2.4436408431035135,2.5555375948131482,1.48719146515614,0.0,11.43002375627984
59,8.972707542348964,1.4853280634784485,2.517889796134765,2.559217683980638,0.39701567608796046,-2.0887098329951823,0.9942099178207024,-0.32768489352058683,0.5066168789734464,-0.4951768918590365,0.2786029845474612,-0.051322974543958684,0.09172997123684991,-0.10998408522504287,0.0137866560964919,0.0010973760644939043,-0.007431656814057209,-0.004995480163314445,-0.02248033995951959,0.015453609272516088,0.0015859372701836074,0.00858458942947737,-0.022480339959519594,-0.004995480163314428,-0.007431656814057182,0.0010973760644939054,0.013786656096491861,-0.10998408522504288,0.09172997123684982,-0.05132297454395873,0.2786029845474612,-0.49517689185903635,0.5066168789734462,-0.32768489352058683,0.9942099178207019,-2.0887098329951823,0.3970156760879602,2.5592176839806373,2.5178897961347646,1.4853280634784478,0.0,11.501041834653297
60,9.034053546153265,1.4833785084591429,2.479657826243245,2.673458597990581,0.37251174346812066,-2.07552732104646,0.9808962534617551,-0.329261949169444,0.4883357583070137,-0.507218755034091,0.30029351244149505,-0.07338488925171288,0.10117709718469886,-0.11820302918382741,0.028228691573200657,-0.004791520739779721,0.0004916525961150059,-0.011590079317180528,-0.01442230084375814,0.013130500963137299,0.001604287858999335,0.007598320556465317,-0.014422300843758182,-0.011590079317180505,0.0004916525961150447,-0.004791520739779715,0.028228691573200602,-0.11820302918382743,0.10117709718469875,-0.0733848892517129,0.30029351244149505,-0.507218755034091,0.4883357583070136,-0.3292619491694439,0.9808962534617548,-2.0755273210464598,0.37251174346812055,2.6734585979905816,2.4796578262432454,1.4833785084591427,0.0,11.570392703656832
61,9.093152502087605,1.481342913178078,2.4408505552711386,2.786303950696101,0.34766212770431343,-2.0593354929045975,0.9655347216513891,-0.32990341259999467,0.4682423964933854,-0.5168785065214744,0.3202430840806037,-0.0949320616883365,0.1097797336594903,-0.12526422963059497,0.042350109584604105,-0.010617952743523751,0.00840767057682737,-0.01799066613926262,-0.006093647173059862,0.010532930547386493,0.001585488835726372,0.006418105117782742,-0.006093647173059919,-0.017990666139262607,0.008407670576827389,-0.010617952743523743,0.04235010958460406,-0.12526422963059497,0.10977973365949023,-0.09493206168833651,0.32024308408060376,-0.5168785065214744,0.4682423964933853,-0.3299034125999946,0.9655347216513889,-2.0593354929045975,0.34766212770431326,2.7863039506961016,2.4408505552711373,1.4813429131780773,0.0,11.637939111491065
62,9.150042643510936,1.4792213957056912,2.4014769868255907,2.8976948361512687,0.3224898887227135,-2.040157825172447,0.9481573934479735,-0.32960746110483086,0.44641136111530505,-0.5241107800828726,0.3383360415165153,-0.11581335392080863,0.11746607749483931,-0.13109852540204242,0.05599052107272588,-0.016305963495190035,0.01619899901574311,-0.024090097896525494,0.0023493453701625916,0.00771519409894419,0.0015299755190130004,0.005074068024504769,0.0023493453701625166,-0.024090097896525504,0.01619899901574314,-0.01630596349519003,0.055990521072725834,-0.13109852540204245,0.11746607749483923,-0.11581335392080866,0.33833604151651536,-0.5241107800828725,0.44641136111530483,-0.3296074611048308,0.9481573934479732,-2.0401578251724466,0.32248988872271334,2.897694836151269,2.4014769868255903,1.479221395705691,0.0,11.703536916370084
63,9.204762203782176,1.4770140790961581,2.3615462558994356,3.007573107650718,0.2970183858371263,-2.018022123634817,0.9288005483914645,-0.3283749356250834,0.4229236683587161,-0.5288816099328961,0.3544674905503445,-0.1358822986873063,0.12417197349519404,-0.13564877229363279,0.06899500018329095,-0.02178140107593926,0.023750089002595332,-0.029786273046313625,0.010748255692480977,0.004736189742338292,0.001439033400219197,0.0036005157232254737,0.010748255692480878,-0.029786273046313642,0.02375008900259537,-0.02178140107593926,0.0689950001832909,-0.1356487722936328,0.12417197349519397,-0.13588229868730634,0.35446749055034454,-0.5288816099328961,0.4229236683587161,-0.32837493562508335,0.928800548391464,-2.0180221236348173,0.29701838583712625,3.0075731076507166,2.3615462558994356,1.4770140790961577,0.0,11.767038618588852
64,9.257349416260276,1.4747210913802526,2.321067626751802,3.1158814080825716,0.27127125607203073,-1.9929604829427428,0.9075045987607477,-0.32620933836090205,0.39786648235719335,-0.531168590256632,0.3685439088583215,-0.1549981267598094,0.1298414499165798,-0.13887040276041235,0.0812158438915512,-0.02697288478330379,0.030948954471574017,-0.03498384036687809,0.018945489842454987,0.001658186526777279,0.0013147683759998302,0.002035060526566474,0.018945489842454876,-0.03498384036687813,0.03094895447157405,-0.02697288478330379,0.08121584389155113,-0.1388704027604123,0.12984144991657978,-0.15499812675980942,0.36854390885832167,-0.5311685902566321,0.3978664823571933,-0.32620933836090193,0.9075045987607474,-1.9929604829427425,0.2712712560720306,3.115881408082572,2.321067626751801,1.474721091380252,0.0,11.828296903738137
65,9.307842514304166,1.4723425655579225,2.2800504907587253,3.2225631998691977,0.24527239222791278,-1.9650092400793109,0.8843140052028513,-0.32311682282001364,0.3713327917209959,-0.5309609804367343,0.38048368818890294,-0.17302675433909284,0.13442718564296524,-0.14073186243531627,0.09251424959223975,-0.031812735687807056,0.03768883300512484,-0.03959579509079059,0.026787238043458853,-0.0014544771612344598,0.001160057983213417,0.00041766056170163977,0.026787238043458724,-0.03959579509079064,0.03768883300512488,-0.03181273568780705,0.09251424959223967,-0.1407318624353163,0.13442718564296516,-0.1730267543390929,0.380483688188903,-0.5309609804367342,0.37133279172099587,-0.3231168228200136,0.8843140052028511,-1.9650092400793107,0.24527239222791264,3.222563199869199,2.280050490758725,1.4723425655579225,0.0,11.887168139226144
66,9.356279731272787,1.4698786395905727,2.2385043642342755,3.3275627944801625,0.21904592070924359,-1.9342089216745089,0.8592771839101696,-0.3191061763326346,0.3434210644511658,-0.5282597554958602,0.39021760748786405,-0.18984172355623907,0.13789090515889352,-0.14121491918946963,0.1027618915998266,-0.03623785893131082,0.043869769168691466,-0.04354493532274207,0.03412636072169425,-0.004536738439889303,0.0009784847653828445,-0.0012104001578597218,0.03412636072169412,-0.04354493532274212,0.04386976916869151,-0.03623785893131082,0.10276189159982657,-0.14121491918946963,0.1378909051588935,-0.1898417235562391,0.39021760748786405,-0.5282597554958602,0.34342106445116577,-0.3191061763326346,0.8592771839101692,-1.934208921674509,0.21904592070924372,3.3275627944801625,2.2385043642342763,1.4698786395905725,0.0,11.943515768187222
67,9.402699300525056,1.4673294563930661,2.1964388862226922,3.4308253815019674,0.19261617913567888,-1.9006041852454834,0.832446405539493,-0.3141887950824218,0.3142348825193021,-0.5230776015175562,0.39768923420842534,-0.2053250894837284,0.1402036980216833,-0.14031484170738137,0.11184237865340946,-0.04019056626498221,0.049400096894833816,-0.04676515436199518,0.04082514937706031,-0.007524169917932074,0.0007742533137043013,-0.002807565503639543,0.040825149377060166,-0.046765154361995236,0.04940009689483386,-0.04019056626498221,0.11184237865340943,-0.14031484170738134,0.14020369802168325,-0.20532508948372843,0.3976892342084253,-0.5230776015175563,0.3142348825193019,-0.3141887950824218,0.8324464055394925,-1.9006041852454836,0.192616179135679,3.430825381501968,2.1964388862226913,1.4673294563930652,0.0,11.997213547500257
68,9.447139455419915,1.4646951638254315,2.153863816262044,3.5322970572494197,0.16600769375725394,-1.8642437544474124,0.8038776860838764,-0.30837865172441103,0.2838825574691054,-0.5154388560670969,0.40285525147980955,-0.2193682474343627,0.1413462601666764,-0.13804044582797204,0.11965257587210629,-0.04361932810384003,0.05419779893229823,-0.04920254729663664,0.04675791049295199,-0.010354326397086826,0.0005520929036401725,-0.004333067949271964,0.04675791049295183,-0.049202547296636735,0.05419779893229828,-0.04361932810384003,0.11965257587210626,-0.1380404458279721,0.14134626016667637,-0.21936824743436273,0.4028552514798096,-0.5154388560670968,0.2838825574691052,-0.30837865172441103,0.8038776860838764,-1.8642437544474124,0.16600769375725394,3.5322970572494214,2.153863816262043,1.4646951638254315,0.0,12.048148579935766
69,9.489638429316315,1.461975914684289,2.1107890321199396,3.631924852903677,0.13924515669453433,-1.8251803484288616,0.7736306699251758,-0.30169225568195573,0.2524767284662178,-0.5053793938920856,0.40568570923746655,-0.23187269474511324,0.141309055031443,-0.1344140081975452,0.12610377614636864,-0.046479445293699365,0.05819172319879722,-0.050816313345776,0.05181332400148855,-0.012968050141421623,0.00031714798168679744,-0.0057479691585741715,0.0518133240014884,-0.05081631334577607,0.05819172319879728,-0.04647944529369935,0.1261037761463686,-0.13441400819754526,0.141309055031443,-0.23187269474511318,0.40568570923746655,-0.5053793938920855,0.25247672846621766,-0.3016922556819557,0.7736306699251755,-1.8251803484288613,0.13924515669453433,3.631924852903677,2.1107890321199387,1.461975914684289,0.0,12.096224094330413
70,9.530234455573176,1.4591718666939866,2.0672245275018004,3.729656762162276,0.11235340302484219,-1.7834706053940586,0.7417685053114088,-0.2941486062354816,0.22013394428801789,-0.492946458439617,0.4061641978590324,-0.24275072170252807,0.14009239315409822,-0.12947104808043244,0.1311227076607194,-0.048733631833004845,0.061322637998439636,-0.05157943884491799,0.0558965320508296,-0.015310707430078552,7.485903825480469e-05,-0.007016153883674227,0.055896532050829464,-0.05157943884491807,0.06132263799843968,-0.04873363183300485,0.13112270766071937,-0.12947104808043244,0.14009239315409822,-0.24275072170252807,0.4061641978590324,-0.4929464584396171,0.22013394428801789,-0.2941486062354816,0.7417685053114084,-1.783470605394058,0.11235340302484198,3.729656762162277,2.0672245275018,1.4591718666939864,0.0,12.141361932075327
71,9.568965767549447,1.4562831824974516,2.023180409732241,3.8254417683867445,0.08535738773582087,-1.739175000482913,0.7083577125189191,-0.2857691385363556,0.1869742308046281,-0.4781984399812643,0.4042879432993674,-0.25192602676335263,0.13770642958135001,-0.12325997946437371,0.13465236610461526,-0.05035250095288266,0.06354411045446078,-0.05147914944166344,0.058930918881745266,-0.017333330546154983,-0.00016916337477673542,-0.008105251804020216,0.05893091888174511,-0.05147914944166354,0.06354411045446082,-0.05035250095288264,0.13465236610461526,-0.12325997946437375,0.13770642958135001,-0.25192602676335263,0.40428794329936735,-0.47819843998126427,0.18697423080462813,-0.28576913853635555,0.708357712518919,-1.7391750004829123,0.08535738773582077,3.8254417683867445,2.0231804097322397,1.4562831824974516,0.0,12.183504703024122
72,9.605870598604046,1.4533100296467572,1.9786668974100845,3.919229871233583,0.05828216256772669,-1.6923577580878448,0.6734680449745797,-0.2765776626992677,0.15312064555623758,-0.46120460138791075,0.4000678231731258,-0.25933425175503266,0.13417107910791334,-0.11584163686810002,0.13665266211930072,-0.051314948218613925,0.06482319512970013,-0.050517123932200536,0.0608595484165146,-0.018993641331156164,-0.0004092685645261091,-0.0089874637763988,0.06085954841651447,-0.05051712393220061,0.06482319512970018,-0.05131494821861392,0.1366526621193007,-0.11584163686810002,0.13417107910791334,-0.25933425175503266,0.4000678231731257,-0.4612046013879106,0.1531206455562375,-0.2765776626992677,0.6734680449745796,-1.692357758087844,0.058282162567726455,3.919229871233584,1.9786668974100845,1.4533100296467565,0.0,12.222617579101026
73,9.640987182095916,1.450252580593403,1.9336943180375656,4.010972112754745,0.031152852765934505,-1.6430867587345535,0.6371723436279838,-0.2666002961461966,0.11869882107973033,-0.4420447528423027,0.3935283036916174,-0.26492343330205403,0.1295158500547566,-0.10728867949561023,0.13710087662704507,-0.05160842665821646,0.06514092262227436,-0.04870946615906727,0.06164623258578283,-0.020256934910031034,-0.0006398965470978852,-0.009640271405993031,0.06164623258578269,-0.04870946615906736,0.0651409226222744,-0.05160842665821645,0.137100876627045,-0.10728867949561019,0.12951585005475666,-0.264923433302054,0.39352830369161734,-0.4420447528423027,0.11869882107973026,-0.2666002961461966,0.6371723436279833,-1.6430867587345528,0.031152852765934342,4.010972112754745,1.9336943180375645,1.4502525805934026,0.0,12.25868969934255
74,9.674353751383997,1.4471110126783153,1.8882731056242625,4.100620602953972,0.003994633765233892,-1.5914334406617474,0.5995463848776565,-0.2558653893941996,0.08383649867935605,-0.42080887701700825,0.38470729781957097,-0.2686543673116857,0.12377959797357545,-0.09768487957317407,0.1359919188711969,-0.0512291103314126,0.06449258089035177,-0.04608643544060267,0.061276210347698944,-0.021096805114606897,-0.0008557067970737126,-0.010047011826731067,0.06127621034769881,-0.04608643544060275,0.0644925808903518,-0.05122911033141261,0.13599191887119688,-0.09768487957317402,0.12377959797357548,-0.2686543673116857,0.3847072978195708,-0.4208088770170079,0.083836498679356,-0.25586538939419956,0.5995463848776562,-1.5914334406617467,0.003994633765233693,4.100620602953973,1.8882731056242614,1.4471110126783149,0.0,12.291735165764306
75,9.706008539827216,1.443885508121557,1.8424137982663207,4.188128544785666,-0.023167292172451212,-1.5374726962425258,0.5606687223687785,-0.2444034454979015,0.04866305437164838,-0.39759670647810286,0.37365594547413905,-0.2705008839625224,0.1170102013332343,-0.08712430183946773,0.13333838423627442,-0.05018194420661182,0.06288778513385511,-0.042691940044567715,0.05975642465847782,-0.021495696442159658,-0.0010517019151237933,-0.010197303019700262,0.059756424658477705,-0.042691940044567805,0.06288778513385514,-0.05018194420661182,0.1333383842362744,-0.08712430183946773,0.11701020133323434,-0.2705008839625224,0.37365594547413905,-0.39759670647810286,0.048663054371648445,-0.2444034454979015,0.5606687223687783,-1.5374726962425258,-0.023167292172451212,4.188128544785666,1.8424137982663207,1.443885508121557,0.0,12.321793615234615
76,9.735989780784518,1.4405762540117604,1.7961270357015302,4.2734502585832175,-0.050307719345236104,-1.481282763397599,0.5206205229927084,-0.23224703337558483,0.01330901876383557,-0.3725172552992743,0.3604383170404417,-0.2704500312669791,0.10926416189510792,-0.07571038222535337,0.12917041119137893,-0.04848057969568507,0.060350335196715746,-0.038582802184943206,0.057115392197416556,-0.021445271011729498,-0.001223343350036141,-0.01008730881340584,0.05711539219741645,-0.038582802184943296,0.060350335196715774,-0.04848057969568507,0.12917041119137893,-0.07571038222535334,0.10926416189510796,-0.2704500312669791,0.36043831704044166,-0.3725172552992744,0.013309018763835603,-0.2322470333755848,0.520620522992708,-1.481282763397599,-0.050307719345236174,4.2734502585832175,1.7961270357015295,1.44057625401176,0.0,12.348930358391739
77,9.764335707614826,1.437183442295275,1.7494235568408154,4.356541205904063,-0.07740146200164238,-1.4229451121577805,0.4794853974306993,-0.21943069526516343,-0.022094407352499963,-0.34568830708607856,0.3451310419225236,-0.2685021659201772,0.10060613311284745,-0.063554914747204,0.12353533898174784,-0.04614719668693397,0.05691786260446774,-0.03382780684550278,0.053402668290795374,-0.020946582847826925,-0.001366656495452194,-0.009719836801762267,0.05340266829079529,-0.03382780684550285,0.05691786260446776,-0.04614719668693397,0.12353533898174786,-0.06355491474720398,0.1006061331128475,-0.2685021659201772,0.3451310419225236,-0.3456883070860785,-0.022094407352499842,-0.21943069526516343,0.47948539743069907,-1.4229451121577803,-0.07740146200164238,4.356541205904064,1.7494235568408147,1.437183442295275,0.0,12.373236082495465
78,9.791084553677086,1.4337072697650346,1.702314197276721,4.437358012779028,-0.10442337771245155,-1.3625443265402337,0.43734922559558703,-0.2059908485730018,-0.057415839894852966,-0.31723586181480234,0.32782286428320656,-0.26467095079798536,0.09110838049285203,-0.050776956536681454,0.11649716995633808,-0.04321221439632697,0.05264127247177345,-0.02850655035239574,0.048687917074626844,-0.020010055848540206,-0.0014783227276414603,-0.009104266680467902,0.04868791707462678,-0.028506550352395826,0.052641272471773456,-0.04321221439632697,0.11649716995633812,-0.050776956536681475,0.09110838049285207,-0.26467095079798536,0.32782286428320656,-0.31723586181480234,-0.05741583989485283,-0.2059908485730018,0.43734922559558664,-1.362544326540234,-0.10442337771245162,4.437358012779028,1.7023141972767213,1.4337072697650344,0.0,12.39482612089622
79,9.816274552330228,1.4301479380491415,1.654809886769466,4.515858492353786,-0.13134839070235524,-1.3001679819097318,0.39429997733588895,-0.19196568239447567,-0.09252419906342925,-0.28729354408380847,0.30861412854844095,-0.2589832591217614,0.08085017841962631,-0.037501661731689014,0.10813584263824641,-0.03971389480649908,0.04758398855664348,-0.022708107970078502,0.04305960434336521,-0.018655265898568644,-0.0015557562530470251,-0.008256310830971685,0.04305960434336517,-0.02270810797007858,0.04758398855664349,-0.03971389480649908,0.10813584263824642,-0.03750166173168899,0.0808501784196264,-0.25898325912176134,0.3086141285484409,-0.28729354408380847,-0.09252419906342915,-0.19196568239447565,0.3942999773358886,-1.300167981909732,-0.1313483907023553,4.515858492353786,1.6548098867694656,1.4301479380491409,0.0,12.413839297478962
80,9.839943936933198,1.4265056535991734,1.6069216467111451,4.592001666910647,-0.15815151511975273,-1.2359065180027513,0.35042752877663685,-0.17739504900030803,-0.12728919578557038,-0.2560019755564623,0.28761619765895324,-0.25147898596201324,0.06991714848050967,-0.023859055649993154,0.09854632379432995,-0.035697843863294,0.04182101265753686,-0.016529542824395303,0.03662333761146439,-0.016910531681594194,-0.0015971639860855626,-0.007197613263108138,0.036623337611464364,-0.01652954282439536,0.04182101265753684,-0.035697843863294006,0.09854632379432997,-0.023859055649993154,0.06991714848050976,-0.2514789859620132,0.2876161976589532,-0.25600197555646237,-0.12728919578557016,-0.177395049000308,0.3504275287766367,-1.235906518002751,-0.15815151511975273,4.592001666910649,1.606921646711145,1.4265056535991734,0.0,12.430436359940929
81,9.862130940844906,1.4227806276782062,1.5586605875686792,4.665747789259186,-0.184807878223102,-1.1698531077985002,0.3058234746803771,-0.16232035059702088,-0.16158181522574513,-0.22350811454291067,0.26495080744188604,-0.24221076840314365,0.058400544812546064,-0.009982761251911824,0.08783752981617075,-0.03121641693251474,0.03543781230290611,-0.010074281112716178,0.029499884534236596,-0.014812322745092211,-0.0016015870706445456,-0.005955197153360143,0.02949988453423659,-0.010074281112716237,0.0354378123029061,-0.03121641693251474,0.08783752981617078,-0.009982761251911798,0.05840054481254613,-0.24221076840314365,0.2649508074418859,-0.2235081145429106,-0.1615818152257451,-0.16232035059702093,0.3058234746803769,-1.1698531077985002,-0.18480787822310193,4.665747789259185,1.5586605875686799,1.4227806276782062,0.0,12.444798021044154
82,9.882873797424306,1.418973076348563,1.510037906306095,4.737058363484486,-0.21129274346230514,-1.1021035224270064,0.2605809372200844,-0.14678442168327122,-0.1952747955667766,-0.18996456582231375,0.2407493608454677,-0.23124361633212298,0.0463964924364525,0.003991309634227543,0.07613108966318587,-0.026328036267663227,0.028529053229252442,-0.0034503807993298287,0.02182290686960737,-0.01240449719058811,-0.0015689230837861706,-0.004560775080294068,0.02182290686960738,-0.0034503807993298804,0.02852905322925245,-0.026328036267663227,0.0761310896631859,0.003991309634227569,0.04639649243645261,-0.23124361633212298,0.2407493608454676,-0.18996456582231386,-0.19527479556677668,-0.14678442168327122,0.260580937220084,-1.1021035224270068,-0.21129274346230503,4.737058363484486,1.5100379063060942,1.4189730763485628,0.0,12.457122631998594
83,9.902210740030338,1.4150832204592791,1.4610648837867313,4.805896165042263,-0.23758153343371258,-1.0327559923101344,0.2147943715632215,-0.13083140733635232,-0.22824310028552072,-0.15552886394689466,0.21515216612840066,-0.2186544564408416,0.034005184935042926,0.017926287505023845,0.06355996341819967,-0.021096429386520524,0.02119719544561232,0.003231277222705536,0.013736452499844566,-0.009737384923644581,-0.0014999284074990263,-0.0030499395633563635,0.01373645249984461,0.00323127722270551,0.021197195445612303,-0.021096429386520524,0.0635599634181997,0.017926287505023886,0.03400518493504305,-0.21865445644084164,0.21515216612840063,-0.15552886394689464,-0.22824310028552064,-0.13083140733635232,0.21479437156322148,-1.0327559923101344,-0.23758153343371252,4.805896165042263,1.461064883786731,1.4150832204592791,0.0,12.467623516838197
84,9.920180002021917,1.4111112856332935,1.4117528821559944,4.872225260190282,-0.2636498526874419,-0.9619110647368635,0.16855936867283908,-0.11450663777470926,-0.26036438217035457,-0.12036273339370847,0.1883076234205743,-0.20453159264063792,0.0213300481728018,0.03168568575491879,0.05026693214572769,-0.0155897982854939,0.013550973705471392,0.009858845224175797,0.0053922525720097895,-0.006866735626072785,-0.001396200713576161,-0.0014612545664684758,0.005392252572009854,0.009858845224175777,0.013550973705471371,-0.015589798285493891,0.05026693214572774,0.0316856857549188,0.021330048172801923,-0.2045315926406379,0.1883076234205742,-0.12036273339370844,-0.26036438217035457,-0.1145066377747093,0.16855936867283894,-0.9619110647368634,-0.2636498526874418,4.872225260190282,1.4117528821559941,1.411111285633294,0.0,12.476526001011639
85,9.936819816757996,1.4070575022543623,1.3621133422052398,4.936011024745987,-0.2894735103658472,-0.8896714580793329,0.12197245573741515,-0.09785649955289552,-0.2915194373584807,-0.08463132903877181,0.16037136437103017,-0.1889740866738067,0.008476877036745253,0.04513473749880736,0.03640297620494639,-0.009879930322292126,0.005703784921392018,0.01632138091669504,-0.0030531255274419563,-0.003852553440523393,-0.001260141967207595,0.00016472884427690568,-0.0030531255274418917,0.01632138091669503,0.005703784921392005,-0.009879930322292129,0.03640297620494646,0.04513473749880738,0.00847687703674534,-0.1889740866738067,0.1603713643710301,-0.08463132903877184,-0.2915194373584806,-0.09785649955289553,0.12197245573741476,-0.8896714580793329,-0.2894735103658472,4.936011024745987,1.3621133422052392,1.4070575022543623,0.0,12.484064171384047
86,9.952168417597518,1.4029221054536947,1.3121577807174165,4.997220162160536,-0.315028542652132,-0.8161419128610216,0.07513089464609014,-0.08092830375496855,-0.3215926477080885,-0.048502460520600976,0.13150534987108467,-0.17209106326665272,-0.004447047596111736,0.058141715550789334,0.02212556043624024,-0.004041262357933191,-0.002227993562278465,0.0225107045730474,-0.01144121594341479,-0.0007578427256234964,-0.0010949028059927535,0.001786507563554355,-0.011441215943414709,0.022510704573047418,-0.0022279935622785017,-0.004041262357933191,0.022125560436240282,0.05814171555078937,-0.004447047596111633,-0.1720910632666527,0.13150534987108464,-0.048502460520601046,-0.3215926477080882,-0.0809283037549686,0.0751308946460901,-0.816141912861021,-0.3150285426521321,4.997220162160538,1.3121577807174156,1.4029221054536951,0.0,12.490477408403333
87,9.966264037899387,1.3987053350963163,1.2618977877950788,5.055820720899797,-0.3402912350082725,-0.7414290398930012,0.02813247893002912,-0.06377015156085036,-0.35047240986370626,-0.012145804135872967,0.10187693108357125,-0.15400094469794143,-0.017333854294321473,0.07057922263048533,0.007596845697933246,0.0018500896415756505,-0.010126729897845296,0.028323209903588713,-0.019614627745066282,0.002352708901314505,-0.0009043095823574551,0.003362685810474665,-0.019614627745066192,0.028323209903588716,-0.010126729897845336,0.0018500896415756505,0.00759684569793329,0.07057922263048537,-0.017333854294321386,-0.1540009446979414,0.10187693108357117,-0.012145804135872898,-0.35047240986370615,-0.06377015156085038,0.02813247893002912,-0.7414290398930009,-0.3402912350082727,5.055820720899797,1.2618977877950792,1.3987053350963161,0.0,12.496006734292429
88,9.979144911022567,1.3944074357671543,1.2113450241713866,5.111782111123231,-0.36523814418161443,-0.6656411656984544,-0.01892467040615226,-0.04643079756764471,-0.37805154942245806,0.02426789403151998,0.07165787922190145,-0.13483062015170025,-0.030075981436718816,0.08232543915994871,-0.007018152933683897,0.007717322893259096,-0.017875282267553538,0.03366159837551141,-0.027419998149232978,0.00541408270613073,-0.0006927757588140952,0.0048530317528055564,-0.027419998149232856,0.033661598375511415,-0.017875282267553572,0.007717322893259096,-0.007018152933683841,0.08232543915994876,-0.030075981436718746,-0.1348306201517002,0.07165787922190132,0.02426789403151998,-0.378051549422458,-0.04643079756764471,-0.018924670406152602,-0.6656411656984544,-0.36523814418161443,5.111782111123231,1.211345024171386,1.394407435767154,0.0,12.500891023757521
89,9.990849270325988,1.390028656756853,1.1605112185047177,5.165075120651978,-0.38984611995972385,-0.5888881754495713,-0.0659423097366459,-0.028959511254279913,-0.4042277186642304,0.060567620005586215,0.04102338970381408,-0.1147145556807618,-0.04256707499125968,0.09326531642958523,-0.02155344038212815,0.013483949038904635,-0.025358736149510664,0.03843650794330547,-0.03471087016122841,0.008362287900871178,-0.000465199707836286,0.006219504421489715,-0.03471087016122827,0.03843650794330551,-0.02535873614951071,0.013483949038904635,-0.021553440382128104,0.09326531642958528,-0.042567074991259585,-0.11471455568076173,0.04102338970381408,0.060567620005586166,-0.40422771866423013,-0.02895951125427993,-0.0659423097366459,-0.5888881754495707,-0.389846119959724,5.165075120651978,1.1605112185047173,1.390028656756853,0.0,12.505363125825333
90,10.001415349168568,1.3855692520473122,1.1094081646575245,5.215671930217788,-0.41409232665330337,-0.5112813536445533,-0.1128222779227096,-0.011405936983124003,-0.4289037763697514,0.09658289507148354,0.01015106645324815,-0.09379385102401733,-0.05470287621453958,0.1032917034465765,-0.035843926919201526,0.019074791287785678,-0.03246610855180816,0.042568008926254036,-0.04135044063805881,0.011135699220053811,-0.00022685128294007686,0.007427224703543623,-0.0413504406380587,0.04256800892625408,-0.03246610855180823,0.019074791287785685,-0.03584392691920148,0.10329170344657657,-0.05470287621453948,-0.09379385102401729,0.01015106645324815,0.09658289507148361,-0.4289037763697512,-0.011405936983124072,-0.11282227792270974,-0.5112813536445531,-0.41409232665330337,5.215671930217788,1.1094081646575242,1.3855692520473122,0.0,12.509645947014462
91,10.010881380909257,1.3810294802969574,1.0580477189600583,5.263546127984844,-0.4379542642872348,-0.4329332227557321,-0.15946670124871562,0.006180047063624883,-0.4519881483170564,0.13214457641495742,-0.020780107761137322,-0.07221524989312836,-0.06638209186267877,0.11230639642885333,-0.04972730323065139,0.024416964461096813,-0.03909199394028264,0.04598694199269649,-0.04721412721044595,0.013676345051275136,1.6750212417129666e-05,0.008445365628815872,-0.04721412721044582,0.04598694199269656,-0.039091993940282704,0.024416964461096816,-0.049727303230651346,0.11230639642885333,-0.06638209186267867,-0.07221524989312833,-0.020780107761137392,0.13214457641495753,-0.4519881483170563,0.006180047063624883,-0.1594667012487157,-0.4329332227557321,-0.4379542642872349,5.263546127984843,1.0580477189600577,1.3810294802969567,0.0,12.513948547084556
92,10.019285598906986,1.3764096048257346,1.006441797459605,5.308672723336891,-0.46140978948008904,-0.3539573800827417,-0.20577819775812933,0.023748470611943646,-0.47339516711851637,0.1670856514878306,-0.051590808981315885,-0.05013011067082457,-0.07750723965023058,0.12022110066531456,-0.06304588390228441,0.029440825161723003,-0.04513812745006619,0.048636075853848625,-0.05219190589891068,0.01593111919482959,0.00025996383231282927,0.009247939226101806,-0.05219190589891051,0.048636075853848694,-0.045138127450066276,0.029440825161723007,-0.06304588390228437,0.12022110066531463,-0.07750723965023049,-0.05013011067082455,-0.05159080898131585,0.1670856514878306,-0.47339516711851615,0.023748470611943594,-0.20577819775812925,-0.35395738008274136,-0.4614097894800891,5.308672723336892,1.0064417974596045,1.3764096048257346,0.0,12.518462299072809
93,10.026666236520699,1.3717098935998386,0.9546023731558622,5.351028159922502,-0.48443713599272265,-0.2744683330472915,-0.25166008056281813,0.0412494132856662,-0.4930453901372755,0.20124202236887123,-0.08210241169329675,-0.027693344740599785,-0.0879854619003668,0.12695829532132039,-0.07564839838848106,0.03408087968242685,-0.050514842197794736,0.050471065287944046,-0.056190375561780345,0.017852890923369422,0.0004971576126433677,0.009814459864170849,-0.05619037556178019,0.050471065287944115,-0.0505148421977948,0.03408087968242686,-0.07564839838848099,0.12695829532132044,-0.08798546190036673,-0.027693344740599743,-0.08210241169329675,0.20124202236887123,-0.4930453901372755,0.04124941328566613,-0.2516600805628183,-0.2744683330472917,-0.48443713599272287,5.351028159922502,0.9546023731558618,1.3717098935998384,0.0,12.523357165204189
94,10.033061527109318,1.366930619216171,0.9025414732231046,5.390590327951617,-0.507014934926895,-0.19458133316835577,-0.29701655970123014,0.05863314645438177,-0.5108658943032938,0.2344532764363522,-0.11213802441128876,-0.005062329894660413,-0.09772930059508908,0.13245199271909258,-0.087391709121545,0.03827663781648214,-0.05514239908187771,0.05146119345783567,-0.059134510438604654,0.01940149013842984,0.0007228389874208527,0.010130467145976254,-0.05913451043860451,0.05146119345783575,-0.055142399081877756,0.03827663781648215,-0.08739170912154491,0.13245199271909253,-0.09772930059508901,-0.005062329894660345,-0.11213802441128883,0.23445327643635225,-0.5108658943032937,0.058633146454381745,-0.2970165597012303,-0.19458133316835605,-0.5070149349268953,5.3905903279516165,0.9025414732231042,1.3669306192161705,0.0,12.528778139536216
95,10.038509704031798,1.3620720588865267,0.8502711762197818,5.427338575736994,-0.5291222345551602,-0.11441220895848574,-0.3417529421240133,0.07585027453649108,-0.5267905467349133,0.2665634397329008,-0.1415235152088086,0.017604193558211,-0.10665742735639666,0.1366483846562257,-0.09814243724784559,0.0419734014400264,-0.05895216934929236,0.05158988609601861,-0.06096906790492331,0.020544547031449475,0.0009317819771045195,0.010187895009211549,-0.060969067904923145,0.0515898860960187,-0.05895216934929238,0.04197340144002641,-0.09814243724784553,0.13664838465622575,-0.10665742735639656,0.017604193558211034,-0.14152351520880865,0.26656343973290075,-0.5267905467349131,0.07585027453649099,-0.34175294212401314,-0.11441220895848567,-0.5291222345551603,5.427338575736994,0.8502711762197814,1.3620720588865267,0.0,12.534841906864441
96,10.043049000647049,1.3571344944215151,0.7978036092861908,5.46125372047451,-0.550738519763635,-0.034077197983541335,-0.3857758293895539,0.0928518753559095,-0.5407602501616586,0.2974217094845213,-0.17008852125120133,0.040147236241867175,-0.11469532226551492,0.13950636943192044,-0.10777847752587336,0.04512297758575536,-0.061887652390903956,0.05085498894986579,-0.06165962502381152,0.021258168698155916,0.001119148203736288,0.00998527761194948,-0.06165962502381141,0.05085498894986586,-0.06188765239090401,0.045122977585755376,-0.10777847752587329,0.13950636943192046,-0.11469532226551485,0.04014723624186723,-0.17008852125120139,0.29742170948452135,-0.5407602501616585,0.09285187535590946,-0.3857758293895538,-0.03407719798354079,-0.550738519763635,5.4612537204745095,0.7978036092861908,1.3571344944215153,0.0,12.541633765466567
97,10.046717650314019,1.3521182122142166,0.7451509453308818,5.492318058256702,-0.5718437310895969,0.04630722167066703,-0.4289933126566973,0.10958963915359708,-0.5527231622374936,0.3268831623335754,-0.1976674364767938,0.0624086749090361,-0.12177589585432148,0.14099795441896276,-0.11619038518021223,0.04768430671195356,-0.06390531367094957,0.049268803842776716,-0.06119322444474598,0.02152743856329077,0.0012805989305995215,0.009527786748147953,-0.061193224444745856,0.04926880384277679,-0.06390531367094962,0.04768430671195357,-0.11619038518021219,0.1409979544189628,-0.12177589585432143,0.062408674909036135,-0.19766743647679375,0.3268831623335755,-0.5527231622374936,0.10958963915359705,-0.4289933126566976,0.04630722167066716,-0.5718437310895966,5.492318058256702,0.7451509453308811,1.3521182122142166,0.0,12.549204858705155
98,10.049553886391637,1.3470235032235682,0.6923254002064396,5.520515373314304,-0.5924182833362481,0.12662450028046673,-0.47131516456755285,0.1260160058589157,-0.562634887930649,0.3548094349595612,-0.22410037170058242,0.08423236156228919,-0.12784004907742633,0.1411085302384451,-0.12328261895973743,0.04962399797641293,-0.06497523036381289,0.04685788274759347,-0.05957861753039014,0.021346728176380215,0.0014123955319602173,0.008827099837994828,-0.05957861753039002,0.04685788274759357,-0.06497523036381293,0.04962399797641294,-0.12328261895973745,0.14110853023844516,-0.1278400490774262,0.08423236156228923,-0.22410037170058233,0.35480943495956113,-0.5626348879306488,0.1260160058589156,-0.47131516456755285,0.1266245002804673,-0.5924182833362481,5.520515373314306,0.6923254002064393,1.3470235032235676,0.0,12.557569757349532
99,10.051595942238858,1.3418506629574871,0.6393392298753092,5.54583094648099,-0.6124430837473712,0.20675818547028235,-0.5126530276197787,0.14208430023075921,-0.5704586442760536,0.38106937389120915,-0.24923408157424223,0.10546521872005112,-0.1328371665910171,0.13983701385181527,-0.12897462628156198,0.05091676453712576,-0.06508153512300659,0.0436625833193953,-0.056846100149361686,0.020719814861196905,0.0015114860663680337,0.007901101862628329,-0.056846100149361575,0.04366258331939538,-0.06508153512300664,0.050916764537125764,-0.12897462628156198,0.1398370138518153,-0.13283716659101708,0.10546521872005113,-0.2492340815742422,0.38106937389120915,-0.5704586442760535,0.14208430023075916,-0.5126530276197786,0.20675818547028235,-0.6124430837473712,5.54583094648099,0.6393392298753082,1.3418506629574876,0.0,12.566704430734257
100,10.052882051214588,1.336599991455734,0.586204727566308,5.568251562876849,-0.6318995497250078,0.2865920910574444,-0.5529205986350755,0.157748864484456,-0.5761653968789622,0.40553965145810983,-0.2729228530283889,0.12595831314514694,-0.13672553922124653,0.1371958591687337,-0.13320175813581975,0.0515457532049415,-0.06422265140106805,0.03973639332783826,-0.05304694421610299,0.01965980275972909,0.0015755759487868374,0.0067734288513269635,-0.0530469442161029,0.039736393327838335,-0.06422265140106809,0.05154575320494153,-0.13320175813581966,0.13719585916873375,-0.13672553922124647,0.12595831314514694,-0.27292285302838887,0.4055396514581099,-0.5761653968789622,0.157748864484456,-0.5529205986350756,0.28659209105744454,-0.6318995497250078,5.568251562876849,0.5862047275663071,1.3365999914557343,0.0,12.576544640567626
101,10.053450446677788,1.3312717932725053,0.5329342209224969,5.587765518806643,-0.6507696260737246,0.366010465511048,-0.5920338089387603,0.1729651880275859,-0.5797339676632093,0.42810534498909963,-0.29502935004633896,0.14556790050445279,-0.13947271209596535,0.1332109350668399,-0.13591600335992776,0.051502764150661004,-0.06241131683046827,0.03514503529771643,-0.04825243564422472,0.01818884892104636,0.0016031810850390686,0.0054728645736245385,-0.04825243564422463,0.0351450352977165,-0.06241131683046831,0.051502764150661004,-0.13591600335992776,0.13321093506683993,-0.13947271209596535,0.14556790050445273,-0.2950293500463389,0.4281053449890996,-0.5797339676632092,0.17296518802758584,-0.59203380893876,0.36601046551104854,-0.6507696260737248,5.587765518806643,0.5329342209224956,1.331271793272506,0.0,12.586984786372572
102,10.05333936198738,1.3258663774587705,0.4795400691410649,5.604362627869203,-0.6690358017554577,0.4448981597806083,-0.6299109998742541,0.18769003393607045,-0.5811511134642264,0.44866047653725305,-0.3154254098717778,0.1641564336321119,-0.14105575553407065,0.12792127201816744,-0.13708653394254486,0.05078835780235009,-0.05967439431878491,0.02996536634562939,-0.04255253676479838,0.016337700160527244,0.0015936622381588236,0.004032605835738912,-0.042552536764798324,0.029965366345629463,-0.059674394318784935,0.05078835780235008,-0.13708653394254483,0.12792127201816744,-0.14105575553407065,0.164156433632112,-0.3154254098717778,0.448660476537253,-0.5811511134642263,0.18769003393607045,-0.6299109998742539,0.4448981597806083,-0.669035801755458,5.604362627869203,0.4795400691410645,1.3258663774587705,0.0,12.597877226225052
103,10.052587030502298,1.3203840575443462,0.4260346601058933,5.618034226274788,-0.6866811261393916,0.5231407942511722,-0.6664730932860488,0.2018815618111558,-0.5804115751751624,0.46710851059670305,-0.33399278603430993,0.18159352732407677,-0.14146145643145017,0.12137867980388385,-0.13670005516374062,0.04941184753930269,-0.05605247365968268,0.02428409162895896,-0.03605419830747189,0.014145050370312356,0.0015472398308508857,0.002489415134568455,-0.036054198307471835,0.024284091628959042,-0.05605247365968272,0.04941184753930268,-0.13670005516374056,0.12137867980388385,-0.1414614564314502,0.18159352732407671,-0.3339927860343099,0.46710851059670305,-0.5804115751751623,0.20188156181115577,-0.6664730932860488,0.5231407942511722,-0.6866811261393917,5.618034226274787,0.42603466010589275,1.3203840575443455,0.0,12.609032090701776
104,10.051231685581488,1.31482515151971,0.37243040751346446,5.628773177367634,-0.7036892247317917,0.6006249245828268,-0.7016437566152333,0.21549944666819273,-0.5775180972637215,0.483362807473804,-0.3506238338851882,0.19775687289663255,-0.14068642854609284,0.11364724006166092,-0.13476095659453496,0.04739117827789875,-0.05159926956799025,0.01819631294339798,-0.028879352617750216,0.011656731714890154,0.0014649888412833175,0.0008826822976997386,-0.028879352617750195,0.01819631294339803,-0.05159926956799027,0.04739117827789875,-0.13476095659453496,0.1136472400616609,-0.14068642854609287,0.19775687289663255,-0.350623833885188,0.4833628074738037,-0.5775180972637212,0.21549944666819268,-0.701643756615233,0.6006249245828272,-0.703689224731792,5.628773177367634,0.3724304075134638,1.3148251515197096,0.0,12.620217601819709
105,10.049311560583877,1.3091899818175559,0.318739747992782,5.636573875351342,-0.720044314371195,0.6772382061941487,-0.7353495622628918,0.2285049935193936,-0.57248141758729,0.4973470301834156,-0.3652221346688209,0.2125330960939356,-0.138737140761854,0.10480267863593692,-0.13129126224077392,0.04475269253217604,-0.04638082506628392,0.011803936764808053,-0.02116262576494776,0.008924756617960966,0.0013488139104089294,-0.0007465809390046848,-0.021162625764947766,0.011803936764808107,-0.04638082506628393,0.04475269253217604,-0.1312912622407739,0.10480267863593691,-0.13873714076185403,0.21253309609393561,-0.36522213466882086,0.49734703018341564,-0.57248141758729,0.22850499351939355,-0.7353495622628915,0.6772382061941487,-0.7200443143711949,5.636573875351342,0.31873974799278215,1.3091899818175565,0.0,12.631160902312244
106,10.046864888868399,1.3034788752940945,0.26497513821996965,5.6414322482151205,-0.7357312178748526,0.7528695571511025,-0.7675201408886726,0.24086124732498088,-0.5653202275441523,0.5089955029593541,-0.37770305451198866,0.22581855232695855,-0.13562986309496813,0.0949316238786075,-0.12633038039760291,0.04153078699887398,-0.040474532037114666,0.005213968384016699,-0.013048811469946036,0.0060062305655808074,0.0012014052372416983,-0.0023567877529063305,-0.013048811469946065,0.005213968384016757,-0.040474532037114666,0.04153078699887398,-0.1263303803976029,0.09493162387860744,-0.1356298630949682,0.22581855232695855,-0.37770305451198866,0.5089955029593544,-0.5653202275441525,0.24086124732498085,-0.7675201408886726,0.7528695571511022,-0.7357312178748526,5.6414322482151205,0.2649751382199695,1.3034788752940945,0.0,12.641549393917481
107,10.04392990379399,1.2976921632100902,0.2111490520282202,5.64334575985941,-0.7507353781228422,0.8274093192252296,-0.798088328324471,0.2525330980003028,-0.5560611027086719,0.5182535196952947,-0.3879942350900259,0.23752005366581389,-0.13139053089397326,0.08413075816474351,-0.11993465605565362,0.03776746414388862,-0.03396798346652947,-0.0014632793100862957,-0.004690154251013592,0.002962158450867358,0.0010261762833969766,-0.003906837735137904,-0.004690154251013648,-0.0014632793100862699,-0.03396798346652945,0.03776746414388862,-0.11993465605565364,0.08413075816474347,-0.13139053089397332,0.23752005366581389,-0.3879942350900259,0.5182535196952945,-0.5560611027086717,0.25253309800030277,-0.7980883283244706,0.8274093192252298,-0.7507353781228424,5.643345759859411,0.21114905202821968,1.2976921632100904,0.0,12.65103257653858
108,10.040544838719589,1.291830181211651,0.1572739775137629,5.642313411419744,-0.7650428715667711,0.9007494168875949,-0.8269903057965096,0.2634873801805409,-0.5447384042078565,0.525077600867555,-0.3960360131253207,0.24755552248612656,-0.1260545283665226,0.07250587093384354,-0.11217673094265161,0.03351178463589523,-0.026957674400632976,-0.008116032415046994,0.003756507234295837,-0.0001438305891877154,0.0008271847294372166,-0.005357165975475175,0.0037565072342957595,-0.008116032415046959,-0.02695767440063295,0.03351178463589523,-0.11217673094265165,0.07250587093384352,-0.12605452836652264,0.24755552248612658,-0.39603601312532083,0.525077600867555,-0.5447384042078566,0.2634873801805408,-0.8269903057965095,0.9007494168875955,-0.7650428715667711,5.642313411419746,0.15727397751376318,1.2918301812116515,0.0,12.659224373264173
109,10.036747927004129,1.2858932693107583,0.10336241413852225,5.638335741788151,-0.7786404211505387,0.9727835140079713,-0.854165733163068,0.2736929674595288,-0.5313941512053072,0.5294356977331487,-0.4017817662860837,0.2558545671845966,-0.11966639323990844,0.06017082253164014,-0.1031447184690009,0.028819227765503545,-0.01954757088058865,-0.01463292705600705,0.012132683049923374,-0.0032468131905257873,0.0006090385133936525,-0.006670752953720482,0.01213268304992328,-0.014632927056007028,-0.019547570880588637,0.02881922776550354,-0.10314471846900088,0.06017082253164011,-0.11966639323990849,0.2558545671845966,-0.4017817662860837,0.5294356977331487,-0.5313941512053072,0.2736929674595288,-0.8541657331630678,0.9727835140079707,-0.7786404211505387,5.638335741788151,0.10336241413852253,1.285893269310758,0.0,12.66570591940763
110,10.032577402006549,1.279881771865545,0.049426869830139726,5.6314148273318585,-0.7915154086311694,1.043407168032061,-0.8795578748896944,0.28312086083490523,-0.5160778649657656,0.5313073428441032,-0.405198183480033,0.2623589759255196,-0.11227944502039268,0.047246429001145715,-0.0929412029481967,0.023750968187859933,-0.01184756807939798,-0.020904873563199595,0.02028120582604539,-0.006281928831587943,0.00037678912727825287,-0.007814069460195585,0.020281205826045267,-0.020904873563199606,-0.011847568079397946,0.023750968187859933,-0.09294120294819672,0.047246429001145715,-0.11227944502039275,0.2623589759255196,-0.405198183480033,0.5313073428441031,-0.5160778649657654,0.283120860834905,-0.8795578748896942,1.0434071680320607,-0.7915154086311695,5.631414827331859,0.04942686983013945,1.2798817718655449,0.0,12.670028787038163
111,10.02807149708578,1.2737960375603223,-0.004520141919968712,5.621554280809419,-0.8036558862882792,1.1125179814132171,-0.9031137184988913,0.29174427110828477,-0.49884638507894674,0.5306837461711658,-0.40626545797596497,0.2670231249549892,-0.10395533995413157,0.03385927874588932,-0.08168207445877859,0.01837307841746304,-0.003971860506983761,-0.026826882580349837,0.028049179787685185,-0.009185735589307634,0.00013581464245995947,-0.008757932426318761,0.02804917978768507,-0.026826882580349848,-0.003971860506983729,0.01837307841746305,-0.0816820744587786,0.033859278745889274,-0.10395533995413166,0.2670231249549892,-0.40626545797596486,0.5306837461711659,-0.49884638507894663,0.2917442711082847,-0.9031137184988911,1.1125179814132173,-0.8036558862882792,5.62155428080942,-0.004520141919968162,1.2737960375603223,0.0,12.671718610039116
112,10.023268445600749,1.2676364193853555,-0.05846610495984654,5.608759249484821,-0.8150505880113105,1.1800157500790975,-0.9247840852469869,0.29953869500630914,-0.47976365852466285,0.527567836385464,-0.4049774022335813,0.2698142986187501,-0.09476355640427933,0.020140492655576065,-0.06949521258129532,0.01275566747189243,0.003962751545829685,-0.032299822535807494,0.035290849632747576,-0.011897536242652813,-0.00010830482737772964,-0.00947824982025444,0.03529084963274744,-0.032299822535807494,0.0039627515458297066,0.01275566747189243,-0.06949521258129535,0.020140492655576037,-0.09476355640427937,0.2698142986187501,-0.4049774022335813,0.5275678363854642,-0.4797636585246628,0.299538695006309,-0.9247840852469869,1.1800157500790978,-0.8150505880113105,5.608759249484821,-0.05846610495984654,1.2676364193853555,0.0,12.670279068645863
113,10.01820648091042,1.2614032746163883,-0.11239850338084663,5.593036412440586,-0.8256889397542494,1.2458026087179856,-0.9445237327971208,0.30648198480628014,-0.4589005023620257,0.5219742471042382,-0.40134148377585077,0.27071291883900656,-0.0847808149396451,0.006224439838159266,-0.056519033960211365,0.006971966893546456,0.011838594208240849,-0.037232079057193085,0.04187033542894217,-0.014360647004655436,-0.00034991634186199214,-0.009956635594229516,0.04187033542894201,-0.03723207905719313,0.011838594208240884,0.006971966893546447,-0.056519033960211365,0.006224439838159231,-0.08478081493964518,0.2707129188390066,-0.4013414837758506,0.5219742471042381,-0.45890050236202556,0.3064819848062799,-0.9445237327971204,1.2458026087179863,-0.8256889397542494,5.593036412440587,-0.11239850338084689,1.2614032746163883,0.0,12.665196186791716
114,10.01292383637369,1.2550969647939205,-0.1663048244214243,5.57439397709126,-0.83556106934812,1.309783172674143,-0.9622914496739942,0.3125544112685375,-0.4363343409234029,0.5139292481652464,-0.3953787818959284,0.26971268244057117,-0.07409043797521923,-0.007752578462869337,-0.042900920187339146,0.0010973760644939054,0.019538865185979908,-0.04154108855175776,0.04766418221303257,-0.01652358236308222,-0.0005834250359635239,-0.010180878987031877,0.047664182213032424,-0.0415410885517578,0.019538865185979942,0.0010973760644939054,-0.04290092018733918,-0.007752578462869363,-0.07409043797521933,0.26971268244057117,-0.39537878189592834,0.5139292481652464,-0.4363343409234028,0.31255441126853745,-0.9622914496739938,1.309783172674143,-0.8355610693481199,5.574393977091261,-0.16630482442142458,1.2550969647939214,0.0,12.655942890528184
115,10.00745874534953,1.2487178557022383,-0.22017256137020372,5.552841674899081,-0.8446578156621507,1.3718646762464342,-0.978050141303181,0.31773871969675577,-0.41214891848841717,0.5034706222526064,-0.3871238654496304,0.2668206053631102,-0.06278165430942229,-0.02165366387555517,-0.028795543862674182,-0.004791520739779717,0.02694936599194504,-0.045154720281062086,0.052563676452702796,-0.01834113126345117,-0.0008034236772105792,-0.010145256202779902,0.05256367645270262,-0.045154720281062134,0.02694936599194507,-0.004791520739779709,-0.028795543862674224,-0.021653663875555187,-0.06278165430942236,0.2668206053631102,-0.38712386544963023,0.5034706222526065,-0.4121489184884172,0.31773871969675577,-0.9780501413031809,1.3718646762464344,-0.8446578156621508,5.552841674899082,-0.22017256137020316,1.2487178557022385,0.0,12.641983771382156
116,10.00184944119685,1.242266317348195,-0.2739892164676359,5.528390756294105,-0.8529707371051144,1.4319571071897306,-0.9917669074553757,0.3220201789668714,-0.38643398850426847,0.4906474874534873,-0.3766245924419606,0.2620569734493675,-0.05094885436285921,-0.03534266175515134,-0.014363111844995655,-0.010617952743523751,0.03396019556120564,-0.048012483794710965,0.056476885905833656,-0.019775302139330046,-0.0010048178779990125,-0.009850676510385573,0.0564768859058335,-0.04801248379471103,0.03396019556120568,-0.01061795274352375,-0.014363111844995705,-0.03534266175515138,-0.050948854362859286,0.26205697344936746,-0.3766245924419605,0.49064748745348735,-0.3864339885042684,0.3220201789668713,-0.9917669074553752,1.4319571071897308,-0.8529707371051146,5.528390756294105,-0.27398921646763646,1.242266317348196,0.0,12.622779994858686
117,9.99613415727458,1.235742723939754,-0.3277423038055834,5.50105398480141,-0.8604921194589492,1.4899733372240578,-1.0034131109338893,0.3253866233853194,-0.3592849805057013,0.475520066579002,-0.36394183256959106,0.255455200154553,-0.03869080233483711,-0.04868549475532803,0.00023245435485689953,-0.01630596349519004,0.04046738013329885,-0.05006654151128695,0.05933038460204734,-0.02079611703629077,-0.0011829440635256906,-0.009304659034533301,0.0593303846020472,-0.05006654151128702,0.0404673801332989,-0.016305963495190038,0.0002324543548568608,-0.0486854947553281,-0.03869080233483717,0.255455200154553,-0.3639418325695909,0.4755200665790019,-0.3592849805057013,0.3253866233853193,-1.0034131109338886,1.4899733372240576,-0.8604921194589494,5.501053984801412,-0.32774230380558395,1.2357427239397543,0.0,12.597794291473539
118,9.99035112694169,1.2291474538642795,-0.38141935222415335,5.470845630378461,-0.8672149830373904,1.5458292483622718,-1.0129644373619944,0.3278284872576453,-0.3308026459706972,0.4581594043326672,-0.34914911432785967,0.24706159217496243,-0.026109811853498147,-0.061551476053213254,0.014825380371197612,-0.021781401075939264,0.046374415229931215,-0.051282509496366036,0.061070630579624016,-0.021382238230234114,-0.0013336774636266843,-0.00852114083058297,0.06107063057962386,-0.05128250949636609,0.046374415229931264,-0.021781401075939264,0.014825380371197554,-0.061551476053213296,-0.02610981185349821,0.24706159217496237,-0.34914911432785956,0.4581594043326672,-0.33080264597069725,0.32782848725764524,-1.0129644373619942,1.5458292483622718,-0.8672149830373906,5.470845630378461,-0.3814193522241528,1.2291474538642793,0.0,12.566495965775411
119,9.97777387721689,1.2224808896665904,-0.43500790820510976,5.437781461966114,-0.8731330891629764,1.5994438548731011,-1.0204009459453003,0.32933883206926257,-0.30109268442613807,0.43864703365472313,-0.33233219872818753,0.23693502463977362,-0.01331089200012413,-0.0738145893658385,0.02924992182516942,-0.026972884783303806,0.051593696859860996,-0.05164003303297825,0.061664970526460104,-0.021521414242109092,-0.001453527627812606,-0.007520121142271046,0.06166497052645995,-0.05164003303297833,0.05159369685986104,-0.0269728847833038,0.029249921825169382,-0.07381458936583855,-0.013310892000124223,0.23693502463977356,-0.33233219872818737,0.4386470336547229,-0.30109268442613796,0.3293388320692625,-1.0204009459452996,1.5994438548731011,-0.8731330891629767,5.437781461966114,-0.4350079082051106,1.2224808896665904,0.0,12.528365857850003
120,9.95180438009114,1.215743418026773,-0.48849553876119295,5.401878739257121,-0.8782409459564106,1.6507394207027113,-1.0257071111031688,0.3299133662011236,-0.27026535119098555,0.41707459280930026,-0.313588582097298,0.22514652814431704,-0.0004008708354465432,-0.08535472322082568,0.04334224682583358,-0.031812735687807056,0.056047820725548606,-0.051133127349742194,0.06110225247436851,-0.02121073592614259,-0.0015397192517119266,-0.006327150922505332,0.061102252474368395,-0.05113312734974226,0.05604782072554866,-0.031812735687807056,0.043342246825833534,-0.08535472322082571,-0.00040087083544662936,0.22514652814431702,-0.31358858209729795,0.41707459280930037,-0.27026535119098544,0.3299133662011235,-1.0257071111031684,1.6507394207027115,-0.8782409459564106,5.401878739257122,-0.48849553876119295,1.2157434180267728,0.0,12.48290119182808
121,9.9126735363817,1.2089354297377497,-0.541869834320674,5.3631562036864855,-0.8825338134329099,1.699641572184555,-1.0288718548822695,0.32955045712428205,-0.23843504821266373,0.3935433950127569,-0.2930269308407626,0.21177879052148538,0.01251249625642218,-0.09605884739220959,0.056942296749493235,-0.03623785893131082,0.059670730163755056,-0.049770277803048275,0.05939303505035833,-0.02045669727865995,-0.001590256443268746,-0.004972680647197103,0.059393035050358214,-0.04977027780304837,0.0596707301637551,-0.036237858931310825,0.056942296749493165,-0.09605884739220959,0.012512496256422078,0.21177879052148538,-0.29302693084076253,0.3935433950127569,-0.23843504821266365,0.32955045712428205,-1.028871854882269,1.6996415721845555,-0.8825338134329097,5.3631562036864855,-0.5418698343206739,1.2089354297377497,0.0,12.42962024697386
122,9.86061224690583,1.2020573196826152,-0.5951184116064793,5.321634068648303,-0.886007707900814,1.7460794058740756,-1.0298885700845883,0.3282511360386964,-0.20571989951507172,0.36816395262438517,-0.27076645144784434,0.19692557684599657,0.025321425964097817,-0.10582211997875632,0.06989560416278387,-0.04019056626498222,0.06240869579561227,-0.04757429783628967,0.05656938935858274,-0.019275059696431538,-0.0016039689405180078,-0.003491283069133857,0.05656938935858262,-0.04757429783628975,0.062408695795612305,-0.04019056626498222,0.06989560416278384,-0.10582211997875633,0.025321425964097696,0.19692557684599657,-0.27076645144784434,0.36816395262438506,-0.20571989951507172,0.3282511360386963,-1.0298885700845877,1.7460794058740752,-0.886007707900814,5.3216340686483035,-0.5951184116064793,1.2020573196826152,0.0,12.368066789014561
123,9.795851412480781,1.1951094868117282,-0.6482289165092109,5.277334008944266,-0.8886594056583674,1.789985591351923,-1.0287551340616161,0.3260190949430921,-0.1722413128337639,0.3410554581340914,-0.24693619939004408,0.18069107173976487,0.037919006678132625,-0.11454891428146174,0.08205504724181938,-0.04361932810384004,0.06422111235751338,-0.04458194709383479,0.05268429721036691,-0.017690522521904183,-0.0015805392106985436,-0.0019207707510421686,0.05268429721036681,-0.044581947093834895,0.06422111235751342,-0.04361932810384003,0.0820550472418193,-0.11454891428146174,0.03791900667813254,0.18069107173976484,-0.24693619939004402,0.34105545813409155,-0.17224131283376395,0.32601909494309206,-1.028755134061616,1.7899855913519236,-0.8886594056583674,5.277334008944267,-0.6482289165092109,1.195109486811728,0.0,12.297814202477472
124,9.71862193392382,1.1880923341195744,-0.7011890269534061,5.230279149469279,-0.890486445985247,1.8312964688466287,-1.02547391314591,0.32286067614421093,-0.13812352906509465,0.31234522438454915,-0.22167433092001992,0.16318914859163455,0.05020009084443569,-0.12215375542244485,0.09328252076094959,-0.04647944529369935,0.06508110089546243,-0.040843316082329204,0.04781065699369817,-0.015736206761790918,-0.001520509803184678,-0.00030123090274342346,0.04781065699369811,-0.0408433160823293,0.06508110089546246,-0.04647944529369935,0.09328252076094949,-0.12215375542244482,0.05020009084443558,0.16318914859163455,-0.22167433092001987,0.31234522438454915,-0.13812352906509467,0.3228606761442109,-1.0254739131459096,1.8312964688466282,-0.890486445985247,5.230279149469278,-0.7011890269534056,1.1880923341195742,0.0,12.21846926889682
125,9.6291547120522,1.1810062686213914,-0.7539864557563547,5.180494053140124,-0.8914871334260597,1.869952141535183,-1.02005175771078,0.31878485423525404,-0.10349316120134407,0.28216808665677223,-0.1951273021085888,0.1445425708173755,0.06206217259374645,-0.12856215753148986,0.10345050467227747,-0.048733631833004845,0.06497590739206933,-0.03642098767979916,0.042039915835664236,-0.013452962770662553,-0.0014252707859686,0.0013259978418879745,0.04203991583566417,-0.03642098767979924,0.06497590739206933,-0.04873363183300485,0.1034505046722774,-0.12856215753148983,0.06206217259374633,0.14454257081737545,-0.19512730210858875,0.2821680866567723,-0.1034931612013442,0.31878485423525393,-1.0200517577107795,1.8699521415351832,-0.8914871334260597,5.180494053140125,-0.7539864557563544,1.1810062686213911,0.0,12.129675540790132
126,9.52768064768317,1.173851701329557,-0.8066089534788314,5.128004708073477,-0.8916605393636906,1.905896562387707,-1.0124999878684113,0.313803210594728,-0.0684787244628655,0.2506657694271691,-0.16744901976340426,0.12488213076252634,0.07340624332189873,-0.1337113533003867,0.11244351246023207,-0.05035250095288265,0.06390709191437258,-0.03138898952849016,0.0354803537234221,-0.010888516370780239,-0.0012970275566199794,0.0029193805904720125,0.03548035372342207,-0.031388989528490244,0.0639070919143726,-0.05035250095288265,0.11244351246023203,-0.13371135330038672,0.07340624332189863,0.12488213076252631,-0.16744901976340415,0.2506657694271691,-0.06847872446286547,0.3138032105947281,-1.012499987868411,1.905896562387708,-0.8916605393636906,5.128004708073477,-0.8066089534788311,1.1738517013295566,0.0,12.03111626721533
127,9.414430641634,1.1666290472297545,-0.8590443112670656,5.0728385140199554,-0.8910065028810388,1.939077615430286,-1.0028343698362885,0.30792990047815594,-0.033210159370957885,0.21798622077005003,-0.13879994915187305,0.10434573228806525,0.08413761807964901,-0.1375509087594249,0.12015940282099259,-0.051314948218613925,0.06189050547734259,-0.02583155484787823,0.028255051779797872,-0.008096471256516772,-0.001138749773106727,0.00443824636715422,0.028255051779797858,-0.0258315548478783,0.061890505477342615,-0.05131494821861392,0.12015940282099255,-0.1375509087594249,0.08413761807964888,0.10434573228806522,-0.138799949151873,0.21798622077005023,-0.03321015937095769,0.3079299004781559,-1.0028343698362878,1.9390776154302864,-0.8910065028810388,5.072838514019955,-0.8590443112670656,1.166629047229754,0.0,11.922516833419348
128,9.28963559472195,1.1593387252568985,-0.9112803636852952,5.015024268061284,-0.8895256309103462,1.969447191308147,-0.9910750830212496,0.3011816127961593,0.00218165046863238,0.18428291753151252,-0.10934618370130042,0.08307742347390855,0.09416672587448487,-0.14004321725459212,0.12651053976889434,-0.05160842665821646,0.05895605496618959,-0.019841712411245705,0.0204995828160191,-0.005135188535745934,-0.0009541025870578307,0.005843826236231907,0.020499582816019116,-0.019841712411245764,0.05895605496618961,-0.05160842665821645,0.12651053976889431,-0.14004321725459215,0.09416672587448474,0.08307742347390856,-0.10934618370130042,0.18428291753151252,0.002181650468632397,0.30118161279615924,-0.9910750830212496,1.969447191308148,-0.8895256309103462,5.015024268061284,-0.9112803636852952,1.1593387252568983,0.0,11.803646684473195
129,9.15352640776426,1.1519811582708377,-0.9633049915382483,4.954592149578046,-0.887219297669977,1.996961257039629,-0.9772466778899082,0.2935775226932031,0.03756536408204881,0.14971414453789747,-0.07925848206969205,0.06122638622512883,0.10340985728804422,-0.1411638677872011,0.1314247879934939,-0.051229110331412614,0.055147259603784735,-0.013519729288933259,0.012359467495168322,-0.002066566828740297,-0.0007473617718617788,0.007100242876347365,0.012359467495168357,-0.013519729288933316,0.05514725960378476,-0.0512291103314126,0.13142478799349389,-0.14116386778720114,0.10340985728804414,0.0612263862251288,-0.07925848206969195,0.14971414453789741,0.03756536408204891,0.2935775226932031,-0.9772466778899077,1.996961257039629,-0.8872192976699768,4.954592149578047,-0.9633049915382484,1.1519811582708381,0.0,11.674320710739565
130,9.006333981578202,1.1445567730318262,-1.0151061246828996,4.891573704495868,-0.8840896433891706,2.02157991985979,-0.961378024713378,0.28513923706174954,0.07280967054098024,0.11444225122395933,-0.04871127816980855,0.03894588986807762,0.11178986316904642,-0.14090188410823093,0.13484633216216899,-0.05018194420661182,0.05052060554098229,-0.0069714324259938865,0.003987443837936626,0.0010452515762715297,-0.0005233147109325577,0.008175426346440473,0.003987443837936678,-0.006971432425993938,0.05052060554098231,-0.05018194420661182,0.13484633216216896,-0.1409018841082309,0.11178986316904634,0.03894588986807762,-0.048711278169808504,0.11444225122395933,0.07280967054098023,0.28513923706174954,-0.9613780247133777,2.0215799198597906,-0.8840896433891703,4.891573704495868,-1.0151061246828992,1.1445567730318258,0.0,11.534400081404364
131,8.84828921698103,1.1370660001757704,-1.066671744828837,4.826001828818262,-0.8801395723219545,2.04326748506111,-0.9435022532933323,0.2758907331466417,0.10778377626481574,0.07863288917193083,-0.017881669885875598,0.01639221607618512,0.1192367985699927,-0.1392598322255636,0.1367363108627303,-0.04848057969568508,0.04514470814155879,-0.000306437150228592,-0.004459398695369624,0.004135221466126355,-0.0002871495389035142,0.009041932668603139,-0.004459398695369563,-0.0003064371502286157,0.04514470814155879,-0.04848057969568507,0.13673631086273025,-0.1392598322255636,0.11923679856999263,0.0163922160761851,-0.01788166988587553,0.07863288917193086,0.1077837762648157,0.2758907331466417,-0.9435022532933318,2.0432674850611097,-0.8801395723219545,4.826001828818263,-1.0666717448288379,1.1370660001757709,0.0,11.383792520980126
132,8.67962301479001,1.1295092741892527,-1.1179898883266106,4.757910751454707,-0.875372750052058,2.0619925077473984,-0.923656683795212,0.26585829041416975,0.14235789040289404,0.04245423414232054,0.013051607654123658,-0.006276437333690823,0.12568850655292346,-0.13625379527113485,0.13707325798581582,-0.04614719668693397,0.03909929438546121,0.006363687735475882,-0.012822566771575937,0.007138754319260787,-4.4335002845520174e-05,0.009677644333569152,-0.01282256677157586,0.006363687735475849,0.03909929438546121,-0.04614719668693397,0.13707325798581577,-0.13625379527113482,0.12568850655292338,-0.0062764373336908754,0.013051607654123762,0.04245423414232047,0.14235789040289396,0.26585829041416975,-0.9236566837952119,2.061992507747398,-0.8753727500520576,4.757910751454709,-1.1179898883266108,1.1295092741892523,0.0,11.222452032504638
133,8.50056627582239,1.1218870333843272,-1.1690486489433944,4.687336016352965,-0.8697936000913231,2.077727838425889,-0.9018827488330036,0.2550704158794165,0.17640370649556492,0.006076196250113319,0.043909218298099954,-0.02890106604528493,0.13109113699141256,-0.13191321597416153,0.13585334653390907,-0.04321221439632697,0.03247402048178232,0.012927287561039068,-0.020945137093122346,0.00999306837618651,0.00019950617450282754,0.010066334848489126,-0.02094513709312224,0.012927287561039036,0.03247402048178233,-0.04321221439632695,0.13585334653390904,-0.1319132159741615,0.13109113699141248,-0.028901066045284966,0.04390921829810006,0.006076196250113319,0.17640370649556492,0.2550704158794164,-0.9018827488330032,2.077727838425889,-0.8697936000913229,4.687336016352965,-1.1690486489433949,1.1218870333843267,0.0,11.050378079954983
134,8.311349900895431,1.1141997198730982,-1.2198361806253317,4.614314463944919,-0.8634072997747819,2.090450662371411,-0.8782259069682427,0.24355776310405888,0.2097948786265949,-0.030330378004285393,0.07451226457395713,-0.051322974543958684,0.13539959603854132,-0.1262806082833484,0.13309043208783264,-0.03971389480649908,0.02536714222679505,0.019274490834454303,-0.02867470084699618,0.012638500943872212,0.00043872749703490713,0.01019808291695062,-0.028674700846996058,0.019274490834454303,0.025367142226795033,-0.03971389480649907,0.13309043208783258,-0.1262806082833483,0.13539959603854126,-0.05132297454395873,0.07451226457395715,-0.030330378004285428,0.20979487862659477,0.24355776310405888,-0.8782259069682421,2.090450662371411,-0.8634072997747817,4.614314463944919,-1.219836180625332,1.1141997198730977,0.0,10.867614251014297
135,8.11220479082638,1.1064477795420764,-1.2703407002459166,4.538884211915659,-0.856219775456195,2.100142532705559,-0.8527355478038432,0.23135304509479543,0.24240749029988523,-0.06659450810176283,0.10468332485043642,-0.07338488925171288,0.13857792250930207,-0.11941114096259925,0.12881589543703104,-0.035697843863293985,0.017884057826235613,0.025299048437516083,-0.03586622344559796,0.015019755503408925,0.0006677894480825853,0.01006952567932933,-0.03586622344559782,0.02529904843751609,0.017884057826235585,-0.035697843863293985,0.12881589543703104,-0.11941114096259926,0.138577922509302,-0.0733848892517129,0.10468332485043652,-0.06659450810176286,0.24240749029988518,0.23135304509479543,-0.852735547803843,2.1001425327055587,-0.8562197754561948,4.5388842119156605,-1.2703407002459166,1.1064477795420762,0.0,10.674246429605972
136,7.903361846432511,1.0986316620263157,-1.320550490339778,4.46108463530581,-0.8482376970085186,2.106789397142898,-0.825464888870888,0.21849094134989444,0.2741205143004792,-0.10254588250062016,0.13424748194175212,-0.0949320616883365,0.1405995880359002,-0.1113720972387193,0.1230782861610264,-0.031216416932514736,0.010135744792436932,0.030900112184759077,-0.04238476590045264,0.017087057553118987,0.0008813877659586806,0.00968394454953027,-0.04238476590045249,0.030900112184759094,0.010135744792436924,-0.03121641693251475,0.12307828616102638,-0.11137209723871928,0.14059958803590017,-0.09493206168833651,0.13424748194175223,-0.10254588250062013,0.2741205143004792,0.2184909413498944,-0.8254648888708878,2.106789397142898,-0.8482376970085185,4.46108463530581,-1.320550490339778,1.0986316620263152,0.0,10.470400515391496
137,7.685051968531081,1.0907518206833324,-1.3704539018212265,4.380956345957539,-0.8394684716344027,2.110381618365442,-0.7964708645236583,0.20500799931799116,0.304816261833284,-0.1380156584908956,0.1630333371926641,-0.11581335392080863,0.14144771849066504,-0.10224221579360522,0.11594277121019655,-0.02632803626766323,0.00223711409783222,0.035983922973390745,-0.048108016765947836,0.018797195026938537,0.0010745762718291508,0.009051181457142512,-0.048108016765947684,0.03598392297339078,0.002237114097832194,-0.026328036267663227,0.11594277121019655,-0.10224221579360522,0.14144771849066504,-0.11581335392080866,0.16303333719266414,-0.13801565849089556,0.3048162618332838,0.20500799931799116,-0.7964708645236581,2.110381618365442,-0.8394684716344027,4.380956345957539,-1.3704539018212265,1.090751820683332,0.0,10.256239734564168
138,7.45750605793933,1.0828087125668107,-1.42003935668694,4.298541171314925,-0.8299202369924595,2.1109139879958376,-0.7658140070748602,0.19094253054913482,0.33438081927273205,-0.17283725515043877,0.1908740041648176,-0.1358822986873063,0.1411152348284296,-0.09211091955559947,0.10749039474881854,-0.021096429386520513,-0.005694694006526653,0.04046538026540275,-0.05292858714467133,0.020114421540585056,0.001242881405657483,0.00818738763292022,-0.05292858714467119,0.0404653802654028,-0.005694694006526687,-0.021096429386520524,0.10749039474881855,-0.09211091955559948,0.1411152348284296,-0.13588229868730634,0.1908740041648177,-0.17283725515043877,0.33438081927273205,0.19094253054913485,-0.7658140070748597,2.110913987995838,-0.8299202369924595,4.298541171314925,-1.42003935668694,1.0828087125668102,0.0,10.031961592622334
139,7.220955015474531,1.0748027984000907,-1.4692953507021556,4.2138821325897835,-0.8196018536456868,2.108385734149016,-0.7335583204192069,0.1763345018331721,0.36270447090257946,-0.2068471356786824,0.21760807616343447,-0.1549981267598094,0.13960491217281903,-0.08107743984363583,0.09781715766697348,-0.015589798285493893,-0.013542047233656773,0.04426946662948863,-0.056756025691743296,0.02101120358528235,0.0013824058179753857,0.0071146113498219326,-0.05675602569174314,0.044269466629488684,-0.013542047233656805,-0.015589798285493887,0.09781715766697349,-0.08107743984363579,0.13960491217281903,-0.15499812675980942,0.21760807616343464,-0.20684713567868243,0.3627044709025793,0.1763345018331721,-0.7335583204192064,2.108385734149016,-0.8196018536456867,4.213882132589783,-1.469295350702155,1.0748027984000899,0.0,9.79779452524765
140,6.975629741953952,1.0667345425494463,-1.5182104560697454,4.127023422304343,-0.8085228968390493,2.102800522551351,-0.6997711464092061,0.16122542163479486,0.3896821060770267,-0.2398855754339435,0.2430805619951081,-0.17302675433909284,0.13692935665327452,-0.06924984444277603,0.08703292721608656,-0.009879930322292129,-0.021188565800446285,0.04733250349662341,-0.059518515809369454,0.021468796050723105,0.0014899186186620886,0.005860235142487176,-0.059518515809369295,0.047332503496623476,-0.021188565800446323,-0.009879930322292134,0.0870329272160866,-0.06924984444277604,0.13692935665327446,-0.1730267543390929,0.24308056199510822,-0.23988557543394343,0.3896821060770264,0.16122542163479486,-0.6997711464092058,2.102800522551351,-0.808522896839049,4.127023422304344,-1.5182104560697454,1.0667345425494463,0.0,9.553994307836142
141,6.721761138194822,1.05860441299715,-1.5667733240815631,4.03801038122248,-0.796693647613851,2.0941664512257083,-0.6645230242621157,0.14565822214794474,0.41521360929217027,-0.27179741206723096,0.2671437845316294,-0.18984172355623907,0.1331109001861456,-0.05674397913068475,0.07526018915230658,-0.004041262357933191,-0.028520848392259955,0.04960321710856347,-0.0611642231861041,0.021477634047321056,0.0015629301928908792,0.004456276870081477,-0.06116422318610396,0.04960321710856355,-0.028520848392259983,-0.0040412623579331826,0.07526018915230658,-0.05674397913068475,0.13311090018614563,-0.1898417235562391,0.26714378453162946,-0.27179741206723107,0.41521360929217016,0.1456582221479448,-0.6645230242621154,2.0941664512257088,-0.796693647613851,4.03801038122248,-1.5667733240815631,1.05860441299715,0.0,9.300840287542526
142,6.459580105014411,1.0504128813143288,-1.6149726877514357,3.9468894746815733,-0.7841250832671424,2.0824960387500844,-0.6278875432916003,0.12967713730471586,0.4392042317202019,-0.3024327742296155,0.28965823687040826,-0.2053250894837284,0.12818141407807734,-0.043682333022295836,0.06263265656070237,0.0018500896415756549,-0.03543015395551551,0.05104359681580335,-0.06166226839610972,0.021037532837634012,0.0015997498517711258,0.0029385724628283984,-0.061662268396109596,0.05104359681580342,-0.035430153955515555,0.0018500896415756462,0.0626326565607024,-0.04368233302229581,0.12818141407807734,-0.20532508948372843,0.28965823687040837,-0.30243277422961556,0.439204231720202,0.12967713730471586,-0.6278875432915998,2.082496038750085,-0.7841250832671424,3.9468894746815724,-1.6149726877514352,1.050412881314328,0.0,9.038631503832294
143,6.189317543229991,1.042160422633611,-1.6627973644291951,3.8537082683373183,-0.7708288671650182,2.0678062061068667,-0.5899411892715446,0.1133275770853903,0.46156494282757765,-0.3316477854308477,0.31049339112788593,-0.2193682474343627,0.12218204300747702,-0.030192838846090683,0.04929375116105441,0.007717322893259096,-0.0418140143764896,0.05162953135749585,-0.06100330630893145,0.020157691697863772,0.001599524982701564,0.0013458612125625455,-0.061003306308931325,0.05162953135749596,-0.04181401437648964,0.007717322893259091,0.049293751161054424,-0.030192838846090666,0.12218204300747704,-0.21936824743436273,0.31049339112788604,-0.33164778543084766,0.46156494282757754,0.11332757708539039,-0.5899411892715445,2.0678062061068667,-0.7708288671650182,3.853708268337318,-1.6627973644291953,1.042160422633611,0.0,8.767682764444038
144,5.911204353658803,1.0338475156215687,-1.7102362583951511,3.7585154033341768,-0.7568173379192557,2.050118252149026,-0.5507631847527777,0.09665599848675287,0.4822127607722756,-0.3593052397436085,0.32952845517694657,-0.23187269474511324,0.11516286160442456,-0.016407619902721732,0.03539497434435318,0.013483949038904632,-0.047577754129599754,0.05135121247231723,-0.05919970143796242,0.018856501628717152,0.00156226079285163,-0.0002812030448061135,-0.059199701437962306,0.051351212472317304,-0.04757775412959981,0.013483949038904623,0.03539497434435324,-0.01640761990272175,0.1151628616044246,-0.23187269474511318,0.3295284551769466,-0.35930523974360856,0.4822127607722756,0.09665599848675294,-0.5507631847527775,2.050118252149026,-0.7568173379192554,3.7585154033341768,-1.7102362583951516,1.0338475156215687,0.0,8.488320743325875
145,5.625471437118112,1.0254746424509522,-1.7572783634343851,3.6613605709144044,-0.7421034979373392,2.0294578227188156,-0.510435323666087,0.07970977351532638,0.5010710603540259,-0.3852752461800044,0.34665307294113135,-0.24275072170252807,0.1071824564954322,-0.002461695978937533,0.02109418644154109,0.019074791287785674,-0.05263589435809456,0.05021329908402585,-0.05628529593742797,0.017161160934978634,0.001488820188581898,-0.001901089615422689,-0.05628529593742787,0.05021329908402595,-0.05263589435809462,0.019074791287785674,0.021094186441541162,-0.0024616959789375155,0.10718245649543226,-0.24275072170252807,0.34665307294113135,-0.3852752461800045,0.5010710603540259,0.07970977351532638,-0.5104353236660866,2.029457822718815,-0.7421034979373388,3.6613605709144044,-1.7572783634343845,1.025474642450952,0.0,8.200880165525414
146,5.33234969442517,1.017042288772723,-1.8039127653902831,3.5622944864789297,-0.7267010013564978,2.0058548734637527,-0.46904180055683176,0.06253705458062227,0.5180698573746888,-0.4094358387140415,0.3617679641856877,-0.25192602676335263,0.09830743730157843,0.011508339108222562,0.006553813768318128,0.024416964461096816,-0.05691342056400207,0.0482348393133282,-0.052314774601105236,0.015107106709195411,0.0013809037935958236,-0.0034724510153514602,-0.052314774601105146,0.0482348393133283,-0.05691342056400212,0.0244169644610968,0.006553813768318163,0.011508339108222571,0.09830743730157847,-0.25192602676335263,0.3617679641856877,-0.4094358387140414,0.5180698573746887,0.0625370545806223,-0.4690418005568317,2.005854873463752,-0.7267010013564978,3.5622944864789297,-1.8039127653902831,1.0170422887727233,0.0,7.9057001412131065
147,5.032070026397241,1.0085509436878857,-1.850128644696712,3.4613688631136137,-0.7106241413729505,1.9793436264037934,-0.4266690348076695,0.04518663767088938,0.533146068353504,-0.4316735490851611,0.3747855000962576,-0.25933425175503266,0.08861188067154092,0.02536565538412513,-0.008060996189857688,0.029440825161723007,-0.060346895106924266,0.04544895162153491,-0.04736263877769971,0.01273727410296555,0.0012410105685314577,-0.004955178362020464,-0.047362638777699646,0.045448951621535,-0.06034689510692433,0.029440825161723003,-0.008060996189857651,0.025365655384125173,0.08861188067154097,-0.25933425175503266,0.3747855000962576,-0.4316735490851611,0.5331460683535038,0.045186637670889346,-0.4266690348076694,1.9793436264037927,-0.7106241413729504,3.4613688631136137,-1.850128644696712,1.0085509436878854,0.0,7.603120707055198
148,4.72486333385158,1.0000010997191162,-1.8959152788882492,3.358636384594705,-0.6938878369781157,1.9499625203126738,-0.38340549021637466,0.027707823700144824,0.546243744633395,-0.4518839396927099,0.38563021130827535,-0.26492343330205403,0.07817671198999006,0.03897452690229347,-0.02258425049942947,0.03408087968242686,-0.06288539801281896,0.04190227042350908,-0.04152180845593967,0.01010119886901325,0.0010723799439036083,-0.006311425150458606,-0.041521808455939606,0.04190227042350918,-0.06288539801281902,0.03408087968242685,-0.022584250499429418,0.03897452690229351,0.07817671198999013,-0.264923433302054,0.38563021130827535,-0.45188393969270996,0.5462437446333948,0.027707823700144858,-0.3834054902163741,1.9499625203126731,-0.6938878369781152,3.358636384594704,-1.8959152788882487,1.0000010997191158,0.0,7.293479628104133
149,4.410960517605445,0.9913932527821974,-1.9412620450878786,3.2541506778876035,-0.6765076191140991,1.9177541549853645,-0.33934149030542854,0.010150278420466995,0.5573142800095465,-0.46997209407864954,0.3942392254417683,-0.2686543673116857,0.06708902992200282,0.052201661116717354,-0.03685099610287969,0.03827663781648214,-0.0644912821401512,0.03765416545007759,-0.034901878749330754,0.007253981933289228,0.0008789168063920915,-0.00750657328251321,-0.034901878749330734,0.037654165450077666,-0.06449128214015123,0.03827663781648215,-0.03685099610287965,0.05220166111671742,0.06708902992200291,-0.2686543673116857,0.39423922544176826,-0.46997209407864915,0.5573142800095461,0.010150278420466995,-0.3393414903054284,1.9177541549853638,-0.6765076191140992,3.254150677887603,-1.9412620450878786,0.9913932527821967,0.0,6.977109507341415
150,4.090592478476093,0.9827279021572511,-1.9861584224715907,3.1479662851532586,-0.6584996162613036,1.8827652294724397,-0.2945690297489659,-0.007436108702393214,0.5663165911097315,-0.4858530626949916,0.40056263160494754,-0.2705008839625224,0.05544137943128703,0.06491750442014096,-0.05069919333210424,0.04197340144002639,-0.06514073150395983,0.032775747927402336,-0.027627063495226326,0.0042551376402705805,0.0006651010755273697,-0.008510116691224208,-0.027627063495226326,0.03277574792740241,-0.06514073150395988,0.04197340144002639,-0.050699193332104195,0.064917504420141,0.055441379431287116,-0.2705008839625224,0.40056263160494754,-0.4858530626949916,0.5663165911097314,-0.007436108702393162,-0.29456902974896587,1.8827652294724397,-0.6584996162613036,3.147966285153259,-1.9861584224715907,0.9827279021572513,0.0,6.654335243111429
151,3.763990117280782,0.9740055504597819,-2.0305939947092977,3.0401386352768407,-0.6398805394715327,1.8450464743709194,-0.2491815823107717,-0.025001366249078567,0.5732172698569906,-0.49945226186245195,0.4045637697533696,-0.2704500312669791,0.0433309793400758,0.07699751106119046,-0.06397155633192395,0.04512297758575536,-0.06482411447764233,0.02734868020938864,-0.019833864553736237,0.001167349746171499,0.0004358839646565527,-0.009296440005908782,-0.019833864553736254,0.02734868020938872,-0.06482411447764236,0.04512297758575536,-0.06397155633192388,0.07699751106119047,0.04333097934007588,-0.2704500312669791,0.4045637697533695,-0.49945226186245195,0.5732172698569906,-0.025001366249078526,-0.24918158231077128,1.8450464743709196,-0.6398805394715327,3.0401386352768407,-2.030593994709297,0.9740055504597815,0.0,6.325471867066717
152,3.4313843348367703,0.9652267036115204,-2.074558452381508,2.930724014933529,-0.6206676668604842,1.804652578269752,-0.20327390569430662,-0.042495582839562715,0.5779907074488626,-0.5107058240466418,0.40621944322710735,-0.2685021659201772,0.030858910877976597,0.08832336301189006,-0.07651733949046444,0.04768430671195357,-0.06354612663431561,0.021463808789309455,-0.011668510538861313,-0.0019448388369116912,0.00019657332841755621,-0.009845472382588124,-0.011668510538861353,0.021463808789309518,-0.06354612663431564,0.04768430671195356,-0.0765173394904644,0.08832336301189009,0.030858910877976698,-0.2685021659201772,0.40621944322710735,-0.5107058240466417,0.5779907074488624,-0.042495582839562646,-0.20327390569430648,1.8046525782697516,-0.6206676668604842,2.9307240149335296,-2.0745584523815075,0.9652267036115202,0.0,5.990822787060077
153,3.0930060319613153,0.9563918708110809,-2.1180415953711975,2.8197795392065377,-0.6008788275740186,1.7616421084565885,-0.15694184371218756,-0.05986904895548588,0.580619189393073,-0.519560897806756,0.4055200532337437,-0.26467095079798536,0.018129273992670933,0.09878412883753344,-0.08819404958638281,0.04962399797641293,-0.06132572110935171,0.015219643573371026,-0.0032842130405257423,-0.005016375158117638,-4.728924833306999e-05,-0.01014319981078353,-0.003284213040525807,0.015219643573371099,-0.06132572110935173,0.04962399797641293,-0.08819404958638277,0.09878412883753347,0.01812927399267103,-0.26467095079798536,0.4055200532337437,-0.5195608978067559,0.5806191893930731,-0.059869048955485775,-0.15694184371218728,1.7616421084565892,-0.6008788275740186,2.81977953920654,-2.1180415953711975,0.9563918708110808,0.0,5.6506784508370105
154,2.7490861094716763,0.9475015645044254,-2.1610333352303233,2.7073631217726977,-0.5805323852430812,1.7160774260008178,-0.11028212618813982,-0.07707239818890423,0.5810929612470018,-0.5259758960080723,0.4024696544975172,-0.2589832591217614,0.005248318464441203,0.10827735021832136,-0.09886906420661577,0.05091676453712575,-0.05819582751684295,0.008720708872446116,0.005161708179288656,-0.007983056006092632,-0.0002900567739545086,-0.010182022820088968,0.005161708179288569,0.008720708872446173,-0.05819582751684296,0.05091676453712575,-0.09886906420661569,0.10827735021832131,0.0052483184644412885,-0.25898325912176134,0.4024696544975172,-0.5259758960080723,0.5810929612470018,-0.07707239818890417,-0.11028212618813954,1.7160774260008178,-0.580532385243081,2.707363121772697,-2.1610333352303224,0.947501564504425,0.0,5.305315437580548
155,2.399855468185107,0.9385563003551405,-2.20352369752042,2.593533444671172,-0.5596472209426364,1.6680245953359727,-0.06339216700918011,-0.09405674751609702,0.5794102648169607,-0.5299206911325526,0.3970859317519962,-0.25147898596201324,-0.0076764429231954605,0.11671004548079206,-0.10842113805289073,0.05154575320494151,-0.054202863588592234,0.002075793715576906,0.013510777074582554,-0.010782869925466109,-0.0005261076143030012,-0.009960950456086574,0.013510777074582448,0.002075793715576941,-0.05420286358859223,0.0515457532049415,-0.10842113805289068,0.11671004548079209,-0.00767644292319534,-0.2514789859620132,0.3970859317519962,-0.5299206911325526,0.5794102648169605,-0.09405674751609691,-0.06339216700917998,1.6680245953359725,-0.5596472209426364,2.593533444671173,-2.2035236975204193,0.9385563003551405,0.0,4.954995975523259
156,2.04554500891887,0.9295565972145268,-2.2455028241267594,2.4783499276710867,-0.5382427156704226,1.6175532884726214,-0.01636986074964501,-0.11077383619784555,0.5755773446829475,-0.5313767567702832,0.3894000972125642,-0.24221076840314365,-0.02053713175469492,0.12399962030992379,-0.116741780028585,0.05150276415066099,-0.04940604677824196,-0.004603869225844976,0.02160633489945168,-0.013357293419844584,-0.0007499756698235548,-0.009485625574384274,0.021606334899451574,-0.004603869225844942,-0.04940604677824196,0.05150276415066099,-0.11674178002858494,0.12399962030992381,-0.020537131754694817,-0.24221076840314365,0.3894000972125642,-0.5313767567702833,0.5755773446829474,-0.11077383619784548,-0.01636986074964494,1.6175532884726214,-0.5382427156704228,2.4783499276710876,-2.24550282412676,0.9295565972145271,0.0,4.599967875152582
157,1.6863856324902198,0.9205029770915054,-2.2869609755455116,2.361872697254053,-0.5163387323617897,1.5647366839806114,0.030686621708336147,-0.12717616291150124,0.5696084250246639,-0.5303372546272556,0.37945670962312134,-0.23124361633212298,-0.033226404405495194,0.13007467672190798,-0.12373648546517571,0.05078835780235008,-0.04387651603976272,-0.011206465619291568,0.0292964796930733,-0.01565251424726223,-0.0009564769510126739,-0.008768180807147148,0.02929647969307318,-0.011206465619291535,-0.04387651603976274,0.05078835780235008,-0.12373648546517567,0.13007467672190798,-0.03322640440549506,-0.23124361633212298,0.37945670962312134,-0.5303372546272558,0.5696084250246639,-0.12717616291150116,0.03068662170833649,1.5647366839806118,-0.5163387323617898,2.3618726972540527,-2.2869609755455107,0.9205029770915051,0.0,4.240464859178012
158,1.3226082397164145,0.9113959651223381,-2.3278885331433865,2.2441625552277897,-0.4939555974573083,1.5096513608871387,0.07767903813123095,-0.1432171207251847,0.5615256568347928,-0.5268070666408583,0.3673134159260815,-0.2186544564408416,-0.04563834800131408,0.1348757123740832,-0.12932580949282813,0.049411847539302674,-0.03769627680472219,-0.017621471189038375,0.03643691651019071,-0.017620556237986414,-0.0011408296212137012,-0.007826928878566005,0.036436916510190556,-0.017621471189038375,-0.03769627680472219,0.049411847539302674,-0.12932580949282807,0.13487571237408322,-0.04563834800131394,-0.21865445644084164,0.3673134159260815,-0.5268070666408582,0.5615256568347925,-0.14321712072518458,0.07767903813123095,1.5096513608871387,-0.4939555974573084,2.24416255522779,-2.327888533143386,0.9113959651223379,0.0,3.8767072625771672
159,0.9544437314147114,0.9022360895401691,-2.3682760013892423,2.1252809469872127,-0.47111408204025684,1.4523771876444795,0.12450928003945598,-0.15885112953058847,0.551359035715433,-0.5208027720522538,0.3530406170533376,-0.20453159264063792,-0.05766936443548007,0.13835570336261513,-0.13344626936393175,0.04739117827789875,-0.030956984804796445,-0.023741501839175998,0.04289366491645766,-0.019220282123018868,-0.0012987647269797442,-0.006685895173937834,0.04289366491645751,-0.023741501839175998,-0.03095698480479644,0.04739117827789874,-0.13344626936393175,0.13835570336261516,-0.057669364435479965,-0.2045315926406379,0.35304061705333756,-0.5208027720522538,0.5513590357154329,-0.15885112953058841,0.12450928003945605,1.4523771876444795,-0.47111408204025684,2.1252809469872136,-2.3682760013892428,0.9022360895401694,0.0,3.5089030688574563
160,0.5821230084023732,0.893023881644386,-2.4081140100571243,2.0052899294395803,-0.44783538256148725,1.3929972063283702,0.1710795775334859,-0.17403376555807823,0.5391462905627529,-0.5123525695433202,0.3367210597757765,-0.1889740866738067,-0.06921903506571604,0.1404805647996911,-0.1360510654811217,0.04475269253217604,-0.023758586775983977,-0.029464111211527852,0.048545572946232164,-0.020418253411531518,-0.0014266250518820414,-0.005374204493497415,0.04854557294623202,-0.029464111211527862,-0.023758586775983984,0.04475269253217606,-0.13605106548112164,0.14048056479969112,-0.06921903506571594,-0.1889740866738067,0.3367210597757764,-0.5123525695433204,0.539146290562753,-0.1740337655580782,0.17107957753348618,1.3929972063283702,-0.44783538256148714,2.0052899294395803,-2.408114010057124,0.8930238816443861,0.0,3.1372492423116585
161,0.20587697149665019,0.8837598757698021,-2.447393316400233,1.8842521386104092,-0.42414110116956116,1.3315975122349375,0.21729270341308993,-0.18872188760607714,0.5249327435529595,-0.5014961448038318,0.3184493569776025,-0.17209106326665272,-0.08019095887305706,0.14122948465909063,-0.1371106129404513,0.041530786998874,-0.016207838203490893,-0.03469350558822241,0.053286590351874115,-0.021189429343530398,-0.0015214498046604648,-0.003925337644062914,0.053286590351873955,-0.03469350558822245,-0.016207838203490865,0.041530786998873984,-0.1371106129404513,0.14122948465909066,-0.08019095887305698,-0.1720910632666527,0.31844935697760246,-0.5014961448038318,0.5249327435529594,-0.18872188760607708,0.21729270341308984,1.3315975122349368,-0.4241411011695611,1.8842521386104099,-2.4473933164002335,0.8837598757698025,0.0,2.7619333106418686
162,-0.17406347848519577,0.8744446092556645,-2.486104807295321,1.762230756947106,-0.40005322566440527,1.268267129050747,0.2630521761635482,-0.20287375962605506,0.508771141949181,-0.4882844841508386,0.2983314391366871,-0.15400094469794143,-0.09049355708708662,0.14059512762027052,-0.13661287755252507,0.03776746414388862,-0.00841672008979847,-0.039342147432278644,0.05702775849016318,-0.02151769030779322,-0.001581043180639212,-0.0023762768439381603,0.05702775849016303,-0.03934214743227866,-0.008416720089798444,0.03776746414388862,-0.13661287755252505,0.14059512762027052,-0.09049355708708653,-0.1540009446979414,0.29833143913668697,-0.48828448415083847,0.5087711419491809,-0.20287375962605506,0.2630521761635481,1.2682671290507468,-0.40005322566440504,1.7622307569471065,-2.4861048072953214,0.8744446092556644,0.0,2.383135147989641
163,-0.5574674407259073,0.8650786224144855,-2.524239501357009,1.639289480337343,-0.3755941090930898,1.2030978797769718,0.3082624613850611,-0.2164491693147995,0.49072146235344377,-0.4727796350755716,0.2764839401909948,-0.13483062015170025,-0.10004083756156819,0.13858370691440658,-0.13456351252511053,0.03351178463589523,-0.0005007782259558183,-0.043332220723709805,0.05969887950836735,-0.021396174784264928,-0.0016040252087686688,-0.0007665617545478594,0.0596988795083672,-0.043332220723709826,-0.0005007782259557967,0.03351178463589523,-0.1345635125251105,0.13858370691440658,-0.10004083756156813,-0.1348306201517002,0.27648394019099476,-0.4727796350755716,0.49072146235344377,-0.21644916931479946,0.3082624613850613,1.2030978797769718,-0.3755941090930896,1.639289480337343,-2.524239501357009,0.8650786224144852,0.0,2.001028905229328
164,-0.9441040144082278,0.8556624585007044,-2.5617885510215466,1.5154924848594353,-0.35078644900666744,1.1361842535948172,0.3528291712448205,-0.22940954237698982,0.47085068813016606,-0.4550544148424386,0.2530335213515345,-0.1147145556807618,-0.10875311252049946,0.13521492346869354,-0.13098579425480836,0.028819227765503545,0.007422590404547773,-0.04659693356212638,0.0612498335099906,-0.02082742276792653,-0.0015898637068564496,0.0008627197664721814,0.06124983350999045,-0.04659693356212644,0.007422590404547816,0.028819227765503545,-0.13098579425480833,0.13521492346869354,-0.10875311252049939,-0.11471455568076173,0.2530335213515344,-0.45505441484243847,0.4708506881301658,-0.22940954237698974,0.35282917124482044,1.1361842535948166,-0.3507864490066673,1.5154924848594353,-2.5617885510215466,0.8556624585007042,0.0,1.6157850324204386
165,-1.3337422987148981,0.8461966636791761,-2.5987432445995133,1.390904393282039,-0.32565326639731773,1.0676232688652407,0.3966592615353305,-0.24171805213340017,0.44923256082716856,-0.4351920685086554,0.22811613678204176,-0.09379385102401733,-0.11655766368381575,0.13052177294495662,-0.12592035795704906,0.02375096818785993,0.015235878675928117,-0.04908163623089982,0.061651518985403934,-0.01982332267619987,-0.0015388866050178886,0.002469980429777687,0.06165151898540381,-0.04908163623089989,0.015235878675928174,0.023750968187859933,-0.1259203579570491,0.13052177294495665,-0.11655766368381569,-0.09379385102401729,0.22811613678204173,-0.43519206850865527,0.44923256082716856,-0.2417180521334001,0.3966592615353306,1.0676232688652403,-0.3256532663973177,1.3909043932820413,-2.5987432445995133,0.8461966636791762,0.0,1.2275723376095151
166,-1.726151392828661,0.8366817869934924,-2.6350950082970086,1.2655902413306874,-0.3002178843353456,0.9975143324616048,0.4396612259275765,-0.25333972416328104,0.4259473065166929,-0.41328587797059646,0.20187624540262436,-0.07221524989312836,-0.12338934922117456,0.12455022256254117,-0.11942473613709395,0.01837307841746305,0.022823212003711322,-0.05074473600703264,0.06089639886147796,-0.018404862849663684,-0.0014522743519786224,0.004014195026775662,0.06089639886147784,-0.050744736007032706,0.022823212003711374,0.018373078417463044,-0.11942473613709398,0.12455022256254115,-0.12338934922117452,-0.07221524989312833,0.20187624540262425,-0.41328587797059635,0.4259473065166929,-0.25333972416328104,0.4396612259275764,0.9975143324616048,-0.3002178843353455,1.2655902413306872,-2.6350950082970086,0.8366817869934922,0.0,0.8365600267315543
167,-2.1211003959322574,0.8271183803341355,-2.6708354082048396,1.1396154437387471,-0.2745039063258576,0.925959095639215,0.4817452870134837,-0.26424153568358,0.4010813380719855,-0.3894387238729447,0.17446597338695158,-0.05013011067082457,-0.12919114746779134,0.11735876087084948,-0.11157270514402014,0.012755667471892442,0.030072066817015932,-0.05155839340325931,0.058998641924349775,-0.01660169284037146,-0.0013320325800723278,0.005455947595014877,0.05899864192434966,-0.051558393403259385,0.030072066817016005,0.012755667471892433,-0.11157270514402017,0.11735876087084948,-0.12919114746779128,-0.05013011067082455,0.17446597338695163,-0.38943872387294465,0.4010813380719854,-0.2642415356835799,0.48174528701348346,0.9259590956392145,-0.2745039063258574,1.139615443738748,-2.6708354082048396,0.8271183803341355,0.0,0.4429196711655894
168,-2.518358407208436,0.8175069984064677,-2.705956152255257,1.0130457601005436,-0.24853519440520047,0.8530613066507144,0.5228235837388201,-0.2743925093826169,0.3747269344843216,-0.363762602438099,0.14604423220842505,-0.027693344740599785,-0.1339146328641234,0.10901782488129291,-0.1024534472294375,0.006971966893546451,0.03687493933379415,-0.05150898818762151,0.05599385696172134,-0.014451503658002627,-0.001180945661915253,0.006758437507688564,0.055993856961721246,-0.05150898818762159,0.0368749393337942,0.006971966893546448,-0.10245344722943756,0.10901782488129293,-0.1339146328641234,-0.027693344740599743,0.146044232208425,-0.36376260243809877,0.37472693448432176,-0.27439250938261683,0.5228235837388202,0.8530613066507146,-0.24853519440520042,1.013045760100545,-2.7059561522552578,0.8175069984064676,0.0,0.04682705250115493
169,-2.9176945258399285,0.8078481986985552,-2.740449092145788,0.8859472605444632,-0.22233584699748807,0.7789266603210396,0.5628103548352288,-0.2837638014415872,0.3469818984105396,-0.336378099485012,0.11677579734846716,-0.005062329894660413,-0.13752038014690132,0.09960911016963411,-0.0921705376281548,0.0010973760644939106,0.043130939890343375,-0.05059734737957494,0.05193842461314189,-0.011999239928337116,-0.0010025122342200835,0.007888418806889803,0.051938424613141826,-0.050597347379575025,0.043130939890343424,0.0010973760644939065,-0.09217053762815483,0.09960911016963406,-0.1375203801469013,-0.005062329894660345,0.11677579734846708,-0.33637809948501185,0.34698189841053956,-0.283763801441587,0.5628103548352289,0.7789266603210399,-0.2223358469974878,0.8859472605444628,-2.7404490921457865,0.8078481986985548,0.0,-0.3515361618021853
170,-3.3188778510094856,0.798142541448834,-2.7743062252297004,0.7583862912439464,-0.19593017655176564,0.7036626448000256,0.6016221178684295,-0.2923287834937818,0.3179491932219427,-0.30741382410768564,0.08683035300813523,0.017604193558211,-0.13997829341786813,0.08922477070594513,-0.08084076816538918,-0.00479152073977971,0.04874728918046374,-0.048838731406082886,0.04690843946518099,-0.009296160432019565,-0.0008008641817887564,0.008817048804208256,0.04690843946518092,-0.04883873140608297,0.04874728918046377,-0.0047915207397797146,-0.08084076816538921,0.08922477070594513,-0.13997829341786808,0.017604193558211034,0.08683035300813517,-0.30741382410768553,0.3179491932219427,-0.29232878349378166,0.6016221178684292,0.7036626448000256,-0.1959301765517655,0.7583862912439467,-2.7743062252297,0.798142541448834,0.0,-0.751980953031477
171,-3.7216774818998477,0.7883905896136131,-2.807519696372694,0.6304294397843935,-0.1693426869805628,0.6273783857148668,0.6391778435287803,-0.3000631182886372,0.28773656090150507,-0.2770058046730058,0.056381508361356976,0.040147236241867175,-0.14126785734360564,0.07796651624947405,-0.06859282075182103,-0.010617952743523743,0.053640694214360275,-0.04626257864943698,0.04099828224161495,-0.006398766660831069,-0.0005806709577273596,0.009520624288201319,0.04099828224161491,-0.04626257864943706,0.053640694214360324,-0.01061795274352375,-0.06859282075182103,0.07796651624947401,-0.1412678573436056,0.04014723624186723,0.056381508361356907,-0.27700580467300556,0.287736560901505,-0.30006311828863713,0.63917784352878,0.6273783857148666,-0.16934268698056285,0.6304294397843944,-2.8075196963726943,0.7883905896136132,0.0,-1.1543097312332664
172,-4.125862517693756,0.7785929088344226,-2.84008179977535,0.5021435004040505,-0.14259805092077332,0.5501844879483893,0.6753991248003276,-0.30694482884561824,0.25645612220738284,-0.2452968499745657,0.025605791053075696,0.0624086749090361,-0.1413783083897724,0.06594461614901506,-0.05556580583274832,-0.01630596349519002,0.057738583591200085,-0.04291201266295131,0.03431884887950607,-0.003367621787468705,-0.0003470314554873101,0.009981186547098888,0.03431884887950605,-0.04291201266295139,0.05773858359120014,-0.01630596349519003,-0.055565805832748394,0.06594461614901505,-0.14137830838977242,0.062408674909036135,0.02560579105307566,-0.2452968499745657,0.2564561222073828,-0.30694482884561813,0.6753991248003277,0.5501844879483895,-0.14259805092077352,0.50214350040405,-2.840081799775349,0.7785929088344227,0.0,-1.5583153889369838
173,-4.531202057573952,0.7687500674052036,-2.8719849807609377,0.37359543912701626,-0.11572108683796105,0.4721928752725452,0.7102103406551564,-0.312954360901434,0.22422396058654798,-0.21243587854276574,-0.005318376222485002,0.08423236156228919,-0.14030872466052077,0.05327681930609414,-0.041907682391428246,-0.021781401075939254,0.060980183765675704,-0.038843120303500976,0.026995469720115357,-0.00026608473547980253,-0.00010535593659251281,0.010186979763582278,0.026995469720115347,-0.038843120303501066,0.06098018376567575,-0.021781401075939264,-0.04190768239142826,0.0532768193060941,-0.14030872466052074,0.08423236156228923,-0.005318376222484985,-0.21243587854276555,0.22422396058654795,-0.31295436090143386,0.7102103406551563,0.47219287527254494,-0.11572108683796105,0.37359543912701626,-2.871984980760938,0.7687500674052034,0.0,-1.9637806495011487
174,-4.937465200723177,0.7588626362393457,-2.9032218375281693,0.24485235880657924,-0.08873673599534072,0.3935166280696416,0.7435388139312921,-0.31807463847314377,0.19115969138266226,-0.17857721926102907,-0.03621171013013402,0.10546521872005112,-0.1380680335932356,0.040087200879425,-0.027773577451981793,-0.02697288478330378,0.06331742034705665,-0.0341240128646183,0.019165557858157854,0.0028410141893712324,0.00013875925181277543,0.01013275108114476,0.019165557858157864,-0.034124012864618365,0.06331742034705669,-0.026972884783303796,-0.027773577451981824,0.04008720087942498,-0.13806803359323566,0.10546521872005113,-0.03621171013013409,-0.17857721926102887,0.19115969138266217,-0.3180746384731437,0.7435388139312918,0.39351662806964144,-0.08873673599534067,0.24485235880658035,-2.9032218375281693,0.7588626362393461,0.0,-2.3704777231711596
175,-5.344421046324177,0.7489311888365737,-2.9337851228684744,0.11598146409713302,-0.06167003930880499,0.3142698193765992,0.7753149630645404,-0.32229111237927116,0.15738601793688786,-0.14387988657273626,-0.06689510609160498,0.12595831314514694,-0.13467493744436976,0.02650494702662905,-0.0133240241687103,-0.03181273568780704,0.06471563106405868,-0.028833685926324844,0.010976030774878265,0.0058887284235058495,0.00037966126849850955,0.00981988468286224,0.010976030774878295,-0.02883368592632491,0.06471563106405873,-0.03181273568780706,-0.013324024168710372,0.026504947026629016,-0.13467493744436976,0.12595831314514694,-0.066895106091605,-0.1438798865727362,0.15738601793688792,-0.32229111237927116,0.7753149630645404,0.3142698193765992,-0.061670039308804804,0.11598146409713302,-2.9337851228684735,0.7489311888365741,0.0,-2.778168275876445
176,-5.751838693559693,0.7389563012496814,-2.9636677458474097,-0.012949973627060954,-0.03454611410947564,0.23456734948995372,0.8054724473574918,-0.32559180158105616,0.12302827622896685,-0.10850683368280656,-0.0971906766471015,0.14556790050445279,-0.13015775718831876,0.012663089586105151,0.0012768614866465445,-0.03623785893131082,0.0651540798219401,-0.023060697007262987,0.0025805536344410385,0.008813352700029127,0.000611771677885901,0.009256366460223457,0.0025805536344410836,-0.023060697007263046,0.06515407982194013,-0.03623785893131082,0.0012768614866465271,0.012663089586105084,-0.13015775718831885,0.14556790050445273,-0.0971906766471015,-0.10850683368280663,0.12302827622896706,-0.3255918015810561,0.8054724473574914,0.23456734948995317,-0.03454611410947545,-0.012949973627060128,-2.9636677458474097,0.7389563012496818,0.0,-3.1866037076861096
177,-6.159487241612467,0.7289385520511195,-2.99286277344982,-0.14187465138792393,-0.0073901308353429085,0.15452477937140816,0.8339483054823993,-0.3279673272263719,0.08821396974843193,-0.072624187261205,-0.12692278276058094,0.1641564336321119,-0.1245541961322568,-0.0013027969077487173,0.015863244730783488,-0.04019056626498222,0.06462626422812712,-0.01690168315459167,-0.005863344030629563,0.011553754656852619,0.0008297156268137063,0.008456580173845171,-0.005863344030629501,-0.016901683154591726,0.06462626422812717,-0.04019056626498222,0.015863244730783453,-0.0013027969077487862,-0.12455419613225682,0.164156433632112,-0.12692278276058097,-0.07262418726120483,0.088213969748432,-0.32796732722637184,0.833948305482399,0.15452477937140788,-0.007390130835342496,-0.14187465138792338,-2.992862773449821,0.7289385520511195,0.0,-3.5955257298766337
178,-6.5671357896652385,0.7188785222994364,-3.0213634321883522,-0.2707252697361213,0.019772710326376765,0.07425816309548915,0.860683086928773,-0.32941093929957355,0.05307229632206889,-0.03640046724253001,-0.1559190520897656,0.18159352732407677,-0.11791102521995615,-0.015255923113834712,0.03026945549671992,-0.04361932810384004,0.06314001202562468,-0.010459743286475802,-0.014197224143543963,0.01405265266431974,0.0010284463070583706,0.007440940309054855,-0.014197224143543881,-0.010459743286475863,0.06314001202562472,-0.04361932810384004,0.03026945549671987,-0.015255923113834781,-0.11791102521995622,0.18159352732407671,-0.15591905208976561,-0.036400467242529974,0.053072296322068925,-0.3294109392995735,0.8606830869287728,0.07425816309548915,0.019772710326377056,-0.27072526973612154,-3.021363432188352,0.7188785222994363,0.0,-4.004667221930424
179,-6.974553436900757,0.7087767955055763,-3.0491631096749603,-0.3994345678817697,0.04691720282448984,-0.006116120417767144,0.8856209761212646,-0.3299185358015526,0.017733668653599138,-5.795385827523756e-06,-0.1840113783174467,0.19775687289663255,-0.11028369265124933,-0.029059624672119106,0.044331870090865574,-0.04647944529369935,0.0607173650040618,-0.0038427123659749035,-0.0222647129549202,0.016257813162365745,0.0012033618214978804,0.006235370997674844,-0.0222647129549201,-0.0038427123659749377,0.060717365004061837,-0.046479445293699365,0.04433187009086553,-0.02905962467211921,-0.1102836926512494,0.19775687289663255,-0.1840113783174466,-5.795385827454855e-06,0.017733668653599207,-0.3299185358015525,0.8856209761212642,-0.0061161204177676955,0.0469172028244901,-0.3994345678817694,-3.0491631096749607,0.708776795505576,0.0,-4.413753342660057
180,-7.381509282501755,0.6986339575990315,-3.0762553561550323,-0.5279353588049753,0.07401815713498108,-0.0864815361411251,0.9087099089487056,-0.3294886744054976,-0.017670769645114475,0.03638890368843394,-0.21103689575044354,0.2125330960939356,-0.10173586107550067,-0.04257870076726525,0.05789076960766806,-0.048733631833004845,0.0573942521100228,0.0028386437041729613,-0.02991443518020419,0.01812314247970717,0.0013504117477137953,0.0048706443064904775,-0.029914435180204063,0.0028386437041729266,0.05739425211002284,-0.04873363183300484,0.05789076960766802,-0.04257870076726527,-0.10173586107550074,0.21253309609393561,-0.21103689575044357,0.03638890368843404,-0.01767076964511444,-0.32948867440549756,0.9087099089487054,-0.0864815361411251,0.07401815713498106,-0.5279353588049746,-3.0762553561550323,0.6986339575990316,0.0,-4.822502863208514
181,-7.787772425650983,0.6884505968938597,-3.10263388600379,-0.6561605643278532,0.10105042413636643,-0.16672156190479517,0.9299016814610266,-0.328122576555241,-0.053009630735301544,0.07261270523196041,-0.2368389235359632,0.22581855232695855,-0.09233887622197161,-0.0556807383575288,0.07079215399423319,-0.050352500952882656,0.05321995660458575,0.00947248224928249,-0.03700285434780154,0.019609650313159678,0.0014661909313967148,0.0033815947825397655,-0.037002854347801394,0.00947248224928245,0.05321995660458576,-0.05035250095288265,0.07079215399423314,-0.055680738357528806,-0.09233887622197168,0.22581855232695855,-0.23683892353596322,0.07261270523196048,-0.05300963073530152,-0.32812257655524096,0.9299016814610266,-0.16672156190479462,0.10105042413636643,-0.6561605643278536,-3.1026338860037894,0.6884505968938596,0.0,-5.230629684062614
182,-8.193111965531179,0.6782273040545579,-3.1282925791846035,-0.7840432501297407,0.1279889184475555,-0.24671985734244173,0.9491520505071172,-0.32582412399454774,-0.08815177013885803,0.10849548710283133,-0.2612678740212528,0.23752005366581389,-0.08217117140223261,-0.06823740909871191,0.08288949116102991,-0.051314948218613925,0.048256385170361564,0.015947756015094815,-0.04339696606271133,0.020686264727825015,0.001548018337632836,0.001806230303897533,-0.04339696606271117,0.015947756015094815,0.04825638517036155,-0.051314948218613925,0.08288949116102987,-0.06823740909871194,-0.08217117140223269,0.23752005366581389,-0.2612678740212528,0.10849548710283119,-0.08815177013885793,-0.32582412399454774,0.9491520505071168,-0.246719857342442,0.12798891844755544,-0.7840432501297411,-3.1282925791846035,0.6782273040545579,0.0,-5.637844493569349
183,-8.597297001325089,0.667964672061803,-3.15322548266889,-0.9115166606873079,0.15480864170656228,-0.32636043257359426,0.9664208261035224,-0.32259984773720574,-0.12296677342279554,0.1438687287303216,-0.28418211999031684,0.24755552248612656,-0.07131761285503083,-0.08012572626041083,0.09404538127252901,-0.05160842665821645,0.04257714980750563,0.022156072045197435,-0.04897679365028975,0.02133048164249342,0.001593999134155716,0.00018476193142143556,-0.0489767936502896,0.022156072045197428,0.042577149807505626,-0.05160842665821645,0.09404538127252896,-0.08012572626041083,-0.07131761285503091,0.24755552248612658,-0.2841821199903169,0.14386872873032158,-0.12296677342279543,-0.32259984773720574,0.9664208261035222,-0.3263604325735948,0.15480864170656233,-0.9115166606873071,-3.15322548266889,0.6679646720618028,0.0,-6.043856521872909
184,-9.000096632215445,0.6576632961780564,-3.1774268118172695,-1.0385142541213372,0.18148470576846518,-0.4055278163778821,0.9816719553411349,-0.3184589095092622,-0.15732544017445194,0.17856630255807562,-0.3054488157498789,0.2558545671845966,-0.05986879139778808,-0.0912292493236491,0.10413311731499952,-0.0512291103314126,0.036266476134597936,0.027993506126779595,-0.05363763935283541,0.021528835224303156,0.0016030685689354916,-0.0014414224755782835,-0.053637639352835234,0.027993506126779595,0.03626647613459793,-0.05122911033141259,0.10413311731499944,-0.0912292493236491,-0.05986879139778817,0.2558545671845966,-0.3054488157498789,0.17856630255807562,-0.1573254401744518,-0.3184589095092622,0.9816719553411346,-0.40552781637788166,0.18148470576846523,-1.0385142541213384,-3.1774268118172677,0.6576632961780561,0.0,-6.448375341780462
185,-9.401279957385006,0.647323773913039,-3.2008909517216395,-1.1649697369319847,0.20799235580108658,-0.4841072236172646,0.9948735976547036,-0.3134130757161349,-0.19110026347140574,0.21242525424868228,-0.32494466730433047,0.2623589759255196,-0.047920266297063564,-0.10143922446142449,0.11303812421675528,-0.05018194420661182,0.029417954284780872,0.03336234243177753,-0.05729204883840169,0.021277179360168146,0.0015750166260563518,-0.003030814681361796,-0.05729204883840149,0.033362342431777554,0.02941795428478084,-0.05018194420661182,0.11303812421675521,-0.1014392244614245,-0.047920266297063654,0.2623589759255196,-0.32494466730433047,0.21242525424868228,-0.1911002634714054,-0.31341307571613475,0.9948735976547034,-0.4841072236172646,0.20799235580108658,-1.1649697369319845,-3.200890951721639,0.6473237739130387,0.0,-6.85111266687497
186,-9.8006160760165,0.6369467049890712,-3.223612458507892,-1.2908170986043792,0.23430699325696336,-0.5619847216635114,1.0059981912980156,-0.3074766840085714,-0.22416590306675324,0.2452865679854867,-0.3425566471545661,0.2670231249549892,-0.03557176766912757,-0.11065564973169513,0.12065926017552883,-0.04848057969568507,0.022133150921928194,0.038172709232656546,-0.05987145216054192,0.020580774321478302,0.001510492888939655,-0.00454284556838208,-0.05987145216054177,0.03817270923265658,0.022133150921928173,-0.048480579695685075,0.12065926017552876,-0.11065564973169514,-0.03557176766912766,0.2670231249549892,-0.342556647154566,0.24528656798548681,-0.22416590306675324,-0.3074766840085715,1.0059981912980154,-0.5619847216635117,0.2343069932569633,-1.290817098604379,-3.2236124585078922,0.6369467049890714,0.0,-7.251784097254131
187,-10.19787408729267,0.6265326913062901,-3.245586060598931,-1.4159906460665013,0.2604041987002851,-0.6390473955896177,1.0150225108859683,-0.3006666025424595,-0.2563996505337336,0.2769959132774577,-0.3581826495766473,0.2698142986187501,-0.02292636406792684,-0.11878825454973639,0.12690996541268096,-0.04614719668693395,0.014520102961270152,0.0423440833117376,-0.06132745037864432,0.019454176810551622,0.0014109914982977142,-0.005938920660985454,-0.06132745037864418,0.042344083311737626,0.014520102961270143,-0.04614719668693395,0.1269099654126809,-0.11878825454973639,-0.022926364067926926,0.2698142986187501,-0.3581826495766473,0.2769959132774577,-0.2563996505337337,-0.30066660254245947,1.0150225108859683,-0.6390473955896177,0.260404198700285,-1.415990646066502,-3.2455860605989297,0.62653269130629,0.0,-7.650110764585522
188,-10.592823090396271,0.6160823369077348,-3.2668066599377172,-1.5404250379813633,0.2862597544676234,-0.7151835118856552,1.0219277158833975,-0.2930021820482486,-0.28768188464352157,0.30740436975980434,-0.3717320825813066,0.27071291883900656,-0.010089602208290378,-0.12575738384639398,0.13171924530685955,-0.04321221439632697,0.006691715333276609,0.04580663788098255,-0.061632723697202615,0.017920935687157486,0.0012788165531386327,-0.0071834052465250325,-0.06163272369720247,0.04580663788098262,0.006691715333276583,-0.043212214396326956,0.13171924530685955,-0.12575738384639398,-0.010089602208290508,0.2707129188390066,-0.3717320825813066,0.30740436975980434,-0.28768188464352146,-0.2930021820482485,1.021927715883397,-0.7151835118856555,0.28625975446762336,-1.5404250379813635,-3.2668066599377172,0.6160823369077348,0.0,-8.045820830700913
189,-10.985232184510032,0.6055962479443123,-3.2872693331700704,-1.6640553188555747,0.3118496671414196,-0.7902826804616797,1.026699389939431,-0.2845052008461801,-0.3178965152862582,0.3363691265863744,-0.383126393122398,0.26971268244057117,0.0028313739951978402,-0.13149477825231565,0.13503247674081464,-0.03971389480649908,-0.0012359134473186244,0.04850241144871182,-0.06078154408404424,0.016013099735229144,0.0011170287560121179,-0.00824453394874409,-0.06078154408404412,0.04850241144871189,-0.0012359134473186502,-0.03971389480649907,0.13503247674081464,-0.13149477825231565,0.0028313739951977284,0.26971268244057117,-0.38312639312239793,0.3363691265863744,-0.3178965152862582,-0.28450520084618003,1.0266993899394306,-0.7902826804616799,0.3118496671414195,-1.6640553188555738,-3.2872693331700704,0.6055962479443129,0.0,-8.438650797648513
190,-11.374870468816702,0.595075032639638,-3.3069693327869194,-1.7868169529464908,0.33715018981537537,-0.8642360147028075,1.029327570985242,-0.27519980296356017,-0.34693141428790175,0.3637541531291949,-0.3922995225093898,0.2668206053631102,0.015728717720588103,-0.13594424266662114,0.13681202850299795,-0.035697843863293985,-0.009145213074786567,0.05038627806698983,-0.058789882748942285,0.01377054775873977,0.0009293745380029772,-0.009095221536636595,-0.058789882748942146,0.0503862780669899,-0.009145213074786593,-0.03569784386329399,0.13681202850299792,-0.13594424266662114,0.015728717720588033,0.2668206053631102,-0.39229952250938976,0.36375415312919496,-0.34693141428790164,-0.27519980296356017,1.0293275709852416,-0.8642360147028078,0.33715018981537553,-1.7868169529464908,-3.306969332786918,0.5950750326396381,0.0,-8.828346591895048
191,-11.761507042499026,0.5845193012547568,-3.325902088225767,-1.9086458579502648,0.3621378441310897,-0.9369362893443979,1.0298067720323747,-0.265112429529919,-0.37467883152411613,0.3894308378352672,-0.3991982893836381,0.2620569734493675,0.028494779397873336,-0.13906219666169212,0.13703768869751293,-0.03121641693251475,-0.016918885072995302,0.05142670271820537,-0.055695110465923875,0.011240155009505249,0.0007201993046858649,-0.009713754272949128,-0.055695110465923764,0.051426702718205444,-0.016918885072995337,-0.031216416932514736,0.1370376886975129,-0.13906219666169212,0.028494779397873257,0.26205697344936746,-0.39919828938363805,0.38943083783526716,-0.374678831524116,-0.2651124295299189,1.0298067720323743,-0.9369362893443982,0.3621378441310898,-1.9086458579502648,-3.3259020882257655,0.5845193012547573,0.0,-9.214664391108318
192,-12.144911004739736,0.5739296660527468,-3.344063206931095,-2.0294784384531837,0.3867894420654848,-1.0082780959384356,1.028135992628208,-0.2542717436449902,-0.4010357947869718,0.4132785922402809,-0.40378269803813177,0.255455200154553,0.04102300522190545,-0.14081810133312414,0.1357068943079549,-0.026328036267663227,-0.02444164238464675,0.05160626919604061,-0.05155529636231291,0.008474813370771583,0.0004943468119570197,-0.010084344155705315,-0.05155529636231284,0.05160626919604068,-0.02444164238464679,-0.026328036267663224,0.13570689430795488,-0.1408181013331241,0.041023005221905384,0.255455200154553,-0.40378269803813166,0.4132785922402809,-0.40103579478697177,-0.25427174364499017,1.0281359926282077,-1.0082780959384354,0.38678944206548493,-2.029478438453183,-3.344063206931096,0.5739296660527466,0.0,-9.59737116851974
193,-12.524851454721581,0.5633067412632057,-3.3614484753734812,-2.149251619128855,0.4110821074488097,-1.0781579956857037,1.0243187209446545,-0.24270854893300284,-0.42590449192053376,0.4351854173025424,-0.4060261702932184,0.24706159217496243,0.05320882651934949,-0.14119475841404447,0.13283476030778682,-0.021096429386520524,-0.03160191913026626,0.05092197164435592,-0.04644811833176221,0.005532325777334295,0.0002570470018415437,-0.010197531905779102,-0.046448118331762135,0.05092197164435599,-0.031601919130266304,-0.021096429386520513,0.1328347603077868,-0.14119475841404444,0.053208826519349425,0.24706159217496237,-0.4060261702932183,0.4351854173025424,-0.42590449192053365,-0.24270854893300287,1.024318720944654,-1.0781579956857035,0.4110821074488098,-2.1492516191288553,-3.361448475373481,0.5633067412632055,0.0,-9.976244937110042
194,-12.901097491627308,0.5526511430466242,-3.3780538600271637,-2.267902877663903,0.43499329719324936,-1.1464746694121526,1.0183629264957237,-0.23045570201470703,-0.4491926338072106,0.4550484293973776,-0.4059156995840089,0.23693502463977362,0.06495053254644431,-0.14018847872411055,0.12845390798661976,-0.015589798285493887,-0.03829352518044879,0.04938526487377017,-0.04046940551586942,0.0024741979817260334,1.379489560077533e-05,-0.010050428414289181,-0.04046940551586937,0.04938526487377025,-0.03829352518044884,-0.015589798285493886,0.12845390798661974,-0.14018847872411053,0.06495053254644424,0.23693502463977356,-0.4059156995840087,0.45504842939737733,-0.44919263380721036,-0.230455702014707,1.0183629264957235,-1.1464746694121528,0.4349932971932496,-2.267902877663903,-3.378053860027163,0.552651143046624,0.0,-10.351074683607933
195,-13.273418214639644,0.5419634894586466,-3.3938755083058543,-2.385370277394991,0.45850082221244176,-1.213129064472018,1.0102810434991591,-0.217548019145846,-0.47081379685779956,0.4727743435017192,-0.4034519263661383,0.22514652814431704,0.07615011943263496,-0.13780911830331005,0.1226140944422436,-0.00987993032229212,-0.04441722100331016,0.04702187261366176,-0.033731340202696324,-0.0006356470782541174,-0.00022977665145449398,-0.009646788486887742,-0.033731340202696296,0.04702187261366183,-0.044417221003310206,-0.009879930322292126,0.1226140944422436,-0.13780911830331005,0.07615011943263486,0.22514652814431702,-0.4034519263661383,0.4727743435017193,-0.4708137968577995,-0.21754801914584604,1.010281043499159,-1.2131290644720183,0.4585008222124418,-2.3853702773949914,-3.3938755083058543,0.5419634894586466,0.0,-10.721659990355459
196,-13.641582722941347,0.5312444004142218,-3.4089097494565777,-2.501592499640124,0.4815828680124867,-1.2780245383646869,1.0000899449168839,-0.20402217728735916,-0.4906877437342318,0.48827991129964143,-0.39864913440271416,0.21177879052148538,0.08671410818424444,-0.13407998187664835,0.11538164744658498,-0.004041262357933192,-0.04988218943144622,0.04387135690935892,-0.026360352881081923,-0.0037322054375595074,-0.00046802738689812534,-0.008996915002626185,-0.02636035288108192,0.04387135690935901,-0.04988218943144626,-0.004041262357933188,0.11538164744658497,-0.1340799818766483,0.08671410818424434,0.21177879052148538,-0.3986491344027141,0.4882799112996416,-0.4906877437342318,-0.20402217728735916,1.0000899449168834,-1.2780245383646869,0.4815828680124867,-2.5015924996401244,-3.408909749456577,0.5312444004142218,0.0,-11.087810351282878
197,-14.005360115715154,0.5204944976516467,-3.4231530954113056,-2.6165088757073676,0.504218014935343,-1.3410669988570831,0.9878109072284512,-0.18991660988842193,-0.5087407211147938,0.5014923121513143,-0.3915351679539794,0.19692557684599657,0.09655432492059754,-0.12903759459524217,0.10683871210430415,0.0018500896415756462,-0.054607382521433157,0.03998645587260243,-0.018494749947147986,-0.0067507508582358685,-0.0006954402694136707,-0.008117395933735505,-0.018494749947148,0.03998645587260252,-0.05460738252143319,0.0018500896415756451,0.10683871210430416,-0.12903759459524217,0.09655432492059743,0.19692557684599657,-0.3915351679539796,0.5014923121513143,-0.5087407211147937,-0.18991660988842193,0.9878109072284507,-1.3410669988570831,0.5042180149353431,-2.6165088757073676,-3.423153095411305,0.5204944976516466,0.0,-11.44934419635127
198,-14.3645194921438,0.5097144046965028,-3.4366022415962245,-2.730059418564268,0.5263852580358254,-1.402165040408412,0.9734695660110467,-0.17527139767845523,-0.5249057333968045,0.5123494950892238,-0.38215127034978724,0.18069107173976487,0.10558863683024101,-0.12273134428950862,0.0970823178603758,0.0077173228932590895,-0.058522723531335384,0.03543220087101837,-0.010282118575807556,-0.009628187778532407,-0.0009067492238874693,-0.007030680938871908,-0.0102821185758076,0.03543220087101846,-0.05852272353133544,0.007717322893259094,0.0970823178603758,-0.12273134428950863,0.10558863683024095,0.18069107173976484,-0.38215127034978735,0.5123494950892239,-0.5249057333968047,-0.1752713976784553,0.9734695660110463,-1.4021650404084125,0.5263852580358255,-2.7300594185642666,-3.4366022415962245,0.5097144046965028,0.0,-11.806087646667983
199,-14.718829951410044,0.498904746825491,-3.4492540676984236,-2.8421848541514367,0.5480640265737563,-1.4612300766994548,0.9570958624187783,-0.1601281547784155,-0.5391227913210217,0.5208004702355021,-0.37055184488076065,0.16318914859163455,0.11374163770449428,-0.11522299773841305,0.08622327645344871,0.013483949038904625,-0.061570146190354044,0.03028482793442291,-0.0018765574512783821,-0.012304370176578797,-0.001097061085015344,-0.005764508337253465,-0.0018765574512784565,0.030284827934422994,-0.061570146190354086,0.013483949038904625,0.08622327645344872,-0.11522299773841299,0.11374163770449416,0.16318914859163455,-0.3705518448807607,0.520800470235502,-0.5391227913210216,-0.16012815477841552,0.9570958624187779,-1.4612300766994544,0.5480640265737563,-2.8421848541514367,-3.449254067698422,0.49890474682549074,0.0,-12.157873029865096
200,-15.068060592696614,0.4880661510301631,-3.4611056383898284,-2.9528266523239655,0.5692342031031838,-1.5181764690742618,0.9387239806729923,-0.14452991045497915,-0.5513391345951176,0.5268055482717469,-0.35680413939437944,0.1445425708173755,0.12094527732642363,-0.1065860956926918,0.07438492333187356,0.019074791287785667,-0.06370445584777804,0.024630501600491822,0.006564214681881969,-0.01472335878089822,-0.0012619689056418213,-0.004351197090130247,0.006564214681881884,0.024630501600491895,-0.06370445584777806,0.019074791287785674,0.0743849233318736,-0.10658609569269181,0.12094527732642354,0.14454257081737545,-0.35680413939437944,0.5268055482717469,-0.5513391345951173,-0.14452991045497915,0.9387239806729918,-1.518176469074262,0.5692342031031838,-2.9528266523239663,-3.461105638389827,0.4880661510301629,0.0,-12.50453719207484
201,-15.411980515186254,0.477199245980554,-3.472154204008227,-3.061927057404511,0.5898761421409542,-1.5729216507080204,0.918392276694119,-0.12852098685361435,-0.5615094276900571,0.5303365268366816,-0.3409878564245503,0.12488213076252634,0.1271394294619535,-0.09690523257751672,0.06170171682721659,0.02441696446109681,-0.06489399973001152,0.018563872562002273,0.014881818393173199,-0.016834590348740446,-0.0013976540060129535,-0.002826821861708125,0.01488181839317311,0.018563872562002343,-0.06489399973001156,0.024416964461096802,0.061701716827216625,-0.09690523257751668,0.1271394294619534,0.12488213076252631,-0.3409878564245503,0.5303365268366818,-0.5615094276900571,-0.12852098685361443,0.9183922766941188,-1.572921650708021,0.5898761421409541,-3.061927057404511,-3.472154204008227,0.477199245980554,0.0,-12.84591964876892
202,-15.750358818061695,0.4663046619887185,-3.4823972011952122,-3.169429118332096,0.6099706883973094,-1.6253862463210516,0.8961431980240506,-0.11214687305796014,-0.5695959280827663,0.531376822976256,-0.3231946911149418,0.10434573228806525,0.13227239371229274,-0.0862752279295756,0.04831771099564684,0.029440825161723003,-0.06512113636546411,0.012186493259935522,0.02292018533740846,-0.018593934571233334,-0.0015009744008442874,-0.0012302922160346615,0.022920185337408357,0.012186493259935585,-0.06512113636546416,0.029440825161723,0.04831771099564689,-0.08627522792957558,0.13227239371229266,0.10434573228806522,-0.32319469111494187,0.5313768229762562,-0.5695959280827665,-0.11214687305796012,0.8961431980240503,-1.6253862463210518,0.6099706883973094,-3.1694291183320975,-3.4823972011952113,0.4663046619887182,0.0,-13.181860621703436
203,-16.082964600505715,0.4553830309721697,-3.4918322534908977,-3.2752767183909106,0.6294991945515998,-1.6754941872653815,0.8720231952062274,-0.09545409583337015,-0.5755686263207344,0.5299215510241413,-0.3035277996149785,0.08307742347390855,0.1363013270388921,-0.0748001976839579,0.034384919472448226,0.03408087968242685,-0.06438249721552089,0.0056051179446469255,0.03052848666164684,-0.019964616513247248,-0.0015695375565469769,0.0003976405467220973,0.030528486661646703,0.005605117944646972,-0.06438249721552092,0.03408087968242685,0.03438491947244825,-0.07480019768395788,0.136301327038892,0.08307742347390856,-0.3035277996149786,0.5299215510241413,-0.5755686263207341,-0.09545409583337018,0.8720231952062274,-1.6754941872653824,0.6294991945515998,-3.2752767183909115,-3.4918322534908977,0.4553830309721694,0.0,-13.51219901309836
204,-16.409566961701024,0.4444349864172272,-3.5004571718852837,-3.3794146045035687,0.6484435385566069,-1.7231728218170084,0.8460826248084568,-0.07849008742190158,-0.5794053573887586,0.5259775455468657,-0.28210120103047953,0.06122638622512883,0.13919260135914555,-0.06259253440715512,0.020061588922763163,0.03827663781648214,-0.0626890366314873,-0.0010700843387413076,0.03756396310029058,-0.02091798530654593,-0.0016017557938129447,0.0020154235641719844,0.037563963100290435,-0.0010700843387412688,-0.06268903663148734,0.038276637816482134,0.020061588922763225,-0.06259253440715513,0.13919260135914552,0.0612263862251288,-0.2821012010304795,0.5259775455468657,-0.5794053573887586,-0.07849008742190162,0.8460826248084563,-1.7231728218170084,0.6484435385566066,-3.379414604503569,-3.5004571718852833,0.4444349864172274,0.0,-13.836770370879023
205,-16.729935000830384,0.4334611633422719,-3.50826995532612,-3.481788416073537,0.6667861404554275,-1.7683530205139544,0.8183756442909192,-0.06130305076440772,-0.5810918829645497,0.5195633292458292,-0.25903911639613897,0.03894588986807762,0.14092208422811134,-0.04977180646432014,0.005510401698469866,0.04197340144002639,-0.0600658693966252,-0.007727373926962982,0.04389460365552194,-0.021434113028509148,-0.0015968830526318892,0.0035817630454170165,0.04389460365552181,-0.007727373926962952,-0.06006586939662523,0.04197340144002639,0.005510401698469918,-0.049771806464320154,0.1409220842281113,0.03894588986807762,-0.25903911639613886,0.5195633292458293,-0.5810918829645497,-0.06130305076440776,0.8183756442909188,-1.7683530205139544,0.6667861404554274,-3.4817884160735373,-3.508269955326119,0.43346116334227186,0.0,-14.155404900239644
206,-17.043837817076525,0.4224621982609142,-3.515268791183168,-3.5823447133617026,0.6845099786953075,-1.8109692763873786,0.7889600989388618,-0.04394182253270287,-0.580621944257937,0.5107090259669389,-0.2344752485021682,0.01639221607618512,0.14147534026350128,-0.03646358690292593,-0.009103371884840382,0.045122977585755376,-0.056551898262604275,-0.014255311006620327,0.04940162260134076,-0.021502211248282298,-0.0015550321683928403,0.0050566782919852,0.04940162260134061,-0.01425531100662033,-0.05655189826260429,0.04512297758575536,-0.009103371884840353,-0.0364635869029259,0.14147534026350123,0.0163922160761851,-0.23447524850216808,0.5107090259669389,-0.5806219442579371,-0.04394182253270285,0.7889600989388617,-1.8109692763873784,0.6845099786953075,-3.5823447133617026,-3.5152687911831677,0.4224621982609146,0.0,-14.467925576911172
207,-17.351044509622174,0.41143872914507423,-3.521452055668747,-3.6810310053822253,0.7015986059232895,-1.850959799940419,0.757897401096026,-0.02645573436099126,-0.577997285237586,0.49945621922641426,-0.20855200675031368,-0.006276437333690823,0.1408477516327149,-0.0227982235233637,-0.02361375066460893,0.04768430671195358,-0.052199237004171464,-0.020544621062854262,0.05398168833364332,-0.02112085653343951,-0.0014771722590170783,0.006402522202178039,0.053981688333643175,-0.020544621062854245,-0.05219923700417148,0.04768430671195357,-0.02361375066460889,-0.022798223523363647,0.1408477516327149,-0.0062764373336908754,-0.2085520067503136,0.49945621922641403,-0.5779972852375859,-0.026455734360991218,0.757897401096026,-1.8509597999404188,0.7015986059232896,-3.6810310053822257,-3.5214520556687474,0.411438729145074,0.0,-14.774146416309991
208,-17.651324177650103,0.40039139538797625,-3.5268183142144656,-3.777795777303147,0.718036164249011,-1.8882666087370559,0.7252524019509462,-0.008894472670869246,-0.5732276461590339,0.48585775691718047,-0.18141968153316143,-0.02890106604528493,0.13904455659625642,-0.008909562183064462,-0.03785592782175518,0.04962399797641293,-0.04707243754839753,-0.026490024081962556,0.057548862245049605,-0.020298020203476083,-0.0013651062836271474,0.007584942210534425,0.05754886224504944,-0.02649002408196255,-0.047072437548397544,0.049623997976412926,-0.03785592782175513,-0.00890956218306441,0.13904455659625642,-0.028901066045284966,-0.18141968153316132,0.4858577569171805,-0.5732276461590339,-0.008894472670869211,0.7252524019509458,-1.8882666087370559,0.7180361642490111,-3.777795777303147,-3.5268183142144642,0.4003913953879761,0.0,-15.0738709502273
209,-17.944445920343043,0.38932083776706405,-3.531366321804053,-3.8725885173374417,0.7338073999605002,-1.9228356114711,0.6910932561437936,0.00869206251179507,-0.5663307274180611,0.4699775031130319,-0.15323557292327503,-0.051322974543958684,0.13608080578582543,0.005066364161216292,-0.051668142733094974,0.05091676453712576,-0.04124753264052172,-0.03199199688799741,0.06003621124417039,-0.01905090170820396,-0.0012214292924135257,0.00857375713450268,0.060036211244170246,-0.03199199688799744,-0.04124753264052172,0.05091676453712575,-0.05166814273309493,0.005066364161216362,0.13608080578582543,-0.05132297454395873,-0.153235572923275,0.46997750311303166,-0.5663307274180608,0.00869206251179507,0.6910932561437934,-1.9228356114711,0.7338073999605004,-3.872588517337441,-3.5313663218040525,0.3893208377670638,0.0,-15.366890958936072
210,-18.230178836883734,0.3782276984068322,-3.535095023262211,-3.9653597431104695,0.7488976776793013,-1.9546166863934173,0.6554912794764386,0.026253899346935283,-0.5573321238635359,0.45189003813619494,-0.12416307872360739,-0.07338488925171288,0.13198123658201316,0.018992667832730896,-0.06489351822549962,0.0515457532049415,-0.03481090824409187,-0.0369584391126785,0.06139706366261788,-0.01740556911388115,-0.0010494683344838356,0.009343727546874877,0.06139706366261773,-0.03695843911267853,-0.03481090824409186,0.051545753204941494,-0.06489351822549956,0.018992667832730896,0.13198123658201316,-0.0733848892517129,-0.12416307872360731,0.45189003813619494,-0.5573321238635358,0.02625389934693523,0.6554912794764385,-1.9546166863934167,0.7488976776793013,-3.9653597431104703,-3.535095023262211,0.3782276984068322,0.0,-15.652985501619927
211,-18.508292026454924,0.3671126207415825,-3.538003553499432,-4.056061027490069,0.7632929939418004,-1.9835637539836704,0.6185208000227889,0.04374113617441847,-0.5462652298135102,0.43168030829690424,-0.09437074716622534,-0.0949320616883365,0.12678006664012914,0.03273294718565511,-0.07738184236452325,0.05150276415066099,-0.02785802239821331,-0.04130621491108948,0.06160588498439887,-0.015396414211863382,-0.000853205415215514,0.009875200010284461,0.06160588498439874,-0.041306214911089524,-0.02785802239821331,0.051502764150661004,-0.07738184236452321,0.032732947185655115,0.12678006664012914,-0.09493206168833651,-0.09437074716622526,0.4316803082969043,-0.5462652298135101,0.04374113617441843,0.6185208000227885,-1.98356375398367,0.7632929939418003,-4.056061027490069,-3.53800355349943,0.36711262074158224,0.0,-15.93192028197025
212,-18.778554588239352,0.3559762494781015,-3.540091237712693,-4.144645023865808,0.7769799901941499,-2.00963484376122,0.5802590029502557,0.0611040833087625,-0.5331711151270473,0.409443226949954,-0.0640312997513436,-0.11581335392080863,0.12052070828752541,0.046152622595558065,-0.08899127454019713,0.05078835780235009,-0.02049198953183101,-0.044962544615581926,0.06065875696583875,-0.013065433639444506,-0.0006371852871461497,0.010154608729729661,0.06065875696583863,-0.04496254461558199,-0.02049198953183099,0.05078835780235008,-0.08899127454019708,0.046152622595558086,0.12052070828752544,-0.11581335392080866,-0.06403129975134353,0.40944322694995394,-0.533171115127047,0.06110408330876244,0.5802590029502555,-2.00963484376122,0.7769799901941499,-4.144645023865808,-3.5400912377126925,0.3559762494781013,0.0,-16.20344737878493
213,-19.040735621419753,0.34481923055826663,-3.541357591542027,-4.2310654908642,0.7899459651887275,-2.032792155138311,0.5407857693763183,0.07829340423153054,-0.518098372791691,0.3852832287418364,-0.033320629891771716,-0.1358822986873063,0.11325540617624225,0.05912025460402265,-0.09958995647251033,0.04941184753930266,-0.0128220512303015,-0.04786622303227173,0.058573451156011924,-0.010461351039356383,-0.00040641020963718446,0.010174821818479443,0.05857345115601183,-0.047866223032271824,-0.012822051230301479,0.049411847539302674,-0.09958995647251027,0.059120254604022655,0.1132554061762423,-0.13588229868730634,-0.03332062989177165,0.3852832287418364,-0.518098372791691,0.07829340423153043,0.5407857693763177,-2.0327921551383112,0.7899459651887276,-4.231065490864199,-3.541357591542027,0.34481923055826647,0.0,-16.467305363586785
214,-19.294604225178873,0.3336422111215793,-3.5418023211828964,-4.3152773164869735,0.8021788867706303,-2.0530021122273068,0.5001835095966145,0.09526025578020744,-0.5011029385921895,0.35931377914190643,-0.0024167831681495156,-0.1549981267598094,0.10504480121536174,0.07150883130680509,-0.10905750983900671,0.04739117827789874,-0.004961956133475387,-0.04996864398643352,0.05538909543816995,-0.007638598607110333,-0.00016622411430357374,0.009935323338950565,0.05538909543816987,-0.0499686439864336,-0.004961956133475365,0.04739117827789873,-0.10905750983900665,0.07150883130680505,0.10504480121536179,-0.15499812675980942,-0.002416783168149395,0.3593137791419065,-0.5011029385921895,0.0952602557802074,0.5001835095966142,-2.0530021122273063,0.8021788867706303,-4.3152773164869735,-3.5418023211828946,0.33364221112157894,0.0,-16.7232198188366
215,-19.539929498699465,0.32244583946762884,-3.5414253234543516,-4.397236541659803,0.8136674030432628,-2.0702354125225186,0.45853699103273854,0.11195642693521404,-0.48224788352968634,0.33165684156102104,0.028501074893044383,-0.17302675433909284,0.09595742442277072,0.08319701237616743,-0.11728640351465566,0.04475269253217606,0.0029717270078684606,-0.05123461396639699,0.05116543984905661,-0.004656179314527143,7.781114147311143e-05,0.009442226471975916,0.05116543984905653,-0.05123461396639708,0.0029717270078684953,0.04475269253217606,-0.1172864035146556,0.08319701237616745,0.09595742442277075,-0.1730267543390929,0.0285010748930445,0.33165684156102104,-0.4822478835296861,0.11195642693521397,0.45853699103273826,-2.070235412522518,0.8136674030432626,-4.3972365416598045,-3.5414253234543516,0.32244583946762867,0.0,-16.970904261432192
216,-19.776480541164254,0.31123076501848956,-3.540226685822978,-4.47690038317921,0.8244008529026619,-2.0844670693860397,0.4159331612589428,0.12833447581069765,-0.46160317976173026,0.30244230456028454,0.059253697534386106,-0.18984172355623907,0.08606912492097392,0.09407031753276528,-0.12418317489508134,0.041530786998873984,0.010861338099104048,-0.05164294124594009,0.04598173545199644,-0.0015764335919852923,0.0003200445674187664,0.008708117478319562,0.045981735451996394,-0.051642941245940176,0.010861338099104082,0.04153078699887398,-0.1241831748950813,0.09407031753276528,0.08606912492097399,-0.1898417235562391,0.0592536975343862,0.3024423045602844,-0.4616031797617301,0.12833447581069762,0.41593316125894253,-2.08446706938604,0.8244008529026616,-4.47690038317921,-3.5402266858229794,0.31123076501848973,0.0,-17.210061467062335
217,-20.004026451756012,0.29999763828105236,-3.5382066863826007,-4.554227256045646,0.8343692759307784,-2.095676448275977,0.3724609664772252,0.14434786445984232,-0.43924544093170803,0.27180737183997156,0.08966279595333886,-0.2053250894837284,0.07546243685127481,0.10402224782656184,-0.12966949143153458,0.03776746414388861,0.018589870653960228,-0.051186790623554114,0.039935247300154825,0.0015362637510184535,0.0005548668972422349,0.007751734435309172,0.0399352473001548,-0.0511867906235542,0.01858987065396026,0.03776746414388862,-0.12966949143153458,0.10402224782656186,0.07546243685127488,-0.20532508948372843,0.0896627959533389,0.2718073718399716,-0.4392454409317078,0.14434786445984232,0.3724609664772248,-2.095676448275977,0.8343692759307784,-4.554227256045646,-3.5382066863826,0.299997638281052,0.0,-17.440385181829832
218,-20.222336329657445,0.28874711080929266,-3.5353657937897576,-4.629176795171114,0.843563421638539,-2.1038472966645667,0.3282111658197784,0.15995109111165193,-0.415257637851355,0.2398959178734921,0.11955207293432593,-0.2193682474343627,0.06422589049046629,0.11295532874434681,-0.13368304032084433,0.03351178463589523,0.02604270705341646,-0.04987379784041664,0.033139429392159775,0.004616849129198374,0.0007768404793314523,0.006597488948809362,0.033139429392159775,-0.04987379784041675,0.026042707053416495,0.03351178463589524,-0.1336830403208443,0.11295532874434686,0.06422589049046638,-0.21936824743436273,0.11955207293432601,0.23989591787349202,-0.4152576378513548,0.15995109111165182,0.3282111658197782,-2.103847296664567,0.8435634216385389,-4.629176795171116,-3.535365793789757,0.28874711080929255,0.0,-17.66156219858077
219,-20.431179274051313,0.2774798351664797,-3.5317046671549783,-4.701709876449986,0.8519747580501068,-2.1089677676027883,0.28327614186649147,0.17509981946345707,-0.3897287905914593,0.2068578122126115,0.14874824493454905,-0.23187269474511324,0.05245327331989806,0.1207820649271069,-0.136178236245376,0.02881922776550355,0.03310931837662098,-0.04772594176177105,0.025721795864523073,0.0076009301820399834,0.000980825193462797,0.005274843048802116,0.025721795864523087,-0.04772594176177113,0.03310931837662103,0.02881922776550355,-0.136178236245376,0.12078206492710691,0.052453273319898165,-0.23187269474511318,0.14874824493454913,0.20685781221261143,-0.3897287905914591,0.17509981946345693,0.2832761418664912,-2.1089677676027883,0.8519747580501065,-4.701709876449986,-3.5317046671549783,0.2774798351664798,0.0,-17.873274766783947
220,-20.630324384120353,0.26619646488732507,-3.5272241558898583,-4.771788637182008,0.8595954796203763,-2.1110304368973014,0.23774970777309584,0.18975100466176348,-0.3627536381234313,0.17284821563727396,0.17708204669799127,-0.24275072170252807,0.04024284721451526,0.12742579714623836,-0.13712673912458828,0.023750968187859937,0.03968490359457378,-0.0447791764613342,0.017821528364993684,0.010426131743991944,0.0011620974777396356,0.003817557173268211,0.0178215283649937,-0.04477917646133429,0.03968490359457382,0.02375096818785994,-0.13712673912458825,0.12742579714623842,0.040242847214515334,-0.24275072170252807,0.17708204669799132,0.17284821563727396,-0.3627536381234313,0.18975100466176345,0.23774970777309534,-2.111030436897301,0.859595479620376,-4.771788637182009,-3.527224155889857,0.266196464887325,0.0,-18.07520329679508
221,-20.819540759047314,0.2548976544400759,-3.521925299509988,-4.8393764958368735,0.8664185144783586,-2.110032313874822,0.19172691141262607,0.2038630156134703,-0.3344322867377136,0.13802685145560073,0.20438921257334056,-0.25192602676335263,0.02769652828571533,0.1328214531449185,-0.1365177759976381,0.018373078417463058,0.04567194381659289,-0.041082829367462034,0.009586864501178594,0.013033399649962168,0.0013164597095186622,0.0022628284355249405,0.009586864501178629,-0.04108282936746214,0.04567194381659296,0.01837307841746305,-0.1365177759976381,0.13282145314491858,0.027696528285715435,-0.25192602676335263,0.2043892125733406,0.13802685145560073,-0.3344322867377136,0.20386301561347023,0.19172691141262607,-2.1100323138748216,0.8664185144783586,-4.8393764958368735,-3.521925299509986,0.254897654440076,0.0,-18.267029312102007
222,-20.998597498014934,0.24358405918855403,-3.5158093273937783,-4.904438171149981,0.87243753098973,-2.1059748457183125,0.14530383693909685,0.21739575327991115,-0.30486983854377103,0.10255725537634544,0.23051142884662965,-0.25933425175503266,0.014919036223584387,0.13691618499049543,-0.13435826338113838,0.012755667471892433,0.05098164853938974,-0.0366987755458154,0.00117231636658509,0.015368235123144074,0.0014403374074500573,0.0006503411706821199,0.0011723163665851492,-0.03669877554581549,0.050981648539389794,0.012755667471892438,-0.13435826338113835,0.1369161849904955,0.014919036223584446,-0.25933425175503266,0.2305114288466297,0.10255725537634534,-0.3048698385437709,0.21739575327991115,0.14530383693909685,-2.105974845718311,0.8724375309897301,-4.904438171149981,-3.5158093273937783,0.24358405918855383,0.0,-18.448438596849957
223,-21.167263700205964,0.23225633535414247,-3.5088776584972394,-4.966939700539479,0.8776469436324559,-2.0988639153687005,0.09857740418768296,0.2303107646175898,-0.27417600143032084,0.06660600747672123,0.25529725156742566,-0.26492343330205403,0.0020170202386531706,0.13966988669532748,-0.13067272871234573,0.006971966893546451,0.055535272450227394,-0.031700401940635795,-0.007264228665398454,0.01738183394321121,0.0015308620037772446,-0.0009787460040527108,-0.0072642286653983815,-0.031700401940635885,0.05553527245022744,0.006971966893546447,-0.1306727287123457,0.13966988669532746,0.002017020238653257,-0.264923433302054,0.2552972515674257,0.06660600747672116,-0.2741760014303207,0.23031076461758979,0.09857740418768247,-2.0988639153687,0.8776469436324554,-4.966939700539477,-3.5088776584972385,0.23225633535414228,0.0,-18.61912448074186
224,-21.32530846480313,0.22091513997772394,-3.5011319010247623,-5.026848457834924,0.8820419181800387,-2.0887098329951828,0.051645166330205015,0.24257135184184758,-0.24246468193325796,0.030341949872596318,0.2786029845474612,-0.2686543673116857,-0.010901831101372052,0.14105558703621648,-0.12550303177001534,0.001097376064493901,0.05926528325537862,-0.026171378912731774,-0.015564470479986773,0.01903210658326012,0.0015859372701836072,-0.0025828507600097195,-0.015564470479986672,-0.026171378912731833,0.05926528325537867,0.0010973760644939043,-0.12550303177001532,0.1410555870362165,-0.010901831101371965,-0.2686543673116857,0.2786029845474612,0.030341949872596283,-0.2424646819332578,0.24257135184184753,0.051645166330204946,-2.088709832995182,0.882041918180039,-5.026848457834923,-3.5011319010247606,0.2209151399777236,0.0,-18.778791199422475
225,-21.472500890989195,0.20956113088156877,-3.492573852056005,-5.084133170308347,0.8856183761875829,-2.0755273210464598,0.004605106208366923,0.2541426767029938,-0.20985356252216758,-0.0060646062347896905,0.30029351244149505,-0.2705008839625224,-0.023729688710025894,0.1410597137249535,-0.11890788923698555,-0.004791520739779717,0.062116363214460873,-0.02020425963803722,-0.023572666504004008,0.02028455799194831,0.0016042878589993352,-0.004121028442895672,-0.023572666504003897,-0.020204259638037285,0.062116363214460915,-0.004791520739779714,-0.11890788923698555,0.14105971372495352,-0.0237296887100258,-0.2705008839625224,0.30029351244149505,-0.0060646062347896905,-0.2098535625221676,0.25414267670299373,0.004605106208366854,-2.0755273210464598,0.8856183761875829,-5.084133170308347,-3.492573852056005,0.20956113088156886,0.0,-18.927157265787354
226,-21.60861007794688,0.19819496663118116,-3.4832054971289605,-5.138763934998796,0.8883729987765018,-2.0593354929045975,-0.04244456823005266,0.2649918594785978,-0.17646366487413892,-0.04244268041154977,0.3202430840806037,-0.2704500312669791,-0.036359482993360524,0.139682226342548,-0.11096220780444273,-0.010617952743523748,0.0640462295274435,-0.013898930812133309,-0.031138554000154386,0.021113008631059985,0.001585488835726372,-0.005554017182041935,-0.031138554000154257,-0.013898930812133371,0.06404622952744354,-0.010617952743523744,-0.11096220780444273,0.139682226342548,-0.036359482993360434,-0.2704500312669791,0.3202430840806037,-0.042442680411549756,-0.17646366487413892,0.2649918594785977,-0.04244456823005294,-2.0593354929045975,0.8883729987765018,-5.138763934998796,-3.483205497128959,0.19819496663118105,0.0,-19.063958786378883
227,-21.73340512485894,0.18681730649709877,-3.4730290097792897,-5.190712234321859,0.8903032297143714,-2.0401578251724466,-0.08940562896497306,0.27508807240066085,-0.14241890075559313,-0.07862142598687101,0.3383360415165153,-0.2685021659201772,-0.04868579752200668,0.13693661673511326,-0.10175623339237286,-0.016305963495190028,0.06502626140761807,-0.007360940595192244,-0.03812016953974135,0.02150014169691231,0.0015299755190130004,-0.006845240046725908,-0.038120169539741205,-0.007360940595192288,0.0650262614076181,-0.016305963495190024,-0.10175623339237287,0.1369366167351133,-0.048685797522006566,-0.2685021659201772,0.3383360415165153,-0.07862142598687097,-0.1424189007555932,0.27508807240066074,-0.08940562896497306,-2.0401578251724466,0.8903032297143714,-5.19071223432186,-3.4730290097792893,0.18681730649709868,0.0,-19.188952657179478
228,-21.84665513090811,0.1754288104166544,-3.4620467510360453,-5.239950950956023,0.89140727778706,-2.018022123634817,-0.13618003297968995,0.2844026272521932,-0.10784561217882926,-0.11443093242052824,0.3544674905503445,-0.26467095079798536,-0.06060574890485425,0.1328497768675294,-0.09139452614923375,-0.021781401075939254,0.06504192454075698,-0.0006997317867373411,-0.04438651275032411,0.021437865087231483,0.001439033400219197,-0.007961738669600526,-0.044386512750323966,-0.0006997317867373928,0.06504192454075702,-0.021781401075939254,-0.09139452614923381,0.13284977686752944,-0.06060574890485415,-0.26467095079798536,0.35446749055034454,-0.11443093242052821,-0.10784561217882938,0.28440262725219306,-0.13618003297969009,-2.0180221236348173,0.89140727778706,-5.239950950956023,-3.4620467510360453,0.17542881041665437,0.0,-19.30191957469508
229,-21.948129195277122,0.16403013895569699,-3.450261268873896,-5.286454381998062,0.8916841184609374,-1.9929604829427425,-0.182670126950314,0.2929090568842938,-0.07287210253979362,-0.14970302327393595,0.3685439088583215,-0.2589832591217614,-0.07201984552035774,0.12746173542919656,-0.07999477287265527,-0.02697288478330379,0.06409298663554058,0.005973190193979197,-0.049820004356765916,0.02092748054743595,0.0013147683759998302,-0.008875014506563418,-0.04982000435676575,0.005973190193979162,0.06409298663554061,-0.02697288478330379,-0.0799947728726553,0.1274617354291965,-0.07201984552035766,-0.25898325912176134,0.3685439088583216,-0.14970302327393592,-0.07287210253979369,0.29290905688429375,-0.18267012695031423,-1.9929604829427425,0.8916841184609374,-5.286454381998062,-3.450261268873894,0.16403013895569685,0.0,-19.402666801214373
230,-22.03759641714875,0.15262195327027697,-3.437675297621965,-5.330198252380116,0.8911334948336207,-1.9650092400793109,-0.2287788511216268,0.30058319042210335,-0.03762816047704377,-0.1842720460371336,0.38048368818890294,-0.25147898596201324,-0.08283281793793987,0.12082526577170113,-0.06768645033952461,-0.031812735687807056,0.0621935208685418,0.012546123854856962,-0.054318692393928926,0.019979656460723354,0.001160057983213417,-0.009561756259970253,-0.054318692393928746,0.012546123854856954,0.0621935208685418,-0.031812735687807056,-0.06768645033952467,0.12082526577170115,-0.08283281793793976,-0.2514789859620132,0.38048368818890294,-0.18427204603713346,-0.03762816047704395,0.3005831904221032,-0.2287788511216268,-1.9650092400793109,0.8911334948336207,-5.330198252380117,-3.437675297621964,0.15262195327027683,0.0,-19.491030627472842
231,-22.114825895705714,0.14120491506829777,-3.42429175732946,-5.371159727541422,0.8897559178723746,-1.9342089216745086,-0.2744099419437129,0.3074032219459327,-0.002244578218896005,-0.21797565010234418,0.39021760748786405,-0.24221076840314365,-0.09295441409825912,0.11300536901846375,-0.05460935472716375,-0.03623785893131082,0.05937169717267856,0.01890904145999272,-0.05779816519448171,0.018614204850720205,0.0009784847653828445,-0.010004434897769003,-0.05779816519448156,0.01890904145999271,0.059371697172678574,-0.03623785893131082,-0.05460935472716379,0.11300536901846375,-0.09295441409825904,-0.24221076840314365,0.39021760748786405,-0.21797565010234424,-0.00224457821889604,0.3074032219459327,-0.2744099419437127,-1.934208921674509,0.8897559178723748,-5.371159727541422,-3.424291757329461,0.1412049150682979,0.0,-19.566878481559865
232,-22.179586730130765,0.12977968657113442,-3.410113753088186,-5.409317425348084,0.8875526659399444,-1.9006041852454834,-0.3194681330463137,0.3133497724524129,0.0331473337938052,-0.25065554923041844,0.39768923420842534,-0.23124361633212298,-0.1023001526152532,0.1040786374090676,-0.040912013828223494,-0.04019056626498221,0.05566936446441981,0.024955430840855223,-0.06019313525724561,0.016859667257926942,0.0007742533137043014,-0.010191751080736122,-0.060193135257245456,0.02495543084085522,0.05566936446441982,-0.04019056626498221,-0.04091201382822354,0.10407863740906759,-0.1023001526152531,-0.23124361633212298,0.39768923420842534,-0.2506555492304185,0.03314733379380531,0.3133497724524128,-0.319468133046314,-1.9006041852454836,0.8875526659399445,-5.409317425348084,-3.4101137530881847,0.12977968657113437,0.0,-19.630110639661602
233,-22.23164801960663,0.11834693047522254,-3.395144574312136,-5.444651427254674,0.8845257836082621,-1.8642437544474122,-0.36385935413131903,0.31840594491960217,0.06841623420803324,-0.28215826492930096,0.40285525147980955,-0.2186544564408416,-0.11079202791241162,0.09413250411401308,-0.026750000093132636,-0.04361932810384003,0.05114143000550389,0.030584078358559714,-0.061458664276977694,0.014752718146233306,0.0005520929036401727,-0.010118923577267729,-0.06145866427697754,0.030584078358559738,0.0511414300055039,-0.04361932810384003,-0.02675000009313267,0.09413250411401308,-0.11079202791241151,-0.21865445644084164,0.40285525147980955,-0.2821582649293009,0.06841623420803317,0.31840594491960206,-0.3638593541313189,-1.8642437544474126,0.8845257836082621,-5.444651427254675,-3.3951445743121353,0.11834693047522248,0.0,-19.680661501993473
234,-22.27077886331607,0.10690730991362085,-3.3793876939743295,-5.477143288701841,0.8806780797611254,-1.8251803484288613,-0.4074909273681548,0.32255737231958675,0.10343123817364203,-0.31233584725330255,0.40568570923746655,-0.20453159264063792,-0.1183591613077548,0.08326438686761302,-0.012284163660325286,-0.046479445293699365,0.04585504510351452,0.03570076317131427,-0.061571006349598965,0.012337398309881474,0.0003171479816867975,-0.009787811303959818,-0.061571006349598834,0.03570076317131429,0.04585504510351452,-0.04647944529369935,-0.012284163660325354,0.08326438686761303,-0.11835916130775473,-0.2045315926406379,0.4056857092374665,-0.31233584725330255,0.10343123817364207,0.3225573723195867,-0.4074909273681548,-1.8251803484288613,0.8806780797611254,-5.477143288701841,-3.3793876939743295,0.10690730991362102,0.0,-19.718500405873638
235,-22.296748360441832,0.0954614884175464,-3.36284676780105,-5.506776048744469,0.8760131249876133,-1.783470605394058,-0.4502717608820478,0.32579225844214516,0.1380624030643211,-0.3410465696380048,0.4061641978590324,-0.1889740866738067,-0.1249383926131433,0.07158073380674469,0.002321194556761537,-0.048733631833004845,0.03988860922774187,0.04021983444581917,-0.060528053531285986,0.009664194304693516,7.485903825480469e-05,-0.009206865876900725,-0.06052805353128587,0.04021983444581922,0.03988860922774188,-0.048733631833004845,0.00232119455676146,0.07158073380674469,-0.12493839261314324,-0.1889740866738067,0.4061641978590323,-0.3410465696380049,0.13806240306432102,0.32579225844214516,-0.45027176088204796,-1.783470605394058,0.8760131249876132,-5.506776048744468,-3.362846767801049,0.0954614884175466,0.0,-19.743631957140238
236,-22.30932561016662,0.08401012987788897,-3.345525633423682,-5.533534238905401,0.8705352482686526,-1.739175000482913,-0.49211253893120765,0.32810141141347904,0.17218121070190587,-0.36815559450755836,0.4042879432993674,-0.17209106326665272,-0.13047480731004668,0.059195980861022346,0.016900188976102407,-0.05035250095288266,0.03333060730973872,0.044065645110861994,-0.058349375391125266,0.0067889831458789575,-0.00016916337477673556,-0.00839091588480066,-0.05834937539112514,0.044065645110862056,0.03333060730973871,-0.05035250095288265,0.01690018897610236,0.059195980861022325,-0.1304748073100466,-0.1720910632666527,0.40428794329936735,-0.36815559450755825,0.17218121070190567,0.32810141141347904,-0.49211253893120743,-1.7391750004829125,0.8705352482686527,-5.533534238905402,-3.3455256334236814,0.08401012987788921,0.0,-19.756095870818598
237,-22.308957602846682,0.07255389850670281,-3.3274283094883543,-5.55740389125007,0.864249532959815,-1.6923577580878444,-0.5329259083758842,0.3294782698147659,0.20566104429448173,-0.3935356065284071,0.4000678231731258,-0.15400094469794143,-0.1349221949016221,0.046231430906267794,0.03128723345193817,-0.051314948218613925,0.026278297471928527,0.047173818152765265,-0.055075851815179155,0.003771864331021949,-0.0004092685645261091,-0.007360788390370479,-0.05507585181517906,0.04717381815276532,0.026278297471928513,-0.05131494821861392,0.03128723345193813,0.04623143090626775,-0.13492219490162205,-0.1540009446979414,0.4000678231731258,-0.393535606528407,0.20566104429448162,0.32947826981476586,-0.5329259083758838,-1.6923577580878442,0.8642495329598149,-5.55740389125007,-3.3274283094883548,0.07255389850670281,0.0,-19.755966321888128
238,-22.296383484488032,0.061093458798680396,-3.308558994723581,-5.578372545677844,0.8571618120740669,-1.6430867587345535,-0.5726266610500007,0.32991892132631845,0.23837765831833738,-0.41706741053541135,0.3935283036916174,-0.13483062015170025,-0.13824343461540034,0.03281406565944693,0.04531892197867647,-0.05160842665821645,0.01883626864584102,0.049492324255512726,-0.05076890595188819,0.0006759036020484783,-0.0006398965470978853,-0.006142777321098868,-0.0507689059518881,0.049492324255512775,0.018836268645841012,-0.05160842665821645,0.0453189219786764,0.032814065659446875,-0.1382434346154003,-0.1348306201517002,0.39352830369161734,-0.41706741053541135,0.23837765831833732,0.3299189213263184,-0.5726266610500008,-1.6430867587345535,0.8571618120740667,-5.578372545677844,-3.30855899472358,0.06109345879868029,0.0,-19.743350816966345
239,-22.271810587748135,0.04962947549261006,-3.288922066966117,-5.596429256426276,0.8492786628688569,-1.5914334406617472,-0.6111319116546172,0.32942211384437503,0.27020963960001126,-0.4386404913222612,0.38470729781957097,-0.1147145556807618,-0.1404108052372546,0.019075301952007583,0.05883588463306986,-0.051229110331412614,0.01111488947114671,0.050982352746378155,-0.04550935169152951,-0.002434185295137575,-0.0008557067970737127,-0.004767972318713686,-0.04550935169152944,0.05098235274637824,0.01111488947114668,-0.051229110331412614,0.05883588463306981,0.019075301952007514,-0.14041080523725458,-0.11471455568076173,0.3847072978195708,-0.4386404913222609,0.27020963960001104,0.32942211384437486,-0.611131911654617,-1.5914334406617467,0.8492786628688569,-5.596429256426276,-3.2889220669661166,0.049629475492609924,0.0,-19.71838860749883
240,-22.23544624528444,0.03816261353281923,-3.268522082145267,-5.6115645977848585,0.8406074007425572,-1.5374726962425262,-0.6483612708018203,0.3279892590389303,0.30103885788732687,-0.45815353266716535,0.3736559454741391,-0.09379385102401733,-0.14140621649057775,0.005149704563340343,0.07168459767514475,-0.05018194420661182,0.0032286714790162024,0.051618961267848214,-0.03939587730518778,-0.005493393298648747,-0.0010517019151237933,-0.003271465178394906,-0.03939587730518774,0.05161896126784829,0.0032286714790161638,-0.05018194420661183,0.0716845976751447,0.0051497045633402865,-0.14140621649057775,-0.09379385102401729,0.37365594547413905,-0.45815353266716535,0.30103885788732676,0.3279892590389303,-0.6483612708018203,-1.5374726962425258,0.8406074007425572,-5.6115645977848585,-3.268522082145267,0.0381626135328193,0.0,-19.681248674405982
241,-22.18749778975441,0.026693538030605306,-3.247363773225874,-5.623770669015293,0.8311560724459249,-1.481282763397599,-0.6842370128477757,0.3256244283424997,0.3307509042373272,-0.4755148931562601,0.36043831704044177,-0.07221524989312836,-0.14122136002942814,-0.008826331778441547,0.08371912724901194,-0.048480579695685075,-0.004705429165467491,0.05139149330064429,-0.03254319369565861,-0.008437774891491376,-0.001223343350036141,-0.0016914541333191034,-0.032543193695658584,0.05139149330064439,-0.00470542916546753,-0.048480579695685075,0.08371912724901191,-0.008826331778441587,-0.14122136002942814,-0.07221524989312833,0.3604383170404417,-0.4755148931562602,0.33075090423732717,0.3256244283424997,-0.6842370128477756,-1.481282763397599,0.8311560724459249,-5.6237706690152915,-3.2473637732258727,0.02669353803060541,0.0,-19.632127322883157
242,-22.12817255381552,0.015222914225657963,-3.225452049110229,-5.6330410984757275,0.8209334486148867,-1.4229451121577805,-0.7186842381645447,0.32233434138121325,0.3592355155942215,-0.4906430365700654,0.3451310419225236,-0.05013011067082457,-0.13985777878535655,-0.022715918319216127,0.09480278687885271,-0.04614719668693397,-0.012569746175918746,0.05030375654871009,-0.025079882005798852,-0.01120578473154915,-0.001366656495452194,-6.826884760570187e-05,-0.025079882005798852,0.05030375654871017,-0.012569746175918812,-0.04614719668693397,0.09480278687885267,-0.02271591831921619,-0.13985777878535655,-0.05013011067082455,0.3451310419225236,-0.4906430365700653,0.3592355155942213,0.3223343413812132,-0.7186842381645443,-1.4229451121577803,0.8209334486148867,-5.633041098475728,-3.225452049110228,0.01522291422565786,0.0,-19.57124543398727
243,-22.05767787012522,0.0037514074474726536,-3.202791993499166,-5.639371046946795,0.80994901563157,-1.3625443265402337,-0.7516310295118793,0.3181283468811119,0.3863869839817153,-0.503466914811717,0.3278228642832066,-0.027693344740599785,-0.137326854089102,-0.03638301304032103,0.10480968993447698,-0.04321221439632697,-0.020247648188677924,0.04837395920008591,-0.017145980970979954,-0.013739564111580555,-0.00147832272764146,0.001556658995352687,-0.017145980970979986,0.048373959200086004,-0.02024764818867798,-0.04321221439632698,0.10480968993447691,-0.036383013040321065,-0.13732685408910206,-0.027693344740599743,0.3278228642832065,-0.503466914811717,0.3863869839817152,0.31812834688111186,-0.7516310295118793,-1.3625443265402337,0.8099490156315701,-5.639371046946796,-3.2027919934991664,0.0037514074474728257,0.0,-19.49884542659618
244,-21.976221071340973,-0.007720316923240007,-3.179388863712605,-5.642757210157708,0.7982129668211383,-1.3001679819097318,-0.7830086021825381,0.31301839610390214,0.41210454879118696,-0.5139263015785843,0.30861412854844095,-0.005062329894660413,-0.13364971067464643,-0.0496937531266428,0.1136261794337702,-0.03971389480649909,-0.02762526845846971,0.045634405130632445,-0.008890359285643265,-0.015986150358822553,-0.0015557562530470251,0.0031418532335196997,-0.008890359285643313,0.04563440513063254,-0.027625268458469746,-0.03971389480649908,0.11362617943377011,-0.0496937531266428,-0.13364971067464645,-0.005062329894660345,0.30861412854844084,-0.5139263015785842,0.4121045487911868,0.313018396103902,-0.783008602182538,-1.300167981909732,0.7982129668211381,-5.642757210157707,-3.1793888637126035,-0.007720316923240041,0.0,-19.415187989142144
245,-21.884009490120228,-0.01919159349314868,-3.155248089469802,-5.643197820511111,0.7857361929925972,-1.235906518002751,-0.8127514476076486,0.3070190088876495,0.4362927707099088,-0.5219720752102085,0.28761619765895324,0.017604193558211,-0.12885704035852583,-0.06251776609042464,0.12115211894253658,-0.035697843863294006,-0.03459319355352559,0.0421309531527458,-0.00046792228786948656,-0.017898583894558718,-0.0015971639860855626,0.004646851902158724,-0.0004679222878695512,0.042130953152745884,-0.034593193553525615,-0.035697843863294006,0.12115211894253651,-0.06251776609042467,-0.12885704035852585,0.017604193558211034,0.2876161976589532,-0.5219720752102084,0.43629277070990846,0.30701900888764944,-0.8127514476076483,-1.235906518002751,0.7857361929925971,-5.643197820511111,-3.155248089469801,-0.01919159349314868,0.0,-19.320548645069895
246,-21.78125045912046,-0.030661756894895274,-3.130375271629621,-5.640692648005778,0.7725302723323508,-1.1698531077985002,-0.8407974701223088,0.3001472323889061,0.45886188590164073,-0.5275664493841907,0.26495080744188604,0.040147236241867175,-0.1229888458660842,-0.07472944670894634,0.12730202990988107,-0.03121641693251474,-0.041048086006061045,0.03792224936097991,0.00796329462533169,-0.019436889813186586,-0.0016015870706445458,0.006033240022465938,0.007963294625331626,0.03792224936097999,-0.0410480860060611,-0.031216416932514743,0.127302029909881,-0.07472944670894639,-0.12298884586608423,0.04014723624186723,0.2649508074418859,-0.5275664493841906,0.45886188590164056,0.30014723238890617,-0.8407974701223083,-1.1698531077985002,0.772530272332351,-5.640692648005778,-3.13037527162962,-0.030661756894895104,0.0,-19.215214219153477
247,-21.66815131099913,-0.04213014182568913,-3.1047761808910774,-5.635243000356669,0.7586074596598863,-1.1021035224270068,-0.8670881166058932,0.2924225926435059,0.4797281391252185,-0.5306831505765873,0.24074936084546772,0.0624086749090361,-0.11609410694286301,-0.08620918726906776,0.1320060625214369,-0.026328036267663227,-0.046894216853470026,0.033078745424739514,0.01624509131396463,-0.020568913463192375,-0.0015689230837861706,0.0072656301410400454,0.01624509131396454,0.03307874542473959,-0.04689421685347008,-0.026328036267663227,0.13200606252143687,-0.0862091872690678,-0.11609410694286308,0.062408674909036135,0.24074936084546766,-0.5306831505765874,0.47972813912521856,0.29242259264350573,-0.8670881166058932,-1.1021035224270068,0.7586074596598865,-5.635243000356669,-3.1047761808910765,-0.04213014182568903,0.0,-19.0994792735514
248,-21.54491937841369,-0.05359608308589586,-3.0784567564544947,-5.626851722312302,0.7439806750555545,-1.0327559923101344,-0.8915684987264096,0.28386703908366573,0.4988140945549089,-0.5313075414533815,0.21515216612840066,0.08423236156228919,-0.10823037153797484,-0.09684454906896461,0.13521078904362605,-0.02109642938652053,-0.052044885341960466,0.02768151926135016,0.02422207130216522,-0.021270992564186617,-0.0014999284074990265,0.008312565591991856,0.024222071302165117,0.027681519261350224,-0.052044885341960515,-0.021096429386520524,0.13521078904362607,-0.0968445490689647,-0.10823037153797489,0.08423236156228923,0.21515216612840063,-0.5313075414533814,0.49881409455490877,0.2838670390836656,-0.8915684987264093,-1.0327559923101344,0.7439806750555545,-5.626851722312302,-3.0784567564544942,-0.05359608308589593,0.0,-18.973642582751847
249,-21.41176199402161,-0.06505891561762112,-3.051423104643559,-5.615523194169771,0.7286634918710068,-0.9619110647368637,-0.9141875075336849,0.27450488216904906,0.5160489231490643,-0.5294366896135313,0.1883076234205743,0.10546521872005112,-0.09946327547171023,-0.10653136370274412,0.13687981064826069,-0.015589798285493903,-0.05642370473778633,0.021820917830868643,0.03174455757843354,-0.021528451810981855,-0.0013962007135761613,0.009147323425995672,0.031744557578433405,0.021820917830868702,-0.056423704737786386,-0.015589798285493893,0.13687981064826069,-0.10653136370274419,-0.0994632754717103,0.10546521872005113,0.18830762342057425,-0.5294366896135312,0.5160489231490641,0.27450488216904895,-0.9141875075336845,-0.9619110647368634,0.7286634918710068,-5.615523194169772,-3.051423104643558,-0.06505891561762078,0.0,-18.838003715349476
250,-21.26888649048035,-0.07651797454328596,-3.0236814974886044,-5.601263329488213,0.7126701241334051,-0.8896714580793329,-0.9348979201621445,0.2643627243090077,0.531368665500633,-0.525079381360756,0.1603713643710302,0.12595831314514694,-0.08986599459654221,-0.1151747533413709,0.13699417082525842,-0.009879930322292129,-0.05996573517691676,0.015595044771593552,0.038671401078017364,-0.021335909626182155,-0.001260141967207595,0.00974859651157836,0.038671401078017226,0.015595044771593607,-0.05996573517691681,-0.009879930322292129,0.1369941708252584,-0.11517475334137094,-0.08986599459654228,0.12595831314514694,0.16037136437103014,-0.5250793813607563,0.531368665500633,0.26436272430900776,-0.9348979201621445,-0.8896714580793331,0.7126701241334048,-5.601263329488213,-3.0236814974886026,-0.07651797454328568,0.0,-18.692859787932544
251,-21.116500200447362,-0.0879725952041913,-2.9952383712714425,-5.584079572001886,0.6960154133551021,-0.8161419128610217,-0.9536564984204127,0.2534693842722902,0.5447164691940765,-0.5182560804393728,0.13150534987108467,0.14556790050445279,-0.0795186340241471,-0.12269006001672803,0.1355525706879888,-0.0040412623579331956,-0.06261844675247097,0.00910811819252698,0.04487262915015425,-0.02069739064934649,-0.0010949028059927537,0.010101037398061537,0.04487262915015411,0.009108118192527015,-0.06261844675247102,-0.004041262357933191,0.13555257068798882,-0.12269006001672812,-0.07951863402414719,0.14556790050445273,0.13150534987108464,-0.5182560804393728,0.5447164691940761,0.25346938427229015,-0.9536564984204121,-0.8161419128610211,0.6960154133551021,-5.584079572001886,-2.995238371271442,-0.08797259520419116,0.0,-18.538502452301138
252,-20.954810456580113,-0.09942211319907039,-2.966100325032102,-5.563980891734501,0.6787148147610264,-0.7414290398930014,-0.970424079061903,0.24185581529900027,0.5560427997878413,-0.5089988319279829,0.10187693108357125,0.1641564336321119,-0.06850755951634709,-0.1290036748069099,0.13257138372584285,0.0018500896415756462,-0.06434249855689891,0.0024687261125490413,0.05023188431534194,-0.019626241611405637,-0.0009043095823574554,0.010195650058095834,0.0502318843153418,0.00246872611254908,-0.06434249855689896,0.0018500896415756505,0.13257138372584282,-0.12900367480691,-0.06850755951634714,0.164156433632112,0.10187693108357118,-0.5089988319279827,0.5560427997878412,0.2418558152990002,-0.9704240790619024,-0.7414290398930011,0.6787148147610262,-5.563980891734501,-2.9661003250321025,-0.09942211319907049,0.0,-18.375215171875382
253,-20.78402459153606,-0.11086586442262611,-2.93627411903779,-5.540977780316812,0.6607843829465544,-0.6656411656984547,-0.9851656555479379,0.2295550171474931,0.5653056246394282,-0.49735111174236374,0.07165787922190145,0.18159352732407677,-0.0569246766206191,-0.1340537588012627,0.12808446983646843,0.007717322893259091,-0.0651123221253608,-0.004211991250589077,0.05464860755272573,-0.018144852352778986,-0.0006927757588140954,0.01003001951058822,0.05464860755272557,-0.004211991250589038,-0.06511232212536086,0.0077173228932591025,0.1280844698364684,-0.13405375880126275,-0.05692467662061916,0.18159352732407671,0.07165787922190135,-0.4973511117423637,0.5653056246394281,0.22955501714749302,-0.9851656555479377,-0.6656411656984547,0.6607843829465542,-5.540977780316811,-2.936274119037789,-0.11086586442262608,0.0,-18.203270836604823
254,-20.60434993797267,-0.12230318510405067,-2.905766673214456,-5.5150822455099275,0.6422407569791814,-0.5888881754495713,-0.9978504511326987,0.21660194232612437,0.5724705688908636,-0.4833676224543619,0.041023389703814105,0.19775687289663255,-0.04486666356697049,-0.13779084878365752,0.12214279074986735,0.013483949038904625,-0.06491650062757791,-0.010822201913849052,0.05803992515123049,-0.016284187816648893,-0.00046519970783628624,0.009608373462914361,0.05803992515123033,-0.010822201913849043,-0.06491650062757795,0.01348394903890464,0.12214279074986731,-0.13779084878365755,-0.0448666635669706,0.19775687289663255,0.04102338970381408,-0.4833676224543615,0.5724705688908631,0.2166019423261243,-0.9978504511326982,-0.5888881754495708,0.6422407569791814,-5.515082245509927,-2.905766673214456,-0.12230318510405074,0.0,-18.022929758102574
255,-20.415993828547393,-0.13373341184552623,-2.874585065541313,-5.4863078049371845,0.6231011449578127,-0.511281353644553,-1.008451983117414,0.20303339677629278,0.5775110430357079,-0.4671140363857052,0.01015106645324821,0.2125330960939356,-0.0324341643289204,-0.14017834170161078,0.11481383121231135,0.019074791287785678,-0.06375793818456792,-0.01725125414230604,0.06034220372028211,-0.014083140799967427,-0.00022685128294007656,0.008941474399003068,0.06034220372028195,-0.017251254142306018,-0.06375793818456794,0.01907479128778567,0.11481383121231133,-0.14017834170161075,-0.032434164328920476,0.21253309609393561,0.01015106645324815,-0.4671140363857052,0.5775110430357078,0.20303339677629284,-1.0084519831174132,-0.511281353644553,0.6231011449578127,-5.4863078049371845,-2.874585065541313,-0.1337334118455265,0.0,-17.834438078267354
256,-20.2191635959177,-0.1451558816607046,-2.842736530408686,-5.454669479027869,0.6033833080440062,-0.43293322275573193,-1.0169481181396507,0.18888793528898543,0.5804083415941943,-0.4486666871832802,-0.02078010776113734,0.22581855232695855,-0.01973094858382141,-0.14119285317610242,0.10618083250418932,0.024416964461096816,-0.061653816799222314,-0.02339152870576589,0.06151224418248962,-0.011587718991406797,1.675021241713007e-05,0.008046344867736465,0.061512244182489476,-0.023391528705765885,-0.06165381679922234,0.02441696446109681,0.10618083250418932,-0.14119285317610236,-0.019730948583821496,0.22581855232695855,-0.02078010776113745,-0.44866668718328023,0.5804083415941944,0.18888793528898543,-1.0169481181396505,-0.4329332227557323,0.6033833080440062,-5.454669479027869,-2.842736530408685,-0.1451558816607048,0.0,-17.638026615511357
257,-20.01406657274105,-0.15656993201316124,-2.810228456939574,-5.420183783176461,0.5831055439799834,-0.3539573800827417,-1.023321118382272,0.1742057519519954,0.5811517125303026,-0.4281122113243573,-0.051590808981315815,0.23752005366581389,-0.006863045584036123,-0.1408244465406564,0.09634184699737988,0.029440825161723003,-0.05863534153946402,-0.029140240372717327,0.06152809234466513,-0.008850083289304918,0.00025996383231282954,0.006945832983658979,0.061528092344664984,-0.02914024037271735,-0.05863534153946403,0.029440825161723,0.09634184699737992,-0.1408244465406564,-0.006863045584036231,0.23752005366581389,-0.05159080898131583,-0.4281122113243573,0.5811517125303025,0.17420575195199545,-1.0233211183822715,-0.3539573800827413,0.5831055439799836,-5.420183783176463,-2.8102284569395737,-0.15656993201316147,0.0,-17.43391016308313
258,-19.8009100916749,-0.1679749008548251,-2.777068387275316,-5.382868719121506,0.5622866701087069,-0.27446833304729173,-1.027557678605586,0.15902856593910664,0.5797383971531621,-0.4055471412354121,-0.08210241169329667,0.24755552248612656,0.006062140831760313,-0.13907673016635183,0.08540862449035282,0.034080879682426846,-0.05474727775303404,-0.03440115848548006,0.06038945083793521,-0.0059274575012977435,0.000497157612643368,0.005668029230557164,0.06038945083793509,-0.034401158485480074,-0.05474727775303404,0.034080879682426846,0.08540862449035286,-0.13907673016635183,0.006062140831760214,0.24755552248612658,-0.08210241169329671,-0.4055471412354121,0.5797383971531622,0.15902856593910672,-1.0275576786055858,-0.27446833304729146,0.562286670108707,-5.3828687191215066,-2.777068387275316,-0.1679749008548253,0.0,-17.22228724407514
259,-19.57990148537672,-0.17937012666437943,-2.743264014825749,-5.342743765548591,0.5409460059117762,-0.1945813331683555,-1.0296489539253793,0.14339950296577236,0.5761736403547082,-0.38107745193542514,-0.11213802441128867,0.2558545671845966,0.018936728700463933,-0.1359668221195122,0.07350534296984651,0.03827663781648214,-0.050047287177220505,-0.03908621781495176,0.05811768469745723,-0.0028809322157920293,0.0007228389874208528,0.004245549453955486,0.05811768469745711,-0.03908621781495178,-0.05004728717722049,0.038276637816482134,0.07350534296984652,-0.13596682211951217,0.01893672870046385,0.2558545671845966,-0.11213802441128876,-0.38107745193542514,0.5761736403547082,0.1433995029657724,-1.029648953925379,-0.1945813331683559,0.5409460059117761,-5.342743765548591,-2.7432640148257477,-0.1793701266643796,0.0,-17.00334031775391
260,-19.35124808650396,-0.1907549484856315,-2.7088231824842706,-5.299829867922364,0.5191033550813525,-0.11441220895848539,-1.029590578278835,0.1273629727481294,0.570470671145596,-0.3548180633328123,-0.14152351520880854,0.2623589759255196,0.03165325838716127,-0.13152518249823356,0.06076719821495063,0.04197340144002639,-0.044605072789321513,-0.04311699273002307,0.0547554204770443,0.00022581215247992074,0.00093178197710452,0.0027147023440911426,0.05475542047704418,-0.04311699273002313,-0.044605072789321486,0.04197340144002639,0.060767198214950656,-0.13152518249823356,0.03165325838716117,0.2623589759255196,-0.1415235152088086,-0.3548180633328123,0.5704706711455959,0.12736297274812944,-1.0295905782788346,-0.11441220895848567,0.5191033550813526,-5.299829867922365,-2.7088231824842692,-0.1907549484856317,0.0,-16.77723642206434
261,-19.11515722771408,-0.2021287059658496,-2.6737538808082295,-5.254149427552874,0.4967789871427432,-0.034077197983540995,-1.0273826735397866,0.1109645428135464,0.5626506535616066,-0.3268923005134076,-0.17008852125120133,0.2670231249549892,0.04410558951272447,-0.12579531508993796,0.047338868262669365,0.04512297758575536,-0.03850134508009491,-0.04642601000477658,0.050365746420759826,0.0033278364511073054,0.001119148203736288,0.001114562659302961,0.050365746420759756,-0.046426010004776634,-0.0385013450800949,0.04512297758575536,0.0473388682626694,-0.12579531508993794,0.044105589512724384,0.2670231249549892,-0.17008852125120133,-0.3268923005134076,0.5626506535616064,0.11096454281354647,-1.0273826735397864,-0.034077197983540856,0.4967789871427432,-5.254149427552874,-2.67375388080823,-0.20212870596584973,0.0,-16.544128227755667
262,-18.87183624166455,-0.21349073939406676,-2.6380642461650456,-5.205726289901943,0.47399361864470546,0.04630722167066751,-1.0230298492642758,0.09425080902127161,0.552742608122733,-0.297431314554215,-0.1976674364767937,0.2698142986187501,0.056189786870044715,-0.11883334127207636,0.03337287017534749,0.04768430671195356,-0.031826625080825226,-0.04895787828771074,0.04503102869915657,0.006360300189585714,0.0012805989305995221,-0.0005140261542617732,0.04503102869915651,-0.04895787828771078,-0.031826625080825226,0.04768430671195356,0.03337287017534755,-0.1188333412720763,0.05618978687004462,0.2698142986187501,-0.19766743647679375,-0.2974313145542152,0.552742608122733,0.0942508090212716,-1.0230298492642755,0.04630722167066723,0.4739936186447056,-5.205726289901943,-2.638064246165045,-0.2134907393940668,0.0,-16.304155470758722
263,-18.621492461012828,-0.22484038973934442,-2.6017625588445057,-5.154585732135713,0.4507683939349195,0.12662450028046696,-1.0165411930669441,0.07726926316109209,0.540783304136419,-0.26657346658302655,-0.22410037170058233,0.27071291883900656,0.06780498793447395,-0.1107074503294252,0.01902782777356159,0.04962399797641293,-0.02467990189565545,-0.05067021532621975,0.038851365921851976,0.009259816876607914,0.0014123955319602173,-0.002129494488564933,0.03885136592185194,-0.05067021532621985,-0.02467990189565544,0.04962399797641293,0.01902782777356159,-0.11070745032942518,0.06780498793447383,0.2707129188390066,-0.22410037170058233,-0.2665734665830265,0.5407833041364188,0.07726926316109213,-1.0165411930669437,0.12662450028046723,0.4507683939349195,-5.154585732135713,-2.6017625588445044,-0.22484038973934453,0.0,-16.05744672140642
264,-18.36433321841637,-0.23617699868899905,-2.5648572411376698,-5.1007544499297985,0.4271248655384742,0.2067581854702825,-1.0079302516483557,0.060068158006222915,0.5268171232446124,-0.23446367797662257,-0.24923408157424215,0.26971268244057117,0.07885424472767227,-0.1014972315718624,0.004466670009318801,0.050916764537125764,-0.01716716464858412,-0.051534357425038944,0.03194271092537726,0.011965778964935975,0.001511486066368034,-0.0036906076348232723,0.03194271092537724,-0.05153435742503902,-0.017167164648584112,0.05091676453712575,0.0044666700093188355,-0.1014972315718624,0.07885424472767216,0.26971268244057117,-0.24923408157424215,-0.23446367797662251,0.5268171232446124,0.060068158006222984,-1.0079302516483553,0.20675818547028277,0.42712486553847423,-5.1007544499298,-2.5648572411376698,-0.23617699868899905,0.0,-15.804121442006553
265,-18.10056584653264,-0.24749990868678623,-2.5273568553828314,-5.044260543533993,0.403084974157573,0.28659209105744443,-0.997215002512854,0.04269637020387386,0.5108958947210267,-0.20125274974929705,-0.27292285302838887,0.2668206053631102,0.08924533300812057,-0.09129289479421686,-0.010145219557814281,0.05154575320494151,-0.009399830617014755,-0.051535839262663925,0.024434695078356407,0.014421624709011972,0.0015755759487868371,-0.005157518296375658,0.0244346950783564,-0.051535839262663995,-0.009399830617014738,0.05154575320494151,-0.01014521955781422,-0.09129289479421686,0.08924533300812051,0.2668206053631102,-0.27292285302838887,-0.20125274974929708,0.5108958947210268,0.04269637020387391,-0.9972150025128534,0.28659209105744454,0.4030849741575727,-5.044260543533995,-2.527356855382832,-0.24749990868678623,0.0,-15.544292278301404
266,-17.83039767801909,-0.25880846297104,-2.48927010197898,-4.985133503103769,0.37867102831101723,0.3660104655110483,-0.9844178164360041,0.025203261393089392,0.49307870312982455,-0.16709665432814122,-0.29502935004633885,0.2620569734493675,0.0988915220342714,-0.08019438671342406,-0.024641881163667043,0.05150276415066102,-0.0014930928633452478,-0.050674636033848273,0.016468195927923618,0.01657602045464126,0.0016031810850390686,-0.006492783687959297,0.016468195927923632,-0.05067463603384836,-0.0014930928633452177,0.051502764150661004,-0.024641881163666987,-0.08019438671342403,0.09889152203427136,0.26205697344936746,-0.29502935004633885,-0.16709665432814136,0.49307870312982455,0.02520326139308941,-0.9844178164360038,0.3660104655110487,0.37867102831101707,-4.985133503103769,-2.4892701019789785,-0.2588084629710399,0.0,-15.278067525610986
267,-17.5540360455332,-0.2701020056127677,-2.4506058173672383,-4.923404193306242,0.35390568363236785,0.44489815978060865,-0.9695654107599756,0.007638537944491983,0.47343166905951384,-0.13215580304120678,-0.3154254098717777,0.255455200154553,0.10771229847539701,-0.0683104120370734,-0.0388586637868697,0.05078835780235009,0.006435788130034835,-0.048965163864831525,0.008192693827134499,0.01838393364777551,0.0015936622381588234,-0.007662321260011839,0.008192693827134542,-0.048965163864831594,0.006435788130034865,0.05078835780235008,-0.03885866378686966,-0.06831041203707335,0.10771229847539696,0.255455200154553,-0.3154254098717777,-0.13215580304120672,0.4734316690595138,0.007638537944491983,-0.9695654107599752,0.44489815978060837,0.35390568363236774,-4.923404193306243,-2.4506058173672383,-0.2701020056127679,0.0,-15.005553707057143
268,-17.27168828173242,-0.2813798815536957,-2.4113729719807386,-4.859104837208623,0.32881192184598645,0.5231407942511724,-0.9526887936143756,-0.00994789027952248,0.45202770374577,-0.09659429275873324,-0.3339927860343099,0.24706159217496243,0.11563403842790652,-0.05575736875152373,-0.052634095231744164,0.04941184753930268,0.014269223486516882,-0.04643603849434633,-0.0002365328573935096,0.019807574133681203,0.0015472398308508859,-0.008636278653207746,-0.0002365328573934493,-0.0464360384943464,0.014269223486516911,0.049411847539302674,-0.0526340952317441,-0.05575736875152367,0.11563403842790651,0.24706159217496237,-0.33399278603430976,-0.09659429275873324,0.4520277037457701,-0.009947890279522411,-0.9526887936143753,0.5231407942511722,0.3288119218459863,-4.859104837208623,-2.411372971980738,-0.28137988155369575,0.0,-14.726858199275451
269,-16.9835617192742,-0.2926414366442644,-2.3715806681634035,-4.7922689994576,0.3034130294404749,0.6006249245828269,-0.9338231991789875,-0.027506051742808634,0.42894623849378644,-0.06057913522552386,-0.3506238338851882,0.23693502463977362,0.1225906219280499,-0.04265820805794361,-0.0658117161065439,0.04739117827789875,0.021891039831279904,-0.04312959625996839,-0.008661321329556876,0.02081718407085824,0.0014649888412833175,-0.009389795677704278,-0.008661321329556795,-0.04312959625996846,0.02189103983127995,0.04739117827789874,-0.06581171610654386,-0.04265820805794355,0.12259062192804987,0.23693502463977356,-0.350623833885188,-0.06057913522552388,0.4289462384937863,-0.0275060517428086,-0.9338231991789872,0.6006249245828272,0.30341302944047477,-4.7922689994576,-2.371580668163402,-0.2926414366442646,0.0,-14.442091840480959
270,-16.68986369081602,-0.3038860176815708,-2.331238138058128,-4.722931568758381,0.27773257605929796,0.6772382061941484,-0.9130080141235625,-0.044986055228740274,0.40427292990428365,-0.02427947270385027,-0.36522213466882075,0.22514652814431704,0.1285239848318876,-0.029141230122670413,-0.07824185686698,0.04475269253217604,0.029188202194768132,-0.039101185408266625,-0.016923592070176893,0.02139165994842383,0.0013488139104089294,-0.009903638867633622,-0.016923592070176793,-0.03910118540826671,0.029188202194768177,0.04475269253217606,-0.07824185686697996,-0.029141230122670395,0.12852398483188754,0.22514652814431702,-0.36522213466882086,-0.024279472703850252,0.4042729299042836,-0.044986055228740204,-0.9130080141235624,0.6772382061941483,0.2777325760592978,-4.722931568758383,-2.331238138058128,-0.30388601768157075,0.0,-14.15137145666934
271,-16.390801529015327,-0.3151129724472565,-2.2903547414648493,-4.65112873966259,0.2517943926286451,0.7528695571511023,-0.8902866953782502,-0.06233823160525191,0.37809934199710454,0.012134216389444136,-0.3777030545119886,0.21177879052148538,0.13338460345617956,-0.01533882743695155,-0.08978333774162511,0.041530786998873984,0.03605249037220492,-0.03441823959187915,-0.02486831498083429,0.021518993705157866,0.0012014052372416987,-0.010164692413885165,-0.024868314980834184,-0.03441823959187924,0.03605249037220496,0.041530786998873984,-0.08978333774162504,-0.015338827436951512,0.1333846034561795,0.21177879052148538,-0.3777030545119886,0.012134216389444136,0.37809934199710443,-0.06233823160525184,-0.8902866953782499,0.7528695571511024,0.25179439262864495,-4.65112873966259,-2.290354741464849,-0.31511297244725633,0.0,-13.85482224408436
272,-16.0865825665296,-0.3263216497453378,-2.2489399636689913,-4.576897993674485,0.2256225492428273,0.8274093192252296,-0.8657066794063336,-0.0795132749588316,0.35052260641204447,0.0484909181209835,-0.38799423509002584,0.19692557684599657,0.13713190793506705,-0.001386188094273034,-0.10030507223168411,0.037767464143888624,0.04238210387797619,-0.029159149062726715,-0.032346418309535024,0.021196523729657694,0.001026176283396977,-0.010166292944155058,-0.03234641830953489,-0.029159149062726784,0.042382103877976224,0.037767464143888624,-0.10030507223168408,-0.0013861880942729998,0.137131907935067,0.19692557684599657,-0.387994235090026,0.04849091812098348,0.3505226064120444,-0.07951327495883151,-0.8657066794063333,0.8274093192252296,0.22562254924282707,-4.576897993674486,-2.248939963668991,-0.3263216497453379,0.0,-13.55257994980752
273,-15.77741413601628,-0.33751139943997743,-2.207003413240804,-4.500278079685401,0.19924133282772957,0.900749416887595,-0.8393192831686905,-0.0964623826964338,0.32164506194793663,0.08461988619390826,-0.39603601312532066,0.18069107173976487,0.139734620842405,0.012580028313931322,-0.10968755597280945,0.03351178463589525,0.048083171692686846,-0.0234119484570444,-0.039217585776235325,0.020430990495037504,0.0008271847294372169,-0.009908399605027506,-0.03921758577623518,-0.023411948457044484,0.048083171692686895,0.03351178463589523,-0.1096875559728094,0.012580028313931298,0.13973462084240498,0.18069107173976484,-0.3960360131253207,0.08461988619390823,0.32164506194793674,-0.09646238269643376,-0.8393192831686901,0.9007494168875955,0.19924133282772938,-4.500278079685403,-2.207003413240804,-0.33751139943997743,0.0,-13.244792797342281
274,-15.46350357013283,-0.3486815724931939,-2.1645548198060944,-4.421308993746594,0.17267522460305035,0.9727835140079713,-0.8111795969867407,-0.11313739421721615,0.29157387477768115,0.12035144384399017,-0.4017817662860836,0.16318914859163455,0.1411710182533845,0.026423029215206482,-0.11782422404868019,0.028819227765503542,0.053071144412661815,-0.01727284313807646,-0.04535288941402886,0.019238395665259807,0.0006090385133936526,-0.00939759510475513,-0.0453528894140287,-0.017272843138076532,0.05307114441266186,0.028819227765503542,-0.11782422404868012,0.026423029215206492,0.14117101825338443,0.16318914859163455,-0.40178176628608375,0.12035144384399013,0.29157387477768115,-0.11313739421721615,-0.8111795969867404,0.9727835140079705,0.17267522460305026,-4.421308993746593,-2.1645548198060935,-0.3486815724931939,0.0,-12.931623110257352
275,-15.145058201536719,-0.3598315210025083,-2.121604031788871,-4.340031958191061,0.14594887736423887,1.0434071680320602,-0.7813463695275545,-0.12949092776006602,0.26042064074861837,0.15551778071277503,-0.405198183480033,0.1445425708173755,0.14142911106645525,0.04000722887549011,-0.12462266134017007,0.02375096818785994,0.057272048155686685,-0.010844598764745911,-0.05063720872436751,0.017643667618148718,0.000376789127278253,-0.008646917690121627,-0.05063720872436735,-0.010844598764745963,0.057272048155686706,0.02375096818785994,-0.12462266134017001,0.040007228875490096,0.14142911106645523,0.14454257081737545,-0.40519818348003306,0.15551778071277492,0.2604206407486184,-0.12949092776006593,-0.7813463695275544,1.0434071680320607,0.1459488773642388,-4.340031958191062,-2.1216040317888707,-0.3598315210025084,0.0,-12.61324859418233
276,-14.822285362885399,-0.37096059823852306,-2.078161014126433,-4.25648940011524,0.11908709260521357,1.1125179814132171,-0.7498818851512458,-0.14547651503806755,0.22830097124413623,0.1899537409553017,-0.40626545797596475,0.12488213076252634,0.14050674507211952,0.05319957639810684,-0.13000565216313079,0.01837307841746305,0.06062358162700172,-0.004234821044142112,-0.05497139075420979,0.015680140376536245,0.00013581464245995974,-0.007675528346164766,-0.05497139075420964,-0.004234821044142164,0.06062358162700175,0.01837307841746305,-0.13000565216313079,0.05319957639810687,0.1405067450721195,0.12488213076252631,-0.40626545797596475,0.18995374095530176,0.2283009712441362,-0.1454765150380675,-0.7498818851512454,1.1125179814132173,0.1190870926052137,-4.25648940011524,-2.078161014126433,-0.3709605982385228,0.0,-12.289863245550908
277,-14.49539238683634,-0.3820681586824358,-2.0342358459574186,-4.17072492923181,0.0921147975030931,1.180015750079097,-0.716851833876715,-0.16104873327734698,0.19533406414339918,0.22349759888111492,-0.40497740223358125,0.10434573228806525,0.13841161893335732,0.06587085889521418,-0.1339120572731542,0.012755667471892433,0.06307604007556611,0.0024458455360610977,-0.0582741105642324,0.013388856839255007,-0.00010830482737772971,-0.006508221713461943,-0.05827411056423226,0.002445845536061046,0.06307604007556615,0.012755667471892438,-0.1339120572731542,0.0658708588952142,0.13841161893335732,0.10434573228806522,-0.4049774022335813,0.22349759888111492,0.19533406414339907,-0.16104873327734692,-0.7168518338767145,1.1800157500790975,0.09211479750309315,-4.170724929231808,-2.0342358459574177,-0.382068158682436,0.0,-11.96167786428125
278,-14.164586606046994,-0.39315355806348057,-1.9898387182833601,-4.082783315105166,0.06505702178629345,1.2458026087179856,-0.682325174237227,-0.17616333428511055,0.16164226147139205,0.2559918184858344,-0.4013414837758506,0.08307742347390855,0.13516121992760746,0.07789696706774205,-0.13629750827641712,0.00697196689354646,0.06459305243790489,0.009085569842907188,-0.060483397178988874,0.010817710876287814,-0.0003499163418619921,-0.005174793206778133,-0.06048339717898872,0.009085569842907168,0.06459305243790492,0.006971966893546452,-0.13629750827641712,0.07789696706774207,0.13516121992760746,0.08307742347390856,-0.40134148377585066,0.2559918184858344,0.16164226147139196,-0.1761633342851105,-0.682325174237227,1.2458026087179863,0.06505702178629345,-4.082783315105167,-1.9898387182833595,-0.3931535580634807,0.0,-11.62892015687331
279,-13.83007535317483,-0.40421615339629696,-1.9449799316042953,-3.992710463781439,0.03793887450746228,1.3097831726741427,-0.6463739893121423,-0.19077737018013094,0.12735059538086352,0.28728379330620557,-0.3953787818959283,0.06122638622512883,0.13078267798664273,0.08916011079806238,-0.13713491155959026,0.0010973760644939182,0.06515212073736307,0.015573206097327662,-0.06155779638666811,0.008020446220548375,-0.0005834250359635238,-0.0037092784893255786,-0.061557796386667966,0.015573206097327649,0.06515212073736311,0.0010973760644939054,-0.13713491155959026,0.0891601107980624,0.13078267798664275,0.0612263862251288,-0.39537878189592834,0.2872837933062056,0.12735059538086344,-0.19077737018013088,-0.6463739893121421,1.309783172674143,0.03793887450746242,-3.9927104637814397,-1.9449799316042946,-0.4042161533962971,0.0,-11.291834425982335
280,-13.492065960877305,-0.4152553030182262,-1.8996698935289555,-3.900553393825262,0.010785520742800241,1.3718646762464344,-0.6090733362353703,-0.20484931542841933,0.092586324151057,0.3172265631239597,-0.3871238654496303,0.03894588986807762,0.12531253925261748,0.09954997284922504,-0.13641475601524614,-0.004791520739779714,0.06474495373923361,0.02180015440081958,-0.06147714857012161,0.005055533082095658,-0.0008034236772105791,-0.0021490847149980017,-0.06147714857012149,0.02180015440081958,0.06474495373923364,-0.004791520739779717,-0.1364147560152461,0.09954997284922502,0.12531253925261748,0.03894588986807762,-0.38712386544963023,0.3172265631239598,0.09258632415105701,-0.20484931542841933,-0.6090733362353699,1.3718646762464344,0.010785520742800172,-3.900553393825262,-1.8996698935289549,-0.41525530301822616,0.0,-10.950680852183684
281,-13.15076576181188,-0.4262703666265284,-1.8539191163601252,-3.8063602117758037,-0.016377841760606495,1.4319571071897306,-0.5705010894947409,-0.21833918483732315,0.057478459925161665,0.3456795041525425,-0.37662459244196056,0.01639221607618512,0.11879646104033507,0.10896478937081482,-0.13414522106766505,-0.01061795274352374,0.0633775899135026,0.027662178645311817,-0.06024296697423437,0.001984945966508261,-0.0010048178779990123,-0.0005340357135565541,-0.06024296697423422,0.027662178645311845,0.06337758991350263,-0.010617952743523748,-0.134145221067665,0.10896478937081484,0.1187964610403351,0.0163922160761851,-0.3766245924419605,0.34567950415254245,0.0574784599251617,-0.21833918483732317,-0.5705010894947408,1.4319571071897306,-0.016377841760606564,-3.8063602117758046,-1.853919116360124,-0.4262703666265282,0.0,-10.6057343831629
282,-12.806382088636013,-0.43726070531552225,-1.8077382146556937,-3.7101800870348685,-0.04352600596777034,1.4899733372240576,-0.530737778349439,-0.2312086471727693,0.022157289939075776,0.37250898946530725,-0.3639418325695911,-0.006276437333690823,0.1112888307517769,0.11731234662837875,-0.1303520837720968,-0.016305963495190038,0.061070307881619566,0.03306115137528626,-0.057878409311974674,-0.001127131755761383,-0.0011829440635256906,0.0010946445096555466,-0.05787840931197455,0.033061151375286264,0.061070307881619594,-0.01630596349519003,-0.13035208377209678,0.11731234662837876,0.11128883075177692,-0.0062764373336908754,-0.36394183256959106,0.3725089894653072,0.02215728993907584,-0.23120864717276932,-0.5307377783494388,1.4899733372240576,-0.04352600596777069,-3.71018008703487,-1.8077382146556937,-0.43726070531552225,0.0,-10.257283254735844
283,-12.459122274007171,-0.4482256816136442,-1.761137902765992,-3.6120632262001715,-0.07063377894740618,1.5458292483622718,-0.48986641870493647,-0.243421134076813,-0.013246106981767257,0.3975890165635224,-0.3491491143278596,-0.02890106604528493,0.10285231192367913,0.12451088419392385,-0.12507842604263258,-0.021781401075939254,0.057857325675407016,0.03790669639400473,-0.05442784324189623,-0.004215649451135365,-0.0013336774636266843,0.0026953840133757405,-0.05442784324189613,0.037906696394004735,0.057857325675407044,-0.021781401075939254,-0.12507842604263258,0.12451088419392384,0.10285231192367915,-0.028901066045284966,-0.3491491143278596,0.3975890165635225,-0.013246106981767257,-0.24342113407681307,-0.4898664187049362,1.5458292483622718,-0.07063377894740645,-3.6120632262001715,-1.7611379027659908,-0.4482256816136443,0.0,-9.905627176724453
284,-12.109193650582807,-0.4591646595204227,-1.714128992347977,-3.5120608468572017,-0.09767600525044724,1.5994438548731005,-0.44797233979642553,-0.2549419439760038,-0.04860034686320832,0.4208017991368739,-0.33233219872818753,-0.051322974543958684,0.0935573211971377,0.1304898957511563,-0.11838414533394978,-0.026972884783303796,0.053786293268235405,0.04211770161740648,-0.04995601387030703,-0.007216048952745615,-0.0014535276278126062,0.004227324041123227,-0.04995601387030695,0.04211770161740652,0.05378629326823541,-0.026972884783303792,-0.11838414533394975,0.13048989575115627,0.09355732119713775,-0.05132297454395873,-0.3323321987281875,0.4208017991368737,-0.048600346863208216,-0.2549419439760038,-0.4479723397964251,1.5994438548731007,-0.09767600525044758,-3.5120608468572017,-1.7141289923479763,-0.4591646595204227,0.0,-9.5510752245944
285,-11.756803551020388,-0.47007700454336815,-1.666722389856834,-3.4102251508433348,-0.12462759025377856,1.650739420702712,-0.4051430060425962,-0.26573834068531477,-0.08377422815559395,0.44203832023730355,-0.313588582097298,-0.07338488925171288,0.08348144057479093,0.13519081967194807,-0.11034527433453811,-0.031812735687807056,0.04891758590445466,0.04562367685123239,-0.044546828898776716,-0.01006561399641596,-0.0015397192517119264,0.005651361937911705,-0.044546828898776675,0.04562367685123244,0.04891758590445465,-0.03181273568780705,-0.11034527433453814,0.1351908196719481,0.08348144057479101,-0.0733848892517129,-0.31358858209729795,0.4420383202373036,-0.08377422815559395,-0.2657383406853147,-0.4051430060425959,1.6507394207027115,-0.1246275902537787,-3.4102251508433357,-1.6667223898568342,-0.470077004543368,0.0,-9.193943484727239
286,-11.40215930797737,-0.4809620837347759,-1.6189290940155954,-3.306609296998163,-0.15146352344752406,1.6996415721845555,-0.3614678344416791,-0.2757796464274551,-0.11863721863002183,0.46119884426825386,-0.2930269308407626,-0.0949320616883365,0.07270876987126222,0.13856761260015724,-0.10105311739823446,-0.03623785893131082,0.043323408707324984,0.04836593376284241,-0.038301784212011886,-0.012704781156019297,-0.0015902564432687459,0.006931149242602368,-0.03830178421201186,0.04836593376284247,0.043323408707325,-0.03623785893131082,-0.10105311739823446,0.13856761260015724,0.07270876987126226,-0.09493206168833651,-0.29302693084076253,0.4611988442682538,-0.11863721863002187,-0.27577964642745506,-0.3614678344416787,1.6996415721845555,-0.15146352344752417,-3.306609296998163,-1.6189290940155938,-0.48096208373477595,0.0,-8.834552507099632
287,-11.04546825411122,-0.4918192657284387,-1.5707601932633382,-3.201267373414262,-0.17815890164428,1.7460794058740756,-0.31703800789098996,-0.28503732900325124,-0.1530599397906983,0.4781933853847945,-0.27076645144784434,-0.11581335392080863,0.06132922476172887,0.140587200424815,-0.0906132135223532,-0.04019056626498222,0.03708672584451515,0.05029856829556768,-0.03133805944776785,-0.015078384876202769,-0.001603968940518008,0.00803401947966435,-0.03133805944776784,0.05029856829556776,0.03708672584451515,-0.04019056626498221,-0.09061321352235323,0.14058720042481504,0.06132922476172895,-0.11581335392080866,-0.27076645144784434,0.4781933853847944,-0.15305993979069815,-0.2850373290032512,-0.3170380078909897,1.7460794058740756,-0.1781589016442801,-3.201267373414262,-1.5707601932633375,-0.4918192657284388,0.0,-8.47322462384409
288,-10.686937722079394,-0.5026479207762677,-1.5222268631825806,-3.0942543692028917,-0.204688952088754,1.7899855913519234,-0.2719462848197146,-0.29348508286540476,-0.1869146470057287,0.4929421301048362,-0.24693619939004402,-0.1358822986873063,0.04943778628755874,0.14122980222560927,-0.0791441376507609,-0.04361932810384003,0.030300030132125472,0.05138922908045557,-0.023786319282797213,-0.017136810578012925,-0.0015805392106985436,0.008931821968527006,-0.02378631928279724,0.05138922908045566,0.03030003013212547,-0.04361932810384003,-0.07914413765076095,0.1412298022256093,0.04943778628755882,-0.13588229868730634,-0.246936199390044,0.4929421301048362,-0.1869146470057287,-0.2934850828654047,-0.2719462848197142,1.7899855913519236,-0.20468895208875412,-3.094254369202893,-1.5222268631825806,-0.5026479207762677,0.0,-8.11028119556735
289,-10.326775044539357,-0.5134474207848199,-1.473340363906453,-2.985626145789345,-0.23102905544636665,1.8312964688466289,-0.22628680553237535,-0.30109890386525656,-0.2200757035745487,0.5053758121466664,-0.22167433092001995,-0.1549981267598094,0.037133708083125404,0.14048912401776809,-0.06677615391652258,-0.046479445293699344,0.02306397132456276,0.051619658982565916,-0.01578826169066754,-0.018837031734471453,-0.001520509803184678,0.009601640367602566,-0.01578826169066757,0.05161965898256601,0.023063971324562744,-0.046479445293699344,-0.06677615391652261,0.14048912401776803,0.03713370808312549,-0.15499812675980942,-0.22167433092001987,0.5053758121466665,-0.2200757035745486,-0.3010989038652565,-0.22628680553237507,1.8312964688466284,-0.23102905544636676,-2.985626145789344,-1.4733403639064526,-0.5134474207848196,0.0,-7.746039849327187
290,-9.965187554148562,-0.524217139351729,-1.424112037506253,-2.875439407752954,-0.25715476864948106,1.8699521415351832,-0.1801548956672867,-0.3078571574601668,-0.252420046972704,0.5154360377324158,-0.1951273021085888,-0.17302675433909284,0.02451968794079935,0.1383724203987034,-0.05364973612039958,-0.048733631833004845,0.015485863433345848,0.0509860007165948,-0.00749395917500364,-0.020143509238486415,-0.0014252707859686,0.010026377612196503,-0.007493959175003692,0.05098600071659489,0.015485863433345813,-0.048733631833004845,-0.05364973612039965,0.13837242039870346,0.024519687940799447,-0.1730267543390929,-0.19512730210858872,0.5154360377324156,-0.25242004697270376,-0.3078571574601667,-0.1801548956672865,1.8699521415351832,-0.2571547686494811,-2.875439407752955,-1.4241120375062526,-0.5242171393517292,0.0,-7.380811772771503
291,-9.602382583564474,-0.5349564518020389,-1.3745533053599923,-2.7637516732269654,-0.2830418475800614,1.9058965623877073,-0.1336468671803269,-0.31374064018769854,-0.28382764554372064,0.5230755598296931,-0.16744901976340426,-0.18984172355623907,0.011701010628769541,0.13490042349261527,-0.039913972249393415,-0.05035250095288265,0.0076780932119763995,0.049498861415968196,0.0009409571337594365,-0.021028934263937128,-0.0012970275566199794,0.010195192315809102,0.0009409571337593719,0.0494988614159683,0.0076780932119763735,-0.05035250095288265,-0.039913972249393435,0.1349004234926153,0.011701010628769626,-0.1898417235562391,-0.16744901976340418,0.5230755598296931,-0.2838276455437206,-0.31374064018769854,-0.13364686718032662,1.905896562387708,-0.2830418475800611,-2.7637516732269654,-1.3745533053599932,-0.5349564518020385,0.0,-7.014899128109216
292,-9.238567465444556,-0.5456647352244366,-1.3246756655025433,-2.650621243873726,-0.3086662695677088,1.9390776154302864,-0.0868598172695246,-0.3187326342319296,-0.3141819439432542,0.5282585000434362,-0.13879994915187305,-0.2053250894837284,-0.0012153308837076447,0.13010713988900913,-0.025724871156586407,-0.05131494821861392,-0.00024354659023885007,0.04718313507454987,0.009358217681578022,-0.02147479909217662,-0.001138749773106727,0.010103775495717528,0.00935821768157792,0.047183135074549964,-0.0002435465902388759,-0.051314948218613925,-0.025724871156586452,0.1301071398890091,-0.0012153308837075285,-0.20532508948372843,-0.13879994915187296,0.5282585000434363,-0.3141819439432543,-0.3187326342319296,-0.08685981726952419,1.9390776154302864,-0.30866626956770876,-2.6506212438737244,-1.324675665502543,-0.5456647352244365,0.0,-6.648592647327588
293,-8.873949532446263,-0.556341368507383,-1.274490689957998,-2.5361071744508754,-0.33400425568220105,1.969447191308147,-0.039891425660255345,-0.3228189549268414,-0.3433702956824537,0.5309605171158801,-0.10934618370130045,-0.2193682474343627,-0.01412152845881035,0.12403951756402104,-0.011243590634770373,-0.05160842665821645,-0.008161574486818004,0.04407758583320346,0.017599884200376035,-0.02147178397217182,-0.0009541025870578302,0.009754460559438556,0.01759988420037592,0.04407758583320357,-0.008161574486818039,-0.05160842665821645,-0.01124359063477039,0.12403951756402107,-0.014121528458810222,-0.21936824743436273,-0.10934618370130042,0.53096051711588,-0.3433702956824537,-0.3228189549268413,-0.039891425660255206,1.9694471913081477,-0.334004255682201,-2.536107174450874,-1.2744906899579969,-0.5563413685073831,0.0,-6.282169466441105
294,-8.508736117227064,-0.5669857323751388,-1.224010022054865,-2.420269241984402,-0.35903229279984356,1.9969612570396291,0.007160249325733703,-0.32598799106180565,-0.37128438116534246,0.5311689212432961,-0.07925848206969205,-0.23187269474511324,-0.026909858626576987,0.11675698604689932,0.0033653929908506386,-0.051229110331412614,-0.01595856255746662,0.04023419908679083,0.02551131320149766,-0.021019951927884258,-0.0007473617718617787,0.00915616374467567,0.025511313201497535,0.04023419908679092,-0.015958562557466666,-0.05122911033141261,0.00336539299085057,0.11675698604689937,-0.026909858626576865,-0.23187269474511318,-0.07925848206969194,0.531168921243296,-0.3712843811653425,-0.32598799106180554,0.007160249325733909,1.9969612570396291,-0.35903229279984344,-2.420269241984402,-1.2240100220548646,-0.5669857323751388,0.0,-5.915891251628993
295,-8.143134552444415,-0.5775972094236848,-1.1732453737247213,-2.3031679145646895,-0.38372715542315877,2.0215799198597906,0.05419697549171615,-0.3282307378746417,-0.397820609668862,0.5288827336726264,-0.048711278169808615,-0.24275072170252807,-0.03947358171463939,0.10833087433549823,0.017936152961376402,-0.05018194420661183,-0.023518877957029928,0.03571731127376184,0.032944057647175,-0.02012874744090299,-0.0005233147109325576,0.00832415653301649,0.03294405764717488,0.03571731127376193,-0.023518877957029963,-0.05018194420661184,0.017936152961376323,0.10833087433549825,-0.03947358171463929,-0.24275072170252807,-0.04871127816980853,0.5288827336726265,-0.39782060966886207,-0.32823073787464163,0.054196975491716426,2.0215799198597906,-0.3837271554231588,-2.303167914564689,-1.173245373724721,-0.5775972094236848,0.0,-5.550002663995681
296,-7.777352170755779,-0.5881751841565324,-1.1222085227849457,-2.184864319781806,-0.40806592723366525,2.04326748506111,0.10112055185038406,-0.3295408226384948,-0.42288050377380354,0.5241126912981171,-0.017881669885875626,-0.25192602676335263,-0.051707832766544885,0.09884371226202897,0.03230319665674674,-0.04848057969568508,-0.030730397802671883,0.0306025329152381,0.03975865235415361,-0.018816799035866326,-0.0002871495389035143,0.007279675846503882,0.03975865235415347,0.030602532915238186,-0.030730397802671935,-0.04848057969568507,0.032303196656746705,0.098843712262029,-0.05170783276654479,-0.25192602676335263,-0.01788166988587553,0.524112691298117,-0.42288050377380343,-0.32954082263849477,0.10112055185038392,2.0432674850611097,-0.40806592723366536,-2.184864319781806,-1.1222085227849445,-0.5881751841565321,0.0,-5.184730202499464
297,-7.411596304818611,-0.5987190430204247,-1.0709113102061685,-2.065420212816542,-0.43202602235774357,2.0619925077473984,0.14783301364308934,-0.32991452276983085,-0.44637106481998534,0.5168811962363657,0.01305160765412364,-0.25933425175503266,-0.06351049681248748,0.08838842215186557,0.046303345237390006,-0.04614719668693397,-0.03748617200673224,0.02497548293139593,0.045827230865223736,-0.01711152989515769,-4.433500284552004e-05,0.006049381976784263,0.04582723086522361,0.024975482931396002,-0.0374861720067323,-0.046147196686933956,0.04630334523738996,0.08838842215186557,-0.0635104968124874,-0.25933425175503266,0.013051607654123753,0.5168811962363656,-0.4463710648199852,-0.32991452276983085,0.14783301364308926,2.0619925077473975,-0.4320260223577437,-2.0654202128165418,-1.0709113102061685,-0.5987190430204244,0.0,-4.820281456491277
298,-7.046074287290377,-0.6092281744409244,-1.0193656373650704,-1.9448979442038345,-0.4555852063258568,2.077727838425889,0.19423683686589838,-0.32935077640609417,-0.4682051180294507,0.5072222106166017,0.04390921829809995,-0.26492343330205403,-0.07478306118687211,0.07706740869272945,0.05977758700628216,-0.04321221439632698,-0.04368600939470094,0.018930355422081768,0.05103592468667808,-0.015048584642055654,0.00019950617450282748,0.004664678083151116,0.05103592468667793,0.018930355422081845,-0.04368600939470099,-0.04321221439632697,0.05977758700628211,0.0770674086927294,-0.07478306118687204,-0.264923433302054,0.043909218298100045,0.5072222106166017,-0.46820511802945064,-0.3293507764060941,0.19423683686589874,2.0777278384258886,-0.4555852063258567,-1.9448979442038334,-1.0193656373650697,-0.6092281744409243,0.0,-4.45684479045825
299,-6.6809934508285345,-0.6197019688578869,-0.9675834632831632,-1.8233604272854231,-0.47872161670567537,2.090450662371411,0.24023514187546108,-0.3278511854229716,-0.48830163601691634,0.49518109708030394,0.0745122645739571,-0.2686543673116857,-0.085431437778719,0.06499155592855983,0.07257288344119309,-0.03971389480649907,-0.049237963585466234,0.012568342903059927,0.055286999873318476,-0.012671084274082407,0.00043872749703490713,0.003160908629245454,0.05528699987331833,0.012568342903059965,-0.049237963585466275,-0.03971389480649908,0.07257288344119306,0.06499155592855978,-0.08543143777871891,-0.2686543673116857,0.07451226457395715,0.4951810970803035,-0.48830163601691595,-0.3278511854229715,0.24023514187546108,2.090450662371411,-0.47872161670567565,-1.823360427285423,-0.9675834632831622,-0.619701968857887,0.0,-4.094589474162086
300,-6.316561128090549,-0.6301398187608166,-0.915576801852197,-1.7008711053687047,-0.5014137833899606,2.1001425327055587,0.2857318956496128,-0.3254200108826904,-0.5065860394869016,0.48081440573923867,0.10468332485043644,-0.2705008839625224,-0.095366748351874,0.0522791412020469,0.08454390738446284,-0.03569784386329399,-0.054059696597562636,0.005995942392157058,0.05850069087094534,-0.010028724820408974,0.0006677894480825853,0.0015764572182566763,0.05850069087094518,0.00599594239215711,-0.05405969659756269,-0.03569784386329399,0.0845439073844628,0.05227914120204689,-0.09536674835187393,-0.2705008839625224,0.10468332485043645,0.48081440573923867,-0.5065860394869014,-0.3254200108826903,0.2857318956496129,2.1001425327055587,-0.5014137833899606,-1.700871105368706,-0.915576801852197,-0.6301398187608165,0.0,-3.7336662615981995
301,-5.9529846517338765,-0.6405411187241034,-0.8633577190468416,-1.577493918608953,-0.5236406485203748,2.106789397142898,0.330632112280445,-0.32206416092628215,-0.5229904740016421,0.4641896085924543,0.1342474819417521,-0.2704500312669791,-0.1045060663802354,0.039054676683253596,0.0955546936481958,-0.03121641693251474,-0.05807969995852445,-0.0006768272993967413,0.06061669720680823,-0.007176738563755051,0.0008813877659586806,-4.823314568693755e-05,0.06061669720680807,-0.0006768272993966982,-0.05807969995852451,-0.03121641693251474,0.09555469364819573,0.03905467668325357,-0.10450606638023532,-0.2704500312669791,0.13424748194175215,0.46418960859245434,-0.5229904740016421,-0.3220641609262821,0.33063211228044515,2.106789397142898,-0.5236406485203748,-1.577493918608953,-0.863357719046841,-0.6405411187241034,0.0,-3.374208412283563
302,-5.590471354415982,-0.6509052654421406,-0.8109383301252774,-1.4532932706321737,-0.5453815860287374,2.110381618365442,0.3748420512812594,-0.3177931711442182,-0.5374540617926801,0.44538478264951603,0.1630333371926641,-0.2685021659201772,-0.11277310920615996,0.0254476898310128,0.10548018328753284,-0.02632803626766323,-0.06123835520774254,-0.007338267228748105,0.061595314944688756,-0.004174739539985888,0.0010745762718291508,-0.001671692362183174,0.0615953149446886,-0.007338267228748088,-0.06123835520774259,-0.026328036267663234,0.10548018328753281,0.025447689831012768,-0.11277310920615988,-0.2685021659201772,0.16303333719266414,0.445384782649516,-0.5374540617926797,-0.3177931711442181,0.3748420512812593,2.110381618365442,-0.5453815860287374,-1.4532932706321742,-0.8109383301252772,-0.6509052654421406,0.0,-3.016333138517545
303,-5.22922856879432,-0.6612316577643168,-0.7583307968183577,-1.3283339949160324,-0.5666164207775867,2.110913987995837,0.41826941329339357,-0.3126191774811911,-0.549923127681646,0.42448824324817247,0.19087400416481756,-0.26467095079798536,-0.12009887474484719,0.011591454731911442,0.11420764400236628,-0.021096429386520524,-0.06348881806508964,-0.013876868107792633,0.06141818167442375,-0.0010854774475100705,0.001242881405657483,-0.003252481755776609,0.06141818167442361,-0.013876868107792612,-0.06348881806508969,-0.021096429386520527,0.11420764400236624,0.011591454731911446,-0.12009887474484712,-0.26467095079798536,0.19087400416481765,0.42448824324817247,-0.549923127681646,-0.3126191774811911,0.41826941329339357,2.110913987995838,-0.5666164207775869,-1.328333994916034,-0.758330796818358,-0.6612316577643167,0.0,-2.660143452658518
304,-4.869463627526358,-0.6715196967298862,-0.7055473245079855,-1.202681320946391,-0.5873254472822868,2.108385734149016,0.4608235327843289,-0.30655688175203555,-0.560351398271832,0.4015981292885446,0.2176080761634345,-0.2589832591217614,-0.12642221742035492,-0.002378313257195961,0.12163795053477601,-0.015589798285493891,-0.0647977131526952,-0.02018317691481823,0.06008862105716939,0.002026473986941296,0.001382405817975386,-0.004750251795059947,0.060088621057169264,-0.02018317691481822,-0.06479771315269524,-0.015589798285493893,0.12163795053477593,-0.0023783132571959654,-0.1264222174203549,-0.25898325912176134,0.21760807616343458,0.4015981292885446,-0.5603513982718319,-0.3065568817520355,0.4608235327843289,2.108385734149016,-0.5873254472822868,-1.2026813209463902,-0.7055473245079853,-0.6715196967298861,0.0,-2.305730379321076
305,-4.511383863269554,-0.6817687856027089,-0.6526001593953649,-1.0764008401671261,-0.6074894479973071,2.102800522551351,0.5024155673347763,-0.29962350986677094,-0.5687001736713374,0.3768219423317524,0.2430805619951081,-0.25147898596201324,-0.13169035852611244,-0.01632478677777684,0.1276867105196151,-0.009879930322292126,-0.06514562896683271,-0.02615162908524188,0.057631580461490375,0.005096066769538828,0.0014899186186620886,-0.006126772011454701,0.05763158046149026,-0.026151629085241896,-0.06514562896683271,-0.009879930322292133,0.12768671051961508,-0.01632478677777685,-0.13169035852611236,-0.2514789859620132,0.2430805619951082,0.3768219423317524,-0.5687001736713371,-0.2996235098667708,0.5024155673347762,2.102800522551351,-0.6074894479973071,-1.0764008401671266,-0.6526001593953649,-0.6817687856027089,0.0,-1.9531754889168362
306,-4.15519660868137,-0.6919783299058622,-0.5995015856597811,-0.9495584717410075,-0.6270897111497057,2.094166451225708,0.5429586831195543,-0.2918387628834722,-0.5749384711105197,0.35027604172756327,0.2671437845316294,-0.24221076840314365,-0.13585932675013118,-0.030111366629747588,0.13228522300099455,-0.004041262357933187,-0.06452740575926363,-0.03168231561145149,0.054093162860446554,0.00805913831401249,0.0015629301928908792,-0.007346906829071187,0.05409316286044647,-0.0316823156114515,-0.06452740575926366,-0.0040412623579331895,0.1322852230009945,-0.030111366629747623,-0.13585932675013113,-0.24221076840314365,0.2671437845316294,0.35027604172756327,-0.5749384711105197,-0.2918387628834722,0.5429586831195542,2.0941664512257088,-0.6270897111497056,-0.9495584717410078,-0.5995015856597813,-0.691978329905862,0.0,-1.6025537013144135
307,-3.8011091964192625,-0.702147737456125,-0.5462639226085692,-0.8222204281395027,-0.6461080481032632,2.082496038750084,0.5823682361950228,-0.2832247610280491,-0.5790431399207758,0.322085098142157,0.2896582368704083,-0.23124361633212298,-0.13889432518800632,-0.04360301969689509,0.13538125872797177,0.0018500896415756484,-0.06295221205862805,-0.03668265547135466,0.04953976177298204,0.010853752608955684,0.0015997498517711258,-0.008379512397663394,0.04953976177298198,-0.03668265547135467,-0.0629522120586281,0.0018500896415756484,0.13538125872797174,-0.04360301969689511,-0.1388943251880063,-0.23124361633212298,0.28965823687040837,0.32208509814215713,-0.5790431399207758,-0.283224761028049,0.5823682361950228,2.082496038750085,-0.6461080481032632,-0.8222204281395014,-0.546263922608569,-0.7021477374561249,0.0,-1.2539363017431144
308,-3.449328959140697,-0.7122764183983239,-0.49289952181893354,-0.6944531805794698,-0.6645268102371614,2.0678062061068663,0.6205619492145885,-0.2738059808400007,-0.5809989474479597,0.29238150805246776,0.3104933911278859,-0.2186544564408416,-0.14077002178038012,-0.05666760153323745,0.13693965336695718,0.0077173228932590895,-0.06044340869703502,-0.041068945389988135,0.04405681548124626,0.013421494843841312,0.0015995249827015644,-0.009198231537084418,0.04405681548124621,-0.04106894538998818,-0.060443408697035024,0.007717322893259094,0.13693965336695715,-0.05666760153323749,-0.1407700217803801,-0.21865445644084164,0.3104933911278859,0.29238150805246765,-0.5809989474479595,-0.27380598084000063,0.6205619492145884,2.0678062061068667,-0.6645268102371614,-0.6944531805794696,-0.4928995218189335,-0.7122764183983239,0.0,-0.9073941055506616
309,-3.1000632295031356,-0.7223637852395461,-0.43942076427228,-0.5663234243247897,-0.682328905323533,2.050118252149026,0.6574600832033441,-0.26360918562274577,-0.580798635581608,0.261304771956882,0.32952845517694657,-0.20453159264063792,-0.14147076075068865,-0.069177150656208,0.13694270689321528,0.013483949038904623,-0.05703820235839963,-0.04476776099192653,0.03774720389923871,0.015708692432651106,0.00156226079285163,-0.009782166502344498,0.03774720389923868,-0.04476776099192657,-0.05703820235839966,0.013483949038904625,0.13694270689321528,-0.06917715065620801,-0.14147076075068862,-0.2045315926406379,0.32952845517694657,0.26130477195688195,-0.580798635581608,-0.26360918562274577,0.6574600832033439,2.050118252149026,-0.6823289053235329,-0.5663234243247902,-0.4394207642722798,-0.7223637852395461,0.0,-0.5630007041664544
310,-2.753519340164026,-0.7324092528832185,-0.3858400574817255,-0.43789804387104153,-0.699497813388695,2.0294578227188156,0.6929856040332181,-0.25266334939615204,-0.578442947690193,0.2290008392224792,0.34665307294113135,-0.1889740866738067,-0.1409906932783959,-0.08100914186966425,0.135390384625229,0.01907479128778567,-0.05278709378656146,-0.047717185889875814,0.03072931817332272,0.0176675369125034,0.0014888201885818978,-0.010116412396993757,0.030729318173322705,-0.04771718588987587,-0.0527870937865615,0.019074791287785674,0.13539038462522898,-0.08100914186966426,-0.14099069327839583,-0.1889740866738067,0.34665307294113124,0.22900083922247924,-0.578442947690193,-0.25266334939615204,0.6929856040332182,2.0294578227188156,-0.699497813388695,-0.4378980438710418,-0.38584005748172523,-0.7324092528832181,0.0,-0.22083572171060428
311,-2.409904623780852,-0.7424122386630413,-0.33216983261345323,-0.3092440780313934,-0.7160176020433402,2.0058548734637527,0.7270643432510792,-0.24099957456735252,-0.5739406258624399,0.19562142264568255,0.3617679641856877,-0.17209106326665272,-0.13933382631703173,-0.09204768634100856,0.13230031761860736,0.024416964461096813,-0.04775312883650574,-0.04986784813510181,0.023134839235888376,0.019257083266638754,0.0013809037935958236,-0.01019243761949275,0.023134839235888376,-0.0498678481351019,-0.047753128836505725,0.024416964461096802,0.1323003176186074,-0.09204768634100861,-0.13933382631703173,-0.1720910632666527,0.36176796418568763,0.1956214226456826,-0.5739406258624397,-0.24099957456735252,0.7270643432510787,2.0058548734637522,-0.7160176020433404,-0.309244078031394,-0.3321698326134525,-0.7424122386630411,0.0,0.1190119898096883
312,-2.069426413011051,-0.7523721623767871,-0.2784225416025791,-0.1804286849419474,-0.7318729412674632,1.9793436264037931,0.7596251529240201,-0.22865100355378543,-0.5673083784649493,0.1613232859454316,0.37478550009625766,-0.15400094469794143,-0.13651398914956694,-0.10218466667822444,0.1277076024150629,0.029440825161723014,-0.04201096347593558,-0.05118374668001397,0.015106266994536786,0.020444105783276895,0.0012410105685314579,-0.010008301631705655,0.01510626699453681,-0.05118374668001403,-0.04201096347593559,0.029440825161723003,0.12770760241506288,-0.10218466667822447,-0.13651398914956692,-0.1540009446979414,0.3747855000962576,0.16132328594543152,-0.5673083784649492,-0.22865100355378543,0.75962515292402,1.9793436264037927,-0.7318729412674632,-0.18042868494194794,-0.2784225416025792,-0.752372162376787,0.0,0.45644128882336443
313,-1.7322920405120938,-0.7622884463199533,-0.2246106542642002,-0.05151910700479041,-0.7470491176362979,1.9499625203126736,0.7906000541785511,-0.21565272460957982,-0.5585708181365211,0.1262675075351096,0.38563021130827535,-0.13483062015170025,-0.13255471796027565,-0.11132079588927878,0.12166440242088061,0.034080879682426846,-0.035645756603643226,-0.05164285401831983,0.006794246518137952,0.02120379256063721,0.0010723799439036085,-0.009568704490991503,0.006794246518137991,-0.051642854018319896,-0.03564575660364323,0.03408087968242685,0.1216644024208806,-0.11132079588927882,-0.13255471796027568,-0.1348306201517002,0.38563021130827535,0.1262675075351096,-0.5585708181365211,-0.21565272460957982,0.7906000541785511,1.9499625203126736,-0.7470491176362979,-0.05151910700479041,-0.22461065426419988,-0.7622884463199533,0.0,0.791335886736539
314,-1.3987088389414462,-0.772160515319271,-0.17074665540029482,0.07741736421293877,-0.7615320479740724,1.9177541549853643,0.8199243791235814,-0.20204167212287943,-0.5477603704492826,0.09061872403085669,0.3942392254417683,-0.1147145556807618,-0.12748905938652322,-0.11936658985187726,0.11423935544236637,0.038276637816482155,-0.028751907104681826,-0.05123748491484486,-0.0016452586098123698,0.02152026414113596,0.0008789168063920918,-0.008884866881590516,-0.0016452586098123008,-0.05123748491484493,-0.028751907104681812,0.038276637816482155,0.11423935544236635,-0.11936658985187731,-0.12748905938652325,-0.11471455568076173,0.39423922544176826,0.09061872403085669,-0.5477603704492823,-0.20204167212287943,0.8199243791235812,1.9177541549853638,-0.7615320479740726,0.07741736421293877,-0.1707466554002945,-0.772160515319271,0.0,1.1235617625440497
315,-1.0688841409565626,-0.7819877967660658,-0.11684304190314475,0.2063134231056497,-0.775308292422901,1.88276522947244,0.8475369058608951,-0.187856521667408,-0.5349171535755873,0.05454435704907396,0.4005626316049476,-0.09379385102401733,-0.121359294690163,-0.12624324376868482,0.10551679410740161,0.04197340144002639,-0.021431653872379264,-0.049974425052658665,-0.010053892732416596,0.021386905433937366,0.0006651010755273698,-0.007974243707495497,-0.01005389273241653,-0.049974425052658755,-0.021431653872379247,0.04197340144002639,0.10551679410740163,-0.12624324376868487,-0.12135929469016304,-0.09379385102401729,0.40056263160494754,0.05454435704907388,-0.5349171535755873,-0.187856521667408,0.8475369058608951,1.8827652294724397,-0.775308292422901,0.20631342310564804,-0.11684304190314454,-0.7819877967660658,0.0,1.4529649131319837
316,-0.7430252792149119,-0.791769720649472,-0.06291231985595425,0.3351017851632247,-0.7883650669146923,1.8450464743709196,0.8733799863012505,-0.17313758010648547,-0.5200888294072491,0.01821382692439956,0.4045637697533696,-0.07221524989312836,-0.11421658685078662,-0.13188340402354168,0.09559578802744652,0.045122977585755376,-0.013793559559497749,-0.047874817444016796,-0.018273879444552818,0.020806503987801647,0.0004358839646565528,-0.006860078557328861,-0.01827387944455273,-0.047874817444016886,-0.013793559559497723,0.045122977585755376,0.09559578802744656,-0.13188340402354168,-0.11421658685078667,-0.07221524989312833,0.4045637697533696,0.018213826924399438,-0.520088829407249,-0.17313758010648544,0.87337998630125,1.8450464743709196,-0.7883650669146923,0.3351017851632247,-0.06291231985595355,-0.7917697206494717,0.0,1.7793694973491077
317,-0.4213395863739384,-0.8015057195894941,-0.008967001631334562,0.46371522209393584,-0.8006902550344999,1.804652578269752,0.8973996665192535,-0.15792667106176275,-0.5033304266796093,-0.01820224295913279,0.4062194432271074,-0.05013011067082457,-0.1061205535264147,-0.1362318278787034,0.08458901857897887,0.04768430671195357,-0.0059509005451924635,-0.044973808506543866,-0.026150982049192608,0.019791191723962792,0.0001965733284175563,-0.005570810413476098,-0.02615098204919249,-0.04497380850654396,-0.005950900545192408,0.04768430671195357,0.0845890185789789,-0.13623182787870344,-0.10612055352641474,-0.05013011067082455,0.4062194432271074,-0.01820224295913281,-0.503330426679609,-0.15792667106176275,0.897399666519253,1.8046525782697516,-0.8006902550344999,0.4637152220939353,-0.008967001631334218,-0.8015057195894943,0.0,2.1025764251754553
318,-0.10403439509111756,-0.8111952288699167,0.044980397011669136,0.5920865969180156,-0.8122724192643017,1.7616421084565885,0.9195457993957381,-0.14226701607211342,-0.4847041367568421,-0.05453282748695924,0.4055200532337438,-0.027693344740599785,-0.09713876944597502,-0.13924592455167845,0.07262149908444103,0.04962399797641293,0.0019800130047154165,-0.04131995972917211,-0.03353739759598569,0.01836219134697267,-4.728924833306982e-05,-0.004139347749180794,-0.033537397595985556,-0.0413199597291722,0.0019800130047154594,0.04962399797641294,0.07262149908444109,-0.13924592455167847,-0.0971387694459751,-0.027693344740599743,0.4055200532337436,-0.05453282748695927,-0.4847041367568422,-0.14226701607211342,0.919545799395738,1.761642108456589,-0.8122724192643019,0.5920865969180148,0.044980397011669206,-0.8111952288699161,0.0,2.422362435485019
319,0.2086829619760957,-0.8208376864710591,0.09891735983133795,0.7201488990135526,-0.82310081159678,1.7160774260008174,0.9397721493124801,-0.1262031117803674,-0.4642790828363455,-0.09060730301954611,0.40246965449751726,-0.005062329894660413,-0.08734620238692177,-0.1408961723720678,0.05982915492869825,0.05091676453712576,0.009881562069888383,-0.03697443477626346,-0.04029453019947463,0.01654937273419362,-0.00029005677395450857,-0.0026022285422187684,-0.040294530199474494,-0.03697443477626354,0.00988156206988842,0.05091676453712576,0.0598291549286983,-0.14089617237206778,-0.08734620238692184,-0.005062329894660345,0.4024696544975172,-0.09060730301954617,-0.4642790828363454,-0.12620311178036733,0.93977214931248,1.7160774260008178,-0.8231008115967802,0.7201488990135526,0.09891735983133816,-0.820837686471059,0.0,2.7384796971338834
320,0.5166051521702419,-0.8304325331023765,0.1528313730071497,0.847835279096442,-0.8331653835092471,1.6680245953359725,0.9580364886806709,-0.1097806034968585,-0.442131063428711,-0.12625624871245522,0.39708593175199625,0.017604193558211,-0.07682458744569175,-0.14116640793255042,0.046357279737843385,0.05154575320494151,0.017636563118524514,-0.03200997563739942,-0.046295591599453845,0.014390628576569465,-0.0005261076143030009,-0.0009986876457396129,-0.04629559159945369,-0.03200997563739949,0.01763656311852455,0.05154575320494152,0.04635727973784344,-0.14116640793255045,-0.07682458744569183,0.017604193558211034,0.3970859317519962,-0.12625624871245514,-0.442131063428711,-0.1097806034968585,0.9580364886806706,1.6680245953359725,-0.833165383509247,0.8478352790964417,0.15283137300714983,-0.8304325331023765,0.0,3.0506559585705424
321,0.8195248428338537,-0.8399792122348961,0.20670992804308871,0.9750790841161082,-0.8424567952884657,1.6175532884726214,0.9743006861016206,-0.09304615549905305,-0.4183422710652383,-0.16131224218757953,0.38940009721256424,0.040147236241867175,-0.06566174482374026,-0.14005398440191547,0.03235888515484977,0.05150276415066099,0.02513000599191802,-0.026509684961597193,-0.05142798016754946,0.011931082321429696,-0.0007499756698235548,0.0006303446784345716,-0.051427980167549334,-0.026509684961597262,0.025130005991918072,0.051502764150661004,0.03235888515484979,-0.1400539844019155,-0.06566174482374032,0.04014723624186723,0.3894000972125642,-0.16131224218757967,-0.4183422710652383,-0.09304615549905308,0.9743006861016204,1.6175532884726214,-0.8424567952884657,0.9750790841161071,0.20670992804308905,-0.839979212234896,0.0,3.358595261040567
322,1.1172347013094814,-0.849477170133502,0.2605405246697213,1.1018138920487925,-0.8509664246977096,1.5647366839806114,0.9885307859756376,-0.07604731843580051,-0.3930009872768818,-0.1956106458187445,0.3794567096231215,0.0624086749090361,-0.05395084682335655,-0.13756979744953876,0.017992962955085408,0.05078835780235008,0.03225075955691799,-0.02056563495908923,-0.05559539372124818,0.009222144973411546,-0.0009564769510126736,0.002243287501690414,-0.05559539372124804,-0.020565634959089293,0.03225075955691803,0.05078835780235008,0.017992962955085495,-0.13756979744953876,-0.05395084682335665,0.062408674909036135,0.3794567096231214,-0.19561064581874454,-0.3930009872768818,-0.07604731843580047,0.9885307859756375,1.5647366839806118,-0.8509664246977093,1.1018138920487932,0.26054052466972155,-0.849477170133502,0.0,3.6619792199348957
323,1.4095273949396523,-0.8589258558890503,0.3143106737443598,1.227973546570246,-0.858686374978017,1.5096513608871385,1.0006970793928753,-0.058832394212974495,-0.36620125497658207,-0.2289903799389479,0.3673134159260815,0.08423236156228919,-0.041789640171384555,-0.13373817852738568,0.003422679240334417,0.04941184753930268,0.03889321983069072,-0.014277326156978713,-0.05871963650133725,0.00632044046884874,-0.001140829621213701,0.0037989705787258563,-0.05871963650133709,-0.01427732615697876,0.03889321983069077,0.049411847539302674,0.0034226792403344343,-0.1337381785273857,-0.041789640171384645,0.08423236156228923,0.3673134159260815,-0.2289903799389479,-0.366201254976582,-0.058832394212974516,1.0006970793928753,1.5096513608871387,-0.858686374978017,1.2279735465702462,0.31431067374436017,-0.8589258558890502,0.0,3.960468868107683
324,1.6961955910669042,-0.8683247214503247,0.36800790014864765,1.3534921915897256,-0.8656094821762228,1.4523771876444795,1.0107741661581502,-0.04145029874443115,-0.33804252946078633,-0.2612946793379327,0.35304061705333767,0.10546521872005112,-0.029279630161838762,-0.1285966565547933,-0.011186478778588428,0.04739117827789875,0.04495887613535337,-0.007750021808457231,-0.06074208640732054,0.003286622086136956,-0.0012987647269797438,0.0052576852149918045,-0.06074208640732039,-0.007750021808457269,0.044958876135353425,0.04739117827789875,-0.011186478778588386,-0.12859665655479333,-0.029279630161838856,0.10546521872005113,0.35304061705333756,-0.2612946793379327,-0.33804252946078617,-0.04145029874443112,1.0107741661581497,1.452377187644479,-0.8656094821762228,1.3534921915897247,0.3680079001486484,-0.8683247214503245,0.0,4.253707044268045
325,1.9770319570337955,-0.8776732216558252,0.4216197456828901,1.4783043056272622,-0.871729321792953,1.3929972063283702,1.0187410078202297,-0.023950422958272558,-0.30862930932531574,-0.29237182949726576,0.33672105977577654,0.12595831314514694,-0.016525233427088202,-0.12219559034021833,-0.0256685823620486,0.04475269253217604,0.05035777205569997,-0.0010929858367701942,-0.061624794960164125,0.00018410463222123303,-0.0014266250518820414,0.006582197828159808,-0.06162479496016398,-0.001092985836770233,0.050357772055700016,0.044752692532176064,-0.025668582362048525,-0.12219559034021837,-0.016525233427088306,0.12595831314514694,0.3367210597757765,-0.29237182949726587,-0.3086293093253158,-0.023950422958272575,1.0187410078202295,1.3929972063283707,-0.871729321792953,1.4783043056272622,0.4216197456828905,-0.877673221655825,0.0,4.541321299031759
326,2.251829160182849,-0.8869708142653882,0.4751337719564582,1.602344736016268,-0.8770402147444305,1.3315975122349377,1.0245809715948901,-0.0063824924533668085,-0.2780707486652666,-0.322075879105251,0.3184493569776025,0.14556790050445279,-0.0036329064091282677,-0.11459767534020776,-0.03985914583662489,0.04153078699887398,0.05500983953335878,0.005582346190102966,-0.06135119935309024,-0.002922261094147625,-0.0015214498046604648,0.0077387003325348445,-0.0613511993530901,0.005582346190102955,0.055009839533358834,0.04153078699887398,-0.03985914583662487,-0.11459767534020776,-0.0036329064091283627,0.14556790050445273,0.31844935697760246,-0.32207587910525093,-0.2780707486652667,-0.006382492453366791,1.0245809715948897,1.3315975122349373,-0.8770402147444306,1.6023447360162673,0.4751337719564592,-0.8869708142653883,0.0,4.822927281102107
327,2.520379867856607,-0.8962169599916386,0.5285375632735991,1.7255487329136125,-0.8815372326325449,1.2682671290507477,1.0282818650900312,0.011203573795094643,-0.24648025199809454,-0.350267325505411,0.29833143913668714,0.1641564336321119,0.009289743194718026,-0.10587732958665852,-0.05359699480000139,0.03776746414388862,0.05884608631216376,0.012164232437052789,-0.059926433229769385,-0.005967543855173394,-0.0015810431806392118,0.008697673087921947,-0.05992643322976927,0.01216423243705277,0.05884608631216382,0.0377674641438886,-0.053596994800001345,-0.1058773295866585,0.009289743194717948,0.164156433632112,0.298331439136687,-0.350267325505411,-0.24648025199809456,0.011203573795094695,1.028281865090031,1.2682671290507468,-0.881537232632545,1.725548732913612,0.5285375632735997,-0.8962169599916388,0.0,5.098132556523287
328,2.7824767473976095,-0.9054111225312704,0.5818187295139797,1.8478519830994287,-0.8852162023183026,1.2030978797769718,1.0298359617603603,0.028757805279513837,-0.2139750534131462,-0.3768137698593835,0.2764839401909949,0.18159352732407677,0.02213485459521945,-0.09611996479692186,-0.06672609671691286,0.03351178463589524,0.061809619124390265,0.018542495306207718,-0.05737723035858767,-0.008888089208162983,-0.0016040252087686688,0.009434638386241177,-0.05737723035858755,0.018542495306207708,0.06180961912439033,0.03351178463589523,-0.06672609671691282,-0.09611996479692185,0.022134854595219407,0.18159352732407671,0.2764839401909948,-0.3768137698593835,-0.21397505341314624,0.02875780527951387,1.0298359617603599,1.2030978797769718,-0.8852162023183026,1.8478519830994287,0.5818187295139801,-0.9054111225312702,0.0,5.366540805194337
329,3.0379124661483985,-0.9145527685961533,0.6349649090072966,1.9691906435489925,-0.8880737097944141,1.1361842535948172,1.029240017038497,0.046230321950232384,-0.1806757815094367,-0.4015905389473118,0.2530335213515345,0.19775687289663255,0.03479521418712539,-0.08542114980588901,-0.07909733311449574,0.02881922776550355,0.06385648744354241,0.024610365756725972,-0.05375142301040822,-0.01162285005128937,-0.0015898637068564496,0.009930785243201309,-0.05375142301040812,0.02461036575672598,0.06385648744354248,0.02881922776550354,-0.07909733311449568,-0.08542114980588894,0.034795214187125285,0.19775687289663255,0.2530335213515344,-0.4015905389473116,-0.18067578150943667,0.04623032195023237,1.0292400170384963,1.1361842535948166,-0.8880737097944142,1.969190643548992,0.6349649090072973,-0.9145527685961531,0.0,5.6277563310106355
330,3.2864796914514978,-0.923641367944264,0.6879637714012861,2.08950137475917,-0.8901071033534225,1.06762326886524,1.0264952751088228,0.06357147594884284,-0.14670601173621148,-0.4244812706854967,0.22811613678204185,0.2125330960939356,0.047165150423237975,-0.0738856745138498,-0.09057019324870075,0.023750968187859933,0.06495633529045794,0.0302662705669883,-0.04911704445207551,-0.01411466266905264,-0.0015388866050178882,0.010173449547271311,-0.04911704445207543,0.03026627056698831,0.06495633529045798,0.023750968187859933,-0.0905701932487007,-0.07388567451384977,0.0471651504232379,0.21253309609393561,0.22811613678204176,-0.42448127068549674,-0.14670601173621148,0.06357147594884277,1.0264952751088223,1.06762326886524,-0.8901071033534224,2.0895013747591693,0.6879637714012861,-0.9236413679442645,0.0,5.881388815260924
331,3.527971090649478,-0.9326763934104451,0.740803020522467,2.2087213738120046,-0.8913144960484303,0.9975143324616045,1.0216074663099346,0.08073199268173209,-0.11219180779758528,-0.4453784606114717,0.20187624540262433,0.22581855232695855,0.05914141581747131,-0.061626523518319265,-0.10101437000534617,0.01837307841746304,0.06509285142615279,0.0354155326212859,-0.043561052396131957,-0.01631144160472301,-0.0014522743519786217,0.010156437310182922,-0.0435610523961319,0.03541553262128591,0.06509285142615283,0.018373078417463044,-0.1010143700053461,-0.061626523518319216,0.05914141581747124,0.22581855232695855,0.2018762454026242,-0.44537846061147185,-0.11219180779758531,0.08073199268173202,1.0216074663099344,0.9975143324616051,-0.8913144960484303,2.208721373812005,0.7408030205224666,-0.9326763934104452,0.0,6.127058237377421
332,3.762179331084843,-0.9416573209369773,0.7934703972289546,2.326788407158222,-0.8916947674441487,0.925959095639215,1.0145867951711212,0.09766311083299978,-0.07726125382312744,-0.46418396676997975,0.17446597338695166,0.23752005366581389,0.07062404871512895,-0.04876376948262857,-0.11031123990979332,0.012755667471892431,0.06426401125484242,0.03997195575902474,-0.03718769735945003,-0.018167268383779953,-0.0013320325800723273,0.009880182768019387,-0.037187697359449996,0.03997195575902479,0.06426401125484245,0.012755667471892437,-0.11031123990979327,-0.048763769482628526,0.07062404871512887,0.23752005366581389,0.17446597338695163,-0.46418396676997964,-0.07726125382312744,0.09766311083299971,1.0145867951711207,0.9259590956392144,-0.8916947674441489,2.3267884071582228,0.7934703972289552,-0.9416573209369777,0.0,6.364399882920289
333,3.988897080100153,-0.9505836296039809,0.8459536822546838,2.4436408431035135,-0.8912475646566386,0.8530613066507147,1.0054479191078451,0.11431672091890668,-0.04204397904053611,-0.48080947062869483,0.14604423220842508,0.24755552248612656,0.08151720763750787,-0.03542339708021898,-0.1183552104355056,0.006971966893546452,0.06248210684960926,0.043859267656836294,-0.03011656654627617,-0.019643351331155506,-0.0011809456619152525,0.009351737297371798,-0.030116566546276164,0.04385926765683632,0.06248210684960928,0.006971966893546452,-0.11835521043550556,-0.03542339708021897,0.08151720763750778,0.24755552248612658,0.14604423220842502,-0.48080947062869483,-0.042043979040536215,0.11431672091890656,1.0054479191078447,0.8530613066507144,-0.8912475646566388,2.443640843103513,0.8459536822546835,-0.9505836296039812,0.0,6.593069355856028
334,4.207917005037957,-0.9594548016596277,0.8982406990443779,2.559217683980638,-0.8899733026807776,0.7789266603210393,0.9942099178207027,0.13064550199015268,-0.0066706767143686,-0.49517689185903635,0.11677579734846724,0.2558545671845966,0.09172997123684991,-0.02173606903355558,-0.12505491930895166,0.0010973760644939076,0.059773564655422065,0.0470123965904444,-0.02248033995951959,-0.020708836419569682,-0.0010025122342200833,0.008584589429477374,-0.022480339959519598,0.04701239659044446,0.05977356465542207,0.0010973760644939054,-0.12505491930895157,-0.021736069033555558,0.09172997123684984,0.2558545671845966,0.11677579734846716,-0.4951768918590364,-0.0066706767143687035,0.13064550199015265,0.9942099178207021,0.7789266603210396,-0.8899733026807776,2.5592176839806386,0.8982406990443773,-0.9594548016596277,0.0,6.812747510818384
335,4.419031773240775,-0.9682703225501739,0.9503193165786102,2.6734585979905794,-0.8878731640051554,0.7036626448000255,0.9808962534617551,0.14660305609354818,0.02872738086392987,-0.5072187550340912,0.08683035300813528,0.2623589759255196,0.10117709718469885,-0.007835846333733878,-0.130334272189318,-0.004791520739779715,0.05617855357305352,0.04937856070391149,-0.014422300843758147,-0.021341452200088793,-0.0008008641817887561,0.00759832055646532,-0.014422300843758179,0.049378560703911556,0.05617855357305351,-0.004791520739779711,-0.13033427218931795,-0.007835846333733873,0.10117709718469875,0.2623589759255196,0.08683035300813517,-0.5072187550340911,0.02872738086392963,0.146603056093548,0.9808962534617547,0.7036626448000256,-0.8878731640051555,2.67345859799058,0.95031931657861,-0.968270322550174,0.0,7.0231452211501
336,4.622034052051145,-0.9770296809498032,1.0021774521883022,2.786303950696101,-0.8849490975147477,0.6273783857148668,0.9655347216513891,0.1621440401110074,0.06401882953479682,-0.5168785065214744,0.05638150836135706,0.2670231249549892,0.10977973365949027,0.006141124824369164,-0.13413330693721312,-0.01061795274352375,0.05175038923618814,0.050918151552422436,-0.0060936471730598666,-0.02152797533415686,-0.0005806709577273592,0.006418105117782744,-0.006093647173059912,0.050918151552422505,0.05175038923618815,-0.010617952743523743,-0.13413330693721304,0.006141124824369211,0.10977973365949024,0.2670231249549892,0.056381508361356955,-0.5168785065214745,0.06401882953479682,0.1621440401110073,0.9655347216513889,0.6273783857148667,-0.8849490975147477,2.786303950696101,1.0021774521883018,-0.9770296809498035,0.0,7.224007900116812
337,4.816716508811605,-0.9857323687902892,1.0538030743580025,2.8976948361512687,-0.8812038166823918,0.550184487948389,0.9481573934479735,0.17722429460124586,0.09907270077025242,-0.5241107800828725,0.025605791053075762,0.2698142986187501,0.1174660774948393,0.020057946530541992,-0.1364088746561208,-0.01630596349519003,0.04655474331655932,0.051605397128526846,0.0023493453701625873,-0.021264506996252496,-0.0003470314554873097,0.005074068024504769,0.0023493453701625144,0.0516053971285269,0.04655474331655933,-0.01630596349519003,-0.13640887465612075,0.020057946530542013,0.11746607749483923,0.2698142986187501,0.025605791053075696,-0.5241107800828727,0.0990727007702526,0.17722429460124575,0.9481573934479732,0.5501844879483895,-0.8812038166823919,2.897694836151269,1.0538030743580018,-0.9857323687902892,0.0,7.415119695738211
338,5.0028718108647166,-0.9943778812904611,1.1051842055172942,3.007573107650717,-0.8766407970507408,0.47219287527254505,0.9288005483914642,0.19180096927808032,0.13375890770538706,-0.5288816099328961,-0.005318376222484934,0.27071291883900656,0.12417197349519404,0.03377831001038623,-0.13713512977143225,-0.02178140107593925,0.04066866958347643,0.0514287932731004,0.010748255692480977,-0.02055655436962687,-0.00010535593659251258,0.0036005157232254737,0.01074825569248088,0.051428793273100494,0.04066866958347643,-0.021781401075939254,-0.13713512977143225,0.03377831001038627,0.12417197349519396,0.2707129188390066,-0.0053183762224849685,-0.5288816099328961,0.13375890770538706,0.19180096927808013,0.928800548391464,0.4721928752725448,-0.876640797050741,3.007573107650718,1.1051842055172942,-0.9943778812904612,0.0,7.596307284147361
339,5.180292625552985,-1.0029657169854838,1.1563089248196945,3.1158814080825725,-0.8712642730070324,0.3935166280696416,0.907504598760748,0.20583264476878702,0.16794872789794943,-0.531168590256632,-0.03621171013013399,0.26971268244057117,0.12984144991657987,0.047167830706154226,-0.13630382358080734,-0.026972884783303792,0.034179461161717946,0.050391296249414116,0.01894548984245499,-0.019418915531646628,0.00013875925181277597,0.0020350605265664757,0.018945489842454883,0.05039129624941419,0.03417946116171794,-0.02697288478330379,-0.13630382358080734,0.047167830706154254,0.12984144991657978,0.26971268244057117,-0.03621171013013409,-0.531168590256632,0.16794872789794954,0.20583264476878693,0.9075045987607475,0.3935166280696413,-0.8712642730070322,3.115881408082572,1.1563089248196947,-1.0029657169854842,0.0,7.767443192192516
340,5.348771620218996,-1.0114953777559454,1.2071653709083876,3.2225631998691986,-0.8650792338536644,0.3142698193765995,0.8843140052028513,0.21927945030654325,0.20151528102448527,-0.5309609804367341,-0.0668951060916049,0.2668206053631102,0.1344271856429652,0.06009536451078223,-0.13392439794176336,-0.03181273568780705,0.02718335593517073,0.04851027325671451,0.026787238043458842,-0.01787537013494187,0.0003796612684985098,0.00041766056170164113,0.026787238043458717,0.04851027325671459,0.027183355935170725,-0.03181273568780704,-0.13392439794176333,0.06009536451078224,0.1344271856429652,0.2668206053631102,-0.066895106091605,-0.5309609804367342,0.20151528102448513,0.21927945030654317,0.884314005202851,0.3142698193765993,-0.8650792338536641,3.222563199869199,1.207165370908387,-1.0114953777559454,0.0,7.9284485870407515
341,5.508101462205246,-1.0199663688567473,1.2577417446681562,3.3275627944801616,-0.8580914191782267,0.23456734948995359,0.8592771839101693,0.2321031770225322,0.23433399974027186,-0.5282597554958602,-0.09719067664710146,0.2620569734493675,0.1378909051588935,0.07243429226322134,-0.13002387803239937,-0.03623785893131083,0.01978410929566273,0.04581721171169353,0.03412636072169425,-0.015958182349939124,0.0006117716778859015,-0.0012104001578597202,0.03412636072169411,0.0458172117116936,0.019784109295662714,-0.03623785893131082,-0.13002387803239934,0.0724342922632214,0.1378909051588935,0.26205697344936746,-0.09719067664710154,-0.5282597554958602,0.2343339997402718,0.23210317702253208,0.859277183910169,0.23456734948995317,-0.8580914191782267,3.3275627944801616,1.2577417446681565,-1.0199663688567477,0.0,8.079295478710351
342,5.658074818854287,-1.0283781989458034,1.3080263119628754,3.430825381501967,-0.8503073135272853,0.15452477937140788,0.832446405539493,0.24426738651579233,0.2662830919556595,-0.5230776015175562,-0.1269227827605809,0.255455200154553,0.1402036980216833,0.08406375992403398,-0.12464656540326627,-0.04019056626498222,0.012091455403766738,0.04235719216433606,0.040825149377060305,-0.013707426458591536,0.0008297156268137065,-0.0028075655036395417,0.040825149377060166,0.04235719216433614,0.01209145540376672,-0.04019056626498222,-0.12464656540326624,0.08406375992403403,0.1402036980216833,0.255455200154553,-0.12692278276058094,-0.5230776015175561,0.26628309195565947,0.24426738651579227,0.8324464055394928,0.15452477937140802,-0.8503073135272852,3.4308253815019674,1.3080263119628759,-1.0283781989458036,0.0,8.22000829061089
343,5.798484357508667,-1.0367303801125372,1.3580074063579293,3.5322970572494206,-0.8417341403888545,0.07425816309548902,0.8038776860838767,0.25573751439231335,0.2972439928132864,-0.5154388560670968,-0.1559190520897655,0.24706159217496243,0.14134626016667637,0.09486986228431406,-0.11785353480665411,-0.04361932810384003,0.004219479781770454,0.03818813367127932,0.04675791049295199,-0.011170149196176189,0.0010284463070583708,-0.00433306794927196,0.04675791049295183,0.0381881336712794,0.0042194797817704235,-0.04361932810384003,-0.11785353480665409,0.09486986228431407,0.14134626016667637,0.24706159217496237,-0.1559190520897656,-0.5154388560670968,0.2972439928132863,0.2557375143923133,0.8038776860838761,0.07425816309548902,-0.8417341403888544,3.532297057249421,1.3580074063579284,-1.0367303801125374,0.0,8.350664763152654
344,5.929122745510916,-1.0450224279061837,1.4076734318269177,3.6319248529036763,-0.8323798554891529,-0.006116120417767282,0.7736306699251759,0.26648096847917235,0.3271018046888562,-0.5053793938920856,-0.1840113783174467,0.23693502463977362,0.14130905503144298,0.10474675861405491,-0.10972194051823947,-0.046479445293699365,-0.003715072626007514,0.03337982425876938,0.051813324001488546,-0.00839938635042483,0.0012033618214978804,-0.0057479691585741715,0.05181332400148838,0.03337982425876944,-0.0037150726260075525,-0.04647944529369935,-0.10972194051823944,0.10474675861405493,0.141309055031443,0.23693502463977356,-0.18401137831744657,-0.5053793938920854,0.3271018046888559,0.26648096847917224,0.7736306699251754,-0.006116120417767833,-0.8323798554891529,3.6319248529036763,1.407673431826918,-1.0450224279061837,0.0,8.471396166129988
345,6.049782650203586,-1.053253861363887,1.457012865442033,3.729656762162275,-0.8222531394098549,-0.08648153614112496,0.7417685053114088,0.2764672214346379,0.3557457235826091,-0.49294645843961704,-0.21103689575044354,0.22514652814431704,0.14009239315409822,0.11359770932270986,-0.10034414002979206,-0.048733631833004845,-0.011594528833328387,0.02801275270479733,0.055896532050829596,-0.005453054173659979,0.0013504117477137953,-0.007016153883674226,0.05589653205082946,0.028012752704797406,-0.011594528833328425,-0.04873363183300485,-0.10034414002979207,0.11359770932270986,0.14009239315409822,0.22514652814431702,-0.21103689575044357,-0.4929464584396171,0.35574572358260903,0.27646722143463787,0.7417685053114087,-0.08648153614112496,-0.8222531394098549,3.729656762162276,1.457012865442033,-1.053253861363887,0.0,8.582386806707706
346,6.160256738929196,-1.0614242030386,1.5060142600474724,3.8254417683867437,-0.8113633895326903,-0.16672156190479476,0.7083577125189192,0.285667897491092,0.38306945031912487,-0.4781984399812642,-0.2368389235359632,0.21177879052148538,0.13770642958135004,0.1213360234783385,-0.08982664506591477,-0.05035250095288265,-0.019302032955423654,0.022176761195817782,0.058930918881745266,-0.002392738780347257,0.0014661909313967148,-0.008105251804020218,0.05893091888174511,0.02217676119581786,-0.01930203295542368,-0.05035250095288265,-0.08982664506591477,0.1213360234783385,0.13770642958135001,0.21177879052148538,-0.23683892353596328,-0.47819843998126427,0.38306945031912487,0.28566789749109195,0.7083577125189189,-0.16672156190479462,-0.81136338953269,3.825441768386744,1.5060142600474722,-1.0614242030385999,0.0,8.683872831256139
347,6.260337679030296,-1.0695329790267762,1.5546662469152734,3.9192298712335827,-0.799720711318871,-0.24671985734244173,0.6734680449745797,0.29405685308428936,0.4089715850294729,-0.4612046013879108,-0.26126787402125273,0.19692557684599657,0.13417107910791334,0.12788590790483118,-0.07828891183901955,-0.05131494821861393,-0.02672327923440262,0.015969541411925647,0.06085954841651462,0.0007175911651516979,0.001548018337632836,-0.008987463776398802,0.060859548416514454,0.015969541411925702,-0.026723279234402667,-0.05131494821861393,-0.07828891183901956,0.12788590790483118,0.13417107910791334,0.19692557684599657,-0.2612678740212529,-0.46120460138791075,0.40897158502947273,0.29405685308428925,0.6734680449745793,-0.24671985734244192,-0.7997207113188708,3.919229871233583,1.554666246915273,-1.0695329790267762,0.0,8.776140330796569
348,6.3498181378494465,-1.0775797189958567,1.6029575383829515,4.010972112754745,-0.787335908931433,-0.3263604325735943,0.6371723436279838,0.30161025113985046,0.43335600345176173,-0.4420447528423027,-0.28418211999031684,0.18069107173976487,0.12951585005475663,0.13318320954070034,-0.06586198428265123,-0.05160842665821646,-0.03374820724512967,0.009494999215299381,0.06164623258578284,0.0038129215624038296,0.0015939991341557156,-0.009640271405993033,0.06164623258578269,0.009494999215299452,-0.03374820724512971,-0.051608426658216446,-0.06586198428265125,0.13318320954070037,0.12951585005475666,0.18069107173976484,-0.28418211999031695,-0.4420447528423027,0.43335600345176184,0.3016102511398504,0.6371723436279835,-0.32636043257359443,-0.787335908931433,4.010972112754744,1.6029575383829513,-1.0775797189958565,0.0,8.859522771238757
349,6.4284907827291455,-1.085563956211553,1.650876930472334,4.100620602953972,-0.7742204752091972,-0.40552781637788177,0.5995463848776565,0.30830662880590193,0.45613221365362017,-0.42080887701700814,-0.30544881574987887,0.16318914859163455,0.12377959797357545,0.1371760437883815,-0.05268700567312225,-0.0512291103314126,-0.040272634140904554,0.002861515316236587,0.06127621034769896,0.00682855184110096,0.0016030685689354916,-0.010047011826731065,0.061276210347698826,0.002861515316236641,-0.04027263414090459,-0.0512291103314126,-0.05268700567312228,0.13717604378838144,0.12377959797357545,0.16318914859163455,-0.30544881574987903,-0.42080887701700814,0.45613221365361994,0.30830662880590193,0.5995463848776562,-0.40552781637788127,-0.7742204752091972,4.100620602953972,1.6508769304723332,-1.0855639562115527,0.0,8.93439778072341
350,6.496148281011966,-1.093485227564918,1.6984133054889712,4.188128544785665,-0.7603865810016556,-0.4841072236172643,0.5606687223687784,0.31412695843940464,0.47721569185278784,-0.39759670647810297,-0.3249446673043304,0.1445425708173755,0.11701020133323432,0.13982530269965415,-0.0389136155442482,-0.05018194420661183,-0.046199799732006976,-0.0038198689676075047,0.05975642465847784,0.009701447373649356,0.0015750166260563511,-0.010197303019700264,0.059756424658477685,-0.0038198689676074747,-0.046199799732006996,-0.05018194420661183,-0.03891361554424825,0.13982530269965412,0.11701020133323434,0.14454257081737545,-0.3249446673043305,-0.397596706478103,0.47721569185278756,0.31412695843940447,0.5606687223687783,-0.4841072236172643,-0.7603865810016555,4.188128544785666,1.6984133054889703,-1.093485227564918,0.0,9.00118333703521
351,6.552583300040418,-1.101343073599206,1.7455556346015357,4.2734502585832175,-0.7458470638746747,-0.5619847216635111,0.5206205229927083,0.31905470167287675,0.4965281960895708,-0.3725172552992745,-0.342556647154566,0.12488213076252634,0.10926416189510794,0.1411050380197455,-0.024698250102798754,-0.048480579695685075,-0.051441801482894636,-0.010437310489263944,0.057115392197416556,0.01237155706516212,0.001510492888939655,-0.01008730881340584,0.05711539219741645,-0.01043731048926391,-0.051441801482894685,-0.04848057969568507,-0.02469825010279879,0.1411050380197455,0.10926416189510796,0.12488213076252631,-0.3425566471545661,-0.3725172552992745,0.49652819608957066,0.3190547016728768,0.5206205229927082,-0.5619847216635114,-0.7458470638746747,4.2734502585832175,1.7455556346015355,-1.1013430735992056,0.0,9.060333408046354
352,6.597588507157067,-1.1091370385365253,1.7922929804006036,4.356541205904064,-0.7306154161975031,-0.6390473955896174,0.47948539743069934,0.3230758564078839,0.5139980565871036,-0.3456883070860785,-0.3581826495766473,0.10434573228806525,0.10060613311284741,0.14100271533837724,-0.010202365448303172,-0.046147196686933956,-0.05592089814640014,-0.016880036472729534,0.05340266829079539,0.014783068579747845,0.001410991498297714,-0.009719836801762263,0.053402668290795284,-0.016880036472729506,-0.05592089814640018,-0.046147196686933956,-0.010202365448303224,0.14100271533837724,0.10060613311284748,0.10434573228806522,-0.35818264957664736,-0.34568830708607867,0.5139980565871038,0.32307585640788383,0.47948539743069896,-0.6390473955896175,-0.7306154161975031,4.3565412059040645,1.792292980400603,-1.1091370385365253,0.0,9.112333107315687
353,6.630956569704436,-1.1168666703042736,1.8386144994362197,4.437358012779028,-0.7147057726221326,-0.7151835118856548,0.43734922559558687,0.3261789966017623,0.529560441721876,-0.31723586181480234,-0.3717320825813065,0.08307742347390855,0.09110838049285198,0.13951933685846504,0.0044093962223718626,-0.04321221439632697,-0.05957066270144415,-0.023040198795753367,0.04868791707462685,0.016885574965555133,0.001278816553138633,-0.009104266680467902,0.04868791707462676,-0.023040198795753367,-0.059570662701444184,-0.04321221439632697,0.0044093962223718365,0.13951933685846507,0.09110838049285204,0.08307742347390856,-0.3717320825813066,-0.31723586181480234,0.5295604417218758,0.32617899660176225,0.43734922559558675,-0.7151835118856553,-0.7147057726221326,4.437358012779029,1.8386144994362195,-1.1168666703042736,0.0,9.157693435148234
354,6.652480155025066,-1.1245315205613582,1.8845094447336708,4.515858492353786,-0.6981328969666364,-0.7902826804616796,0.39429997733588895,0.32835530473452534,0.5431575986174902,-0.28729354408380847,-0.38312639312239793,0.06122638622512883,0.08085017841962633,0.13666943158000855,0.018971076597685536,-0.03971389480649909,-0.062336967495679206,-0.02881467931533137,0.04305960434336521,0.018635128293032082,0.0011170287560121179,-0.008256310830971685,0.04305960434336515,-0.028814679315331385,-0.06233696749567925,-0.03971389480649907,0.018971076597685467,0.13666943158000858,0.0808501784196264,0.0612263862251288,-0.383126393122398,-0.28729354408380836,0.5431575986174902,0.32835530473452534,0.39429997733588884,-0.7902826804616796,-0.6981328969666364,4.515858492353787,1.8845094447336708,-1.1245315205613584,0.0,9.196945682473643
355,6.6679159274655575,-1.1321311447242028,1.9299671682868735,4.592001666910649,-0.6809121685146519,-0.8642360147028076,0.35042752877663685,0.32959859686369547,0.5547390674687985,-0.25600197555646215,-0.39229952250938976,0.03894588986807762,0.06991714848050967,0.1324809129953167,0.033317286182328945,-0.03569784386329399,-0.06417878698295544,-0.03410681601563212,0.0366233376114644,0.019995158282581776,0.000929374538002977,-0.007197613263108139,0.036623337611464364,-0.034106816015632146,-0.06417878698295548,-0.03569784386329399,0.03331728618232889,0.13248091299531667,0.06991714848050974,0.03894588986807762,-0.39229952250938976,-0.2560019755564622,0.5547390674687985,0.32959859686369547,0.3504275287766365,-0.8642360147028075,-0.6809121685146516,4.592001666910649,1.9299671682868726,-1.1321311447242026,0.0,9.230635580707382
356,6.683155655578947,-1.139665101992534,1.974977123528793,4.665747789259185,-0.6630595677437264,-0.9369362893443977,0.305823474680377,0.32990534019587225,0.5642618688010433,-0.22350811454291067,-0.3991982893836381,0.01639221607618512,0.05840054481254606,0.12699480568937563,0.04728508276759805,-0.031216416932514753,-0.06506880615064932,-0.03882802108347104,0.02949988453423661,0.020937236719872635,0.0007201993046858648,-0.005955197153360143,0.029499884534236572,-0.03882802108347109,-0.06506880615064935,-0.03121641693251474,0.047285082767598,0.12699480568937563,0.058400544812546126,0.0163922160761851,-0.39919828938363805,-0.22350811454291072,0.5642618688010435,0.32990534019587225,0.30582347468037707,-0.9369362893443979,-0.6630595677437263,4.665747789259185,1.9749771235287936,-1.139665101992534,0.0,9.259317285213937
357,6.698194663017428,-1.1471329553749485,2.019528867778343,4.737058363484486,-0.6445916614957674,-1.0082780959384354,0.2605809372200842,0.32927466312510356,0.5716906629690783,-0.18996456582231383,-0.40378269803813177,-0.006276437333690823,0.046396492436452504,0.12026484352318324,0.06071582210583229,-0.026328036267663227,-0.06499382561360459,-0.04289926382553062,0.02182290686960737,0.021441671680507247,0.0004943468119570198,-0.00456077508029407,0.021822906869607375,-0.04289926382553065,-0.06499382561360462,-0.026328036267663227,0.06071582210583223,0.1202648435231832,0.04639649243645259,-0.0062764373336908754,-0.40378269803813177,-0.18996456582231372,0.5716906629690782,0.3292746631251035,0.2605809372200842,-1.0082780959384352,-0.6445916614957671,4.737058363484487,2.019528867778343,-1.1471329553749483,0.0,9.283547283016338
358,6.713028273433208,-1.154534271714261,2.0636120646631664,4.805896165042263,-0.6255255876033562,-1.0781579956857033,0.21479437156322156,0.3277083577095401,0.5769978813047556,-0.1555288639468946,-0.40602617029321836,-0.02890106604528493,0.03400518493504295,0.11235694333565498,0.07345695976922381,-0.021096429386520524,-0.06395495736695984,-0.04625239360400852,0.01373645249984458,0.021497919143186474,0.0002570470018415435,-0.003049939563356367,0.013736452499844601,-0.04625239360400856,-0.06395495736695987,-0.02109642938652051,0.07345695976922376,0.11235694333565491,0.03400518493504299,-0.028901066045284966,-0.40602617029321836,-0.15552886394689464,0.5769978813047556,0.3277083577095401,0.21479437156322134,-1.0781579956857033,-0.6255255876033559,4.805896165042263,2.063612064663166,-1.154534271714261,0.0,9.303878316934684
359,6.727651810478466,-1.161868621712628,2.107216486517762,4.872225260190281,-0.6058790389861973,-1.1464746694121521,0.16855936867283902,0.32521087457933207,0.5801638284257872,-0.12036273339370851,-0.4059156995840088,-0.051322974543958684,0.02133004817280181,0.1033485593189465,0.08536378372773928,-0.015589798285493887,-0.06196760829475951,-0.048831280645389524,0.005392252572009804,0.021104803387568163,1.379489560077533e-05,-0.0014612545664684773,0.005392252572009852,-0.04883128064538958,-0.06196760829475953,-0.015589798285493887,0.08536378372773921,0.1033485593189464,0.021330048172801905,-0.05132297454395873,-0.40591569958400875,-0.12036273339370845,0.580163828425787,0.32521087457933207,0.16855936867283894,-1.1464746694121526,-0.6058790389861971,4.87222526019028,2.107216486517762,-1.161868621712628,0.0,9.320853418355105
360,6.742060597805417,-1.1691355799564473,2.150332016756387,4.936011024745987,-0.5856702472324579,-1.2131290644720183,0.12197245573741508,0.32178931029023955,0.5811767553264012,-0.08463132903877194,-0.4034519263661383,-0.07338488925171288,0.008476877036745219,0.09332792439078509,0.09630105796778177,-0.009879930322292117,-0.05906125167892376,-0.05059275562575325,-0.0030531255274419693,0.02027054156992366,-0.0002297766514544939,0.0001647288442769062,-0.0030531255274418895,-0.05059275562575333,-0.05906125167892377,-0.009879930322292119,0.09630105796778174,0.09332792439078509,0.00847687703674534,-0.0733848892517129,-0.40345192636613825,-0.0846313290387719,0.581176755326401,0.3217893102902395,0.12197245573741494,-1.213129064472018,-0.5856702472324576,4.936011024745988,2.150332016756387,-1.1691355799564473,0.0,9.335000139322318
361,6.756249959066269,-1.1763347249410359,2.1929486522201898,4.997220162160538,-0.5649179656802312,-1.2780245383646869,0.07513089464609024,0.3174533871588905,0.5800329029785581,-0.04850246052060094,-0.39864913440271416,-0.0949320616883365,-0.004447047596111754,0.08239318599421426,0.10614455848360534,-0.0040412623579331826,-0.0552789900972016,-0.05150733230441347,-0.011441215943414799,0.019012571962896116,-0.0004680273868981255,0.001786507563554354,-0.011441215943414705,-0.05150733230441355,-0.05527899009720163,-0.0040412623579331956,0.10614455848360528,0.08239318599421426,-0.004447047596111684,-0.09493206168833651,-0.39864913440271416,-0.048502460520600976,0.580032902978558,0.31745338715889043,0.07513089464608977,-1.2780245383646869,-0.564917965680231,4.997220162160538,2.1929486522201898,-1.1763347249410356,0.0,9.346825071630361
362,6.770215217913197,-1.1834656390950746,2.235056505498022,5.055820720899797,-0.5436414520148317,-1.3410669988570831,0.028132478930029223,0.3122154256369831,0.5767365162819114,-0.012145804135872958,-0.39153516795397947,-0.11581335392080863,-0.017333854294321466,0.07065144478918864,0.11478248419590982,0.0018500896415756505,-0.05067691619252795,-0.051559701109350306,-0.019614627745066292,0.017357189449602798,-0.0006954402694136707,0.0033626858104746638,-0.01961462774506618,-0.05155970110935039,-0.05067691619252795,0.0018500896415756484,0.11478248419590979,0.07065144478918864,-0.01733385429432135,-0.11581335392080866,-0.39153516795397947,-0.012145804135872984,0.576736516281911,0.31221542563698307,0.028132478930029018,-1.3410669988570831,-0.5436414520148315,5.055820720899798,2.235056505498022,-1.1834656390950746,0.0,9.356808736099666
363,6.7839516979984165,-1.1905279088048326,2.276645807220402,5.111782111123231,-0.5218604503980621,-1.402165040408412,-0.018924670406152293,0.30609030930293296,0.5712998283107479,0.02426789403151992,-0.38215127034978735,-0.1358822986873063,-0.03007598143671884,0.05821770565158799,0.12211672677260363,0.007717322893259096,-0.045323280793862386,-0.05074898541205409,-0.02741999814923298,0.015338995891216045,-0.0009067492238874694,0.0048530317528055564,-0.027419998149232856,-0.05074898541205419,-0.045323280793862386,0.007717322893259094,0.1221167267726036,0.058217705651588014,-0.03007598143671873,-0.13588229868730634,-0.38215127034978735,0.02426789403151992,0.5712998283107479,0.30609030930293296,-0.018924670406152568,-1.402165040408412,-0.5218604503980621,5.11178211112323,2.276645807220402,-1.1905279088048324,0.0,9.365400919339862
364,6.797454722974137,-1.1975211244381547,2.3177069083260897,5.165075120651979,-0.499595173146043,-1.4612300766994546,-0.06594230973664583,0.299095442570438,0.5637430149163721,0.060567620005586235,-0.3705518448807607,-0.1549981267598094,-0.042567074991259675,0.04521375125412445,0.12806398492929055,0.01348394903890462,-0.03929748072565305,-0.04908875620186341,-0.03471087016122841,0.013000176856790422,-0.0010970610850153438,0.006219504421489715,-0.03471087016122827,-0.049088756201863516,-0.03929748072565305,0.013483949038904623,0.1280639849292905,0.04521375125412444,-0.04256707499125959,-0.15499812675980942,-0.37055184488076065,0.06056762000558625,0.563743014916372,0.29909544257043796,-0.06594230973664604,-1.4612300766994544,-0.4995951731460429,5.165075120651978,2.317706908326089,-1.1975211244381543,0.0,9.373016528097088
365,6.810719616492538,-1.2044448803682242,2.3582302823007453,5.215671930217788,-0.47686628197260456,-1.518176469074262,-0.11282227792270967,0.29125070123413394,0.5540941198533972,0.09658289507148358,-0.3568041393943794,-0.17302675433909284,-0.05470287621453959,0.03176694926189234,0.13255671055341384,0.019074791287785674,-0.03268888131716649,-0.04660680491415588,-0.04135044063805884,0.01038961983359038,-0.0012619689056418211,0.007427224703543623,-0.041350440638058684,-0.04660680491415598,-0.03268888131716647,0.019074791287785667,0.13255671055341378,0.03176694926189234,-0.05470287621453947,-0.1730267543390929,-0.3568041393943794,0.09658289507148356,0.554094119853397,0.2912507012341339,-0.11282227792270974,-1.5181764690742618,-0.47686628197260433,5.2156719302177885,2.358230282300745,-1.2044448803682244,0.0,9.380032022882384
366,6.823741702205817,-1.211298774997087,2.398206527387164,5.263546127984844,-0.45369486881564486,-1.5729216507080204,-0.15946670124871562,0.2825783759928621,0.5423889507078141,0.13214457641495747,-0.3409878564245504,-0.18984172355623907,-0.06638209186267878,0.018009004825524262,0.13554387590611497,0.024416964461096813,-0.02559549107440109,-0.04334467821513838,-0.047214127210445954,0.007561892349648808,-0.0013976540060129537,0.008445365628815874,-0.04721412721044582,-0.04334467821513847,-0.025595491074401084,0.024416964461096813,0.1355438759061149,0.018009004825524255,-0.0663820918626787,-0.1898417235562391,-0.34098785642455026,0.13214457641495755,0.542388950707814,0.2825783759928621,-0.15946670124871576,-1.572921650708021,-0.45369486881564497,5.263546127984844,2.398206527387164,-1.2112987749970865,0.0,9.386782483107364
367,6.836516303766188,-1.218082410778949,2.4376263687665576,5.308672723336892,-0.4301024362642523,-1.6253862463210516,-0.2057781977581292,0.2731031091110287,0.5286709460130492,0.16708565148783064,-0.32319469111494187,-0.2053250894837284,-0.07750723965023058,0.004074670590700113,0.136991553188036,0.029440825161723003,-0.018122508169796332,-0.039356982530714575,-0.05219190589891067,0.004576101368490355,-0.0015009744008442874,0.009247939226101806,-0.05219190589891051,-0.039356982530714665,-0.018122508169796325,0.029440825161723003,0.136991553188036,0.004074670590700084,-0.07750723965023047,-0.20532508948372843,-0.3231946911149418,0.16708565148783067,0.5286709460130491,0.2731031091110287,-0.20577819775812956,-1.6253862463210518,-0.4301024362642525,5.308672723336892,2.4376263687665567,-1.2180824107789485,0.0,9.393559345563975
368,6.849038744825849,-1.2247953942432326,2.4764806607103873,5.351028159922504,-0.40611087760474934,-1.6754941872653812,-0.25166008056281824,0.26285182439803056,0.512991014047152,0.20124202236887132,-0.3035277996149786,-0.2193682474343627,-0.08798546190036685,-0.009899573141135752,0.13688329988644107,0.034080879682426846,-0.010380760305950008,-0.034710469961280625,-0.05619037556178033,0.0014946577976787203,-0.0015695375565469762,0.00981445986417085,-0.05619037556178017,-0.03471046996128072,-0.010380760305949985,0.034080879682426846,0.13688329988644105,-0.009899573141135784,-0.08798546190036671,-0.21936824743436273,-0.3035277996149786,0.20124202236887126,0.5129910140471517,0.26285182439803056,-0.25166008056281836,-1.6754941872653817,-0.40611087760474934,5.351028159922505,2.4764806607103873,-1.2247953942432328,0.0,9.400608846944854
369,6.861304349036988,-1.2314373360174002,2.514760388702256,5.390590327951619,-0.38174245650417865,-1.7231728218170086,-0.2970165597012303,0.2518536507047091,0.49540734390934427,0.2344532764363522,-0.2821012010304796,-0.23187269474511324,-0.09772930059508912,-0.023776855173639377,0.13522034552693812,0.038276637816482155,-0.0024850610908677294,-0.02948292088379421,-0.05913451043860466,-0.0016180280637818312,-0.0016017557938129443,0.010130467145976254,-0.059134510438604515,-0.029482920883794287,-0.002485061090867695,0.03827663781648214,0.13522034552693815,-0.023776855173639373,-0.09772930059508901,-0.23187269474511318,-0.2821012010304795,0.23445327643635225,0.4954073439093441,0.2518536507047091,-0.2970165597012304,-1.7231728218170086,-0.3817424565041786,5.390590327951619,2.514760388702256,-1.2314373360174,0.0,9.408131189388975
370,6.873308440051818,-1.238007850849538,2.5524566715293413,5.427338575736995,-0.3570197863500838,-1.7683530205139544,-0.34175294212401325,0.2401398391542171,0.47598518957703895,0.26656343973290075,-0.259039116396139,-0.24275072170252807,-0.10665742735639666,-0.03742125400506493,0.1320215777087019,0.041973401440026384,0.005447492699560428,-0.02376184194581853,-0.06096906790492328,-0.0046968928706001235,-0.0015968830526318892,0.010187895009211544,-0.060969067904923145,-0.023761841945818606,0.0054474926995604495,0.04197340144002639,0.13202157770870193,-0.03742125400506495,-0.10665742735639659,-0.24275072170252807,-0.2590391163961389,0.26656343973290086,0.47598518957703895,0.24013983915421713,-0.3417529421240135,-1.7683530205139544,-0.3570197863500836,5.427338575736996,2.552456671529341,-1.2380078508495376,0.0,9.416280435946625
371,6.8850463415225285,-1.2445065576307026,2.5895607633429156,5.46125372047451,-0.33196580926575603,-1.8109692763873786,-0.385775829389554,0.22774367434248516,0.4547966277447019,0.2974217094845213,-0.2344752485021682,-0.25192602676335263,-0.11469532226551492,-0.050699129115947525,0.127323327581808,0.04512297758575538,0.013299257719491217,-0.017643001246492634,-0.06165962502381153,-0.007677580226741723,-0.0015550321683928405,0.00998527761194948,-0.061659625023811386,-0.017643001246492696,0.01329925771949127,0.04512297758575536,0.12732332758180806,-0.05069912911594755,-0.11469532226551485,-0.25192602676335263,-0.23447524850216814,0.2974217094845212,0.4547966277447019,0.22774367434248513,-0.38577582938955374,-1.8109692763873781,-0.3319658092657559,5.46125372047451,2.589560763342915,-1.2445065576307026,0.0,9.425165130587837
372,6.896513377101318,-1.2509330794170261,2.626064055687453,5.492318058256702,-0.3066037748204219,-1.8509597999404193,-0.4289933126566976,0.21470037976060863,0.43192029034323165,0.3268831623335755,-0.20855200675031366,-0.25933425175503266,-0.12177589585432154,-0.06348042991562852,0.12117895720319591,0.04768430671195357,0.02095378875693835,-0.011228825224791005,-0.06119322444474596,-0.010497785903868373,-0.0014771722590170779,0.009527786748147951,-0.06119322444474585,-0.011228825224791059,0.0209537887569384,0.04768430671195356,0.12117895720319591,-0.06348042991562858,-0.12177589585432144,-0.25933425175503266,-0.20855200675031355,0.3268831623335755,0.43192029034323154,0.2147003797606086,-0.4289933126566975,-1.8509597999404181,-0.3066037748204217,5.492318058256702,2.626064055687453,-1.250933079417026,0.0,9.434849625133786
373,6.907704870440387,-1.25728704345158,2.661958079497866,5.520515373314304,-0.2809572184541264,-1.888266608737056,-0.4713151645675527,0.2010470177078988,0.4074410727324922,0.35480943495956113,-0.18141968153316143,-0.26492343330205403,-0.12784004907742627,-0.07563996952710367,0.11365825345801318,0.04962399797641294,0.028297565668717557,-0.004626684090389322,-0.05957861753039014,-0.013098560164059223,-0.001365106283627147,0.008827099837994831,-0.05957861753039002,-0.0046266840903893755,0.028297565668717595,0.04962399797641293,0.11365825345801318,-0.0756399695271037,-0.12784004907742624,-0.264923433302054,-0.1814196815331613,0.3548094349595612,0.4074410727324921,0.20104701770789873,-0.47131516456755296,-1.8882666087370557,-0.2809572184541261,5.520515373314304,2.6619580794978654,-1.2572870434515795,0.0,9.445356083479158
374,6.918616145191948,-1.2635680811859962,2.697234507064391,5.54583094648099,-0.2550499396373347,-1.9228356114711,-0.5126530276197787,0.1868223839799902,0.38144981864991395,0.3810693738912093,-0.15323557292327505,-0.2686543673116857,-0.13283716659101716,-0.08705865093406544,0.1048466354300966,0.05091676453712575,0.03522167693530405,0.002052905501804505,-0.056846100149361665,-0.01542553996483371,-0.001221429292413525,0.007901101862628329,-0.05684610014936157,0.002052905501804492,0.03522167693530409,0.05091676453712576,0.1048466354300966,-0.08705865093406552,-0.13283716659101708,-0.2686543673116857,-0.15323557292327492,0.3810693738912091,0.38144981864991373,0.1868223839799902,-0.5126530276197786,-1.9228356114710996,-0.2550499396373346,5.54583094648099,2.6972345070643904,-1.2635680811859955,0.0,9.456667121899802
375,6.929242525008188,-1.269775828301843,2.731885153964693,5.568251562876849,-0.22890597978551924,-1.9546166863934167,-0.5529205986350756,0.1720668976312488,0.3540429830843324,0.40553965145810994,-0.12416307872360739,-0.2705008839625224,-0.13672553922124653,-0.09762463348060195,0.0948441842241627,0.0515457532049415,0.04162343486772494,0.008698130447093217,-0.05304694421610299,-0.01743008529014074,-0.001049468334483836,0.0067734288513269635,-0.053046944216102905,0.00869813044709319,0.041623434867725,0.0515457532049415,0.09484418422416271,-0.09762463348060199,-0.1367255392212465,-0.2705008839625224,-0.12416307872360736,0.40553965145810994,0.35404298308433246,0.1720668976312488,-0.5529205986350755,-1.9546166863934167,-0.22890597978551924,5.568251562876849,2.731885153964693,-1.269775828301843,0.0,9.468729033305147
376,6.939579333541298,-1.2759099247317591,2.7659019809627154,5.587765518806643,-0.20254959994922628,-1.9835637539836697,-0.5920338089387603,0.15682248612471736,0.3253222743261638,0.42810534498909963,-0.09437074716622536,-0.2704500312669791,-0.13947271209596535,-0.10723442829823152,0.08376450625885015,0.051502764150661004,0.04740789851224136,0.015197752888376607,-0.0482524356442247,-0.01907029585499909,-0.0008532054152155141,0.005472864573624539,-0.04825243564422463,0.015197752888376584,0.047407898512241406,0.051502764150661004,0.08376450625885017,-0.1072344282982315,-0.13947271209596532,-0.2704500312669791,-0.09437074716622529,0.4281053449890997,0.3253222743261638,0.15682248612471733,-0.5920338089387603,-1.98356375398367,-0.20254959994922622,5.587765518806643,2.765901980962715,-1.2759099247317587,0.0,9.481455533192262
377,6.949621894443498,-1.2819700146803357,2.79927709587385,5.604362627869202,-0.17600525830032593,-2.00963484376122,-0.629910999874254,0.14113246619594383,0.29539427652228406,0.44866047653725316,-0.0640312997513436,-0.2685021659201772,-0.14105575553407065,-0.11579391193107696,0.07173344294116944,0.05078835780235008,0.05248928166745742,0.021442972284170917,-0.04255253676479838,-0.02031188693197995,-0.0006371852871461497,0.004032605835738913,-0.042552536764798324,0.02144297228417092,0.05248928166745747,0.05078835780235008,0.07173344294116947,-0.11579391193107702,-0.14105575553407063,-0.2685021659201772,-0.06403129975134357,0.448660476537253,0.29539427652228406,0.14113246619594383,-0.6299109998742539,-2.0096348437612197,-0.17600525830032593,5.604362627869203,2.79927709587385,-1.2819700146803357,0.0,9.49473195596877
378,6.95936553136697,-1.2879557466447547,2.832002755395988,5.618034226274787,-0.1492975874353381,-2.0327921551383104,-0.6664730932860491,0.12504142076921526,0.2643700541363344,0.4671085105967032,-0.033320629891771765,-0.26467095079798536,-0.1414614564314502,-0.12321924823119389,0.05888764137769441,0.049411847539302674,0.05679222513232838,0.02732924667714162,-0.03605419830747187,-0.021128905992448092,-0.00040641020963718457,0.0024894151345684536,-0.03605419830747185,0.027329246677141622,0.056792225132328435,0.049411847539302674,0.058887641377694436,-0.12321924823119393,-0.14146145643145017,-0.26467095079798536,-0.033320629891771716,0.46710851059670316,0.2643700541363346,0.12504142076921532,-0.6664730932860489,-2.032792155138311,-0.14929758743533805,5.618034226274788,2.832002755395988,-1.2879557466447544,0.0,9.508419822402827
379,6.968805567963928,-1.293866773435177,2.864071366906033,5.628773177367634,-0.12245137151689506,-2.0530021122273063,-0.701643756615233,0.10859507227593815,0.23236473978232355,0.483362807473804,-0.0024167831681495325,-0.2589832591217614,-0.14068642854609284,-0.1294377094945178,0.045373002356154254,0.04739117827789874,0.06025291431705691,0.032758042675993644,-0.028879352617750213,-0.021504275182869088,-0.00016622411430357374,0.0008826822976997381,-0.028879352617750206,0.03275804267599366,0.060252914317056955,0.04739117827789874,0.04537300235615432,-0.12943770949451774,-0.14068642854609284,-0.25898325912176134,-0.0024167831681494467,0.483362807473804,0.23236473978232355,0.10859507227593815,-0.701643756615233,-2.053002112227306,-0.12245137151689499,5.628773177367634,2.8640713669060323,-1.2938667734351768,0.0,9.522361692380436
380,6.977937327886558,-1.2997027521948827,2.8954754902214486,5.636573875351341,-0.09549152327455548,-2.070235412522518,-0.7353495622628916,0.0918401527351286,0.19949710696109488,0.49734703018341564,0.028501074893044365,-0.25147898596201324,-0.13873714076185403,-0.1343883887947875,0.03134302322503101,0.04475269253217606,0.06282002564220429,0.03763848485686726,-0.02116262576494776,-0.021430148296996916,7.781114147311156e-05,-0.0007465809390046845,-0.021162625764947776,0.0376384848568673,0.06282002564220432,0.04475269253217606,0.031343023225031075,-0.13438838879478754,-0.138737140761854,-0.2514789859620132,0.02850107489304443,0.4973470301834156,0.19949710696109496,0.09184015273512862,-0.7353495622628914,-2.070235412522518,-0.09549152327455548,5.636573875351343,2.895475490221447,-1.2997027521948827,0.0,9.536386212032076
381,6.98675613478707,-1.3054633444201516,2.926207839326442,5.641432248215122,-0.06844306088630873,-2.084467069386039,-0.7675201408886726,0.0748242709651765,0.1658891292852629,0.5089955029593541,0.05925369753438609,-0.24221076840314365,-0.13562986309496816,-0.1380227965384661,0.01695705449249977,0.04153078699887398,0.06445548769049166,0.04188887697405648,-0.01304881146994603,-0.020908074782281655,0.0003200445674187662,-0.0023567877529063305,-0.01304881146994607,0.04188887697405652,0.0644554876904917,0.04153078699887398,0.01695705449249981,-0.13802279653846614,-0.13562986309496816,-0.24221076840314365,0.05925369753438616,0.5089955029593543,0.16588912928526287,0.07482427096517656,-0.7675201408886723,-2.0844670693860397,-0.0684430608863088,5.641432248215122,2.926207839326442,-1.3054633444201516,0.0,9.550313260740168
382,6.99525731231765,-1.311148215979906,2.956261284062385,5.643345759859413,-0.04133108476222746,-2.0956764482759764,-0.798088328324471,0.05759577730419952,0.1316655278283557,0.5182535196952945,0.08966279595333883,-0.23124361633212298,-0.13139053089397323,-0.14030533539768197,0.0023784899460133515,0.03776746414388862,0.0651350458230671,0.04543806951571716,-0.004690154251013595,-0.01994896735233049,0.0005548668972422349,-0.0039068377351379035,-0.004690154251013648,0.0454380695157172,0.06513504582306714,0.03776746414388862,0.0023784899460133945,-0.14030533539768197,-0.13139053089397326,-0.23124361633212298,0.0896627959533389,0.5182535196952947,0.13166552782835558,0.05759577730419955,-0.798088328324471,-2.095676448275977,-0.04133108476222753,5.643345759859412,2.9562612840623843,-1.3111482159799057,0.0,9.563959101638375
383,7.003436184130509,-1.3167570371350834,2.985628851782064,5.642313411419746,-0.014180754251808663,-2.1038472966645667,-0.8269903057965095,0.04020362622338084,0.09695330827797737,0.5250776008675551,0.11955207293432592,-0.2186544564408416,-0.1260545283665226,-0.1412136489694442,-0.01222708915110384,0.03351178463589523,0.0648486218867251,0.04822665071234253,0.003756507234295846,-0.01857287388240732,0.0007768404793314523,-0.005357165975475174,0.003756507234295764,0.0482266507123426,0.06484862188672513,0.03351178463589523,-0.012227089151103796,-0.14121364896944422,-0.12605452836652262,-0.21865445644084164,0.11955207293432595,0.525077600867555,0.09695330827797734,0.04020362622338093,-0.8269903057965093,-2.103847296664567,-0.014180754251808732,5.642313411419746,2.9856288517820637,-1.3167570371350834,0.0,9.577141439018302
384,7.011288073877849,-1.3222894825577665,3.0143037289673935,5.6383357417881514,0.012982735703378073,-2.108967767602788,-0.8541657331630681,0.022697237223673665,0.061881289610640426,0.5294356977331487,0.14874824493454905,-0.20453159264063792,-0.11966639323990846,-0.14073884074617724,-0.026693794708102365,0.028819227765503556,0.06360046367745809,0.05020794106109911,0.012132683049923388,-0.016808558355956512,0.000980825193462797,-0.006670752953720481,0.01213268304992329,0.050207941061099166,0.06360046367745811,0.028819227765503545,-0.02669379470810229,-0.14073884074617726,-0.11966639323990852,-0.2045315926406379,0.1487482449345491,0.5294356977331487,0.06188128961064036,0.0226972372236737,-0.8541657331630678,-2.108967767602788,0.012982735703378006,5.638335741788152,3.014303728967394,-1.3222894825577667,0.0,9.589684287596729
385,7.018808305211849,-1.327745231350053,3.0422792628102115,5.631414827331861,0.04013417795007251,-2.111030436897301,-0.8795578748896943,0.00512635441113115,0.026579626037383213,0.5313073428441031,0.17708204669799127,-0.1889740866738067,-0.11227944502039267,-0.13888556125286117,-0.040857315940156215,0.023750968187859933,0.06140908194372858,0.05134877471816619,0.020281205826045375,-0.014692899621473951,0.0011620974777396356,-0.007814069460195585,0.020281205826045277,0.05134877471816626,0.06140908194372862,0.02375096818785994,-0.04085731594015614,-0.13888556125286117,-0.1122794450203927,-0.1889740866738067,0.17708204669799127,0.5313073428441032,0.026579626037383283,0.005126354411131167,-0.8795578748896942,-2.111030436897301,0.04013417795007261,5.631414827331859,3.04227926281021,-1.327745231350053,0.0,9.601422561864645
386,7.025992201784739,-1.333123967062668,3.0695489627557784,5.621554280809419,0.06724837651503718,-2.110032313874822,-0.9031137184988912,-0.01245909485012319,-0.008820676005743528,0.5306837461711659,0.20438921257334056,-0.17209106326665272,-0.10395533995413157,-0.13567196249730962,-0.054556785586895126,0.01837307841746305,0.058306975863731444,0.05163005467894803,0.028049179787685192,-0.012270120527292715,0.0013164597095186622,-0.008757932426318758,0.02804917978768506,0.05163005467894813,0.058306975863731465,0.01837307841746305,-0.0545567855868951,-0.13567196249730964,-0.10395533995413164,-0.1720910632666527,0.20438921257334058,0.5306837461711659,-0.008820676005743357,-0.012459094850123137,-0.9031137184988909,-2.1100323138748216,0.06724837651503728,5.621554280809419,3.069548962755778,-1.333123967062668,0.0,9.612206298706571
387,7.0328350872486896,-1.338425377713317,3.096106502008647,5.6087592494848195,0.09430016998639595,-2.105974845718312,-0.9247840852469869,-0.030009141805650067,-0.0441882440298439,0.5275678363854641,0.23051142884662965,-0.15400094469794143,-0.09476355640427933,-0.13112952017972385,-0.06763660701987553,0.012755667471892431,0.054340151067942426,0.051047072452710264,0.03529084963274756,-0.009590863547399919,0.0014403374074500573,-0.009478249820254438,0.03529084963274744,0.05104707245271033,0.054340151067942453,0.012755667471892431,-0.06763660701987548,-0.13112952017972382,-0.09476355640427937,-0.1540009446979414,0.23051142884662967,0.527567836385464,-0.044188244029843865,-0.03000914180565005,-0.9247840852469865,-2.1059748457183116,0.09430016998639613,5.608759249484821,3.0961065020086473,-1.338425377713317,0.0,9.621904433082435
388,7.03933228525592,-1.3436491558047863,3.1219457190005313,5.593036412440586,0.1212644548629007,-2.0988639153687005,-0.9445237327971204,-0.04747391829605869,-0.0793918270237863,0.5219742471042381,0.25529725156742566,-0.13483062015170025,-0.0847808149396451,-0.12530272540289714,-0.07994822148696348,0.006971966893546449,0.04956743735489547,0.04960958688044146,0.041870335428942154,-0.00671113222014322,0.0015308620037772448,-0.009956635594229515,0.04187033542894202,0.049609586880441536,0.049567437354895494,0.006971966893546445,-0.0799482214869634,-0.12530272540289708,-0.08478081493964516,-0.1348306201517002,0.2552972515674257,0.5219742471042381,-0.07939182702378624,-0.047473918296058674,-0.9445237327971203,-2.0988639153687005,0.12126445486290081,5.593036412440586,3.1219457190005304,-1.343649155804786,0.0,9.6304080547131
389,7.045479119458619,-1.3487949983427743,3.1470606188198325,5.57439397709126,0.14811620884945734,-2.0887098329951823,-0.962291449673994,-0.06480379845653199,-0.11430078253400242,0.5139292481652465,0.2786029845474612,-0.1147145556807618,-0.07409043797521922,-0.11824864890262447,-0.09135179542151926,0.001097376064493901,0.044059616218771205,0.04734166077656673,0.047664182213032556,-0.003691120526550708,0.0015859372701836072,-0.010180878987031875,0.04766418221303241,0.04734166077656681,0.044059616218771205,0.001097376064493901,-0.09135179542151921,-0.11824864890262443,-0.07409043797521932,-0.11471455568076173,0.27860298454746113,0.5139292481652463,-0.11430078253400225,-0.06480379845653193,-0.9622914496739936,-2.088709832995182,0.14811620884945756,5.57439397709126,3.147060618819832,-1.348794998342774,0.0,9.637633083283628
390,7.051270913508988,-1.353862606853468,3.1714453746025173,5.552841674899081,0.1748305140772961,-2.0755273210464598,-0.9780501413031812,-0.08194953972787596,-0.14878556148589542,0.5034706222526066,0.30029351244149516,-0.09379385102401733,-0.06278165430942229,-0.1100363820664774,-0.10171780865216552,-0.004791520739779717,0.03789837112795547,0.04428125812905239,0.05256367645270278,-0.0005939546773449312,0.0016042878589993352,-0.010145256202779899,0.05256367645270265,0.044281258129052474,0.03789837112795547,-0.00479152073977972,-0.10171780865216548,-0.11003638206647738,-0.06278165430942236,-0.09379385102401729,0.30029351244149505,0.5034706222526064,-0.1487855614858953,-0.08194953972787591,-0.9780501413031809,-2.0755273210464598,0.17483051407729613,5.552841674899082,3.1714453746025173,-1.353862606853468,0.0,9.643522310526809
391,7.056702991059231,-1.3588516874008567,3.195094328883994,5.528390756294106,0.20138258022723338,-2.0593354929045975,-0.9917669074553759,-0.09886242277841241,-0.1827181889476576,0.4906474874534872,0.3202430840806037,-0.07221524989312836,-0.05094885436285919,-0.10074636021590368,-0.11092852547447854,-0.010617952743523748,0.03117507612240984,0.040479608600577484,0.05647688590583365,0.0025156263913784665,0.0015854888357263721,-0.009850676510385572,0.0564768859058335,0.040479608600577574,0.031175076122409832,-0.010617952743523751,-0.11092852547447853,-0.10074636021590364,-0.050948854362859286,-0.07221524989312833,0.3202430840806037,0.4906474874534873,-0.18271818894765754,-0.09886242277841242,-0.9917669074553753,-2.0593354929045975,0.2013825802272334,5.5283907562941055,3.195094328883994,-1.3588516874008563,0.0,9.648046769499622
392,7.06177067576154,-1.3637619506037777,3.2180019949116914,5.501053984801409,0.22774776753457335,-2.0401578251724466,-1.0034131109338889,-0.11549438993913012,-0.21597273905235717,0.47552006657900214,0.33833604151651536,-0.05013011067082457,-0.0386908023348371,-0.09046957477978852,-0.11887933187637931,-0.01630596349519003,0.023989440695500446,0.03600034996871542,0.05933038460204734,0.00557262423268646,0.0015299755190130006,-0.009304659034533298,0.05933038460204719,0.0360003499687155,0.02398944069550041,-0.016305963495190038,-0.11887933187637928,-0.09046957477978851,-0.0386908023348372,-0.05013011067082455,0.33833604151651536,0.475520066579002,-0.21597273905235698,-0.11549438993913003,-1.0034131109338886,-2.0401578251724466,0.2277477675345734,5.50105398480141,3.2180019949116914,-1.3637619506037777,0.0,9.651206404218838
393,7.06646929126811,-1.3685931116527046,3.240163057918031,5.47084563037846,0.25390160965429587,-2.018022123634817,-1.0129644373619944,-0.13179818175873215,-0.24842580231583078,0.4581594043326675,0.3544674905503445,-0.027693344740599785,-0.026109811853498144,-0.07930668207586936,-0.12547992372920846,-0.021781401075939254,0.016448031057298394,0.03091846286026334,0.06107063057962401,0.008513139527805495,0.001439033400219197,-0.008521140830582967,0.061070630579623864,0.030918462860263424,0.01644803105729836,-0.021781401075939264,-0.12547992372920844,-0.07930668207586937,-0.026109811853498244,-0.027693344740599743,0.3544674905503445,0.4581594043326674,-0.24842580231583064,-0.1317981817587321,-1.0129644373619942,-2.018022123634817,0.253901609654296,5.470845630378462,3.240163057918032,-1.368593111652704,0.0,9.653030026361028
394,7.07079416123116,-1.3733448903262637,3.2615723763535005,5.437781461966113,0.27981983636531615,-1.9929604829427423,-1.0204009459452998,-0.14772747129056163,-0.2799569436161397,0.4386470336547231,0.3685439088583216,-0.005062329894660413,-0.013310892000124124,-0.06736701742907436,-0.1306553324491802,-0.02697288478330379,0.008662689709682838,0.025319015611752173,0.06166497052646008,0.011275707750440392,0.0013147683759998302,-0.007520121142271045,0.06166497052645996,0.02531901561175225,0.008662689709682814,-0.026972884783303792,-0.13065533244918015,-0.06736701742907432,-0.013310892000124223,-0.005062329894660345,0.36854390885832167,0.4386470336547231,-0.27995694361613954,-0.14772747129056155,-1.0204009459452996,-1.9929604829427425,0.2798198363653164,5.437781461966111,3.2615723763534987,-1.3733448903262635,0.0,9.653574559721205
395,7.07474060930288,-1.3780170110074934,3.2822249830795256,5.401878739257121,0.3054783960927437,-1.9650092400793109,-1.025707111103169,-0.16323699572983133,-0.3104491491350036,0.4170745928093005,0.380483688188903,0.017604193558211,-0.0004008708354465562,-0.05476752428303543,-0.13434677647989782,-0.031812735687807056,0.0007488767716598749,0.019295740266566174,0.061102252474368526,0.01380258393750792,0.0011600579832134173,-0.006327150922505334,0.06110225247436839,0.019295740266566223,0.0007488767716598373,-0.03181273568780706,-0.13434677647989776,-0.05476752428303541,-0.0004008708354466638,0.017604193558211034,0.380483688188903,0.4170745928093004,-0.3104491491350033,-0.16323699572983122,-1.0257071111031686,-1.9650092400793107,0.30547839609274374,5.401878739257121,3.2822249830795243,-1.3780170110074934,0.0,9.652923587313024
396,7.078303959135459,-1.3826092026998225,3.302116086520898,5.3631562036864855,0.33085347822724404,-1.9342089216745089,-1.0288718548822695,-0.17828268502711211,-0.3397892606025843,0.3935433950127571,0.3902176074878641,0.040147236241867175,0.012512496256422171,-0.041631608793629094,-0.13651232892491358,-0.03623785893131082,-0.007176042346210083,0.012949463545792917,0.059393035050358325,0.016040949711187552,0.0009784847653828447,-0.0049726806471971025,0.05939303505035822,0.012949463545792968,-0.007176042346210118,-0.036237858931310825,-0.13651232892491352,-0.04163160879362905,0.012512496256422081,0.04014723624186723,0.39021760748786405,0.393543395012757,-0.3397892606025842,-0.17828268502711206,-1.028871854882269,-1.9342089216745089,0.330853478227244,5.363156203686484,3.3021160865208983,-1.3826092026998222,0.0,9.651185230124026
397,7.081479534381111,-1.3871211990427963,3.3212410717774588,5.3216340686483035,0.35592153522078807,-1.9006041852454834,-1.0298885700845883,-0.19282178711262765,-0.36786839523411685,0.36816395262438506,0.39768923420842545,0.0624086749090361,0.025321425964097807,-0.02808793112326629,-0.1371273937474573,-0.0401905662649822,-0.014994537523716787,0.0063864190575940605,0.056569389358582724,0.017944017322344664,0.0007742533137043016,-0.003491283069133855,0.056569389358582634,0.006386419057594109,-0.014994537523716819,-0.04019056626498221,-0.1371273937474573,-0.028087931123266262,0.025321425964097706,0.062408674909036135,0.3976892342084253,0.36816395262438517,-0.36786839523411696,-0.19282178711262757,-1.0298885700845881,-1.900604185245484,0.35592153522078784,5.3216340686483035,3.3212410717774583,-1.3871211990427963,0.0,9.648489400346183
398,7.084262658692021,-1.3915527383275232,3.3395955016947845,5.277334008944267,0.38065930443828655,-1.8642437544474122,-1.0287551340616161,-0.2068129893755321,-0.3945823497999763,0.34105545813409166,0.40285525147980955,0.08423236156228919,0.037919006678132666,-0.014269145274640441,-0.1361849851287251,-0.04361932810384003,-0.0225906569556231,-0.00028353100210305824,0.05268429721036689,0.019472007637906352,0.000552092903640173,-0.001920770751042168,0.052684297210366805,-0.0002835310021030367,-0.022590656955623144,-0.04361932810384003,-0.13618498512872512,-0.014269145274640373,0.03791900667813252,0.08423236156228923,0.4028552514798095,0.34105545813409144,-0.3945823497999761,-0.20681298937553197,-1.028755134061616,-1.8642437544474124,0.38065930443828655,5.277334008944268,3.3395955016947845,-1.3915527383275228,0.0,9.644984485120577
399,7.086648655720401,-1.3959035635118526,3.3571751178936537,5.230279149469279,0.40504382974483205,-1.8251803484288613,-1.0254739131459103,-0.22021653605299,-0.41983198732965615,0.3123452243845493,0.4056857092374666,0.10546521872005112,0.05020009084443567,-0.00031059980667302596,-0.13369580681181598,-0.04647944529369935,-0.02985174676916581,-0.006948734889720977,0.04781065699369817,0.02059298162967388,0.00031714798168679776,-0.000301230902743424,0.04781065699369811,-0.006948734889720959,-0.02985174676916586,-0.046479445293699365,-0.13369580681181598,-0.00031059980667299153,0.05020009084443561,0.10546521872005113,0.40568570923746655,0.31234522438454915,-0.41983198732965604,-0.22021653605298996,-1.0254739131459099,-1.825180348428861,0.4050438297448321,5.23027914946928,3.3571751178936537,-1.3959035635118526,0.0,9.64083352920386
400,7.08863284911844,-1.4001734222352884,3.373975841758025,5.180494053140124,0.4290524828085127,-1.783470605394058,-1.02005175771078,-0.23299434119549897,-0.44352360501457705,0.28216808665677223,0.4061641978590324,0.12595831314514694,0.06206217259374646,0.013650987841460906,-0.12968813053013956,-0.04873363183300484,-0.03667012173173246,-0.013497620310311226,0.04203991583566422,0.0212835079842623,7.485903825480496e-05,0.0013259978418879736,0.04203991583566416,-0.013497620310311209,-0.03667012173173251,-0.04873363183300486,-0.12968813053013953,0.01365098784146094,0.06206217259374634,0.12595831314514694,0.4061641978590323,0.28216808665677223,-0.443523605014577,-0.23299434119549897,-1.0200517577107795,-1.7834706053940586,0.42905248280851277,5.180494053140124,3.373975841758023,-1.4001734222352884,0.0,9.636209996230592
401,7.09021056253834,-1.404362066833623,3.3899937753812974,5.128004708073476,0.4526629840990344,-1.739175000482913,-1.0124999878684116,-0.24511009688746616,-0.4655692819444189,0.2506657694271692,0.4042879432993674,0.14556790050445279,0.07340624332189871,0.027478870433851298,-0.12420747490108769,-0.05035250095288265,-0.042944662271366535,-0.01982056208390189,0.035480353723422106,0.02152915287935836,-0.00016916337477673502,0.002919380590472011,0.035480353723422065,-0.019820562083901906,-0.04294466227136659,-0.05035250095288265,-0.12420747490108769,0.027478870433851384,0.07340624332189864,0.14556790050445273,0.40428794329936735,0.2506657694271692,-0.4655692819444186,-0.24511009688746613,-1.0124999878684109,-1.7391750004829125,0.45266298409903466,5.128004708073477,3.3899937753812974,-1.4043620668336236,0.0,9.631293198170852
402,7.091377119632311,-1.4084692543533044,3.4052252024706777,5.0728385140199554,0.4758534235626614,-1.6923577580878448,-1.0028343698362883,-0.2565293764155319,-0.4858872053865066,0.2179862207700503,0.40006782317312584,0.1641564336321119,0.08413761807964901,0.04103761031321641,-0.11731608843205026,-0.05131494821861392,-0.048582314125567856,-0.025811717218080447,0.028255051779797865,0.021324781688681117,-0.00040926856452610865,0.0044382463671542175,0.028255051779797848,-0.025811717218080458,-0.04858231412556792,-0.05131494821861392,-0.11731608843205024,0.04103761031321648,0.08413761807964894,0.164156433632112,0.4000678231731258,0.21798622077005006,-0.48588720538650637,-0.2565293764155319,-1.0028343698362878,-1.692357758087844,0.47585342356266175,5.0728385140199554,3.4052252024706786,-1.4084692543533044,0.0,9.626263490946226
403,7.0921278440525395,-1.4124947465655273,3.4196665892093723,5.015024268061284,0.49860228095428877,-1.6430867587345532,-0.9910750830212497,-0.26721973209148914,-0.5044019743974093,0.18428291753151257,0.3935283036916175,0.18159352732407677,0.09416672587448481,0.05419440594955437,-0.10909224251071836,-0.05160842665821646,-0.053499468377920634,-0.03137079666858313,0.020499582816019102,0.020674666309215477,-0.0006398965470978849,0.005843826236231906,0.0204995828160191,-0.03137079666858315,-0.05349946837792071,-0.05160842665821645,-0.10909224251071832,0.05419440594955445,0.0941667258744848,0.18159352732407671,0.3935283036916174,0.1842829175315125,-0.5044019743974092,-0.2672197320914891,-0.9910750830212494,-1.6430867587345532,0.498602280954289,5.015024268061283,3.4196665892093723,-1.4124947465655266,0.0,9.621297340771434
404,7.09245805945124,-1.4164383099800528,3.4333145850764715,4.954592149578046,0.5208884458077829,-1.5914334406617474,-0.9772466778899079,-0.27715078745183636,-0.5210448796400338,0.1497141445378976,0.3847072978195709,0.19775687289663255,0.10340985728804421,0.06682039266915858,-0.09962934240979211,-0.05122911033141261,-0.057623201415984746,-0.03640474412947375,0.012359467495168327,0.01959239586729667,-0.0008557067970737123,0.007100242876347361,0.012359467495168355,-0.03640474412947378,-0.057623201415984815,-0.051229110331412614,-0.0996293424097921,0.06682039266915868,0.10340985728804414,0.19775687289663255,0.3847072978195707,0.14971414453789744,-0.5210448796400334,-0.2771507874518363,-0.9772466778899076,-1.5914334406617467,0.5208884458077833,4.954592149578045,3.4333145850764724,-1.4164383099800524,0.0,9.616562370463633
405,7.092363089480591,-1.4202997158587478,3.4461660236242975,4.891573704495868,0.5426912370260552,-1.537472696242526,-0.9613780247133782,-0.2862943235719813,-0.5357541583677926,0.11444225122395947,0.3736559454741391,0.2125330960939356,0.11178986316904642,0.07879190482396264,-0.08903486640317328,-0.05018194420661182,-0.060892356421315706,-0.040829293750775056,0.0039874438379366136,0.01810059267002383,-0.0010517019151237933,0.008175426346440473,0.003987443837936669,-0.040829293750775084,-0.060892356421315755,-0.05018194420661181,-0.08903486640317328,0.07879190482396266,0.11178986316904638,0.21253309609393561,0.37365594547413905,0.11444225122395937,-0.5357541583677926,-0.2862943235719812,-0.9613780247133779,-1.537472696242526,0.5426912370260552,4.891573704495869,3.4461660236242975,-1.4202997158587485,0.0,9.612212497567139
406,7.091838257792801,-1.4240787402288584,3.4582179232130406,4.826001828818262,0.5639904220726877,-1.481282763397599,-0.9435022532933324,-0.2946243592498343,-0.5484752236295927,0.07863288917193083,0.3604383170404417,0.22581855232695855,0.11923679856999268,0.08999168703885509,-0.07742914504301208,-0.048480579695685075,-0.06325845035262972,-0.044570380708111784,-0.004459398695369641,0.016230439339367377,-0.001223343350036141,0.00904193266860314,-0.004459398695369559,-0.04457038070811182,-0.06325845035262978,-0.04848057969568507,-0.0774291450430121,0.08999168703885511,0.11923679856999267,0.22581855232695855,0.36043831704044166,0.0786328891719308,-0.5484752236295928,-0.29462435924983427,-0.9435022532933319,-1.4812827633975996,0.5639904220726877,4.826001828818261,3.458217923213039,-1.4240787402288584,0.0,9.60838327657422
407,7.0908788880400815,-1.427775163895994,3.4694674877025307,4.757910751454706,0.5847662357473076,-1.4229451121577805,-0.9236566837952123,-0.3021172248309513,-0.5591608668450435,0.04245423414232057,0.3451310419225237,0.23752005366581389,0.12568850655292343,0.10031004267336212,-0.0649439944624043,-0.046147196686933956,-0.06468639297114455,-0.04756538101211023,-0.01282256677157595,0.014021027013114942,-0.001366656495452194,0.009677644333569156,-0.012822566771575856,-0.04756538101211031,-0.06468639297114459,-0.046147196686933956,-0.06494399446240433,0.10031004267336216,0.1256885065529234,0.23752005366581389,0.3451310419225236,0.042454234142320676,-0.5591608668450432,-0.3021172248309513,-0.9236566837952118,-1.42294511215778,0.5847662357473076,4.757910751454707,3.4694674877025307,-1.4277751638959941,0.0,9.60518755571591
408,7.089480303874611,-1.4313887724568466,3.4799121071009624,4.687336016352965,0.6049993985272817,-1.362544326540234,-0.9018827488330038,-0.30875162946545376,-0.5677714329981235,0.0060761962501133535,0.32782286428320656,0.24755552248612656,0.13109113699141256,0.10964590824905154,-0.05172121922649358,-0.04321221439632697,-0.06515500724462665,-0.04976415980374395,-0.020945137093122335,0.011518538236975177,-0.0014783227276414603,0.010066334848489126,-0.02094513709312223,-0.04976415980374399,-0.06515500724462668,-0.04321221439632697,-0.05172121922649366,0.10964590824905154,0.1310911369914125,0.24755552248612658,0.32782286428320656,0.006076196250113388,-0.5677714329981237,-0.3087516294654537,-0.9018827488330032,-1.362544326540234,0.6049993985272818,4.687336016352966,3.4799121071009624,-1.4313887724568468,0.0,9.602711554724113
409,7.087637828948601,-1.4349193563116247,3.489549358170437,4.61431446394492,0.6246711344587107,-1.3001679819097318,-0.8782259069682427,-0.31450872160561555,-0.5742749677991509,-0.030330378004285462,0.30861412854844095,0.2558545671845966,0.13539959603854126,0.11790784331914342,-0.03791100173638216,-0.03971389480649908,-0.06465734341231819,-0.051129910587667374,-0.02867470084699618,0.008775281627549982,-0.0015557562530470255,0.010198082916950622,-0.02867470084699605,-0.05112991058766744,-0.0646573434123182,-0.03971389480649907,-0.037911001736382205,0.11790784331914342,0.13539959603854126,0.2558545671845966,0.3086141285484409,-0.030330378004285462,-0.5742749677991508,-0.31450872160561555,-0.8782259069682423,-1.3001679819097318,0.6246711344587107,4.614314463944919,3.4895493581704353,-1.4349193563116243,0.0,9.601011463644003
410,7.085346786914251,-1.4383667106762106,3.498377004989165,4.538884211915659,0.6437631885801246,-1.235906518002751,-0.8527355478038431,-0.3193721425722149,-0.5786473362689266,-0.06659450810176284,0.2876161976589533,0.2623589759255196,0.138577922509302,0.12501492608501588,-0.02367019647877239,-0.03569784386329399,-0.06320078205301943,-0.05163977135517693,-0.035866223445597964,0.005848598484265444,-0.0015971639860855626,0.010069525679329332,-0.0358662234455978,-0.051639771355177014,-0.06320078205301943,-0.03569784386329399,-0.023670196478772432,0.12501492608501588,0.13857792250930198,0.2623589759255196,0.2876161976589532,-0.06659450810176282,-0.5786473362689263,-0.3193721425722148,-0.8527355478038429,-1.235906518002751,0.6437631885801246,4.5388842119156605,3.4983770049891643,-1.4383667106762106,0.0,9.60011065426185
411,7.082602501423762,-1.4417306355940376,3.506392999470231,4.46108463530581,0.6622578438627075,-1.1698531077985002,-0.825464888870888,-0.3233280730374425,-0.5808723123049858,-0.10254588250062012,0.26495080744188604,0.2670231249549892,0.1405995880359002,0.130897545987461,-0.009160548495008561,-0.031216416932514732,-0.06080692462778076,-0.05128520728319829,-0.04238476590045264,0.0027996642049563066,-0.0016015870706445456,0.009683944549530274,-0.042384765900452495,-0.05128520728319837,-0.06080692462778078,-0.03121641693251474,-0.009160548495008613,0.13089754598746103,0.1405995880359002,0.2670231249549892,0.2649508074418859,-0.10254588250062022,-0.5808723123049856,-0.3233280730374425,-0.8254648888708875,-1.1698531077985002,0.6622578438627074,4.461084635305812,3.5063929994702314,-1.4417306355940382,0.0,9.599997585110954
412,7.079400296129322,-1.4450109359476926,3.5135954818367607,4.38095634595754,0.6801379376513296,-1.1021035224270064,-0.7964708645236586,-0.32636527229228623,-0.5809416388975652,-0.1380156584908956,0.24074936084546772,0.2698142986187501,0.141447718490665,0.13549808550962883,0.005453143696105811,-0.026328036267663217,-0.05751127312050508,-0.05007215360310378,-0.04810801676594783,-0.00030779044132008454,-0.0015689230837861708,0.009051181457142512,-0.048108016765947684,-0.05007215360310385,-0.0575112731205051,-0.026328036267663217,0.00545314369610575,0.1354980855096288,0.14144771849066498,0.2698142986187501,0.24074936084546766,-0.1380156584908956,-0.5809416388975652,-0.32636527229228607,-0.7964708645236582,-1.1021035224270068,0.6801379376513295,4.380956345957539,3.5135954818367594,-1.4450109359476926,0.0,9.60062446847188
413,7.075735494683141,-1.4482074214702259,3.5199827810533977,4.298541171314925,0.6973868775911364,-1.0327559923101344,-0.7658140070748599,-0.32847511018681363,-0.5788550587718259,-0.1728372551504388,0.21515216612840074,0.27071291883900656,0.14111523482842958,0.13877148451371793,0.020004899856453102,-0.02109642938652053,-0.05336270352753509,-0.04802091624780496,-0.05292858714467134,-0.0034088114554690326,-0.0014999284074990265,0.008187387632920222,-0.05292858714467117,-0.048020916247805065,-0.053362703527535096,-0.021096429386520524,0.020004899856453102,0.13877148451371793,0.14111523482842958,0.2707129188390066,0.21515216612840066,-0.17283725515043885,-0.5788550587718257,-0.32847511018681347,-0.7658140070748597,-1.0327559923101344,0.6973868775911364,4.298541171314927,3.5199827810533977,-1.4482074214702263,0.0,9.60190675347923
414,7.071603420737412,-1.4513199067561946,3.5255534152140116,4.2138821325897835,0.7139886570249068,-0.9619110647368636,-0.733558320419207,-0.32965159165259694,-0.5746203153426137,-0.2068471356786823,0.18830762342057433,0.26971268244057117,0.13960491217281903,0.14068568158399808,0.03432944320854717,-0.015589798285493894,-0.048422741004611816,-0.04516583194023988,-0.05675602569174329,-0.006438579318278227,-0.001396200713576161,0.007114611349821936,-0.05675602569174314,-0.04516583194023997,-0.04842274100461184,-0.015589798285493886,0.034329443208547146,0.14068568158399808,0.13960491217281906,0.26971268244057117,0.18830762342057425,-0.20684713567868238,-0.5746203153426136,-0.3296515916525969,-0.7335583204192067,-0.9619110647368634,0.7139886570249065,4.213882132589785,3.5255534152140116,-1.4513199067561955,0.0,9.603723463611896
415,7.066999397944333,-1.454348211272412,3.530306091885502,4.127023422304343,0.7299278698468981,-0.8896714580793331,-0.6997711464092061,-0.329891373737597,-0.5682531239782173,-0.2398855754339435,0.16037136437103025,0.2668206053631102,0.13692935665327446,0.14122192805341627,0.04826407762567254,-0.009879930322292124,-0.04276464742110176,-0.04155469341320974,-0.05951851580936945,-0.009333763889353246,-0.0012601419672075946,0.005860235142487179,-0.059518515809369274,-0.04155469341320983,-0.042764647421101774,-0.009879930322292127,0.04826407762567249,0.14122192805341627,0.13692935665327446,0.2668206053631102,0.1603713643710301,-0.23988557543394357,-0.5682531239782173,-0.329891373737597,-0.6997711464092057,-0.8896714580793329,0.7299278698468981,4.127023422304345,3.5303060918855005,-1.4543482112724122,0.0,9.605918409739054
416,7.061918749956121,-1.4572921593684207,3.534239708407655,4.03801038122248,0.7451897247993924,-0.8161419128610216,-0.6645230242621155,-0.32919377510510506,-0.5597771136797622,-0.271797412067231,0.13150534987108473,0.2620569734493675,0.13311090018614558,0.14037497163804116,0.061650535511359565,-0.0040412623579331895,-0.03647233485347407,-0.03724794938210731,-0.0611642231861041,-0.012033848174106897,-0.0010949028059927535,0.0044562768700814786,-0.06116422318610394,-0.03724794938210738,-0.03647233485347406,-0.004041262357933187,0.06165053551135952,0.14037497163804116,0.13311090018614563,0.26205697344936746,0.1315053498710846,-0.2717974120672309,-0.5597771136797621,-0.329193775105105,-0.6645230242621154,-0.8161419128610211,0.7451897247993926,4.03801038122248,3.534239708407654,-1.4572921593684216,0.0,9.608302281814487
417,7.056356800424951,-1.4601515802866811,3.537353352148974,3.9468894746815733,0.7597600591986756,-0.7414290398930014,-0.6278875432916002,-0.3275607779697488,-0.5492237393926739,-0.30243277422961556,0.10187693108357128,0.255455200154553,0.12818141407807734,0.1381531078807335,0.0743367753802423,0.0018500896415756549,-0.029639121131409294,-0.032317692662607464,-0.06166226839610972,-0.014482393288580697,-0.0009043095823574554,0.0029385724628284027,-0.06166226839610958,-0.032317692662607526,-0.02963912113140929,0.0018500896415756549,0.07433677538024225,0.13815310788073346,0.12818141407807737,0.255455200154553,0.10187693108357117,-0.30243277422961556,-0.5492237393926739,-0.32756077796974875,-0.6278875432916001,-0.7414290398930012,0.7597600591986756,3.9468894746815746,3.537353352148974,-1.4601515802866813,0.0,9.61065560358095
418,7.049976900655752,-1.4629263081724748,3.5396463007184127,3.8537082683373183,0.7736253520777112,-0.6656411656984544,-0.5899411892715448,-0.324997022465064,-0.5366321652756268,-0.33164778543084766,0.07165787922190146,0.24706159217496243,0.12218204300747698,0.1345780989001747,0.08617870872363209,0.007717322893259096,-0.022366345892351248,-0.0268464533717411,-0.06100330630893146,-0.01662821818099664,-0.0006927757588140954,0.0013458612125625503,-0.06100330630893132,-0.026846453371741172,-0.02236634589235123,0.0077173228932591,0.08617870872363202,0.13457809890017466,0.12218204300747704,0.24706159217496237,0.07165787922190134,-0.33164778543084766,-0.5366321652756268,-0.324997022465064,-0.5899411892715443,-0.6656411656984544,0.7736253520777113,3.853708268337318,3.5396463007184127,-1.4629263081724748,0.0,9.612732515608377
419,7.042449155795731,-1.465616182083526,3.541118022132982,3.758515403334177,0.7867727367333192,-0.5888881754495712,-0.5507631847527779,-0.3215097934586337,-0.522049119360175,-0.3593052397436086,0.041023389703814105,0.23693502463977362,0.1151628616044245,0.12968496024106976,0.09704183654631243,0.013483949038904637,-0.014761867669036362,-0.020925817413583552,-0.05919970143796242,-0.01842646945074714,-0.0004651997078362861,-0.0002812030448061114,-0.059199701437962285,-0.0209258174135836,-0.014761867669036335,0.013483949038904633,0.09704183654631238,0.12968496024106974,0.11516286160442459,0.23693502463977356,0.041023389703814105,-0.35930523974360845,-0.5220491193601747,-0.3215097934586337,-0.5507631847527775,-0.5888881754495706,0.7867727367333193,3.758515403334177,3.541118022132981,-1.465616182083526,0.0,9.614265333008415
420,7.033779020260532,-1.4682210459993355,3.5417681749411636,3.661360570914405,0.7991900126662067,-0.5112813536445531,-0.510435323666087,-0.3171089998522611,-0.5055287201404273,-0.38527524618000447,0.010151066453248201,0.22514652814431704,0.10718245649543223,0.1235216179132265,0.10680277698700348,0.019074791287785674,-0.006938464298869568,-0.01465489337544046,-0.05628529593742797,-0.01983955890278407,-0.0002268512829400766,-0.0019010896154226862,-0.056285295937427864,-0.014654893375440525,-0.006938464298869535,0.019074791287785678,0.10680277698700343,0.12352161791322645,0.10718245649543226,0.22514652814431702,0.010151066453248132,-0.3852752461800045,-0.5055287201404273,-0.31710899985226104,-0.5104353236660869,-0.5112813536445531,0.7991900126662067,3.6613605709144057,3.5417681749411636,-1.468221045999335,0.0,9.614969805615619
421,7.023971948465802,-1.47074074883023,3.5415966083021435,3.5622944864789305,0.8108656569027786,-0.43293322275573204,-0.469041800556832,-0.311807146425994,-0.48713227573630946,-0.40943583871404143,-0.020780107761137322,0.21177879052148538,0.0983074373015784,0.11614843897865391,0.11535066667200003,0.02441696446109681,0.0009878396222040122,-0.008138653497948452,-0.052314774601105236,-0.02083794924004719,1.6750212417129666e-05,-0.0034724510153514593,-0.052314774601105146,-0.008138653497948515,0.0009878396222040317,0.024416964461096813,0.11535066667199996,0.11614843897865389,0.09830743730157845,0.21177879052148538,-0.020780107761137426,-0.4094358387140416,-0.4871322757363094,-0.311807146425994,-0.46904180055683165,-0.4329332227557323,0.8108656569027783,3.5622944864789305,3.5415966083021426,-1.4707407488302298,0.0,9.614550990680101
422,7.0130333948271915,-1.473175144426128,3.540603362020796,3.4613688631136137,0.8217888346882153,-0.35395738008274163,-0.4266690348076695,-0.3056192983060056,-0.4669280563757215,-0.4316735490851611,-0.05159080898131581,0.19692557684599657,0.08861188067154092,0.10763764028436001,0.1225884198856072,0.029440825161723003,0.008899493436718866,-0.0014861764904500806,-0.04736263877769972,-0.021400771470887498,0.0002599638323128293,-0.004955178362020463,-0.047362638777699646,-0.0014861764904501183,0.0088994934367189,0.029440825161723003,0.12258841988560716,0.10763764028435999,0.08861188067154098,0.19692557684599657,-0.051590808981315905,-0.4316735490851611,-0.4669280563757214,-0.30561929830600554,-0.4266690348076693,-0.3539573800827413,0.8217888346882155,3.461368863113615,3.5406033620207955,-1.473175144426128,0.0,9.612709631550766
423,7.000968813760341,-1.4755240915850143,3.5387886665384554,3.3586363845947056,0.8319494095409031,-0.2744683330472916,-0.38340549021637454,-0.2985630381572946,-0.444991041039926,-0.45188393969270996,-0.08210241169329664,0.18069107173976487,0.07817671198999007,0.0980725811320347,0.12843383125589578,0.03408087968242685,0.01667916375488873,0.005191178393934551,-0.04152180845593967,-0.02151626112604195,0.000497157612643368,-0.006311425150458606,-0.04152180845593961,0.005191178393934505,0.01667916375488877,0.03408087968242685,0.1284338312558957,0.09807258113203472,0.07817671198999013,0.18069107173976484,-0.08210241169329674,-0.45188393969270996,-0.44499104103992604,-0.2985630381572946,-0.38340549021637427,-0.2744683330472918,0.8319494095409032,3.3586363845947065,3.5387886665384554,-1.475524091585014,0.0,9.609148920806447
424,6.987783659680892,-1.477787454061131,3.5361529428794527,3.254150677887604,0.8413379526588743,-0.19458133316835566,-0.3393414903054286,-0.2906584162228429,-0.4214026392123822,-0.46997209407864954,-0.11213802441128866,0.16318914859163455,0.06708902992200284,0.08754694681258918,0.1328205094316283,0.03827663781648214,0.02421147456162867,0.011781635458437915,-0.03490187874933077,-0.021182004167073862,0.0007228389874208528,-0.00750657328251321,-0.03490187874933075,0.011781635458437884,0.024211474561628695,0.03827663781648214,0.13282050943162824,0.08754694681258915,0.06708902992200289,0.16318914859163455,-0.11213802441128881,-0.4699720940786495,-0.421402639212382,-0.2906584162228429,-0.33934149030542826,-0.19458133316835624,0.8413379526588743,3.254150677887603,3.5361529428794514,-1.4777874540611307,0.0,9.60358151315968
425,6.973483387004503,-1.4799651005728822,3.532696802553427,3.147966285153259,0.8499457516695414,-0.11441220895848563,-0.2945690297489659,-0.2819278933511911,-0.3962503887636251,-0.4858530626949917,-0.14152351520880851,0.1445425708173755,0.05544137943128705,0.07616383100244896,0.135698631145787,0.04197340144002639,0.03138471829482858,0.018174873633840846,-0.02762706349522634,-0.02040498744614411,0.0009317819771045198,-0.00851011669122421,-0.027627063495226326,0.01817487363384084,0.03138471829482862,0.04197340144002639,0.13569863114578698,0.07616383100244896,0.055441379431287116,0.14454257081737545,-0.14152351520880863,-0.4858530626949917,-0.3962503887636251,-0.281927893351191,-0.29456902974896587,-0.1144122089584856,0.8499457516695412,3.147966285153259,3.5326968025534256,-1.4799651005728822,0.0,9.595736642535027
426,6.958073450146813,-1.482056904810444,3.528421047413459,3.040138635276841,0.8577648187145972,-0.03407719798354116,-0.24918158231077148,-0.2723962771743206,-0.3696276310933628,-0.49945226186245195,-0.17008852125120125,0.12488213076252634,0.04333097934007582,0.06403472600910168,0.13703550710115672,0.045122977585755376,0.03809251251881676,0.0242638731999054,-0.019833864553736244,-0.019201452662370777,0.001119148203736288,-0.009296440005908782,-0.019833864553736254,0.02426387319990539,0.038092512518816804,0.04512297758575536,0.13703550710115672,0.06403472600910165,0.04333097934007589,0.12488213076252631,-0.17008852125120136,-0.49945226186245206,-0.3696276310933627,-0.27239627717432063,-0.24918158231077145,-0.03407719798354103,0.8577648187145972,3.040138635276841,3.528421047413459,-1.4820569048104437,0.0,9.585367189300271
427,6.941559303523472,-1.4840627454430961,3.523326669470031,2.930724014933531,0.8647878978625806,0.046307221670667094,-0.20327390569430656,-0.2620906516171898,-0.3416331647353522,-0.5107058240466417,-0.19766743647679366,0.10434573228806525,0.030858910877976573,0.05127843075597237,0.13681595325071463,0.04768430671195357,0.04423537762379971,0.029946707243819773,-0.011668510538861325,-0.017596556867474404,0.0012805989305995217,-0.009845472382588124,-0.011668510538861357,0.029946707243819762,0.04423537762379975,0.04768430671195356,0.13681595325071463,0.051278430755972354,0.030858910877976705,0.10434573228806522,-0.1976674364767938,-0.5107058240466419,-0.34163316473535216,-0.26209065161718975,-0.20327390569430623,0.04630722167066703,0.8647878978625806,2.930724014933529,3.52332666947003,-1.484062745443096,0.0,9.572256537954276
428,6.923946401550113,-1.4859825061262557,3.5174148506608685,2.8197795392065395,0.8710084718422304,0.1266245002804668,-0.1569418437121874,-0.25104029993922294,-0.31237087871054847,-0.519560897806756,-0.2241003717005823,0.08307742347390855,0.01812927399267091,0.03801988720240562,0.13504246325587776,0.04962399797641293,0.04972221215328485,0.03512824786750593,-0.00328421304052575,-0.015623846617036636,0.0014123955319602175,-0.01014319981078353,-0.003284213040525806,0.03512824786750596,0.049722212153284887,0.04962399797641293,0.13504246325587774,0.03801988720240558,0.018129273992671023,0.08307742347390856,-0.22410037170058233,-0.519560897806756,-0.31237087871054836,-0.2510402999392229,-0.15694184371218736,0.12662450028046712,0.8710084718422304,2.81977953920654,3.517414850660867,-1.4859825061262555,0.0,9.55622506285633
429,6.905240198642392,-1.487816075508228,3.5106869625767265,2.707363121772698,0.8764207680903771,0.20675818547028244,-0.11028212618813968,-0.23927662152642706,-0.2819493669891716,-0.5259758960080723,-0.2492340815742421,0.06122638622512883,0.005248318464441203,0.02438895659547699,0.13173518016385083,0.050916764537125764,0.054471643879715946,0.039721758582703236,0.005161708179288658,-0.013324556758997937,0.0015114860663680337,-0.010182022820088971,0.005161708179288576,0.03972175858270327,0.05447164387971599,0.05091676453712575,0.13173518016385083,0.02438895659547699,0.005248318464441297,0.0612263862251288,-0.2492340815742422,-0.5259758960080722,-0.28194936698917156,-0.23927662152642712,-0.11028212618813962,0.20675818547028246,0.8764207680903768,2.707363121772699,3.5106869625767256,-1.4878160755082288,0.0,9.537136079974351
430,6.8854461492159516,-1.4895633472366634,3.503144566143167,2.5935334446711726,0.881019764108761,0.2865920910574444,-0.06339216700918004,-0.2268330426705722,-0.2504815254924472,-0.5299206911325524,-0.27292285302838887,0.03894588986807762,-0.007676442923195448,0.010519147539677474,0.12693166762576033,0.0515457532049415,0.058413236591261034,0.04365034623790328,0.013510777074582531,-0.010746748516564384,0.0015755759487868371,-0.009960950456086571,0.01351077707458245,0.04365034623790332,0.05841323659126106,0.0515457532049415,0.12693166762576036,0.010519147539677474,-0.007676442923195362,0.03894588986807762,-0.27292285302838887,-0.5299206911325526,-0.2504815254924472,-0.22683304267057225,-0.06339216700917977,0.2865920910574442,0.8810197641087607,2.593533444671172,3.5031445661431655,-1.4895633472366632,0.0,9.514901106235634
431,6.864569707686443,-1.4912242199647265,3.4947894112584095,2.4783499276710863,0.884801192124807,0.3660104655110481,-0.01636986074964494,-0.21374492158895259,-0.2180841331295659,-0.5313767567702833,-0.29502935004633885,0.01639221607618512,-0.020537131754694928,-0.003453691657566789,0.1206864832540458,0.05150276415066101,0.061488534692561006,0.046848248172580244,0.021606334899451667,-0.007944304881864582,0.0016031810850390686,-0.009485625574384276,0.021606334899451563,0.046848248172580306,0.06148853469256105,0.051502764150661004,0.12068648325404578,-0.0034536916575668144,-0.020537131754694817,0.0163922160761851,-0.2950293500463389,-0.5313767567702833,-0.21808413312956604,-0.21374492158895259,-0.016369860749645044,0.36601046551104843,0.884801192124807,2.4783499276710876,3.494789411258409,-1.491224219964727,0.0,9.489484274926912
432,6.8426163284695125,-1.492798597356976,3.4856234363873444,2.361872697254054,0.8877615430520285,0.4448981597806084,0.030686621708336387,-0.20004944795461432,-0.18487741842465882,-0.5303372546272557,-0.3154254098717777,-0.006276437333690823,-0.033226404405495194,-0.017392703556672766,0.11307055896485467,0.05078835780235009,0.06365193012753956,0.04926193305237618,0.029296479693073293,-0.00497580431927915,0.0015936622381588236,-0.008768180807147148,0.029296479693073176,0.049261933052376215,0.06365193012753959,0.05078835780235008,0.11307055896485467,-0.0173927035566728,-0.033226404405495104,-0.0062764373336908754,-0.3154254098717778,-0.5303372546272556,-0.1848774184246589,-0.2000494479546143,0.030686621708336356,0.4448981597806083,0.8877615430520283,2.361872697254055,3.485623436387345,-1.4927985973569757,0.0,9.460905765694584
433,6.819591465980803,-1.4942863880949495,3.47564876811179,2.244162555227789,0.8898980697463852,0.5231407942511721,0.07767903813123093,-0.18578553722253383,-0.15098461334206167,-0.5268070666408582,-0.33399278603430976,-0.02890106604528493,-0.04563834800131407,-0.031161362040657208,0.10417039534342398,0.049411847539302674,0.0648713387674184,0.050850996957791876,0.036436916510190695,-0.001903296321014121,0.0015472398308508859,-0.007826928878566007,0.03643691651019057,0.050850996957791925,0.06487133876741843,0.04941184753930266,0.10417039534342398,-0.031161362040657253,-0.045638348001314,-0.028901066045284966,-0.3339927860343099,-0.5268070666408583,-0.15098461334206167,-0.18578553722253383,0.07767903813123114,0.5231407942511721,0.8898980697463851,2.2441625552277893,3.475648768111789,-1.4942863880949493,0.0,9.42924412096032
434,6.795500574635953,-1.4956875058824646,3.464867720637108,2.1252809469872127,0.8912087895555777,0.6006249245828267,0.12450928003945608,-0.17099372005201513,-0.11653149596564338,-0.5208027720522539,-0.3506238338851881,-0.051322974543958684,-0.05766936443548009,-0.0446248095247435,0.09408707918273197,0.04739117827789875,0.06512867623279898,0.0515888397262912,0.04289366491645765,0.0012089955909631276,0.0014649888412833177,-0.006685895173937833,0.0428936649164575,0.05158883972629127,0.06512867623279901,0.04739117827789874,0.09408707918273197,-0.04462480952474356,-0.05766936443547999,-0.05132297454395873,-0.3506238338851881,-0.5208027720522538,-0.11653149596564338,-0.17099372005201513,0.12450928003945605,0.600624924582827,0.8912087895555777,2.1252809469872136,3.4648677206371072,-1.4956875058824641,0.0,9.394637336851535
435,6.770349108850613,-1.4970018694506184,3.4532827952552885,2.00528992943958,0.8916924861589063,0.6772382061941483,0.17107957753348596,-0.15571602713951196,-0.08164592372934483,-0.5123525695433204,-0.36522213466882075,-0.07338488925171288,-0.06921903506571606,-0.057651177823473954,0.08293513535407586,0.04475269253217604,0.06442012609315492,0.05146311022617877,0.04854557294623218,0.004296016305944781,0.0013488139104089294,-0.005374204493497415,0.048545572946232025,0.05146311022617886,0.06442012609315495,0.044752692532176036,0.08293513535407591,-0.05765117782347396,-0.06921903506571596,-0.0733848892517129,-0.36522213466882075,-0.5123525695433203,-0.0816459237293448,-0.155716027139512,0.17107957753348604,0.6772382061941482,0.8916924861589062,2.0052899294395803,3.4532827952552885,-1.4970018694506182,0.0,9.357282635844268
436,6.744142523040432,-1.498229402562508,3.4408966797646348,1.8842521386104096,0.8913487106959913,0.7528695571511022,0.21729270341308984,-0.13999586978912038,-0.046457358931133313,-0.5014961448038316,-0.37770305451198866,-0.0949320616883365,-0.08019095887305708,-0.0701128797380505,0.07084122604986735,0.04153078699887398,0.06275619646621566,0.05047591310858107,0.05328659035187411,0.0072932389479017845,0.0012014052372416985,-0.003925337644062914,0.05328659035187396,0.05047591310858116,0.06275619646621569,0.041530786998873984,0.07084122604986737,-0.07011287973805051,-0.080190958873057,-0.09493206168833651,-0.37770305451198866,-0.5014961448038318,-0.04645735893113328,-0.13999586978912038,0.21729270341309026,0.7528695571511022,0.8913487106959912,1.8842521386104092,3.440896679764633,-1.4982294025625076,0.0,9.31743484996631
437,6.716886271621062,-1.4993700340176477,3.4277122478461615,1.7622307569471052,0.8901777821833062,0.8274093192252293,0.2630521761635481,-0.12387791656009743,-0.011096388291217877,-0.4882844841508386,-0.3879942350900259,-0.11581335392080863,-0.09049355708708662,-0.0818878587134093,0.05794271217245959,0.03776746414388862,0.06016156417784747,0.04864377357660277,0.05702775849016318,0.010138013657404783,0.0010261762833969768,-0.0023762768439381608,0.05702775849016303,0.048643773576602864,0.06016156417784749,0.03776746414388862,0.057942712172459596,-0.08188785871340933,-0.09049355708708652,-0.11581335392080866,-0.387994235090026,-0.48828448415083847,-0.011096388291217911,-0.12387791656009743,0.2630521761635482,0.8274093192252296,0.8901777821833062,1.7622307569471052,3.427712247846161,-1.4993700340176475,0.0,9.275403367287224
438,6.688585809008133,-1.5004236976560994,3.413732558396888,1.6392894803373428,0.888180787218138,0.900749416887595,0.3082624613850612,-0.1074079663419113,0.024305761662529422,-0.47277963507557175,-0.39603601312532066,-0.1358822986873063,-0.10004083756156823,-0.09286078432522044,0.044386093208548826,0.03351178463589523,0.05667470879361025,0.04599736076140548,0.05969887950836735,0.012770877138946929,0.0008271847294372169,-0.0007665617545478589,0.05969887950836721,0.0459973607614056,0.05667470879361027,0.03351178463589523,0.04438609320854889,-0.09286078432522044,-0.10004083756156813,-0.13588229868730634,-0.3960360131253207,-0.47277963507557175,0.024305761662529422,-0.10740796634191134,0.30826246138506136,0.9007494168875951,0.8881807872181381,1.639289480337344,3.413732558396888,-1.500423697656099,0.0,9.231547620158603
439,6.659246589617304,-1.5013903323623123,3.398960854820142,1.5154924848594353,0.8853595789702456,0.9727835140079709,0.35282917124482044,-0.09063281821747726,0.059617711583513325,-0.4550544148424385,-0.40178176628608353,-0.1549981267598094,-0.10875311252049943,-0.10292418188757574,0.03032534330883375,0.028819227765503545,0.05234734194946773,0.04258097433576014,0.06124983350999061,0.015136795600674989,0.0006090385133936526,0.0008627197664721828,0.061249833509990456,0.04258097433576025,0.05234734194946773,0.02881922776550354,0.03032534330883382,-0.1029241818875757,-0.10875311252049939,-0.15499812675980942,-0.4017817662860837,-0.4550544148424386,0.05961771158351329,-0.09063281821747726,0.3528291712448206,0.9727835140079707,0.8853595789702456,1.5154924848594336,3.398960854820141,-1.5013903323623117,0.0,9.186271120839514
440,6.628874067864222,-1.5022698820686669,3.383400564273066,1.390904393282039,0.8817167754621592,1.0434071680320605,0.3966592615353305,-0.07360013848436102,0.09470841686247503,-0.4351920685086554,-0.40519818348003295,-0.17302675433909284,-0.11655766368381577,-0.11197948511738488,0.01592016247150407,0.02375096818785994,0.04724364044493308,0.03845180295891361,0.06165151898540395,0.01718631510580975,0.00037678912727825303,0.0024699804297776884,0.0616515189854038,0.0384518029589137,0.047243640444933066,0.02375096818785994,0.015920162471504146,-0.11197948511738492,-0.11655766368381568,-0.1730267543390929,-0.405198183480033,-0.4351920685086553,0.09470841686247485,-0.07360013848436107,0.39665926153533043,1.0434071680320605,0.8817167754621591,1.3909043932820395,3.3834005642730656,-1.5022698820686669,0.0,9.140014078290339
441,6.597473698164513,-1.5030622957587239,3.3670552968714875,1.2655902413306865,0.8772557571397075,1.112517981413217,0.43966122592757645,-0.056358325211806226,0.12944765394132185,-0.4132858779705965,-0.40626545797596486,-0.18984172355623907,-0.12338934922117457,-0.11993800154512291,0.0013341626923674495,0.01837307841746305,0.041439294472224456,0.033678966966045096,0.06089639886147795,0.018876595290376608,0.0001358146424599598,0.004014195026775664,0.060896398861477845,0.033678966966045186,0.04143929447222446,0.01837307841746304,0.0013341626923674753,-0.11993800154512292,-0.12338934922117453,-0.1898417235562391,-0.40626545797596486,-0.41328587797059646,0.12944765394132185,-0.05635832521180627,0.4396612259275765,1.1125179814132173,0.8772557571397074,1.2655902413306865,3.3670552968714884,-1.5030622957587236,0.0,9.093244658547507
442,6.565050934933854,-1.5037675274701892,3.3499288448523448,1.139615443738746,0.8719806637350359,1.180015750079097,0.4817452870134836,-0.038956370718445446,0.1637065035799907,-0.3894387238729446,-0.4049774022335814,-0.2053250894837284,-0.12919114746779134,-0.12672178121618094,-0.013266990316936556,0.012755667471892428,0.035020385096620664,0.02834236132722844,0.05899864192434977,0.02017230483981889,-0.00010830482737772964,0.005455947595014877,0.05899864192434967,0.02834236132722852,0.035020385096620664,0.012755667471892437,-0.013266990316936522,-0.12672178121618094,-0.12919114746779126,-0.20532508948372843,-0.40497740223358125,-0.3894387238729447,0.1637065035799909,-0.038956370718445446,0.48174528701348374,1.1800157500790973,0.871980663735036,1.139615443738745,3.349928844852344,-1.5037675274701883,0.0,9.046448979685437
443,6.531611232587853,-1.5043855362975747,3.33202518169385,1.0130457601005443,0.8658963904250212,1.2458026087179854,0.5228235837388201,-0.0214437223614616,0.1973578292829157,-0.363762602438099,-0.40134148377585066,-0.2193682474343627,-0.13391463286412345,-0.13226438017429712,-0.027717458736534528,0.006971966893546449,0.02808210763548863,0.022531318244208207,0.05599385696172132,0.021046360006670716,-0.00034991634186199236,0.0067584375076885665,0.055993856961721225,0.022531318244208284,0.028082107635488622,0.006971966893546453,-0.027717458736534497,-0.13226438017429717,-0.13391463286412336,-0.21936824743436273,-0.40134148377585077,-0.3637626024380989,0.1973578292829157,-0.021443722361461685,0.5228235837388203,1.245802608717986,0.8658963904250211,1.0130457601005425,3.3320251816938495,-1.5043855362975747,0.0,9.00011996039609
444,6.497160045542194,-1.5049162863945735,3.313348461193619,0.8859472605444626,0.8590085832886486,1.309783172674143,0.562810354835229,-0.0038701420327648885,0.23027674910963036,-0.33637809948501185,-0.39537878189592834,-0.23187269474511324,-0.13752038014690135,-0.13651151124910207,-0.04185311620069851,0.0010973760644939054,0.020727359868847346,0.01634311177247451,0.05193842461314189,0.021480490732321753,-0.0005834250359635238,0.007888418806889803,0.051938424613141826,0.01634311177247457,0.020727359868847328,0.0010973760644939095,-0.041853116200698454,-0.1365115112491021,-0.1375203801469013,-0.23187269474511318,-0.39537878189592834,-0.3363780994850118,0.23027674910963045,-0.003870142032764975,0.5628103548352291,1.309783172674143,0.8590085832886484,0.8859472605444626,3.313348461193618,-1.5049162863945733,0.0,8.95474516813244
445,6.461702828212504,-1.5053597469761388,3.2939030165049474,0.7583862912439453,0.8513236340675683,1.3718646762464344,0.6016221178684292,0.013714435238574962,0.26234109911859155,-0.30741382410768536,-0.3871238654496304,-0.24275072170252807,-0.1399782934178681,-0.13942157577362013,-0.05551341192177212,-0.004791520739779711,0.013065216018940931,0.009881329500540392,0.04690843946518097,0.021465622539435795,-0.0008034236772105792,0.008817048804208253,0.04690843946518092,0.009881329500540445,0.01306521601894092,-0.004791520739779711,-0.05551341192177205,-0.13942157577362016,-0.13997829341786808,-0.24275072170252807,-0.3871238654496303,-0.3074138241076854,0.26234109911859166,0.013714435238574945,0.6016221178684295,1.3718646762464342,0.8513236340675681,0.7583862912439447,3.2939030165049465,-1.5053597469761384,0.0,8.910793838034696
446,6.425245035014424,-1.505715892320269,3.2736933591314896,0.6304294397843919,0.8428486742346922,1.4319571071897306,0.6391778435287803,0.03126004317586319,0.2934318867243581,-0.2770058046730058,-0.37662459244196056,-0.25192602676335263,-0.14126785734360564,-0.1409660710238003,-0.06854319420318976,-0.01061795274352375,0.005209309130391502,0.0032541385437249064,0.040998282241614954,0.021002066212464164,-0.0010048178779990125,0.009520624288201317,0.040998282241614906,0.0032541385437249424,0.005209309130391462,-0.01061795274352374,-0.06854319420318974,-0.14096607102380035,-0.1412678573436056,-0.25192602676335263,-0.3766245924419605,-0.27700580467300573,0.29343188672435805,0.031260043175863145,0.6391778435287799,1.4319571071897306,0.8428486742346922,0.6304294397843919,3.2736933591314883,-1.505715892320269,0.0,8.868703256967322
447,6.387792120363603,-1.505984701769499,3.2527241778805487,0.5021435004040496,0.8335915683763364,1.4899733372240576,0.6753991248003276,0.04871682623310366,0.3234337322856905,-0.2452968499745657,-0.363941832569591,-0.25933425175503266,-0.14137830838977244,-0.1411298693893979,-0.08079447263038633,-0.016305963495190038,-0.00272385415903737,-0.0034275251211315374,0.03431884887950607,0.02009951130143089,-0.0011829440635256906,0.009981186547098887,0.03431884887950605,-0.0034275251211314988,-0.0027238541590374078,-0.016305963495190028,-0.0807944726303863,-0.14112986938939792,-0.1413783083897724,-0.25933425175503266,-0.3639418325695909,-0.24529684997456558,0.3234337322856905,0.04871682623310367,0.6753991248003275,1.489973337224057,0.8335915683763362,0.5021435004040496,3.2527241778805487,-1.5059847017694985,0.0,8.828864727445033
448,6.349349538675705,-1.5061661597321003,3.2310003377752357,0.37359543912701515,0.8235609068940467,1.5458292483622718,0.7102103406551564,0.06603518125868353,0.3522352972858139,-0.21243587854276555,-0.3491491143278596,-0.26492343330205403,-0.14030872466052074,-0.1399113665418576,-0.09212809892488456,-0.021781401075939264,-0.010616621464357705,-0.010051813670356699,0.026995469720115354,0.01877682358477762,-0.0013336774636266838,0.010186979763582278,0.026995469720115347,-0.01005181367035667,-0.010616621464357736,-0.02178140107593926,-0.09212809892488451,-0.13991136654185757,-0.14030872466052074,-0.264923433302054,-0.34914911432785944,-0.21243587854276552,0.3522352972858138,0.0660351812586835,0.7102103406551564,1.5458292483622718,0.8235609068940464,0.3735954391270146,3.231000337775234,-1.5061661597320999,0.0,8.791609343556015
449,6.309922744366345,-1.5062602556829847,3.2085268789257446,0.2448523588065798,0.8127659980328866,1.5994438548731007,0.743538813931292,0.08316589844188305,0.3797296975158434,-0.17857721926102899,-0.33233219872818753,-0.2686543673116857,-0.1380680335932356,-0.1373224971479628,-0.10241534737065766,-0.026972884783303792,-0.018351939491221846,-0.01650783971201186,0.019165557858157847,0.017061650724829222,-0.001453527627812606,0.01013275108114476,0.019165557858157864,-0.016507839712011866,-0.01835193949122188,-0.026972884783303796,-0.10241534737065763,-0.1373224971479628,-0.13806803359323563,-0.2686543673116857,-0.33233219872818737,-0.17857721926102882,0.3797296975158431,0.08316589844188299,0.7435388139312917,1.5994438548731007,0.8127659980328867,0.24485235880657868,3.2085268789257433,-1.506260255682984,0.0,8.757193824784578
450,6.269517191851193,-1.506266984164313,3.1853090153600037,0.11598146409713302,0.8012168592435801,1.6507394207027115,0.7753149630645405,0.10006030114171477,0.40581489972802515,-0.1438798865727362,-0.313588582097298,-0.2705008839625224,-0.13467493744436976,-0.13338861797534424,-0.1115393768625096,-0.031812735687807056,-0.02581508998900288,-0.022687532487293598,0.010976030774878257,0.014989844358720866,-0.001539719251711927,0.009819884682862236,0.010976030774878298,-0.022687532487293594,-0.025815089989002924,-0.031812735687807056,-0.11153937686250955,-0.13338861797534424,-0.13467493744436976,-0.2705008839625224,-0.31358858209729795,-0.1438798865727362,0.4058148997280251,0.10006030114171469,0.7753149630645403,1.6507394207027115,0.8012168592435801,0.11598146409713411,3.1853090153600037,-1.506266984164313,0.0,8.725786663528654
451,6.228138335545885,-1.5061863447858144,3.1613521338139816,-0.012949973627060954,0.7889242078865232,1.6996415721845555,0.8054724473574918,0.11667038420076883,0.43039410028679154,-0.10850683368280642,-0.2930269308407626,-0.2704500312669791,-0.13015775718831876,-0.128148259534773,-0.11939655797073546,-0.036237858931310825,-0.032895391074125084,-0.02848744692285683,0.0025805536344410246,0.01260471070461084,-0.0015902564432687459,0.009256366460223457,0.002580553634441085,-0.028487446922856832,-0.03289539107412512,-0.03623785893131082,-0.11939655797073542,-0.12814825953477296,-0.1301577571883188,-0.2704500312669791,-0.29302693084076253,-0.10850683368280642,0.43039410028679154,0.11667038420076876,0.8054724473574918,1.699641572184555,0.7889242078865231,-0.012949973627060954,3.16135213381398,-1.506186344785814,0.0,8.697454847799586
452,6.185791629866074,-1.5060183422248066,3.1366617924819145,-0.1418746513879242,0.7758994512862993,1.7460794058740752,0.8339483054823993,0.1329489503510504,0.4533760844124342,-0.07262418726120486,-0.27076645144784434,-0.2685021659201772,-0.1245541961322568,-0.12165274869178808,-0.12589764994944977,-0.04019056626498221,-0.039487838692252746,-0.0338104952513967,-0.005863344030629573,0.009956105347485849,-0.0016039689405180078,0.00845658017384517,-0.00586334403062949,-0.03381049525139673,-0.0394878386922528,-0.04019056626498221,-0.12589764994944974,-0.12165274869178805,-0.12455419613225682,-0.2685021659201772,-0.27076645144784434,-0.07262418726120486,0.453376084412434,0.1329489503510503,0.8339483054823988,1.7460794058740756,0.7758994512862993,-0.14187465138792366,3.1366617924819136,-1.5060183422248066,0.0,8.67215142184773
453,6.142482529227394,-1.5057629862259259,3.111243719726763,-0.2707252697361218,0.7621546761459185,1.7899855913519234,0.8606830869287732,0.14884974432421216,0.47467556468422184,-0.036400467242529905,-0.24693619939004402,-0.26467095079798536,-0.1179110252199562,-0.1139657059439996,-0.13096881432028987,-0.04361932810384003,-0.04549466387571386,-0.03856757221399683,-0.01419722414354398,0.007099391125923463,-0.0015805392106985436,0.007440940309054852,-0.014197224143543876,-0.038567572213996856,-0.045494663875713916,-0.04361932810384003,-0.13096881432028984,-0.11396570594399963,-0.11791102521995621,-0.26467095079798536,-0.24693619939004402,-0.03640046724252994,0.47467556468422184,0.14884974432421205,0.860683086928773,1.7899855913519236,0.7621546761459186,-0.2707252697361202,3.111243719726763,-1.5057629862259256,0.0,8.649704144120012
454,6.098216488045494,-1.5054202916005623,3.0851038127511865,-0.3994345678817698,0.7477026373306082,1.8312964688466284,0.8856209761212644,0.1643275842851113,0.4942134975467613,-5.795385827351503e-06,-0.22167433092001995,-0.2589832591217614,-0.11028369265124931,-0.10516242228800307,-0.13455245351935496,-0.046479445293699344,-0.05082678270132971,-0.042679046639141266,-0.02226471295492021,0.00409428090272717,-0.001520509803184678,0.006235370997674844,-0.022264712954920093,-0.042679046639141315,-0.05082678270132975,-0.046479445293699344,-0.1345524535193549,-0.10516242228800302,-0.11028369265124938,-0.25898325912176134,-0.22167433092001987,-5.795385827385954e-06,0.49421349754676114,0.16432758428511124,0.8856209761212642,1.8312964688466282,0.7477026373306082,-0.39943456788177034,3.0851038127511856,-1.5054202916005621,0.0,8.62980549394506
455,6.052998960736035,-1.5049902782259996,3.0582481362293374,-0.5279353588049746,0.7325567460315644,1.8699521415351832,0.9087099089487055,0.17933849021522416,0.5119173766450243,0.03638890368843401,-0.1951273021085888,-0.25147898596201324,-0.10173586107550071,-0.09532912177920161,-0.13660786508214734,-0.04873363183300485,-0.05540511744512245,-0.04607609443007771,-0.0299144351802042,0.0010035894085804386,-0.0014252707859686003,0.0048706443064904775,-0.02991443518020406,-0.04607609443007778,-0.05540511744512247,-0.04873363183300485,-0.1366078650821473,-0.09532912177920162,-0.10173586107550076,-0.2514789859620132,-0.19512730210858872,0.03638890368843391,0.511917376645024,0.179338490215224,0.9087099089487053,1.8699521415351832,0.7325567460315644,-0.5279353588049741,3.058248136229337,-1.5049902782259996,0.0,8.612004265662378
456,6.006835401714634,-1.5044729710442615,3.0306829208998125,-0.6561605643278535,0.7167310573206457,1.905896562387707,0.9299016814610267,0.19383980888111946,0.5277215018994632,0.07261270523196041,-0.16744901976340426,-0.24221076840314365,-0.09233887622197161,-0.08456211700741965,-0.1371117039363773,-0.05035250095288265,-0.059161769340581316,-0.04870185064696712,-0.03700285434780153,-0.0021080797515201618,-0.0012970275566199794,0.003381594782539764,-0.03700285434780141,-0.04870185064696718,-0.05916176934058136,-0.05035250095288265,-0.1371117039363773,-0.08456211700741964,-0.09233887622197168,-0.24221076840314365,-0.16744901976340418,0.07261270523196048,0.5277215018994631,0.1938398088811194,0.9299016814610264,1.905896562387708,0.7167310573206457,-0.656160564327853,3.0306829208998125,-1.5044729710442615,0.0,8.59569897165254
457,5.959731265396973,-1.5038684000606681,3.002414562120068,-0.7840432501297412,0.7002402571075573,1.9390776154302862,0.9491520505071172,0.2077903350328945,0.5415672233226575,0.10849548710283133,-0.13879994915187305,-0.23124361633212298,-0.08217117140223257,-0.0729668657600291,-0.1360582475519748,-0.051314948218613925,-0.06204102554795434,-0.050512361398520764,-0.04339696606271133,-0.005175684484023765,-0.0011387497731067272,0.0018062303038975315,-0.04339696606271118,-0.05051236139852082,-0.06204102554795439,-0.051314948218613925,-0.13605824755197482,-0.07296686576002907,-0.08217117140223265,-0.23124361633212298,-0.138799949151873,0.10849548710283133,0.5415672233226576,0.20779033503289446,0.9491520505071168,1.9390776154302867,0.7002402571075573,-0.7840432501297421,3.002414562120067,-1.503868400060668,0.0,8.580133254060705
458,5.911692006198665,-1.5031766003420917,2.9734496183826407,-0.9115166606873076,0.6830996485116356,1.969447191308147,0.9664208261035222,0.2211504284881905,0.5534031586726791,0.14386872873032172,-0.10934618370130045,-0.2186544564408416,-0.07131761285503081,-0.06065693811213352,-0.13345946093677244,-0.05160842665821645,-0.06400018540075708,-0.051477319608918354,-0.048976793650289764,-0.008135103758151477,-0.0009541025870578305,0.00018476193142143448,-0.048976793650289605,-0.051477319608918444,-0.06400018540075714,-0.05160842665821645,-0.1334594609367724,-0.0606569381121335,-0.07131761285503092,-0.21865445644084164,-0.10934618370130042,0.1438687287303217,0.5534031586726789,0.22115042848819036,0.9664208261035221,1.969447191308148,0.6830996485116357,-0.9115166606873079,2.9734496183826398,-1.5031766003420917,0.0,8.564393479193162
459,5.862723078535385,-1.502397612014925,2.943794809793529,-1.0385142541213388,0.6653251376608694,1.9969612570396291,0.9816719553411349,0.23388212676909545,0.5631853841354468,0.17856630255807554,-0.07925848206969205,-0.20453159264063792,-0.05986879139778809,-0.04775290406067927,-0.12934486073964757,-0.05122911033141261,-0.06501019367589055,-0.05158057234362428,-0.0536376393528354,-0.01092447790458105,-0.0007473617718617788,-0.001441422475578283,-0.053637639352835255,-0.051580572343624356,-0.0650101936758906,-0.0512291103314126,-0.12934486073964757,-0.04775290406067928,-0.05986879139778821,-0.2045315926406379,-0.07925848206969195,0.1785663025580756,0.5631853841354467,0.23388212676909537,0.9816719553411346,1.9969612570396291,0.6653251376608692,-1.0385142541213381,2.9437948097935287,-1.5023976120149252,0.0,8.547408658946594
460,5.8128299368227445,-1.5015314802627542,2.913457016513072,-1.1649697369319856,0.6469332189313447,2.02157991985979,0.9948735976547035,0.24594925297187803,0.5708775973284438,0.2124252542486824,-0.04871127816980859,-0.1889740866738067,-0.047920266297063564,-0.034381152597598975,-0.12376118000462133,-0.05018194420661182,-0.06505607149568748,-0.05082039120171259,-0.05729204883840166,-0.013485501645712047,-0.0005233147109325577,-0.0030308146813617957,-0.05729204883840151,-0.050820391201712674,-0.06505607149568753,-0.05018194420661183,-0.12376118000462133,-0.03438115259759897,-0.047920266297063634,-0.1889740866738067,-0.04871127816980854,0.2124252542486824,0.5708775973284438,0.24594925297187803,0.9948735976547034,2.02157991985979,0.6469332189313445,-1.1649697369319851,2.913457016513071,-1.5015314802627542,0.0,8.527952810617716
461,5.762018035476424,-1.500578255323736,2.88244327715969,-1.290817098604379,0.627940959640808,2.04326748506111,1.0059981912980156,0.25731751856304375,0.5764512520208767,0.2452865679854868,-0.017881669885875615,-0.17209106326665272,-0.03557176766912756,-0.020672653788614097,-0.11677183738358882,-0.04848057969568508,-0.0641371384714151,-0.049209501248464065,-0.05987145216054193,-0.015764642829767996,-0.0002871495389035142,-0.004542845568382079,-0.059871452160541766,-0.049209501248464155,-0.06413713847141513,-0.04848057969568507,-0.11677183738358883,-0.020672653788614062,-0.03557176766912767,-0.1720910632666527,-0.017881669885875563,0.2452865679854867,0.5764512520208764,0.25731751856304363,1.0059981912980152,2.0432674850611097,0.627940959640808,-1.2908170986043788,2.8824432771596897,-1.5005782553237363,0.0,8.504649830524846
462,5.710292828912046,-1.4995379924876855,2.850760787176874,-1.415990646066501,0.6083659842105503,2.061992507747398,1.0150225108859683,0.26795462080961774,0.5798856640703247,0.2769959132774577,0.013051607654123658,-0.15400094469794143,-0.022926364067926842,-0.0067616759825578025,-0.10845621683628823,-0.04614719668693397,-0.062267022793746594,-0.04677486800391735,-0.061327450378644316,-0.017714261393978165,-4.4335002845520174e-05,-0.005938920660985452,-0.06132745037864418,-0.04677486800391744,-0.06226702279374662,-0.046147196686933956,-0.10845621683628826,-0.00676167598255775,-0.02292636406792692,-0.1540009446979414,0.01305160765412371,0.2769959132774577,0.5798856640703246,0.2679546208096177,1.015022510885968,2.0619925077473975,0.6083659842105501,-1.4159906460665002,2.8507607871768745,-1.4995379924876848,0.0,8.475980918602534
463,5.657659771545264,-1.4984107520928678,2.818416897163779,-1.540425037981364,0.58822645781031,2.0777278384258886,1.0219277158833973,0.27783033456681083,0.5811680881827426,0.30740436975980434,0.043909218298099975,-0.13483062015170025,-0.010089602208290404,0.007215529284446156,-0.09890876599857264,-0.04321221439632697,-0.059473459120554725,-0.04355724605308323,-0.061632723697202615,-0.019293605167556578,0.00019950617450282754,-0.00718340524652503,-0.06163272369720248,-0.04355724605308332,-0.05947345912055476,-0.043212214396326956,-0.09890876599857265,0.007215529284446208,-0.010089602208290485,-0.1348306201517002,0.04390921829810006,0.30740436975980434,0.5811680881827426,0.2778303345668108,1.021927715883397,2.0777278384258886,0.5882264578103098,-1.540425037981364,2.818416897163778,-1.4984107520928676,0.0,8.440294551111052
464,5.604124317791725,-1.497196599522501,2.785419111169826,-1.6640553188555742,0.5675410695013748,2.090450662371411,1.0266993899394308,0.28691659816225323,0.5802937652109555,0.3363691265863745,0.07451226457395713,-0.1147145556807618,0.0028313739951978402,0.02112206180919878,-0.08823792345959086,-0.03971389480649908,-0.05579787725944282,-0.039610496833868795,-0.06078154408404425,-0.020469661699569427,0.0004387274970349073,-0.008244533948744089,-0.06078154408404412,-0.039610496833868865,-0.05579787725944284,-0.03971389480649908,-0.08823792345959088,0.021122061809198848,0.002831373995197741,-0.11471455568076173,0.07451226457395713,0.3363691265863743,0.5802937652109552,0.2869165981622531,1.0266993899394303,2.090450662371411,0.5675410695013748,-1.6640553188555736,2.7854191111698254,-1.4971965995225007,0.0,8.395818957484117
465,5.549691922067076,-1.4958956052009598,2.751775084953699,-1.786816952946491,0.5463290148935218,2.1001425327055587,1.029327570985242,0.2951875931327583,0.5772659398161176,0.36375415312919485,0.1046833248504365,-0.09379385102401733,0.015728717720588103,0.034821713595032326,-0.0765648871317098,-0.035697843863293985,-0.05129478774503636,-0.03500068702261255,-0.058789882748942285,-0.021217848306241356,0.0006677894480825849,-0.009095221536636593,-0.058789882748942174,-0.035000687022612643,-0.05129478774503638,-0.03569784386329399,-0.07656488713170984,0.034821713595032396,0.015728717720588002,-0.09379385102401729,0.10468332485043647,0.36375415312919485,0.5772659398161176,0.2951875931327583,1.0293275709852419,2.1001425327055587,0.5463290148935218,-1.7868169529464897,2.751775084953699,-1.4958956052009598,0.0,8.34067701580338
466,5.4943680387869644,-1.4945078445896933,2.71749262420715,-1.9086458579502652,0.5246099783318897,2.106789397142898,1.0298067720323747,0.3026198175870459,0.5720958484265959,0.38943083783526705,0.1342474819417521,-0.07221524989312836,0.028494779397873336,0.04818030294557698,-0.06402223770185772,-0.031216416932514743,-0.04603097342320091,-0.029804982609821343,-0.055695110465923875,-0.021522525913891716,0.0008813877659586806,-0.009713754272949123,-0.05569511046592378,-0.02980498260982143,-0.046030973423200915,-0.03121641693251474,-0.06402223770185775,0.048180302945577,0.028494779397873243,-0.07221524989312833,0.13424748194175215,0.38943083783526716,0.5720958484265959,0.30261981758704587,1.029806772032374,2.106789397142898,0.5246099783318896,-1.9086458579502648,2.717492624207149,-1.4945078445896927,0.0,8.272903440143155
467,5.438158122367025,-1.4930333981828476,2.6825796827440085,-2.0294784384531828,0.5024041146303182,2.110381618365442,1.028135992628208,0.3091921529859662,0.5648026775389585,0.41327859224028096,0.16303333719266414,-0.05013011067082457,0.04102300522190544,0.06106698871186144,-0.05075243279893265,-0.026328036267663234,-0.040084499031356254,-0.024110357178746808,-0.05155529636231292,-0.021377325956827918,0.0010745762718291508,-0.010084344155705312,-0.05155529636231284,-0.024110357178746867,-0.04008449903135623,-0.026328036267663227,-0.05075243279893267,0.061066988711861496,0.041023005221905336,-0.05013011067082455,0.1630333371926641,0.4132785922402808,0.5648026775389582,0.30919215298596603,1.0281359926282074,2.1103816183654414,0.502404114630318,-2.0294784384531823,2.682579682744007,-1.4930333981828476,0.0,8.190464092786787
468,5.381067627222914,-1.491472351502597,2.647044360654833,-2.149251619128854,0.4797320303680988,2.110913987995837,1.0243187209446545,0.3148859241504683,0.5554134925158192,0.4351854173025425,0.19087400416481762,-0.027693344740599785,0.053208826519349474,0.07335555182031095,-0.03690618898030811,-0.021096429386520524,-0.033543553463257096,-0.018012136009594837,-0.04644811833176221,-0.020785283497167767,0.001242881405657483,-0.0101975319057791,-0.04644811833176215,-0.018012136009594903,-0.03354355346325708,-0.021096429386520524,-0.03690618898030818,0.073355551820311,0.0532088265193494,-0.027693344740599743,0.1908740041648176,0.4351854173025424,0.5554134925158193,0.3148859241504682,1.0243187209446543,2.1109139879958376,0.4797320303680988,-2.149251619128854,2.6470443606548333,-1.4914723515025963,0.0,8.091277215789187
469,5.3231020077702755,-1.489824795094182,2.610894902427628,-2.267902877663903,0.456614764767499,2.108385734149016,1.0183629264957237,0.31968495232680383,0.5439631371447737,0.45504842939737755,0.21760807616343458,-0.005062329894660413,0.0649505325464443,0.08492563152967335,-0.022640769914603478,-0.015589798285493894,-0.02650514188797497,-0.011612400380360492,-0.04046940551586942,-0.019758773784035122,0.001382405817975386,-0.010050428414289181,-0.04046940551586938,-0.011612400380360552,-0.026505141887974957,-0.015589798285493893,-0.022640769914603537,0.08492563152967332,0.06495053254644421,-0.005062329894660345,0.2176080761634346,0.45504842939737755,0.5439631371447736,0.3196849523268036,1.0183629264957232,2.1083857341490155,0.4566147647674988,-2.2679028776639027,2.610894902427626,-1.4898247950941812,0.0,7.9732363402423
470,5.264266718424755,-1.4880908245206603,2.5741396950350452,-2.3853702773949905,0.4330737701698018,2.102800522551351,1.0102810434991594,0.32357560115817996,0.5304941043311651,0.4727743435017193,0.2430805619951082,0.017604193558211,0.07615011943263493,0.09566390430831384,-0.008118200203295694,-0.009879930322292133,-0.01907364711954603,-0.00501827877552172,-0.033731340202696324,-0.01831925357820923,0.0014899186186620886,-0.009646788486887744,-0.03373134020269629,-0.005018278775521752,-0.01907364711954599,-0.009879930322292127,-0.008118200203295754,0.09566390430831387,0.07615011943263482,0.017604193558211034,0.2430805619951082,0.4727743435017192,0.530494104331165,0.3235756011581798,1.010281043499159,2.102800522551351,0.4330737701698016,-2.3853702773949905,2.574139695035044,-1.4880908245206603,0.0,7.834234598556937
471,5.204567213601995,-1.4862705403573604,2.5367872659885453,-2.501592499640124,0.409130892127979,2.094166451225708,1.0000899449168839,0.3265468154322345,0.5150563784045501,0.48827991129964154,0.26714378453162946,0.040147236241867175,0.08671410818424442,0.10546519378532573,0.006496574871667383,-0.0040412623579331895,-0.01135928157282069,0.0016598463930664364,-0.02636035288108192,-0.01649681264922481,0.0015629301928908792,-0.008996915002626183,-0.02636035288108192,0.0016598463930664051,-0.011359281572820668,-0.0040412623579331895,0.0064965748716673405,0.10546519378532576,0.08671410818424434,0.04014723624186723,0.2671437845316295,0.48827991129964154,0.5150563784045501,0.32654681543223446,1.0000899449168834,2.0941664512257088,0.40913089212797904,-2.5015924996401235,2.5367872659885458,-1.4862705403573606,0.0,7.672190135729086
472,5.114396315774936,-1.4843640481860514,2.498846281359943,-2.616508875707368,0.3848083491344737,2.0824960387500844,0.9878109072284512,0.3285901524942342,0.4977072496240744,0.5014923121513142,0.28965823687040837,0.0624086749090361,0.09655432492059751,0.11423350090400325,0.021037562772927544,0.0018500896415756397,-0.0034764527637076194,0.008310186534450788,-0.01849474994714798,-0.014329544819816561,0.0015997498517711258,-0.008117395933735503,-0.018494749947147997,0.008310186534450759,-0.003476452763707601,0.0018500896415756484,0.021037562772927468,0.11423350090400329,0.09655432492059743,0.062408674909036135,0.2896582368704083,0.5014923121513143,0.4977072496240744,0.328590152494234,0.9878109072284509,2.082496038750085,0.3848083491344739,-2.616508875707368,2.4988462813599424,-1.4843640481860514,0.0,7.485072290480817
473,4.965670417066736,-1.482371458588816,2.460325543770801,-2.730059418564267,0.36012871200290103,2.067806206106866,0.9734695660110465,0.3296998062367333,0.478511101571135,0.512349495089224,0.3104933911278859,0.08423236156228919,0.10558863683024104,0.12188294418780453,0.03533960902735409,0.007717322893259087,0.004457933405820948,0.014821418165618236,-0.010282118575807556,-0.011862751704538373,0.0015995249827015644,-0.0070306809388719065,-0.010282118575807585,0.01482141816561824,0.0044579334058209834,0.007717322893259096,0.03533960902735408,0.12188294418780464,0.10558863683024092,0.08423236156228923,0.3104933911278858,0.5123494950892238,0.4785111015711348,0.3296998062367332,0.9734695660110462,2.0678062061068667,0.36012871200290103,-2.7300594185642684,2.460325543770801,-1.4823714585888157,0.0,7.270928196859469
474,4.760680326368356,-1.4802928871416376,2.4212339903501556,-2.842184854151438,0.33511488292280317,2.050118252149026,0.9570958624187783,0.3298726235975299,0.4575391722183301,0.520800470235502,0.3295284551769466,0.10546521872005112,0.11374163770449426,0.12833860090933838,0.04924027302706836,0.013483949038904614,0.012326206414914366,0.021084546412851606,-0.0018765574512783854,-0.009147995786520497,0.00156226079285163,-0.005764508337253466,-0.001876557451278437,0.02108454641285161,0.01232620641491441,0.013483949038904628,0.04924027302706832,0.12833860090933844,0.11374163770449422,0.10546521872005113,0.32952845517694657,0.520800470235502,0.45753917221833,0.32987262359752983,0.9570958624187779,2.0501182521490255,0.3351148829228031,-2.8421848541514367,2.421233990350155,-1.4802928871416376,0.0,7.027909441773757
475,4.501716852570777,-1.4781284544076978,2.3815806906610306,-2.9528266523239663,0.30979007420689436,2.029457822718815,0.9387239806729922,0.3291081135190378,0.4348692895613836,0.5268055482717466,0.34665307294113135,0.12595831314514694,0.12094527732642363,0.13353724092351651,0.06258167300677162,0.019074791287785667,0.020011676230671186,0.026994729533290098,0.006564214681881966,-0.006242022625558158,0.0014888201885818984,-0.004351197090130247,0.006564214681881895,0.02699472953329011,0.02001167623067122,0.019074791287785678,0.06258167300677152,0.13353724092351654,0.12094527732642354,0.12595831314514694,0.34665307294113124,0.5268055482717467,0.43486928956138365,0.32910811351903785,0.9387239806729918,2.029457822718815,0.30979007420689414,-2.9528266523239663,2.381580690661029,-1.4781284544076978,0.0,6.754298404386602
476,4.191070804564946,-1.4758782859303814,2.3413748445962135,-3.061927057404511,0.2841777867505174,2.0058548734637527,0.918392276694119,0.3274084483436189,0.41058558279512564,0.5303365268366816,0.3617679641856877,0.14556790050445279,0.12713942946195345,0.13742794597731875,0.07521227924238774,0.024416964461096802,0.027400363873888806,0.03245303391508459,0.01488181839317319,-0.0032055747262258066,0.001380903793595824,-0.002826821861708126,0.014881818393173103,0.032453033915084646,0.027400363873888858,0.02441696446109681,0.07521227924238773,0.13742794597731883,0.12713942946195345,0.14556790050445273,0.36176796418568763,0.5303365268366816,0.41058558279512564,0.32740844834361876,0.9183922766941186,2.0058548734637522,0.2841777867505173,-3.0619270574045108,2.3413748445962126,-1.4758782859303818,0.0,6.448533899526019
477,3.83103299124185,-1.4735425122259946,2.300625780243817,-3.169429118332097,0.25830178822330285,1.9793436264037934,0.8961431980240505,0.32477845764090846,0.3847781701053729,0.5313768229762561,0.37478550009625766,0.1641564336321119,0.13227239371229274,0.1399726084303208,0.08698863510412469,0.029440825161723003,0.03438269177866564,0.03736809017829228,0.02292018533740846,-0.00010212185930213584,0.001241010568531458,-0.0012302922160346644,0.022920185337408368,0.037368090178292304,0.0343826917786657,0.029440825161723003,0.08698863510412465,0.13997260843032086,0.13227239371229269,0.164156433632112,0.3747855000962576,0.531376822976256,0.3847781701053728,0.32477845764090835,0.8961431980240501,1.9793436264037927,0.25830178822330246,-3.169429118332096,2.300625780243817,-1.4735425122259946,0.0,6.10923574947441
478,3.4238942214924526,-1.4711212687761972,2.259342951723076,-3.2752767183909115,0.23218609101326504,1.9499625203126736,0.8720231952062274,0.32122561448467624,0.3575428242353323,0.5299215510241412,0.38563021130827546,0.18159352732407677,0.13630132703889206,0.14114630450124915,0.09777698641647865,0.03408087968242685,0.040855108877061425,0.04165762265418148,0.030528486661646825,0.0030034656238627096,0.0010723799439036087,0.00039764054672209457,0.030528486661646707,0.04165762265418151,0.04085510887706149,0.03408087968242685,0.09777698641647858,0.14114630450124918,0.13630132703889208,0.18159352732407671,0.38563021130827535,0.5299215510241412,0.35754282423533224,0.3212256144846762,0.8720231952062271,1.9499625203126736,0.23218609101326468,-3.2752767183909115,2.2593429517230756,-1.4711212687761965,0.0,5.7352279167076325
479,2.971945304207713,-1.4686146960201407,2.217535936990921,-3.3794146045035682,0.20585492994380694,1.9177541549853645,0.8460826248084566,0.3167600142182141,0.32898061706762616,0.5259775455468659,0.3942392254417683,0.19775687289663255,0.13919260135914555,0.14093753838478834,0.10745480061914237,0.03827663781648214,0.04672162630807823,0.0452498266402014,0.037563963100290566,0.00604627275280836,0.0008789168063920919,0.002015423564171982,0.037563963100290435,0.045249826640201454,0.0467216263080783,0.038276637816482155,0.10745480061914231,0.14093753838478837,0.13919260135914555,0.19775687289663255,0.3942392254417681,0.5259775455468655,0.328980617067626,0.3167600142182141,0.8460826248084562,1.9177541549853638,0.20585492994380675,-3.379414604503567,2.21753593699092,-1.4686146960201405,0.0,5.325559844331521
480,2.4774770482786117,-1.4660229393463247,2.1752144356198073,-3.4817884160735373,0.17933273978430816,1.88276522947244,0.8183756442909192,0.3113943457685904,0.2991975445409163,0.5195633292458293,0.4005626316049476,0.2125330960939356,0.14092208422811134,0.13934835484762947,0.11591215847440309,0.04197340144002639,0.05189524097570614,0.04808457037603365,0.043894603655521953,0.008962696832082536,0.0006651010755273694,0.003581763045417017,0.043894603655521815,0.04808457037603369,0.0518952409757062,0.041973401440026384,0.11591215847440302,0.13934835484762947,0.1409220842281113,0.21253309609393561,0.40056263160494754,0.5195633292458293,0.2991975445409163,0.3113943457685903,0.8183756442909189,1.88276522947244,0.1793327397843082,-3.481788416073537,2.1752144356198073,-1.4660229393463253,0.0,4.879525670951553
481,1.9427802625961093,-1.4633461490841648,2.1323882665473364,-3.5823447133617026,0.15264413257516757,1.8450464743709194,0.788960098938862,0.3051438555912796,0.26830413329308406,0.5107090259669388,0.4045637697533696,0.22581855232695855,0.14147534026350125,0.13639431920093464,0.12305300251421616,0.045122977585755376,0.0562992258440267,0.05011440162022691,0.04940162260134078,0.011691776905350146,0.00043588396465655237,0.005056678291985201,0.049401622601340615,0.05011440162022698,0.056299225844026746,0.04512297758575536,0.12305300251421611,0.1363943192009346,0.14147534026350128,0.22581855232695855,0.4045637697533695,0.5107090259669389,0.2683041332930841,0.30514385559127954,0.7889600989388615,1.8450464743709198,0.15264413257516757,-3.5823447133617035,2.132388266547336,-1.4633461490841648,0.0,4.396681012258092
482,1.370145756051179,-1.4605844804952697,2.0890673657981838,-3.681031005382225,0.12581387478834172,1.804652578269752,0.7578974010960261,0.2980263043476192,0.23641503049073204,0.4994562192264143,0.4062194432271074,0.23752005366581389,0.1408477516327149,0.1321043648453776,0.1287962280472697,0.04768430671195356,0.05986826783371639,0.05130534197780767,0.05398168833364334,0.014176468000186324,0.00019657332841755608,0.0064025222021780424,0.05398168833364317,0.05130534197780775,0.059868267833716446,0.04768430671195356,0.12879622804726967,0.13210436484537758,0.1408477516327149,0.23752005366581389,0.40621944322710735,0.4994562192264142,0.23641503049073195,0.2980263043476192,0.7578974010960258,1.8046525782697516,0.12581387478834183,-3.6810310053822257,2.089067365798183,-1.46058448049527,0.0,3.8768570323607365
483,0.7618643375347833,-1.4577380937644389,2.045261784178853,-3.777795777303147,0.09886686434457526,1.761642108456589,0.7252524019509463,0.2900619164381928,0.2036485783671747,0.48585775691718047,0.4055200532337437,0.24755552248612656,0.13904455659625645,0.12652050988198577,0.13307660433453675,0.04962399797641293,0.06254943644443264,0.051637455682206346,0.05754886224504959,0.01636483351847596,-4.728924833307026e-05,0.007584942210534427,0.05754886224504944,0.05163745568220641,0.06254943644443267,0.04962399797641293,0.13307660433453672,0.12652050988198577,0.13904455659625645,0.24755552248612658,0.4055200532337437,0.4858577569171805,0.20364857836717493,0.29006191643819285,0.7252524019509458,1.761642108456589,0.09886686434457526,-3.777795777303147,2.0452617841788534,-1.457738093764439,0.0,3.3201715634140303
484,0.12022681593789386,-1.4548071539903693,2.000981684945815,-3.8725885173374412,0.07182810750864746,1.7160774260008178,0.6910932561437938,0.28127332253554077,0.17012637504783298,0.46997750311303166,0.40246965449751726,0.2558545671845966,0.1360808057858254,0.11969744556444828,0.1358455154707346,0.05091676453712575,0.06430296873797574,0.05110518331036428,0.06003621124417041,0.018211130848315066,-0.0002900567739545088,0.008573757134502681,0.060036211244170246,0.051105183310364365,0.06430296873797575,0.05091676453712574,0.1358455154707345,0.11969744556444825,0.13608080578582543,0.2558545671845966,0.4024696544975172,0.46997750311303166,0.17012637504783304,0.28127332253554077,0.6910932561437932,1.7160774260008178,0.07182810750864739,-3.872588517337442,2.0009816849458146,-1.454807153990369,0.0,2.727037071809716
485,-0.552475999848518,-1.4517918311760813,1.956237341447539,-3.965359743110468,0.044722695684080715,1.6680245953359727,0.6554912794764386,0.2716854952794896,0.13597282329282923,0.45189003813619505,0.39708593175199625,0.2623589759255196,0.13198123658201316,0.11170200062380735,0.13707151255686478,0.0515457532049415,0.06510285904057322,0.04971743484479143,0.061397063662617886,0.019676767505261556,-0.0005261076143030014,0.00934372754687488,0.061397063662617705,0.04971743484479151,0.06510285904057322,0.0515457532049415,0.13707151255686473,0.11170200062380736,0.1319812365820132,0.2623589759255196,0.3970859317519962,0.45189003813619505,0.13597282329282934,0.27168549527948954,0.6554912794764384,1.6680245953359725,0.044722695684080785,-3.9653597431104695,1.9562373414475378,-1.4517918311760813,0.0,2.098165312556072
486,-1.2539533009334916,-1.448692300219054,1.9110391347409972,-4.056061027490069,0.017575782128838553,1.6175532884726214,0.6185208000227888,0.2613256783178213,0.10131466883142969,0.4316803082969043,0.38940009721256424,0.2670231249549892,0.1267800666401291,0.10261248671222312,0.13674067089233657,0.05150276415066099,0.0649372446187358,0.04749744052476117,0.061605884984398875,0.02073110781706114,-0.0007499756698235551,0.009875200010284465,0.06160588498439874,0.047497440524761264,0.06493724461873585,0.051502764150661004,0.13674067089233652,0.10261248671222309,0.1267800666401292,0.2670231249549892,0.38940009721256413,0.4316803082969044,0.10131466883142959,0.26132567831782133,0.6185208000227884,1.6175532884726216,0.01757578212883862,-4.056061027490069,1.911039134740998,-1.4486923002190542,0.0,1.4345685597436784
487,-1.9819142784260517,-1.4455087409010867,1.8653975511831724,-4.144645023865808,-0.009587441386372644,1.5647366839806114,0.5802590029502558,0.2502233088939128,0.066280530001596,0.4094432269499539,0.3794567096231214,0.2698142986187501,0.12052070828752538,0.09251793137688437,0.13485674812973625,0.050788357802350075,0.06380858160893854,0.044482361983320985,0.06065875696583876,0.02135211329000956,-0.0009564769510126742,0.010154608729729665,0.06065875696583863,0.044482361983321075,0.06380858160893857,0.050788357802350075,0.13485674812973622,0.09251793137688433,0.1205207082875254,0.2698142986187501,0.37945670962312134,0.409443226949954,0.06628053000159587,0.25022330889391275,0.5802590029502553,1.5647366839806118,-0.009587441386372575,-4.144645023865809,1.8653975511831717,-1.4455087409010867,0.0,0.7375573494741274
488,-2.7340681234352355,-1.4422413378778651,1.819323179998133,-4.2310654908642,-0.036741767955543445,1.5096513608871387,0.5407857693763181,0.23840993420130996,0.031000420440183647,0.3852832287418363,0.3673134159260816,0.27071291883900656,0.11325540617624223,0.08151720607672817,0.13144114159594347,0.04941184753930268,0.06173360859201049,0.04072267017949784,0.05857345115601193,0.021526803271605263,-0.001140829621213701,0.010174821818479443,0.0585734511560118,0.04072267017949793,0.06173360859201052,0.049411847539302674,0.13144114159594347,0.08151720607672815,0.11325540617624229,0.2707129188390066,0.3673134159260815,0.3852832287418363,0.031000420440183647,0.23840993420130993,0.5407857693763177,1.5096513608871387,-0.036741767955543445,-4.231065490864201,1.8193231799981326,-1.442241337877865,0.0,0.00873472152514232
489,-3.508124027070069,-1.4388902806682544,1.772826710820253,-4.315277316486974,-0.0638619989288453,1.4523771876444795,0.5001835095966145,0.2259191217429151,-0.004394733404893059,0.3593137791419064,0.35304061705333767,0.26971268244057117,0.10504480121536176,0.0697180577826374,0.1265326452643347,0.04739117827789875,0.05874309835244136,0.03628130053881271,0.055389095438169944,0.021251526280427598,-0.0012987647269797442,0.009935323338950567,0.05538909543816984,0.03628130053881279,0.05874309835244138,0.04739117827789873,0.12653264526433472,0.06971805778263739,0.1050448012153618,0.26971268244057117,0.35304061705333756,0.3593137791419064,-0.004394733404893197,0.2259191217429151,0.5001835095966143,1.452377187644479,-0.06386199892884516,-4.3152773164869735,1.7728267108202524,-1.4388902806682553,0.0,-0.7500130034660697
490,-4.301791180439588,-1.4354557636433063,1.7259189312141214,-4.397236541659804,-0.09092296729645209,1.3929972063283702,0.45853699103273854,0.21278636394949899,-0.0397735781499872,0.3316568415610208,0.33672105977577654,0.2668206053631102,0.09595742442277068,0.05723605364614055,0.12018700913834962,0.04475269253217604,0.05488140150412623,0.03123259944464427,0.05116543984905662,0.02053203633173055,-0.0014266250518820414,0.009442226471975918,0.05116543984905652,0.03123259944464434,0.05488140150412626,0.04475269253217606,0.12018700913834961,0.057236053646140546,0.09595742442277073,0.2668206053631102,0.3367210597757763,0.3316568415610209,-0.03977357814998706,0.21278636394949899,0.4585369910327381,1.3929972063283702,-0.09092296729645223,-4.3972365416598045,1.7259189312141214,-1.4354557636433065,0.0,-1.536528824223474
491,-5.112778774652826,-1.4319379860149817,1.6786107241717423,-4.476900383179209,-0.11789956104300349,1.3315975122349375,0.41593316125894264,0.19904897732856425,-0.07500482093542846,0.30244230456028454,0.3184493569776025,0.2620569734493675,0.08606912492097392,0.044193449073091265,0.11247630605087824,0.041530786998874,0.050205788750784276,0.025661079715667324,0.045981735451996464,0.019383372663345708,-0.0015214498046604648,0.008708117478319564,0.045981735451996394,0.025661079715667383,0.05020578875078429,0.04153078699887398,0.11247630605087824,0.044193449073091216,0.08606912492097402,0.26205697344936746,0.31844935697760235,0.30244230456028465,-0.07500482093542839,0.19904897732856425,0.4159331612589425,1.3315975122349373,-0.11789956104300368,-4.476900383179209,1.6786107241717412,-1.4319379860149826,0.0,-2.3484009001208297
492,-5.93879600081881,-1.4283371518246015,1.6309130655875894,-4.554227256045646,-0.1447667464510304,1.2682671290507475,0.3724609664772251,0.18474599643012418,-0.10995771666062497,0.27180737183997156,0.29833143913668714,0.255455200154553,0.07546243685127481,0.03071799028901786,0.10348811307127287,0.03776746414388862,0.044785601535625635,0.01966000590207326,0.039935247300154825,0.01782954537594048,-0.001581043180639212,0.007751734435309177,0.03993524730015479,0.019660005902073313,0.044785601535625656,0.03776746414388861,0.10348811307127284,0.030717990289017776,0.07546243685127486,0.255455200154553,0.29833143913668697,0.27180737183997145,-0.10995771666062497,0.18474599643012413,0.372460966477225,1.268267129050747,-0.1447667464510306,-4.554227256045646,1.6309130655875892,-1.4283371518246017,0.0,-3.1829814497927855
493,-6.777552050046574,-1.4246534699310063,1.5828370217121084,-4.629176795171114,-0.1714995913317246,1.2030978797769718,0.32821116581977844,0.16991806293069486,-0.14450255318639907,0.2398959178734919,0.2764839401909949,0.24706159217496243,0.0642258904904663,0.016941663124456427,0.09332451681744561,0.033511784635895235,0.03870122367651453,0.01332983308203031,0.0331394293921598,0.015903033558579062,-0.0016040252087686693,0.006597488948809365,0.03313942939215977,0.013329833082030375,0.03870122367651453,0.03351178463589523,0.09332451681744561,0.016941663124456375,0.06422589049046636,0.24706159217496237,0.2764839401909947,0.2398959178734919,-0.14450255318639893,0.16991806293069486,0.328211165819778,1.2030978797769718,-0.17149959133172482,-4.629176795171115,1.5828370217121086,-1.4246534699310063,0.0,-4.037408478545927
494,-7.62675611344515,-1.4208871539984445,1.5343937465842563,-4.701709876449985,-0.19807328816149083,1.1361842535948172,0.2832761418664914,0.15460731015066342,-0.17851113270394767,0.20685781221261143,0.2530335213515345,0.23693502463977362,0.05245327331989803,0.0029994002753313403,0.08210095397057741,0.028819227765503545,0.032042889237742324,0.006776525292177248,0.025721795864523084,0.013644106390086246,-0.0015898637068564496,0.005274843048802119,0.025721795864523073,0.006776525292177272,0.03204288923774231,0.028819227765503542,0.0821009539705774,0.0029994002753312714,0.05245327331989813,0.23693502463977356,0.2530335213515344,0.2068578122126114,-0.17851113270394758,0.1546073101506634,0.2832761418664912,1.1361842535948166,-0.19807328816149103,-4.701709876449985,1.5343937465842552,-1.4208871539984445,0.0,-4.908630064643904
495,-8.48411738212357,-1.417038422484179,1.485594479443669,-4.771788637182008,-0.2244631771028128,1.0676232688652403,0.23774970777309576,0.13885724333317598,-0.2118572474840376,0.17284821563727396,0.22811613678204182,0.22514652814431704,0.04024284721451525,-0.010972240299835815,0.06994490016170578,0.023750968187859933,0.024909344318209167,0.00010978174081220583,0.017821528364993688,0.011099981406986039,-0.0015388866050178884,0.0038175571732682123,0.017821528364993705,0.0001097817408122532,0.024909344318209143,0.02375096818785994,0.06994490016170579,-0.010972240299835833,0.04024284721451534,0.22514652814431702,0.22811613678204173,0.17284821563727396,-0.21185724748403756,0.138857243333176,0.23774970777309562,1.0676232688652403,-0.22446317710281288,-4.771788637182009,1.485594479443669,-1.4170384224841788,0.0,-5.793430897196693
496,-9.347345047190865,-1.4131074986258159,1.4364505421230707,-4.8393764958368735,-0.25064476888806814,0.9975143324616048,0.1917269114126262,0.12271261602473084,-0.24441714824090446,0.13802685145560056,0.20187624540262428,0.21177879052148538,0.02769652828571532,-0.024836412901405848,0.05699442212163215,0.01837307841746305,0.017406382602298154,-0.0065587995038886,0.009586864501178597,0.008323837532435738,-0.0014522743519786224,0.0022628284355249413,0.009586864501178637,-0.006558799503888559,0.017406382602298147,0.018373078417463048,0.05699442212163218,-0.024836412901405872,0.027696528285715418,0.21177879052148538,0.2018762454026242,0.1380268514556006,-0.24441714824090452,0.12271261602473085,0.19172691141262585,0.997514332461605,-0.2506447688880682,-4.8393764958368735,1.4364505421230713,-1.4131074986258156,0.0,-6.688460725717869
497,-10.214148299756069,-1.4090946104283557,1.38697333642151,-4.90443817114998,-0.2765937675450595,0.925959095639215,0.14530383693909682,0.10621930290873832,-0.2760700033727326,0.10255725537634544,0.17446597338695158,0.19692557684599657,0.014919036223584387,-0.03845732442839159,0.043396609538624016,0.012755667471892438,0.00964527639188245,-0.013117589611649837,0.0011723163665850955,0.00537370349645408,-0.0013320325800723275,0.0006503411706821215,0.0011723163665851557,-0.01311758961164982,0.009645276391882424,0.012755667471892438,0.043396609538624044,-0.038457324428391615,0.014919036223584481,0.19692557684599657,0.17446597338695158,0.10255725537634544,-0.27607000337273246,0.10621930290873835,0.14530383693909682,0.9259590956392145,-0.2765937675450597,-4.904438171149981,1.3869733364215096,-1.4090946104283557,0.0,-7.5902643539644306
498,-11.082236330928207,-1.4049999906509685,1.3371743414590498,-4.966939700539477,-0.3022860929431717,0.8530613066507146,0.09857740418768286,0.08942416945338977,-0.30669834737444607,0.06660600747672113,0.14604423220842505,0.18069107173976487,0.0020170202386531923,-0.05170156440851485,0.029305904434648835,0.00697196689354646,0.001741126387966996,-0.01945679760281857,-0.007264228665398457,0.002311244882393034,-0.001180945661915253,-0.0009787460040527112,-0.0072642286653983685,-0.019456797602818546,0.001741126387966968,0.006971966893546449,0.02930590443464886,-0.05170156440851484,0.0020170202386532656,0.18069107173976484,0.146044232208425,0.06660600747672116,-0.3066983473744461,0.08942416945338984,0.09857740418768261,0.8530613066507148,-0.3022860929431719,-4.966939700539477,1.33717434145905,-1.4049999906509683,0.0,-8.49531278889204
499,-11.949318331816317,-1.400823876793494,1.2870651110135192,-5.026848457834923,-0.3276979031392306,0.7789266603210395,0.05164516633020503,0.07237493874422814,-0.3361885167587288,0.03034194987259618,0.11677579734846719,0.16318914859163455,-0.010901831101372031,-0.06443941169152709,0.014882347034847197,0.0010973760644939032,-0.0061888453045531484,-0.025470308196353778,-0.015564470479986776,-0.000799524846418623,-0.0010025122342200835,-0.0025828507600097195,-0.015564470479986665,-0.025470308196353774,-0.006188845304553169,0.0010973760644939032,0.014882347034847249,-0.06443941169152709,-0.01090183110137194,0.16318914859163455,0.1167757973484671,0.030341949872596214,-0.33618851675872863,0.07237493874422815,0.05164516633020481,0.7789266603210399,-0.3276979031392306,-5.026848457834923,1.2870651110135187,-1.4008238767934935,0.0,-9.400035139798929
500,-12.81310349352943,-1.396566511082665,1.236657270839938,-5.084133170308346,-0.3528056165023301,0.7036626448000255,0.004605106208366906,0.05512005587981348,-0.3644310718675445,-0.006064606234789725,0.08683035300813526,0.1445425708173755,-0.023729688710025884,-0.07654610500734252,0.00028975805341048907,-0.004791520739779709,-0.014027033633509807,-0.03105745812839585,-0.02357266650400401,-0.0038935823969165305,-0.0008008641817887561,-0.004121028442895673,-0.023572666504003886,-0.031057458128395866,-0.014027033633509848,-0.004791520739779714,0.00028975805341054935,-0.0765461050073425,-0.02372968871002578,0.14454257081737545,0.08683035300813517,-0.006064606234789621,-0.3644310718675442,0.055120055879813515,0.004605106208366923,0.7036626448000256,-0.35280561650233017,-5.084133170308347,1.2366572708399375,-1.396566511082665,0.0,-10.300850853244938
501,-13.67130100717658,-1.3922281404580572,1.185962515973248,-5.138763934998797,-0.37758593359709636,0.6273783857148668,-0.04244456823005283,0.03770855031580094,-0.391321203008792,-0.04244268041154972,0.056381508361357004,0.12488213076252634,-0.03635948299336051,-0.08790306494445908,-0.014306121958798719,-0.010617952743523744,-0.021657194735359292,-0.036124721206700745,-0.03113855400015438,-0.006906253804647245,-0.0005806709577273593,-0.005554017182041938,-0.03113855400015426,-0.03612472120670076,-0.021657194735359327,-0.010617952743523744,-0.014306121958798676,-0.08790306494445911,-0.03635948299336041,0.12488213076252631,0.056381508361356886,-0.042442680411549756,-0.39132120300879186,0.037708550315801025,-0.0424445682300528,0.6273783857148668,-0.37758593359709625,-5.138763934998797,1.1859625159732483,-1.392228140458057,0.0,-11.19420186626222
502,-14.521620063866795,-1.3878090165577674,1.1349926080149688,-5.19071223432186,-0.40201585880507634,0.5501844879483893,-0.08940562896497307,0.020189896548577984,-0.4167591194108992,-0.07862142598687108,0.025605791053075713,0.10434573228806525,-0.04868579752200667,-0.09839905537996005,-0.028739515071858415,-0.01630596349519003,-0.02896616988403942,-0.04058727389394135,-0.03812016953974134,-0.009774566290225276,-0.00034703145548730947,-0.0068452400467259086,-0.03812016953974121,-0.040587273893941365,-0.028966169884039456,-0.016305963495190028,-0.028739515071858374,-0.09839905537996006,-0.048685797522006545,0.10434573228806522,0.025605791053075644,-0.07862142598687101,-0.41675911941089944,0.020189896548577984,-0.08940562896497334,0.5501844879483896,-0.40201585880507634,-5.19071223432186,1.1349926080149684,-1.3878090165577672,0.0,-12.076584263754656
503,-15.361769854709106,-1.3833093957038165,1.0837593724044063,-5.239950950956023,-0.42607272166419563,0.4721928752725452,-0.13618003297969006,0.0026138735343256897,-0.44065041955192463,-0.11443093242052824,-0.0053183762224849685,0.08307742347390855,-0.060605748904854255,-0.10793127298542987,-0.04284648885894446,-0.02178140107593926,-0.03584556368584823,-0.04437041521276742,-0.044386512750324104,-0.01243856455653477,-0.00010535593659251268,-0.007961738669600526,-0.04438651275032396,-0.04437041521276747,-0.035845563685848264,-0.021781401075939264,-0.042846488858944425,-0.10793127298542991,-0.060605748904854116,0.08307742347390856,-0.005318376222484985,-0.11443093242052824,-0.4406504195519245,0.0026138735343257417,-0.13618003297969009,0.47219287527254505,-0.42607272166419563,-5.239950950956024,1.083759372404406,-1.3833093957038163,0.0,-12.944579035737899
504,-16.189459570812545,-1.3787295388872827,1.0322746956750573,-5.286454381998062,-0.4497341979064731,0.3935166280696415,-0.1826701269503142,-0.01496957675703689,-0.4629064414888522,-0.1497030232739359,-0.03621171013013402,0.06122638622512883,-0.07201984552035776,-0.11640635413758353,-0.05646681831752656,-0.02697288478330379,-0.04219335163195798,-0.04741081720409885,-0.049820004356765916,-0.014842564012592083,0.00013875925181277584,-0.00887501450656342,-0.04982000435676575,-0.0474108172040989,-0.04219335163195803,-0.02697288478330379,-0.05646681831752649,-0.11640635413758355,-0.07201984552035766,0.0612263862251288,-0.03621171013013413,-0.14970302327393595,-0.46290644148885224,-0.014969576757036838,-0.18267012695031415,0.39351662806964144,-0.44973419790647284,-5.2864543819980625,1.0322746956750568,-1.378729538887283,0.0,-13.794881546015061
505,-17.00239840328615,-1.3740697117531624,0.9805505226968294,-5.330198252380117,-0.47297833017447827,0.31426981937659926,-0.22877885112162685,-0.03251049125110936,-0.48344459188699174,-0.1842720460371336,-0.06689510609160498,0.03894588986807762,-0.08283281793793984,-0.12374128937138894,-0.06944580568216588,-0.031812735687807056,-0.04791539316783699,-0.049657585006584286,-0.0543186923939289,-0.01693631472838472,0.0003796612684985098,-0.00956175625997025,-0.05431869239392875,-0.04965758500658435,-0.04791539316783701,-0.031812735687807056,-0.06944580568216582,-0.1237412893713889,-0.08283281793793976,0.03894588986807762,-0.06689510609160504,-0.18427204603713365,-0.48344459188699174,-0.03251049125110932,-0.22877885112162702,0.3142698193765996,-0.47297833017447827,-5.330198252380117,0.9805505226968291,-1.3740697117531622,0.0,-14.624329345724592
506,-17.798295543238943,-1.3693301845849637,0.928598853904741,-5.371159727541421,-0.495783548397302,0.23456734948995372,-0.2744099419437129,-0.04995902773823449,-0.5021886525284359,-0.21797565010234424,-0.09719067664710145,0.01639221607618512,-0.09295441409825912,-0.12986423641904085,-0.08163603745974018,-0.03623785893131082,-0.052926827840077774,-0.05107310881200687,-0.05779816519448171,-0.01867605179096018,0.0006117716778859014,-0.010004434897769003,-0.057798165194481534,-0.05107310881200696,-0.052926827840077816,-0.036237858931310825,-0.08163603745974013,-0.12986423641904088,-0.09295441409825904,0.0163922160761851,-0.09719067664710153,-0.2179756501023442,-0.5021886525284359,-0.049959027738234504,-0.27440994194371265,0.2345673494899533,-0.495783548397302,-5.371159727541422,0.9285988539047401,-1.369330184584964,0.0,-15.42992799254595
507,-18.57486018177996,-1.3645112322890274,0.8764317425147143,-5.409317425348083,-0.5181286898071328,0.15452477937140802,-0.319468133046314,-0.06726560649928785,-0.5190690631621027,-0.2506555492304185,-0.1269227827605809,-0.006276437333690823,-0.10230015261525321,-0.1347152238714496,-0.09289905873093879,-0.04019056626498222,-0.05715333381514568,-0.0516336934353148,-0.0601931352572456,-0.020025410106551792,0.0008297156268137066,-0.01019175108073612,-0.06019313525724545,-0.051633693435314855,-0.05715333381514573,-0.04019056626498221,-0.09289905873093872,-0.13471522387144955,-0.10230015261525313,-0.0062764373336908754,-0.12692278276058103,-0.2506555492304185,-0.5190690631621027,-0.0672656064992879,-0.31946813304631383,0.1545247793714081,-0.518128689807133,-5.4093174253480845,0.8764317425147141,-1.3645112322890272,0.0,-16.208874568722162
508,-19.329801510018243,-1.3596131343785827,0.8240612917271332,-5.444651427254674,-0.5399930185778644,0.07425816309548915,-0.3638593541313189,-0.08438105118560492,-0.5340231796456957,-0.28215826492930085,-0.1559190520897655,-0.02890106604528493,-0.11079202791241159,-0.1382467385702072,-0.10310694570155093,-0.04361932810384003,-0.06053223010564755,-0.05132995496057845,-0.06145866427697769,-0.020956184526963944,0.001028446307058371,-0.010118923577267729,-0.06145866427697754,-0.05132995496057852,-0.0605322301056476,-0.043619328103840026,-0.10310694570155086,-0.13824673857020717,-0.11079202791241152,-0.028901066045284966,-0.1559190520897656,-0.2821582649293009,-0.5340231796456957,-0.08438105118560493,-0.3638593541313191,0.07425816309548922,-0.5399930185778645,-5.444651427254673,0.8240612917271323,-1.3596131343785824,0.0,-16.958578627890542
509,-20.0608287190628,-1.3546361749575344,0.7714996519187995,-5.47714328870184,-0.561356245067512,-0.00611612041776711,-0.40749092736815484,-0.1012567285527376,-0.5469955064215981,-0.31233584725330255,-0.18401137831744666,-0.051322974543958684,-0.1183591613077548,-0.14042419097680256,-0.11214375864273182,-0.04647944529369935,-0.06301340615760877,-0.05016697782321221,-0.06157100634959895,-0.02144891941157023,0.0012033618214978808,-0.009787811303959816,-0.06157100634959883,-0.05016697782321228,-0.0630134061576088,-0.046479445293699344,-0.11214375864273175,-0.14042419097680253,-0.11835916130775473,-0.05132297454395873,-0.18401137831744666,-0.31233584725330255,-0.5469955064215978,-0.1012567285527376,-0.4074909273681547,-0.006116120417767454,-0.5613562450675124,-5.477143288701839,0.7714996519187992,-1.354636174957534,0.0,-17.67668034136295
510,-20.765651000022693,-1.3495806427039836,0.7187590178239459,-5.506776048744469,-0.5821985446465768,-0.08648153614112489,-0.450271760882048,-0.11784468665099011,-0.5579379024639718,-0.34104656963800467,-0.21103689575044352,-0.07338488925171288,-0.12493839261314332,-0.1412262539610101,-0.11990685871795842,-0.048733631833004845,-0.06456006501256042,-0.04816422969898059,-0.060528053531286,-0.02149331530152351,0.0013504117477137953,-0.009206865876900724,-0.060528053531285875,-0.04816422969898068,-0.06456006501256045,-0.04873363183300484,-0.11990685871795836,-0.14122625396101013,-0.12493839261314325,-0.0733848892517129,-0.21103689575044357,-0.3410465696380048,-0.5579379024639718,-0.11784468665099004,-0.45027176088204796,-0.08648153614112485,-0.5821985446465769,-5.506776048744471,0.7187590178239459,-1.3495806427039834,0.0,-18.36106565826536
511,-21.44197754400692,-1.344446830853484,0.6658516257049569,-5.533534238905402,-0.6025005760948896,-0.16672156190479467,-0.49211253893120754,-0.1340977910800666,-0.5668097599327818,-0.36815559450755836,-0.2368389235359632,-0.0949320616883365,-0.13047480731004668,-0.14064507169017818,-0.12630807374034156,-0.05035250095288265,-0.06514926902300815,-0.04535523562450542,-0.05834937539112525,-0.02108844420561425,0.0014661909313967148,-0.008390915884800659,-0.05834937539112514,-0.04535523562450551,-0.06514926902300819,-0.050352500952882656,-0.1263080737403415,-0.14064507169017815,-0.13047480731004663,-0.09493206168833651,-0.23683892353596328,-0.3681555945075583,-0.5668097599327817,-0.13409779108006656,-0.4921125389312078,-0.16672156190479462,-0.6025005760948896,-5.533534238905402,0.665851625704956,-1.3444468308534836,0.0,-19.00987834008225
512,-22.08751754212455,-1.3392350371820338,0.6127897505134553,-5.557403891250069,-0.6222434995498605,-0.2467198573424415,-0.5329259083758839,-0.14996985892066678,-0.5735781548717469,-0.39353560652840713,-0.2612678740212528,-0.11581335392080863,-0.1349221949016221,-0.13868633657344379,-0.13127469961978802,-0.051314948218613925,-0.06477228002807664,-0.041787016804339494,-0.055075851815179155,-0.020242768997734636,0.0015480183376328361,-0.007360788390370479,-0.05507585181517906,-0.04178701680433959,-0.06477228002807667,-0.051314948218613925,-0.13127469961978797,-0.1386863365734438,-0.13492219490162205,-0.11581335392080866,-0.26126787402125284,-0.393535606528407,-0.5735781548717466,-0.1499698589206667,-0.532925908375884,-0.24671985734244187,-0.6222434995498605,-5.557403891250071,0.6127897505134547,-1.3392350371820336,0.0,-19.62152877787203
513,-22.699980185484584,-1.3339455639888027,0.5595857030424103,-5.578372545677844,-0.6414089939894797,-0.32636043257359415,-0.5726266610500008,-0.16541578996246403,-0.5782179693909717,-0.41706741053541146,-0.28418211999031684,-0.1358822986873063,-0.13824343461540034,-0.13536923350724164,-0.1347503261257188,-0.05160842665821645,-0.06343468894437122,-0.03751930349870541,-0.05076890595188819,-0.0189739665204905,0.001593999134155716,-0.006142777321098866,-0.05076890595188812,-0.037519303498705525,-0.06343468894437125,-0.05160842665821645,-0.1347503261257188,-0.13536923350724167,-0.13824343461540028,-0.13588229868730634,-0.28418211999031695,-0.41706741053541146,-0.5782179693909717,-0.1654157899624639,-0.5726266610500008,-0.32636043257359426,-0.6414089939894798,-5.578372545677844,0.5595857030424103,-1.3339455639888027,0.0,-20.194699548918077
514,-23.27707466519606,-1.3285787180785988,0.5062518270699352,-5.596429256426276,-0.6599792742338443,-0.40552781637788154,-0.6111319116546171,-0.18039169485558454,-0.5807119848808343,-0.43864049132226113,-0.30544881574987887,-0.1549981267598094,-0.14041080523725458,-0.13072625196819604,-0.1366954775864476,-0.0512291103314126,-0.061156332850166376,-0.032623535167778786,-0.04550935169152951,-0.01730855809256209,0.0016030685689354916,-0.004767972318713684,-0.04550935169152946,-0.03262353516777888,-0.06115633285016639,-0.05122911033141259,-0.13669547758644757,-0.130726251968196,-0.14041080523725458,-0.15499812675980942,-0.30544881574987903,-0.4386404913222612,-0.5807119848808342,-0.18039169485558446,-0.6111319116546171,-0.4055278163778814,-0.6599792742338443,-5.596429256426276,0.5062518270699349,-1.328578718078598,0.0,-20.728347718047218
515,-23.81651017236802,-1.3231348107440715,0.45280049649542586,-5.611564597784858,-0.6779371074494349,-0.4841072236172643,-0.64836127080182,-0.19485501982144735,-0.5810509459112012,-0.4581535326671654,-0.3249446673043304,-0.17302675433909284,-0.1414062164905778,-0.12480286779385832,-0.1370880612482469,-0.05018194420661183,-0.05797100079259947,-0.0271816646096176,-0.03939587730518777,-0.015281355143184447,0.0015750166260563511,-0.0032714651783949038,-0.039395877305187725,-0.02718166460961768,-0.05797100079259947,-0.05018194420661183,-0.13708806124824688,-0.12480286779385835,-0.14140621649057772,-0.1730267543390929,-0.32494466730433047,-0.45815353266716535,-0.581050945911201,-0.1948550198214473,-0.64836127080182,-0.4841072236172643,-0.6779371074494348,-5.61156459778486,0.45280049649542586,-1.3231348107440715,0.0,-21.221703936479454
516,-24.315995898109502,-1.3176141577476577,0.3992441124687155,-5.623770669015293,-0.6952658291408262,-0.561984721663511,-0.6842370128477757,-0.20876466756860113,-0.5792335945788449,-0.4755148931562602,-0.3425566471545661,-0.18984172355623907,-0.14122136002942817,-0.11765709776809927,-0.135923618201704,-0.048480579695685075,-0.05392593268088181,-0.0212847861098917,-0.032543193695658584,-0.012934731561449213,0.001510492888939655,-0.0016914541333191014,-0.03254319369565858,-0.021284786109891776,-0.053925932680881826,-0.04848057969568507,-0.13592361820170398,-0.11765709776809928,-0.14122136002942814,-0.1898417235562391,-0.3425566471545661,-0.4755148931562603,-0.5792335945788447,-0.2087646675686011,-0.6842370128477757,-0.5619847216635114,-0.6952658291408261,-5.623770669015293,0.3992441124687158,-1.3176141577476574,0.0,-21.67426843709024
517,-24.7732410335295,-1.3120170793032646,0.34559510051290504,-5.633041098475728,-0.7119493586149924,-0.6390473955896174,-0.7186842381645446,-0.22208111406997713,-0.5752666751755918,-0.49064303657006536,-0.3581826495766473,-0.2053250894837284,-0.13985777878535655,-0.10935893137378414,-0.13321537402537983,-0.04614719668693395,-0.04908111869716645,-0.015031610567523317,-0.025079882005798835,-0.01031773797024682,0.0014109914982977142,-6.826884760569999e-05,-0.025079882005798863,-0.015031610567523388,-0.049081118697166456,-0.046147196686933956,-0.13321537402537986,-0.10935893137378411,-0.13985777878535652,-0.20532508948372843,-0.3581826495766473,-0.49064303657006547,-0.5752666751755918,-0.22208111406997713,-0.7186842381645446,-0.6390473955896175,-0.7119493586149923,-5.633041098475728,0.3455951005129045,-1.3120170793032637,0.0,-22.085804068625947
518,-25.1859547697371,-1.3063439000576986,0.2918659076415398,-5.6393710469467955,-0.7279722139038556,-0.7151835118856547,-0.7516310295118793,-0.23476652086973926,-0.5691649091598816,-0.5034669148117171,-0.3717320825813065,-0.2193682474343627,-0.13732685408910203,-0.09998964527844842,-0.12899408857156833,-0.04321221439632697,-0.04350840961512473,-0.008526813121899193,-0.01714598097097994,-0.0074850764388600804,0.0012788165531386322,0.001556658995352691,-0.01714598097097998,-0.008526813121899247,-0.04350840961512473,-0.04321221439632697,-0.12899408857156833,-0.09998964527844843,-0.137326854089102,-0.21936824743436273,-0.3717320825813066,-0.503466914811717,-0.5691649091598814,-0.23476652086973918,-0.7516310295118794,-0.7151835118856552,-0.7279722139038554,-5.639371046946796,0.29186590764153897,-1.3063439000576986,0.0,-22.45632655201997
519,-25.5518462978413,-1.300594949071833,0.23806899947079865,-5.64275721015771,-0.7433195261312293,-0.7902826804616795,-0.7830086021825383,-0.24678484260061126,-0.560950940524614,-0.5139263015785843,-0.38312639312239793,-0.23187269474511324,-0.13364971067464648,-0.08964100726726644,-0.12330770660026728,-0.03971389480649908,-0.03729045122060855,-0.0018792809415771239,-0.008890359285643239,-0.004495957065420511,0.0011170287560121179,0.003141853233519702,-0.0088903592856433,-0.0018792809415771668,-0.03729045122060855,-0.03971389480649908,-0.12330770660026732,-0.08964100726726647,-0.13364971067464648,-0.23187269474511318,-0.38312639312239793,-0.5139263015785842,-0.560950940524614,-0.24678484260061118,-0.7830086021825382,-0.7902826804616796,-0.743319526131229,-5.64275721015771,0.2380689994707981,-1.3005949490718332,0.0,-22.786092178879933
520,-25.86862480895114,-1.2947705598015218,0.18421685732737,-5.643197820511113,-0.7579770533108262,-0.8642360147028076,-0.8127514476076484,-0.2581019294061737,-0.5506552517640353,-0.5219720752102082,-0.39229952250938976,-0.24275072170252807,-0.1288570403585258,-0.07841437742041887,-0.1162208132294114,-0.03569784386329399,-0.030519458637419228,0.004799709494342218,-0.00046792228786948656,-0.0014128603296702552,0.0009293745380029771,0.004646851902158724,-0.00046792228786954256,0.004799709494342187,-0.030519458637419224,-0.035697843863294006,-0.11622081322941144,-0.07841437742041886,-0.12885704035852583,-0.24275072170252807,-0.3922995225093898,-0.5219720752102084,-0.5506552517640354,-0.25810192940617366,-0.8127514476076484,-0.8642360147028074,-0.7579770533108262,-5.643197820511114,0.18421685732736973,-1.2947705598015216,0.0,-23.075583204892467
521,-26.13399949417562,-1.2888710700782584,0.13032197535267875,-5.640692648005778,-0.7719311935625262,-0.9369362893443979,-0.8407974701223087,-0.2686856239770993,-0.5383160507515059,-0.5275664493841907,-0.39919828938363805,-0.25192602676335263,-0.12298884586608419,-0.06641971533840617,-0.10781390038628537,-0.03121641693251475,-0.023295848735484206,0.011398355110748312,0.007963294625331692,0.0016997689138783967,0.000720199304685865,0.006033240022465936,0.007963294625331617,0.011398355110748307,-0.02329584873548418,-0.03121641693251474,-0.1078139003862854,-0.0664197153384062,-0.12298884586608423,-0.25192602676335263,-0.399198289383638,-0.5275664493841905,-0.5383160507515058,-0.2686856239770992,-0.8407974701223083,-0.9369362893443979,-0.7719311935625262,-5.640692648005778,0.13032197535267792,-1.2888710700782584,0.0,-23.325491218845112
522,-26.34567954462382,-1.2828968220895816,0.07639685760414343,-5.635243000356669,-0.7851689977346358,-1.0082780959384354,-0.8670881166058932,-0.278505852925599,-0.5239791289479577,-0.5306831505765875,-0.4037826980381317,-0.25933425175503266,-0.11609410694286307,-0.053774503139074004,-0.09818245259165832,-0.026328036267663227,-0.015726750903444386,0.01780619776601678,0.01624509131396463,0.004776868503397966,0.0004943468119570196,0.007265630141040044,0.01624509131396454,0.017806197766016763,-0.015726750903444366,-0.026328036267663227,-0.09818245259165832,-0.05377450313907398,-0.11609410694286307,-0.25933425175503266,-0.40378269803813166,-0.5306831505765873,-0.5239791289479576,-0.27850585292559893,-0.8670881166058931,-1.008278095938435,-0.7851689977346359,-5.635243000356669,0.07639685760414343,-1.2828968220895811,0.0,-23.536698790801807
523,-26.50137415140477,-1.2768481623592252,0.022454015154132017,-5.626851722312302,-0.7976781814204338,-1.0781579956857035,-0.8915684987264095,-0.2875347122384416,-0.5076976914672384,-0.5313075414533814,-0.4060261702932183,-0.26492343330205403,-0.10823037153797482,-0.040602594775091254,-0.08743586246017285,-0.021096429386520524,-0.007924418271565412,0.023915973267968127,0.02422207130216522,0.007754118940551957,0.0002570470018415435,0.008312565591991852,0.024222071302165117,0.023915973267968123,-0.007924418271565389,-0.021096429386520517,-0.08743586246017288,-0.04060259477509121,-0.10823037153797488,-0.264923433302054,-0.4060261702932183,-0.5313075414533814,-0.5076976914672382,-0.28753471223844157,-0.8915684987264095,-1.0781579956857037,-0.7976781814204333,-5.626851722312301,0.022454015154131743,-1.2768481623592247,0.0,-23.710259720396547
524,-26.598792505627472,-1.2707254417270222,-0.03149403681271024,-5.615523194169771,-0.8094471363578419,-1.1464746694121521,-0.9141875075336848,-0.29574654656573135,-0.4895321596289755,-0.5294366896135315,-0.4059156995840088,-0.2686543673116857,-0.0994632754717102,-0.027033002942279526,-0.07569618823458168,-0.015589798285493884,-4.562947252495711e-06,0.02962540692465499,0.03174455757843353,0.010569287837675013,1.3794895600775194e-05,0.009147323425995672,0.0317445575784334,0.029625406924655023,-4.562947252473102e-06,-0.015589798285493887,-0.07569618823458168,-0.027033002942279456,-0.09946327547171026,-0.2686543673116857,-0.4059156995840087,-0.5294366896135311,-0.4895321596289751,-0.2957465465657313,-0.9141875075336845,-1.1464746694121521,-0.809447136357842,-5.615523194169771,-0.03149403681271107,-1.2707254417270217,0.0,-23.84737821803141
525,-26.635643798400963,-1.2645290153285513,-0.08543478190308888,-5.601263329488213,-0.8204649412016547,-1.213129064472018,-0.9348979201621448,-0.3031180221201479,-0.4695499467316991,-0.5250793813607563,-0.4034519263661383,-0.2705008839625224,-0.08986599459654224,-0.013198635460460607,-0.06309676746558059,-0.00987993032229212,0.007915360047623485,0.03483892557332448,0.038671401078017364,0.013163530738834589,-0.00022977665145449387,0.009748596511578358,0.03867140107801722,0.0348389255733245,0.007915360047623525,-0.009879930322292126,-0.06309676746558061,-0.013198635460460581,-0.0898659945965423,-0.2705008839625224,-0.4034519263661383,-0.5250793813607563,-0.4695499467316991,-0.3031180221201478,-0.9348979201621445,-1.213129064472018,-0.8204649412016547,-5.601263329488214,-0.08543478190308874,-1.2645290153285516,0.0,-23.949387357886724
526,-26.63194127699348,-1.2582592425745402,-0.13935570541896272,-5.584079572001887,-0.8307213716583162,-1.2780245383646869,-0.9536564984204127,-0.30962819297950506,-0.44782520787834534,-0.5182560804393728,-0.39864913440271416,-0.2704500312669791,-0.07951863402414712,0.0007650064966178257,-0.04978070258286587,-0.0040412623579331895,0.015717894687606784,0.03946925742901752,0.04487262915015426,0.015482621124182614,-0.00046802738689812534,0.010101037398061537,0.0448726291501541,0.039469257429017544,0.01571789468760682,-0.004041262357933191,-0.04978070258286591,0.0007650064966178494,-0.07951863402414719,-0.2704500312669791,-0.3986491344027141,-0.5182560804393728,-0.4478252078783454,-0.309628192979505,-0.9536564984204126,-1.2780245383646869,-0.8307213716583162,-5.584079572001887,-0.13935570541896272,-1.2582592425745402,0.0,-24.017727142079202
527,-26.6095368570968,-1.2519164871300192,-0.19324429726106063,-5.5639808917344995,-0.8402069099738538,-1.341066998857083,-0.9704240790619029,-0.3152585606042321,-0.42443856478254577,-0.5089988319279828,-0.39153516795397947,-0.2685021659201772,-0.06850755951634709,0.014721155572048252,-0.03589923555808421,0.0018500896415756462,0.023287325869420963,0.043438892972112016,0.050231884315341944,0.017478083887261475,-0.0006954402694136707,0.010195650058095834,0.05023188431534179,0.043438892972112064,0.023287325869421015,0.001850089641575644,-0.035899235558084254,0.01472115557204829,-0.06850755951634717,-0.2685021659201772,-0.39153516795397947,-0.5089988319279828,-0.42443856478254566,-0.315258560604232,-0.9704240790619024,-1.341066998857083,-0.8402069099738538,-5.563980891734501,-0.19324429726106077,-1.2519164871300192,0.0,-24.053922510146595
528,-26.56889773245529,-1.2455011168932246,-0.2470880548313268,-5.540977780316811,-0.8489127537661563,-1.402165040408412,-0.985165655547938,-0.31999312640065847,-0.3994768065769651,-0.4973511117423638,-0.38215127034978735,-0.26467095079798536,-0.0569246766206191,0.02853311779820237,-0.021610030120022466,0.00771732289325909,0.0305113955190731,0.046681382420257746,0.054648607552725735,0.019108208592598906,-0.0009067492238874693,0.010030019510588219,0.05464860755272558,0.04668138242025781,0.030511395519073163,0.007717322893259089,-0.021610030120022536,0.028533117798202372,-0.05692467662061918,-0.26467095079798536,-0.38215127034978735,-0.4973511117423638,-0.3994768065769652,-0.31999312640065836,-0.9851656555479378,-1.402165040408412,-0.8489127537661564,-5.540977780316812,-0.2470880548313264,-1.2455011168932244,0.0,-24.059561617498208
529,-26.51049109681331,-1.239013503974263,-0.30087448593362637,-5.515082245509927,-0.8568308241933996,-1.4612300766994546,-0.9978504511326984,-0.3238184371807455,-0.3730325677340074,-0.4833676224543617,-0.3705518448807607,-0.2589832591217614,-0.04486666356697049,0.04206561145035647,-0.00707538103239283,0.013483949038904623,0.03728296742965658,0.049142448065649304,0.0580399251512305,0.020338921333835053,-0.001097061085015344,0.009608373462914363,0.05803992515123034,0.049142448065649366,0.037282967429656616,0.01348394903890462,-0.007075381032392907,0.04206561145035647,-0.04486666356697058,-0.25898325912176134,-0.3705518448807607,-0.4833676224543617,-0.37303256773400734,-0.32381843718074543,-0.9978504511326982,-1.4612300766994542,-0.8568308241933996,-5.515082245509927,-0.30087448593362615,-1.2390135039742625,0.0,-24.036274690845406
530,-26.43478414391523,-1.2324540246735265,-0.3545911116720378,-5.4863078049371845,-0.8639537734510446,-1.5181764690742618,-1.0084519831174137,-0.3267236233890906,-0.34520398429413696,-0.4671140363857052,-0.35680413939437944,-0.25147898596201324,-0.032434164328920406,0.055186092068056615,0.007539629227018099,0.019074791287785674,0.0435016161395577,0.05078089285764803,0.060342203720282116,0.021144496968247103,-0.0012619689056418213,0.00894147439900307,0.06034220372028194,0.05078089285764811,0.04350161613955774,0.019074791287785667,0.007539629227018038,0.05518609206805662,-0.03243416432892052,-0.2514789859620132,-0.3568041393943794,-0.4671140363857052,-0.3452039842941369,-0.32672362338909045,-1.0084519831174132,-1.518176469074262,-0.8639537734510446,-5.486307804937185,-0.35459111167203733,-1.2324540246735265,0.0,-23.98571374829712
531,-26.34224406750543,-1.225823059459865,-0.40822546934606013,-5.45466947902787,-0.8702749915904474,-1.5729216507080201,-1.0169481181396507,-0.32870042998858384,-0.31609432967757733,-0.44866668718328023,-0.3409878564245504,-0.24221076840314365,-0.019730948583821413,0.06776605066625754,0.022069005449660426,0.02441696446109681,0.04907511628728708,0.05156929002151874,0.061512244182489614,0.02150809684009121,-0.0013976540060129535,0.008046344867736463,0.06151224418248948,0.05156929002151883,0.049075116287287134,0.024416964461096802,0.022069005449660374,0.06776605066625759,-0.019730948583821517,-0.24221076840314365,-0.3409878564245503,-0.44866668718328023,-0.31609432967757733,-0.32870042998858384,-1.0169481181396502,-1.5729216507080208,-0.8702749915904475,-5.45466947902787,-0.40822546934606,-1.225823059459865,0.0,-23.90953344722731
532,-26.23333806132826,-1.21912099294852,-0.46176511534206316,-5.420183783176463,-0.8757886126527529,-1.6253862463210516,-1.023321118382272,-0.3297432399169555,-0.2858116314309079,-0.4281122113243571,-0.32319469111494187,-0.23124361633212298,-0.006863045584036119,0.0796822724208632,0.03634772504619843,0.029440825161723003,0.05392081035513234,0.051494442169396505,0.06152809234466512,0.021422120752925277,-0.0015009744008442874,0.006945832983658976,0.06152809234466499,0.05149444216939658,0.05392081035513238,0.029440825161723003,0.03634772504619838,0.0796822724208632,-0.006863045584036231,-0.23124361633212298,-0.3231946911149418,-0.4281122113243573,-0.2858116314309078,-0.32974323991695537,-1.0233211183822715,-1.625386246321052,-0.8757886126527529,-5.420183783176461,-0.46176511534206294,-1.21912099294852,0.0,-23.809373294721198
533,-26.1085333191281,-1.2123482138788149,-0.5151976280203066,-5.382868719121506,-0.8804895201123832,-1.6754941872653815,-1.0275576786055858,-0.32984909004756224,-0.25446827033083225,-0.40554714123541213,-0.3035277996149786,-0.2186544564408416,0.0060621408317603305,0.09081804350043106,0.050213612349617,0.034080879682426846,0.057966834517378024,0.050557602218187385,0.06038945083793521,0.020888365833762763,-0.0015695375565469767,0.005668029230557164,0.06038945083793508,0.05055760221818748,0.05796683451737807,0.03408087968242685,0.05021361234961696,0.09081804350043111,0.006062140831760184,-0.21865445644084164,-0.30352779961497856,-0.4055471412354121,-0.25446827033083225,-0.3298490900475622,-1.0275576786055856,-1.6754941872653821,-0.8804895201123832,-5.382868719121507,-0.5151976280203066,-1.2123482138788149,0.0,-23.686841423963966
534,-25.968297034649304,-1.2055051150916054,-0.5685106105968644,-5.342743765548592,-0.8843733516250676,-1.7231728218170084,-1.0296489539253793,-0.3290176796090617,-0.22218056333286862,-0.3810774519354252,-0.2821012010304796,-0.20453159264063792,0.01893672870046394,0.1010642942236874,0.0635091805833894,0.03827663781648214,0.06115318441321116,0.04877445241634443,0.05811768469745721,0.019917988968377574,-0.0016017557938129447,0.0042455494539554856,0.05811768469745711,0.0487744524163445,0.0611531844132112,0.03827663781648214,0.06350918058338936,0.10106429422368741,0.01893672870046381,-0.2045315926406379,-0.2821012010304795,-0.38107745193542514,-0.22218056333286854,-0.32901767960906164,-1.029648953925379,-1.7231728218170084,-0.8843733516250675,-5.342743765548594,-0.5685106105968646,-1.2055051150916056,0.0,-23.54350010597539
535,-25.813096401636248,-1.1985920935064964,-0.6216916940197809,-5.299829867922365,-0.887436503076005,-1.7683530205139544,-1.0295905782788348,-0.3272513710400485,-0.18906833191266134,-0.3548180633328122,-0.259039116396139,-0.1889740866738067,0.03165325838716127,0.11032066734615832,0.07608342057389345,0.04197340144002639,0.06343260503842046,0.046174841830600305,0.054755420477044264,0.01853127359296121,-0.0015968830526318894,0.0027147023440911413,0.05475542047704418,0.046174841830600395,0.0634326050384205,0.04197340144002639,0.07608342057389335,0.11032066734615834,0.03165325838716119,-0.1889740866738067,-0.2590391163961389,-0.35481806333281224,-0.1890683319126614,-0.3272513710400484,-1.0295905782788346,-1.7683530205139544,-0.8874365030760046,-5.299829867922365,-0.6216916940197809,-1.1985920935064966,0.0,-23.380853130274783
536,-25.6433986138333,-1.1916095500988182,-0.6747285398387922,-5.254149427552873,-0.8896761319244094,-1.8109692763873784,-1.0273826735397866,-0.32455518327622546,-0.1552544574018241,-0.3268923005134077,-0.2344752485021682,-0.17209106326665272,0.04410558951272449,0.11849650101254838,0.08779351589113474,0.045122977585755376,0.06477129155839426,0.04280228668700217,0.05036574642075983,0.016757205716801792,-0.0015550321683928405,0.0011145626593029613,0.05036574642075974,0.04280228668700226,0.0647712915583943,0.04512297758575536,0.08779351589113468,0.11849650101254842,0.04410558951272438,-0.1720910632666527,-0.23447524850216808,-0.3268923005134077,-0.15525445740182423,-0.3245551832762254,-1.0273826735397864,-1.8109692763873781,-0.8896761319244095,-5.254149427552873,-0.6747285398387928,-1.1916095500988186,0.0,-23.20033515106031
537,-25.45967086498482,-1.1845578898763678,-0.7276088430679493,-5.205726289901943,-0.8910901598413293,-1.8509597999404193,-1.0230298492642755,-0.3209367774891836,-0.12086442496848569,-0.2974313145542151,-0.20855200675031363,-0.15400094469794143,0.056189786870044715,0.12551171674730627,0.09850646493745294,0.04768430671195357,0.06514939064904478,0.038713241930298285,0.04503102869915657,0.014632868038229321,-0.001477172259017078,-0.0005140261542617719,0.04503102869915651,0.03871324193029836,0.06514939064904482,0.04768430671195356,0.0985064649374529,0.1255117167473063,0.05618978687004462,-0.1540009446979414,-0.2085520067503136,-0.297431314554215,-0.12086442496848576,-0.3209367774891835,-1.0230298492642755,-1.8509597999404188,-0.8910901598413293,-5.205726289901943,-0.7276088430679494,-1.1845578898763673,0.0,-23.00330305798938
538,-25.26238034883517,-1.1774375218559183,-0.7803203350404759,-5.154585732135712,-0.8916772746382904,-1.8882666087370559,-1.0165411930669437,-0.316406435317313,-0.08602585793485643,-0.2665734665830265,-0.18141968153316135,-0.13483062015170025,0.06780498793447393,0.1312976037859245,0.10810059156075762,0.049623997976412926,0.06456129493054713,0.03397615619542086,0.03885136592185198,0.012202664818402086,-0.0013651062836271472,-0.0021294944885649303,0.03885136592185194,0.03397615619542095,0.06456129493054717,0.049623997976412926,0.10810059156075753,0.1312976037859245,0.06780498793447387,-0.1348306201517002,-0.1814196815331613,-0.2665734665830265,-0.08602585793485645,-0.31640643531731294,-1.0165411930669435,-1.8882666087370559,-0.8916772746382902,-5.154585732135712,-0.7803203350404762,-1.177437521855918,0.0,-22.791029393331915
539,-25.05199425912874,-1.170248859039496,-0.8328507862552004,-5.1007544499297985,-0.8914369314849822,-1.9228356114711,-1.0079302516483555,-0.3109770296507031,-0.05086804415998327,-0.23446367797662265,-0.153235572923275,-0.1147145556807618,0.07885424472767227,0.13579749206481437,0.11646692703496364,0.050916764537125764,0.06301572612730787,0.028670326010386077,0.03194271092537726,0.009517393715116873,-0.001221429292413525,-0.003690607634823272,0.03194271092537724,0.028670326010386136,0.06301572612730788,0.050916764537125764,0.11646692703496359,0.1357974920648144,0.0788542447276722,-0.11471455568076173,-0.15323557292327494,-0.23446367797662257,-0.050868044159983306,-0.31097702965070306,-1.007930251648355,-1.9228356114710996,-0.8914369314849822,-5.1007544499297985,-0.8328507862552005,-1.1702488590394957,0.0,-22.56469780079738
540,-24.828979789609882,-1.162992318390422,-0.885188009213901,-5.044260543533993,-0.8903693534148487,-1.9546166863934171,-0.997215002512854,-0.3046639880530446,-0.01552145624531804,-0.20125274974929724,-0.12416307872360739,-0.09379385102401733,0.08924533300812057,0.13896730727813403,0.12351044771128873,0.051545753204941494,0.06053560572086336,0.022884568410701352,0.024434695078356414,0.006633183977764602,-0.001049468334483836,-0.0051575182963756565,0.02443469507835641,0.022884568410701425,0.060535605720863396,0.05154575320494151,0.12351044771128872,0.13896730727813408,0.08924533300812051,-0.09379385102401729,-0.12416307872360735,-0.20125274974929713,-0.015521456245318177,-0.30466398805304457,-0.9972150025128538,-1.9546166863934167,-0.8903693534148487,-5.044260543533995,-0.8851880092139012,-1.162992318390422,0.0,-22.32540045633773
541,-24.59380413402295,-1.1556683208091298,-0.9373198612489065,-4.985133503103771,-0.8884755311181162,-1.9835637539836697,-0.984417816436004,-0.2974852489244699,0.019882732656359876,-0.16709665432814125,-0.09437074716622539,-0.07221524989312836,0.0988915220342714,0.14077600256504705,0.12915115428334595,0.051502764150661004,0.05715771501398404,0.016715734185074254,0.01646819592792363,0.00361032319795771,-0.0008532054152155144,-0.006492783687959296,0.01646819592792364,0.01671573418507432,0.05715771501398406,0.051502764150661004,0.12915115428334595,0.14077600256504702,0.09889152203427135,-0.07221524989312833,-0.09437074716622533,-0.1670966543281412,0.01988273265635984,-0.29748524892446987,-0.9844178164360036,-1.9835637539836697,-0.8884755311181162,-4.9851335031037705,-0.9373198612489069,-1.1556683208091294,0.0,-22.074137398295004
542,-24.34693448611234,-1.1482772911087507,-0.9892342473402944,-4.923404193306241,-0.8857572220224559,-2.0096348437612197,-0.9695654107599755,-0.28946121052989515,0.0552131356318066,-0.13215580304120692,-0.06403129975134358,-0.05013011067082457,0.10771229847539701,0.14120586259923645,0.13332498040789104,0.05078835780235009,0.05293214964738646,0.010267086639971413,0.008192693827134504,0.0005119971398360711,-0.0006371852871461498,-0.007662321260011839,0.008192693827134548,0.010267086639971456,0.05293214964738647,0.05078835780235009,0.133324980407891,0.14120586259923648,0.10771229847539691,-0.05013011067082455,-0.06403129975134358,-0.13215580304120683,0.05521313563180646,-0.2894612105298951,-0.9695654107599749,-2.0096348437612197,-0.8857572220224557,-4.923404193306243,-0.9892342473402947,-1.1482772911087507,0.0,-21.811817643929395
543,-24.0888380396224,-1.1408196579904735,-1.0409191229220363,-4.859104837208622,-0.8822169486621259,-2.032792155138311,-0.9526887936143759,-0.2806146730376978,0.0903386395914522,-0.09659429275873341,-0.033320629891771716,-0.027693344740599785,0.11563403842790654,0.14025267710225942,0.13598452036124017,0.049411847539302674,0.04792157665881646,0.0036465730217264923,-0.0002365328573935139,-0.0025970310090778674,-0.00040641020963718457,-0.008636278653207744,-0.0002365328573934407,0.0036465730217265352,0.04792157665881646,0.04941184753930268,0.13598452036124015,0.14025267710225947,0.11563403842790648,-0.027693344740599743,-0.03332062989177168,-0.09659429275873332,0.09033863959145207,-0.2806146730376978,-0.9526887936143754,-2.0327921551383112,-0.882216948662126,-4.859104837208624,-1.0409191229220365,-1.1408196579904732,0.0,-21.539261952110802
544,-23.8199819882975,-1.1332958540186784,-1.0923624966764363,-4.792268999457599,-0.8778579963371124,-2.0530021122273063,-0.9338231991789874,-0.27097077373342676,0.12512889183736509,-0.06057913522552394,-0.002416783168149481,-0.005062329894660413,0.1225906219280499,0.13792578208125972,0.13709956746673913,0.04739117827789875,0.042200305102651714,-0.0030349824682437566,-0.008661321329556857,-0.005651774359333624,-0.00016622411430357369,-0.009389795677704274,-0.008661321329556774,-0.0030349824682437154,0.04220030510265172,0.04739117827789875,0.13709956746673907,0.13792578208125963,0.12259062192804983,-0.005062329894660345,-0.0024167831681493777,-0.06057913522552386,0.12512889183736503,-0.27097077373342665,-0.933823199178987,-2.053002112227306,-0.8778579963371121,-4.792268999457598,-1.092362496676436,-1.1332958540186782,0.0,-21.25720706819477
545,-23.54083352588201,-1.1257063155958484,-1.1435524333162148,-4.722931568758382,-0.8726844100644399,-2.0702354125225186,-0.9130080141235626,-0.2605569155926338,0.15945478380936162,-0.0242794727038504,0.02850107489304443,0.017604193558211,0.1285239848318876,0.13424796838713426,0.13665745717790218,0.044752692532176064,0.035853184013153745,-0.009665733817062464,-0.016923592070176904,-0.008588380716967626,7.781114147311116e-05,-0.009903638867633626,-0.016923592070176796,-0.009665733817062455,0.03585318401315371,0.04475269253217606,0.13665745717790215,0.13424796838713426,0.12852398483188754,0.017604193558211034,0.028501074893044466,-0.02427947270385042,0.15945478380936137,-0.26055691559263366,-0.9130080141235624,-2.0702354125225186,-0.8726844100644398,-4.722931568758383,-1.1435524333162144,-1.1257063155958484,0.0,-20.96631126716676
546,-23.25185984612029,-1.1180514829372539,-1.1944770563535947,-4.65112873966259,-0.8667009908244792,-2.084467069386039,-0.8902866953782503,-0.2494026894157851,0.1931889302140493,0.01213421638944398,0.05925369753438617,0.040147236241867175,0.13338460345617956,0.12925525848878422,0.1346632109205303,0.04153078699887398,0.028974344055070263,-0.01613468544864614,-0.024868314980834288,-0.011345467262789326,0.0003200445674187661,-0.010164692413885165,-0.024868314980834198,-0.016134685448646133,0.028974344055070253,0.041530786998873984,0.13466321092053024,0.1292552584887842,0.1333846034561795,0.04014723624186723,0.0592536975343862,0.012134216389444145,0.19318893021404926,-0.24940268941578517,-0.8902866953782501,-2.0844670693860397,-0.8667009908244792,-4.65112873966259,-1.1944770563535951,-1.118051482937254,0.0,-20.66716099528583
547,-22.953528142756717,-1.1103318000454223,-1.2451245508557462,-4.576897993674486,-0.859913291105738,-2.095676448275977,-0.8657066794063337,-0.23753978974650705,0.22620614175873346,0.048490918120983426,0.08966279595333887,0.0624086749090361,0.13713190793506702,0.12299655364984133,0.13113947906007076,0.03776746414388862,0.021665801523477114,-0.022333550236056744,-0.032346418309535024,-0.013865403615220696,0.0005548668972422346,-0.010166292944155058,-0.032346418309534906,-0.022333550236056737,0.021665801523477107,0.03776746414388862,0.13113947906007078,0.12299655364984131,0.137131907935067,0.062408674909036135,0.0896627959533389,0.04849091812098345,0.22620614175873352,-0.23753978974650694,-0.8657066794063333,-2.0956764482759773,-0.8599132911057381,-4.576897993674486,-1.2451245508557462,-1.1103318000454223,0.0,-20.36027839886486
548,-22.64630560953565,-1.1025477146843818,-1.2954831661859432,-4.500278079685402,-0.8523276097522664,-2.1038472966645667,-0.8393192831686904,-0.22500192481207879,0.25838388973584103,0.08461988619390816,0.11955207293432595,0.08423236156228919,0.13973462084240507,0.11553315496361048,0.12612628364198705,0.03351178463589524,0.01403594539617001,-0.028158562175722882,-0.039217585776235325,-0.016095516457291317,0.000776840479331452,-0.009908399605027506,-0.039217585776235186,-0.028158562175722913,0.014035945396169983,0.03351178463589523,0.12612628364198705,0.11553315496361048,0.13973462084240496,0.08423236156228923,0.11955207293432595,0.08461988619390823,0.258383889735841,-0.2250019248120787,-0.83931928316869,-2.1038472966645676,-0.8523276097522664,-4.500278079685403,-1.2954831661859438,-1.1025477146843814,0.0,-20.046129521580696
549,-22.330659440201458,-1.0946996783536906,-1.345541218729815,-4.421308993746594,-0.8439509861184625,-2.1089677676027883,-0.8111795969867408,-0.21182472074208036,0.28960276073376734,0.12035144384398999,0.1487482449345491,0.10546521872005112,0.14117101825338446,0.10693816293746644,0.11968056382705669,0.02881922776550356,0.006197929876301252,-0.03351221338023876,-0.04535288941402886,-0.017989190547907163,0.0009808251934627968,-0.00939759510475513,-0.04535288941402871,-0.03351221338023879,0.006197929876301222,0.028819227765503545,0.11968056382705672,0.10693816293746648,0.1411710182533845,0.10546521872005113,0.1487482449345491,0.12035144384399007,0.28960276073376723,-0.21182472074208028,-0.8111795969867404,-2.108967767602788,-0.8439509861184625,-4.421308993746596,-1.3455412187298157,-1.094699678353691,0.0,-19.725132948823944
550,-22.00705682849852,-1.0867881462622504,-1.395287094606037,-4.3400319581910605,-0.834791193536695,-2.111030436897301,-0.7813463695275545,-0.19804562033735162,0.3197468997866836,0.1555177807127749,0.17708204669799127,0.12595831314514694,0.14142911106645523,0.09729576150749639,0.1118755291844789,0.023750968187859933,-0.0017320037354220464,-0.03830488631332,-0.0506372087243675,-0.01950684310335331,0.0011620974777396356,-0.008646917690121627,-0.050637208724367354,-0.038304886313320026,-0.0017320037354220722,0.02375096818785994,0.1118755291844789,0.09729576150749639,0.1414291110664552,0.12595831314514694,0.17708204669799127,0.15551778071277492,0.31974689978668347,-0.19804562033735162,-0.7813463695275542,-2.1110304368973014,-0.8347911935366947,-4.3400319581910605,-1.3952870946060367,-1.0867881462622506,0.0,-19.397668679000677
551,-21.67596496817118,-1.0788135773019,-1.444709252360846,-4.256489400115238,-0.8248567321038154,-2.110032313874822,-0.7498818851512455,-0.1837037766769122,0.34870444031875725,0.18995374095530163,0.2043892125733406,0.14556790050445279,0.1405067450721195,0.0867003934961295,0.10279982818799653,0.01837307841746305,-0.0096362509515871,-0.04245635394409142,-0.05497139075420978,-0.020616751181886845,0.001316459709518662,-0.007675528346164766,-0.05497139075420963,-0.04245635394409149,-0.009636250951587143,0.018373078417463048,0.10279982818799654,0.0867003934961295,0.14050674507211952,0.14556790050445273,0.2043892125733406,0.18995374095530154,0.34870444031875697,-0.18370377667691218,-0.7498818851512453,-2.1100323138748216,-0.8248567321038155,-4.256489400115239,-1.444709252360847,-1.0788135773019003,0.0,-19.064087007236743
552,-21.337851052963828,-1.0707764340208001,-1.4937962256457573,-4.170724929231809,-0.8141568207932449,-2.1059748457183125,-0.7168518338767149,-0.168839941865154,0.37636791928723307,0.22349759888111473,0.23051142884662967,0.1641564336321119,0.13841161893335738,0.07525583558876295,0.0925565413591356,0.012755667471892431,-0.0173975882255974,-0.04589712270884826,-0.058274110564232394,-0.021295714776899614,0.0014403374074500566,-0.0065082217134619464,-0.058274110564232255,-0.045897122708848305,-0.017397588225597446,0.012755667471892428,0.09255654135913562,0.0752558355887629,0.13841161893335738,0.164156433632112,0.23051142884662967,0.22349759888111484,0.37636791928723295,-0.16883994186515394,-0.7168518338767145,-2.1059748457183116,-0.8141568207932447,-4.17072492923181,-1.4937962256457578,-1.0707764340208,0.0,-18.724717216383375
553,-20.993182276620807,-1.0626771825966035,-1.542536625877848,-4.082783315105166,-0.8027013888999558,-2.0988639153687005,-0.6823251742372272,-0.15349635123543137,0.40263467598375946,0.25599181848583424,0.2552972515674257,0.18159352732407677,0.1351612199276075,0.06307418188955491,0.08126201049329763,0.006971966893546456,-0.02490091142967079,-0.04856959579975934,-0.06048339717898887,-0.02152954175825426,0.0015308620037772448,-0.005174793206778137,-0.060483397178988714,-0.048569595799759405,-0.024900911429670842,0.006971966893546443,0.08126201049329766,0.06307418188955485,0.13516121992760752,0.18159352732407671,0.2552972515674258,0.25599181848583424,0.40263467598375935,-0.15349635123543132,-0.6823251742372268,-2.0988639153687005,-0.8027013888999555,-4.082783315105165,-1.5425366258778481,-1.062677182596603,0.0,-18.379875883289746
554,-20.64242583288651,-1.0545162928094165,-1.5909191448820041,-3.992710463781439,-0.7905010668262962,-2.0887098329951828,-0.6463739893121422,-0.1377166033390809,0.4274072330139842,0.2872837933062056,0.27860298454746124,0.19775687289663255,0.13078267798664273,0.05027474601198285,0.0690445172661894,0.0010973760644939095,-0.03203494290090188,-0.05042903730762094,-0.0615577963866681,-0.021313344525240856,0.001585937270183607,-0.0037092784893255804,-0.061557796386667946,-0.05042903730762101,-0.03203494290090195,0.0010973760644938946,0.06904451726618942,0.05027474601198277,0.13078267798664275,0.19775687289663255,0.2786029845474611,0.28728379330620546,0.42740723301398387,-0.1377166033390809,-0.646373989312142,-2.088709832995182,-0.7905010668262963,-3.9927104637814383,-1.5909191448820048,-1.0545162928094163,0.0,-18.029874624638705
555,-20.286048915505287,-1.0462942380145484,-1.6389325575145106,-3.9005533938252617,-0.7775671762171968,-2.0755273210464598,-0.6090733362353701,-0.1215455360608806,0.45059365804158363,0.3172265631239597,0.3002935124414951,0.2125330960939356,0.12531253925261746,0.03698289245767632,0.05604282622878913,-0.004791520739779719,-0.0386938817391267,-0.05144432107937713,-0.06147714857012161,-0.02065164217032445,0.001604287858999335,-0.0021490847149980004,-0.06147714857012148,-0.051444321079377194,-0.03869388173912674,-0.0047915207397797146,0.05604282622878915,0.03698289245767628,0.12531253925261748,0.21253309609393561,0.3002935124414951,0.31722656312395975,0.4505936580415835,-0.12154553606088066,-0.60907333623537,-2.0755273210464598,-0.777567176217197,-3.900553393825262,-1.6389325575145104,-1.0462942380145488,0.0,-17.675027125831477
556,-19.92451871822152,-1.0380114951150579,-1.6865657242673764,-3.806360211775804,-0.7639117194539189,-2.0593354929045975,-0.5705010894947411,-0.10502909921296454,0.4721079049542743,0.3456795041525424,0.3202430840806037,0.22581855232695855,0.11879646104033506,0.023328808729624315,0.042404608739306425,-0.010617952743523753,-0.044778972881928954,-0.05159845175489363,-0.06024296697423437,-0.019558266018191852,0.001585488835726372,-0.0005340357135565538,-0.06024296697423424,-0.051598451754893714,-0.044778972881929,-0.010617952743523748,0.04240460873930646,0.023328808729624277,0.11879646104033513,0.22581855232695855,0.32024308408060376,0.3456795041525425,0.47210790495427435,-0.10502909921296456,-0.5705010894947407,-2.0593354929045975,-0.7639117194539189,-3.8063602117758037,-1.686565724267376,-1.0380114951150579,0.0,-17.31565531800681
557,-19.55830243477955,-1.0296685445340885,-1.7338075938527928,-3.7101800870348676,-0.749547368516095,-2.040157825172447,-0.5307377783494391,-0.08821422396921426,0.4918701331857189,0.37250898946530725,0.33833604151651536,0.23752005366581389,0.1112888307517769,0.009446230206334835,0.02828476573289162,-0.01630596349519003,-0.050199971686698874,-0.05088884926108051,-0.05787840931197466,-0.018056070514580778,0.0015299755190130002,0.0010946445096555488,-0.05787840931197454,-0.050888849261080615,-0.050199971686698916,-0.016305963495190028,0.028284765732891654,0.009446230206334796,0.11128883075177698,0.23752005366581389,0.33833604151651536,0.3725089894653071,0.49187013318571865,-0.08821422396921433,-0.5307377783494387,-2.0401578251724466,-0.7495473685160952,-3.710180087034868,-1.7338075938527928,-1.0296685445340885,0.0,-16.952094591804975
558,-19.187867258923767,-1.0212658701870054,-1.7806472057671232,-3.612063226200171,-0.7344874532223966,-2.018022123634817,-0.48986641870493647,-0.071148689511128,0.5098070040083058,0.3975890165635225,0.3544674905503445,0.24755552248612656,0.10285231192367915,-0.004528869733790711,0.013843668378838476,-0.021781401075939254,-0.05487648229933272,-0.049327392001070045,-0.05442784324189623,-0.01617645550807746,0.0014390334002191965,0.002695384013375743,-0.05442784324189613,-0.04932739200107012,-0.05487648229933276,-0.021781401075939254,0.013843668378838552,-0.00452886973379072,0.1028523119236792,0.24755552248612658,0.35446749055034454,0.3975890165635225,0.5098070040083058,-0.07114868951112811,-0.4898664187049359,-2.0180221236348173,-0.7344874532223967,-3.6120632262001724,-1.780647205767123,-1.0212658701870054,0.0,-16.584697961432067
559,-18.813680384398527,-1.0128039594533247,-1.8270736928338323,-3.5120608468572017,-0.7187459488607381,-1.9929604829427425,-0.4479723397964256,-0.0538809872640907,0.5258519526972456,0.42080179913687377,0.36854390885832167,0.2558545671845966,0.09355732119713765,-0.018459611508247667,-0.0007546633923551364,-0.02697288478330379,-0.05873914996096264,-0.04694021801548343,-0.049956013870307035,-0.01395870991045317,0.0013147683759998302,0.004227324041123231,-0.04995601387030695,-0.04694021801548352,-0.05873914996096267,-0.026972884783303782,-0.0007546633923550675,-0.01845961150824768,0.09355732119713772,0.2558545671845966,0.36854390885832167,0.4208017991368739,0.5258519526972455,-0.053880987264090734,-0.4479723397964252,-1.9929604829427423,-0.7187459488607381,-3.512060846857201,-1.8270736928338311,-1.0128039594533245,0.0,-16.21383911842301
560,-18.43620900494821,-1.004283303148446,-1.873076283724755,-3.4102251508433357,-0.7023374632195021,-1.965009240079311,-0.4051430060425961,-0.03646018310981474,0.5399454355559646,0.4420383202373037,0.380483688188903,0.2623589759255196,0.08348144057479094,-0.03220955000206455,-0.015344423804037182,-0.031812735687807056,-0.06173068957027071,-0.043767287444250985,-0.04454682889877672,-0.011449190454770107,0.001160057983213417,0.0056513619379117055,-0.044546828898776654,-0.04376728744425107,-0.061730689570270725,-0.03181273568780704,-0.01534442380403713,-0.03220955000206456,0.08348144057479104,0.2623589759255196,0.380483688188903,0.44203832023730366,0.5399454355559643,-0.03646018310981482,-0.405143006042596,-1.9650092400793109,-0.7023374632195022,-3.410225150843336,-1.8730762837247545,-1.0042833031484457,0.0,-15.839914340718618
561,-18.05592031431717,-0.9957043954951809,-1.9186443054591409,-3.3066092969981633,-0.6852772230318147,-1.9342089216745089,-0.36146783444167907,-0.018935777966473315,0.5520351508860731,0.46119884426825386,0.3902176074878641,0.2670231249549892,0.07270876987126224,-0.04564401098403289,-0.029759904431838218,-0.03623785893131082,-0.06380673524734494,-0.039861713613163374,-0.03830178421201189,-0.008700352717378491,0.0009784847653828443,0.006931149242602372,-0.03830178421201186,-0.03986171361316346,-0.06380673524734498,-0.03623785893131082,-0.02975990443183815,-0.045644010984032916,0.07270876987126233,0.2670231249549892,0.39021760748786405,0.46119884426825397,0.5520351508860729,-0.018935777966473392,-0.3614678344416788,-1.934208921674509,-0.6852772230318147,-3.306609296998164,-1.9186443054591407,-0.9957043954951812,0.0,-15.463343248745835
562,-17.673281506249765,-0.9870677340950907,-1.9637671858798713,-3.2012673734142636,-0.6675810598454547,-1.9006041852454831,-0.3170380078909899,-0.0013575671326848558,0.5620762330818756,0.47819338538479444,0.39768923420842534,0.2698142986187501,0.06132922476172885,-0.05863141017795672,-0.04383737629639495,-0.04019056626498221,-0.06493649829966247,-0.035288873942442484,-0.03133805944776786,-0.005769654658001061,0.0007742533137043013,0.008034019479664353,-0.031338059447767845,-0.03528887394244257,-0.0649364982996625,-0.04019056626498221,-0.04383737629639487,-0.05863141017795673,0.06132922476172892,0.2698142986187501,0.39768923420842534,0.4781933853847945,0.5620762330818758,-0.001357567132684873,-0.3170380078909896,-1.900604185245484,-0.6675810598454549,-3.201267373414263,-1.9637671858798704,-0.9870677340950907,0.0,-15.084568425619569
563,-17.288759774490387,-0.9783738198996204,-2.0084344561062824,-3.094254369202892,-0.6492653953315071,-1.8642437544474124,-0.27194628481971433,0.016224501204979706,0.5700314191291288,0.49294213010483623,0.4028552514798096,0.27071291883900656,0.04943778628755871,-0.07104454206923493,-0.05741694947381844,-0.04361932810384003,-0.06510322383226819,-0.03012531556029264,-0.023786319282797213,-0.002718355596809625,0.0005520929036401728,0.00893182196852701,-0.023786319282797223,-0.030125315560292715,-0.06510322383226823,-0.043619328103840026,-0.05741694947381844,-0.07104454206923495,0.04943778628755882,0.2707129188390066,0.40285525147980955,0.49294213010483623,0.5700314191291286,0.016224501204979584,-0.2719462848197142,-1.8642437544474126,-0.6492653953315072,-3.094254369202893,-2.0084344561062824,-0.9783738198996202,0.0,-14.704053942893363
564,-16.9028223127834,-0.9696231571810434,-2.0526357529630377,-2.9856261457893445,-0.6303472260453934,-1.8251803484288613,-0.2262868055323753,0.0337604678989178,0.5758711868901568,0.5053758121466664,0.4056857092374666,0.26971268244057117,0.03713370808312541,-0.0827618258235169,-0.07034438910271668,-0.046479445293699365,-0.06430443923041387,-0.024457473940933467,-0.015788261690667528,0.0003897642669591815,0.00031714798168679733,0.00960164036760257,-0.01578826169066756,-0.024457473940933533,-0.06430443923041389,-0.046479445293699344,-0.07034438910271663,-0.08276182582351693,0.03713370808312551,0.26971268244057117,0.40568570923746655,0.5053758121466664,0.5758711868901567,0.03376046789891775,-0.2262868055323752,-1.8251803484288613,-0.6303472260453935,-2.9856261457893463,-2.052635752963038,-0.969623157181044,0.0,-14.322282856033956
565,-16.515936314873148,-0.9608162535032124,-2.0963608213844696,-2.8754394077529546,-0.6108441076544225,-1.783470605394058,-0.1801548956672867,0.05120050479856211,0.5795738646621479,0.5154360377324155,0.40616419785903246,0.2668206053631102,0.02451968794079934,-0.09366849611423997,-0.08247286716182067,-0.048733631833004845,-0.06255199082954868,-0.018380226016494715,-0.007493959175003653,0.00348973702941035,7.485903825480462e-05,0.010026377612196505,-0.007493959175003696,-0.018380226016494763,-0.06255199082954872,-0.048733631833004845,-0.0824728671618206,-0.09366849611424,0.02451968794079942,0.2668206053631102,0.4061641978590324,0.5154360377324158,0.5795738646621479,0.05120050479856206,-0.18015489566728637,-1.7834706053940586,-0.6108441076544223,-2.875439407752955,-2.096360821384468,-0.9608162535032126,0.0,-13.939753754581035
566,-16.128568974504017,-0.9519536196921193,-2.1395995167938344,-2.763751673226965,-0.590774138646496,-1.739175000482913,-0.13364686718032667,0.06849505633622108,0.5811257116020466,0.5230755598296931,0.40428794329936746,0.2620569734493675,0.011701010628769545,-0.10365772719544833,-0.09366463012177409,-0.05035250095288266,-0.059871868228828506,-0.01199530198298129,0.000940957133759428,0.0065167650825571745,-0.00016916337477673556,0.010195192315809105,0.0009409571337593677,-0.011995301982981337,-0.05987186822882853,-0.05035250095288265,-0.09366463012177403,-0.10365772719544838,0.011701010628769631,0.26205697344936746,0.4042879432993674,0.5230755598296931,0.5811257116020466,0.06849505633622102,-0.13364686718032667,-1.7391750004829127,-0.5907741386464959,-2.763751673226965,-2.1395995167938344,-0.9519536196921201,0.0,-13.556976470427097
567,-15.741187485420369,-0.9430357698062656,-2.1823418074569436,-2.6506212438737267,-0.5701559435350899,-1.6923577580878448,-0.0868598172695244,0.08559498033838053,0.580520968719587,0.5282585000434363,0.40006782317312584,0.255455200154553,-0.0012153308837076276,-0.11263167921012515,-0.1037925635301336,-0.05131494821861393,-0.05630381885365359,-0.005409582385910217,0.009358217681578011,0.009407575555254361,-0.00040926856452610903,0.010103775495717532,0.009358217681577932,-0.005409582385910254,-0.05630381885365362,-0.05131494821861392,-0.10379256353013354,-0.11263167921012517,-0.0012153308837075673,0.255455200154553,0.4000678231731257,0.5282585000434362,0.5805209687195869,0.08559498033838052,-0.0868598172695244,-1.6923577580878444,-0.5701559435350897,-2.6506212438737276,-2.182341807456944,-0.9430357698062656,0.0,-13.174467063515308
568,-15.354259041366571,-0.9340632211068449,-2.2245777768096078,-2.5361071744508754,-0.5490086555760919,-1.6430867587345535,-0.03989142566025548,0.10245168766235208,0.5777618802492251,0.5309605171158799,0.3935283036916175,0.24706159217496243,-0.014121528458810324,-0.12050245648593542,-0.11274163575924659,-0.05160842665821645,-0.0519007584834462,0.001266691008416775,0.017599884200376024,0.01210174288310903,-0.0006398965470978853,0.009754460559438557,0.01759988420037592,0.0012666910084167297,-0.05190075848344621,-0.05160842665821645,-0.11274163575924653,-0.12050245648593544,-0.014121528458810255,0.24706159217496237,0.39352830369161734,0.5309605171158799,0.5777618802492251,0.102451687662352,-0.039891425660255136,-1.6430867587345535,-0.5490086555760917,-2.536107174450875,-2.224577776809607,-0.9340632211068448,0.0,-12.792742217266657
569,-14.968250836086991,-0.9250364940277418,-2.2662976257583574,-2.4202692419844025,-0.5273518990125394,-1.5914334406617474,0.007160249325733703,0.11901728026149416,0.5728586853216615,0.5311689212432962,0.38470729781957097,0.23693502463977362,-0.026909858626576976,-0.1271929684323205,-0.12041020451912275,-0.051229110331412614,-0.04672798648680636,0.007921760606853559,0.025511313201497646,0.0145429518621699,-0.0008557067970737125,0.009156163744675674,0.025511313201497528,0.007921760606853552,-0.04672798648680636,-0.05122911033141261,-0.12041020451912268,-0.12719296843232053,-0.026909858626576907,0.23693502463977356,0.3847072978195708,0.531168921243296,0.5728586853216612,0.11901728026149412,0.0071602493257338405,-1.5914334406617467,-0.5273518990125393,-2.4202692419844025,-2.266297625758358,-0.9250364940277417,0.0,-12.412313186032522
570,-14.583630063325996,-0.9159561121453437,-2.3074916749539183,-2.30316791456469,-0.5052057708637299,-1.5374726962425258,0.05419697549171615,0.13524468728669573,0.5658295799658556,0.5288827336726265,0.37365594547413905,0.22514652814431704,-0.03947358171463939,-0.1326376846068587,-0.12671117129611192,-0.05018194420661182,-0.04086221740246222,0.014444223757559502,0.03294405764717499,0.016680174785240684,-0.0010517019151237935,0.00832415653301649,0.032944057647174875,0.014444223757559478,-0.04086221740246222,-0.05018194420661183,-0.1267111712961119,-0.1326376846068587,-0.03947358171463929,0.22514652814431702,0.37365594547413905,0.5288827336726265,0.5658295799658555,0.13524468728669567,0.05419697549171622,-1.537472696242526,-0.5052057708637296,-2.3031679145646913,-2.3074916749539183,-0.9159561121453434,0.0,-12.033679443710481
571,-14.200863916827954,-0.906822602148172,-2.3481503670368986,-2.184864319781807,-0.4825908222756051,-1.481282763397599,0.10112055185038395,0.15108779883739168,0.5567006495825532,0.5241126912981169,0.3604383170404417,0.21177879052148538,-0.0517078327665449,-0.13678327655536937,-0.13157297060543888,-0.04848057969568507,-0.03439044322810543,0.02072489757660318,0.0397586523541536,0.018468738055563805,-0.001223343350036141,0.007279675846503884,0.03975865235415346,0.020724897576603164,-0.03439044322810544,-0.04848057969568507,-0.1315729706054388,-0.13678327655536934,-0.05170783276654479,0.21177879052148538,0.36043831704044166,0.5241126912981171,0.5567006495825532,0.15108779883739162,0.10112055185038427,-1.4812827633975991,-0.48259082227560485,-2.1848643197818065,-2.3481503670368977,-0.9068226021481719,0.0,-11.657322186308157
572,-13.820419590337229,-0.8976364938063343,-2.3882642688551727,-2.0654202128165426,-0.4595280394497169,-1.4229451121577805,0.14783301364308937,0.16650159698205974,0.5455057721399129,0.5168811962363657,0.34513104192252353,0.19692557684599657,-0.06351049681248748,-0.13958914013923612,-0.13494038282180357,-0.04614719668693397,-0.02740864328988087,0.026658646616723163,0.045827230865223736,0.0198712559828346,-0.001366656495452194,0.006049381976784265,0.04582723086522359,0.02665864661672317,-0.027408643289880852,-0.04614719668693397,-0.13494038282180354,-0.13958914013923612,-0.06351049681248738,0.19692557684599657,0.3451310419225236,0.5168811962363656,0.5455057721399128,0.16650159698205963,0.14783301364308912,-1.42294511215778,-0.4595280394497167,-2.065420212816543,-2.3882642688551727,-0.8976364938063341,0.0,-11.283697841703823
573,-13.44276427759819,-0.8883983199407934,-2.427824073652455,-1.944897944203835,-0.43603882416846695,-1.3625443265402337,0.19423683686589852,0.1814422836759059,0.5322864924504822,0.5072222106166017,0.3278228642832066,0.18069107173976487,-0.0747830611868721,-0.14102779323399683,-0.1367751613560346,-0.04321221439632698,-0.02002036082574698,0.03214614278395308,0.051035924686678086,0.020858412242746507,-0.0014783227276414603,0.004664678083151116,0.05103592468667793,0.032146142783953086,-0.02002036082574696,-0.043212214396326956,-0.13677516135603454,-0.14102779323399686,-0.07478306118687203,0.18069107173976484,0.32782286428320656,0.5072222106166018,0.5322864924504823,0.18144228367590587,0.19423683686589863,-1.3625443265402344,-0.4360388241684668,-1.9448979442038365,-2.427824073652455,-0.8883983199407933,0.0,-10.913231737206287
574,-13.068365172355204,-0.879108616392465,-2.4668206032275415,-1.823360427285424,-0.4121449739346993,-1.3001679819097318,0.24023514187546108,0.1958674052122623,0.5170918679960903,0.4951810970803038,0.3086141285484409,0.16318914859163455,-0.08543143777871898,-0.14108514490392846,-0.13705646705441069,-0.03971389480649908,-0.012335167392617032,0.03709552804195647,0.05528699987331848,0.02140957266550094,-0.0015557562530470255,0.003160908629245453,0.05528699987331833,0.03709552804195649,-0.012335167392617016,-0.03971389480649908,-0.1370564670544106,-0.1410851449039284,-0.08543143777871888,0.16318914859163455,0.30861412854844095,0.4951810970803038,0.5170918679960903,0.19586740521226226,0.24023514187546124,-1.3001679819097323,-0.41214497393469923,-1.823360427285423,-2.46682060322754,-0.8791086163924646,0.0,-10.546312069891435
575,-12.697689468352635,-0.8697679219911358,-2.505244810063727,-1.7008711053687062,-0.3878686617440719,-1.235906518002751,0.2857318956496128,0.20973597285407153,0.4999782868728042,0.48081440573923867,0.28761619765895324,0.1445425708173755,-0.09536674835187398,-0.13976063341618689,-0.135781104886806,-0.035697843863294,-0.004467037870814793,0.041423952071203696,0.05850069087094536,0.021513216544385882,-0.0015971639860855621,0.0015764572182566752,0.058500690870945164,0.041423952071203744,-0.004467037870814754,-0.03569784386329399,-0.135781104886806,-0.13976063341618686,-0.09536674835187389,0.14454257081737545,0.28761619765895324,0.4808144057392388,0.4999782868728041,0.2097359728540714,0.28573189564961277,-1.235906518002751,-0.38786866174407186,-1.700871105368706,-2.5052448100637257,-0.8697679219911357,0.0,-10.183284316273767
576,-12.331204359334855,-0.8603767785242095,-2.543087779427906,-1.5774939186089536,-0.36323241550897684,-1.1698531077985002,0.33063211228044515,0.2230085793026843,0.48100925853157,0.46418960859245434,0.26495080744188604,0.12488213076252634,-0.1045060663802354,-0.13706723174271795,-0.13296356023538805,-0.031216416932514743,0.003467339834739482,0.04505895914331858,0.06061669720680823,0.02116717744893604,-0.0016015870706445456,-4.823314568694078e-05,0.06061669720680807,0.04505895914331862,0.003467339834739516,-0.031216416932514736,-0.13296356023538805,-0.13706723174271795,-0.1045060663802353,0.12488213076252631,0.2649508074418859,0.46418960859245434,0.4810092585315699,0.22300857930268428,0.33063211228044503,-1.1698531077985004,-0.36323241550897695,-1.5774939186089536,-2.5430877794279056,-0.8603767785242092,0.0,-9.824446206893338
577,-11.969377039046229,-0.8509357307052823,-2.5803407314388647,-1.4532932706321748,-0.33825909715310776,-1.1021035224270064,0.3748420512812595,0.2356475106730275,0.4602551780911099,0.445384782649516,0.2407493608454677,0.10434573228806525,-0.11277310920615995,-0.13303132049605126,-0.12863583437170628,-0.026328036267663227,0.011350295328719664,0.04793970099498792,0.06159531494468875,0.020378688509044233,-0.0015689230837861706,-0.0016716923621831758,0.06159531494468861,0.047939700994987955,0.011350295328719687,-0.026328036267663227,-0.12863583437170634,-0.13303132049605126,-0.11277310920615984,0.10434573228806522,0.2407493608454677,0.4453847826495161,0.46025517809110994,0.23564751067302744,0.37484205128125964,-1.1021035224270068,-0.33825909715310787,-1.4532932706321728,-2.5803407314388638,-0.850935730705282,0.0,-9.470043378139271
578,-11.612674701231121,-0.8414453261425481,-2.6169950231042827,-1.328333994916033,-0.31297188139606985,-1.0327559923101344,0.4182694132933936,0.24761685365696556,0.43779306509772337,0.4244882432481725,0.21515216612840063,0.08307742347390855,-0.12009887474484718,-0.12769242954351065,-0.12284708099080018,-0.021096429386520527,0.01906492083035987,0.050017955398510346,0.06141818167442375,0.01916423122346676,-0.001499928407499027,-0.0032524817557766116,0.06141818167442361,0.05001795539851042,0.0190649208303599,-0.021096429386520517,-0.12284708099080018,-0.12769242954351062,-0.1200988747448471,0.08307742347390856,0.2151521661284007,0.4244882432481725,0.4377930650977231,0.24761685365696545,0.41826941329339373,-1.0327559923101344,-0.31297188139606985,-1.3283339949160329,-2.6169950231042822,-0.8414453261425479,0.0,-9.120265798405583
579,-11.261564539633904,-0.8319061153070355,-2.6530421503259816,-1.2026813209463905,-0.28739423424772303,-0.9619110647368634,0.4608235327843291,0.25888259757035403,0.41370627770146745,0.40159812928854466,0.1883076234205743,0.06122638622512883,-0.12642221742035498,-0.12110285083060988,-0.11566304793051926,-0.015589798285493903,0.026496804968502995,0.05125893337860511,0.060088621057169396,0.017549190953023788,-0.001396200713576161,-0.004750251795059949,0.060088621057169264,0.05125893337860518,0.02649680496850302,-0.015589798285493887,-0.1156630479305193,-0.12110285083060991,-0.1264222174203549,0.0612263862251288,0.18830762342057425,0.4015981292885446,0.4137062777014674,0.258882597570354,0.4608235327843289,-0.9619110647368634,-0.28739423424772303,-1.2026813209463911,-2.6530421503259816,-0.8319061153070358,0.0,-8.775245048828207
580,-10.916513747998941,-0.8223186515006781,-2.6884737498729465,-1.0764008401671261,-0.2615498912322125,-0.8896714580793329,0.5024155673347763,0.2694127309938187,0.3880842033094303,0.3768219423317522,0.16037136437103017,0.03894588986807762,-0.1316903585261124,-0.11332712620584892,-0.10716533041692951,-0.009879930322292126,0.03353572955377033,0.05164186156306119,0.05763158046149037,0.015567326299595442,-0.0012601419672075946,-0.006126772011454698,0.057631580461490264,0.05164186156306127,0.03353572955377034,-0.00987993032229212,-0.10716533041692952,-0.1133271262058489,-0.13169035852611236,0.03894588986807762,0.16037136437103003,0.3768219423317523,0.3880842033094303,0.2694127309938187,0.5024155673347763,-0.8896714580793333,-0.2615498912322123,-1.0764008401671257,-2.688473749872946,-0.8223186515006777,0.0,-8.435052520751613
581,-10.5779895200706,-0.8126834908242214,-2.7232816013216596,-0.9495584717410069,-0.23546283536189705,-0.8161419128610217,0.5429586831195543,0.2791773327326587,0.36102192686409257,0.35027604172756327,0.1315053498710847,0.01639221607618512,-0.13585932675013118,-0.10444141526342504,-0.09745044431733625,-0.0040412623579332,0.040077304163956586,0.05116032991895829,0.05409316286044657,0.013260063462292575,-0.0010949028059927535,-0.007346906829071184,0.05409316286044645,0.05116032991895837,0.04007730416395663,-0.0040412623579331895,-0.09745044431733625,-0.10444141526342501,-0.13585932675013113,0.0163922160761851,0.1315053498710846,0.3502760417275633,0.3610219268640926,0.2791773327326587,0.542958683119554,-0.8161419128610211,-0.23546283536189697,-0.9495584717410075,-2.7232816013216596,-0.8126834908242218,0.0,-8.099698573101037
582,-10.246459049593247,-0.8030011921449696,-2.7574576289633126,-0.8222204281395025,-0.20915727488161262,-0.7414290398930012,0.5823682361950228,0.2881486568374111,0.33261987797781944,0.3220850981421571,0.10187693108357128,-0.006276437333690823,-0.13889432518800635,-0.09453274939554779,-0.08662872992678673,0.0018500896415756549,0.046024514301012724,0.049822399053522926,0.04953976177298205,0.010675630320619404,-0.0009043095823574552,-0.008379512397663392,0.04953976177298197,0.04982239905352298,0.04602451430101277,0.0018500896415756505,-0.08662872992678672,-0.09453274939554772,-0.1388943251880063,-0.0062764373336908754,0.10187693108357114,0.322085098142157,0.33261987797781944,0.2881486568374111,0.5823682361950228,-0.7414290398930012,-0.20915727488161226,-0.822220428139503,-2.7574576289633126,-0.8030011921449695,0.0,-7.769132673382113
583,-9.922389530311253,-0.7932723170643667,-2.7909939036774327,-0.6944531805794693,-0.18265762080392467,-0.6656411656984544,0.6205619492145884,0.29630121144349364,0.302983458232987,0.29238150805246765,0.07165787922190145,-0.02890106604528493,-0.14077002178038012,-0.08369817936056481,-0.07482309873868676,0.00771732289325909,0.05128916015975114,0.047650465283455394,0.044056815481246264,0.007868048344574111,-0.0006927757588140952,-0.009198231537084416,0.04405681548124621,0.04765046528345547,0.0512891601597512,0.0077173228932590964,-0.07482309873868677,-0.08369817936056474,-0.1407700217803801,-0.028901066045284966,0.07165787922190138,0.2923815080524677,0.302983458232987,0.29630121144349364,0.6205619492145885,-0.6656411656984547,-0.1826576208039244,-0.6944531805794696,-2.7909939036774327,-0.7932723170643663,0.0,-7.443244526482152
584,-9.60624815596898,-0.7834974298854235,-2.8238826447715097,-0.56632342432479,-0.1559884642562172,-0.5888881754495713,0.657460083203344,0.3036118312059036,0.2722226500308503,0.26130477195688206,0.041023389703814105,-0.051322974543958684,-0.14147076075068868,-0.07204382471607211,-0.062167637433534574,0.013483949038904628,0.05579316467068524,0.044680885731401644,0.03774720389923872,0.004896003403425557,-0.0004651997078362862,-0.009782166502344496,0.03774720389923868,0.044680885731401714,0.05579316467068528,0.013483949038904625,-0.06216763743353458,-0.07204382471607203,-0.14147076075068862,-0.05132297454395873,0.04102338970381408,0.261304771956882,0.27222265003085017,0.3036118312059036,0.6574600832033437,-0.588888175449571,-0.1559884642562169,-0.5663234243247911,-2.8238826447715097,-0.783497429885423,0.0,-7.121866176188238
585,-9.298502120310804,-0.7736770975799859,-2.856116221786174,-0.437898043871041,-0.1291745536606381,-0.5112813536445533,0.6929856040332183,0.310059743123151,0.24045160844073707,0.22900083922247935,0.010151066453248184,-0.07338488925171288,-0.1409906932783959,-0.05968383442736749,-0.048806084941468084,0.01907479128778568,0.05946973141813881,0.04096336972527436,0.030729318173322712,0.0018216190762413056,-0.0002268512829400766,-0.010116412396993754,0.030729318173322712,0.04096336972527446,0.059469731418138855,0.019074791287785667,-0.048806084941468125,-0.0596838344273675,-0.14099069327839586,-0.0733848892517129,0.010151066453248115,0.22900083922247927,0.24045160844073696,0.31005974312315093,0.6929856040332182,-0.5112813536445533,-0.12917455366063796,-0.437898043871041,-2.856116221786174,-0.7736770975799856,0.0,-6.804775045731654
586,-8.999618617081078,-0.76381188975585,-2.8876871562655304,-0.30924407803139314,-0.10224077176807837,-0.43293322275573226,0.727064343251079,0.3156266255633882,0.20778823756424014,0.19562142264568252,-0.020780107761137392,-0.0949320616883365,-0.13933382631703173,-0.04673926883160271,-0.034890199875933586,0.024416964461096813,0.06226433526117825,0.036560146688104714,0.02313483923588836,-0.0012908418947874074,1.6750212417129968e-05,-0.010192437619492747,0.02313483923588838,0.0365601466881048,0.06226433526117828,0.02441696446109681,-0.03489019987593362,-0.046739268831602704,-0.1393338263170317,-0.09493206168833651,-0.02078010776113746,0.19562142264568255,0.20778823756424006,0.31562662556338816,0.7270643432510792,-0.4329332227557323,-0.10224077176807823,-0.3092440780313926,-2.88768715626553,-0.7638118897558495,0.0,-6.491697866061797
587,-8.710064840024176,-0.7539023786237213,-2.9185881234922224,-0.18042868494194628,-0.07521211256749777,-0.35395738008274175,0.7596251529240201,0.3202966603250148,0.1743537529865418,0.1613232859454316,-0.051590808981315815,-0.11581335392080863,-0.13651398914956694,-0.03333691390827297,-0.02057803688093115,0.029440825161723007,0.06413553096601289,0.03154492444754659,0.015106266994536778,-0.004376320865172632,0.00025996383231282954,-0.010008301631705655,0.015106266994536812,0.031544924447546675,0.06413553096601292,0.029440825161723003,-0.020578036880931173,-0.03333691390827297,-0.13651398914956694,-0.11581335392080866,-0.05159080898131592,0.1613232859454316,0.1743537529865417,0.3202966603250147,0.75962515292402,-0.3539573800827414,-0.07521211256749766,-0.18042868494194655,-2.9185881234922224,-0.753902378623721,0.0,-6.182315424260961
588,-8.430307982884466,-0.7439491389640264,-2.9488119541868225,-0.051519107004789864,-0.048113658092022775,-0.27446833304729185,0.7906000541785513,0.32405657758382783,0.14027223193863758,0.12626750753510962,-0.08210241169329671,-0.1358822986873063,-0.13255471796027568,-0.01960803946971194,-0.006032151468840625,0.034080879682426846,0.0650555678574806,0.026001655402429855,0.006794246518137939,-0.007370323185414264,0.0004971576126433681,-0.009568704490991502,0.006794246518138004,0.026001655402429952,0.06505556785748062,0.03408087968242685,-0.006032151468840685,-0.019608039469711944,-0.13255471796027568,-0.13588229868730634,-0.08210241169329678,0.12626750753510962,0.14027223193863758,0.3240565775838278,0.7906000541785511,-0.27446833304729185,-0.04811365809202268,-0.05151910700479096,-2.9488119541868225,-0.7439491389640261,0.0,-5.876268049819329
589,-8.160815239406315,-0.7339527480935735,-2.9783516361711704,0.07741736421293932,-0.02097055514334205,-0.19458133316835605,0.8199243791235813,0.32689569359900117,0.1056701528398353,0.09061872403085668,-0.11213802441128869,-0.1549981267598094,-0.1274890593865232,-0.005687113434536342,0.00858224626197577,0.038276637816482134,0.06501080137406048,0.02002313120013825,-0.0016452586098123676,-0.010210266309301518,0.0007228389874208525,-0.008884866881590514,-0.0016452586098122943,0.02002313120013833,0.0650108013740605,0.038276637816482134,0.0085822462619757,-0.005687113434536347,-0.12748905938652325,-0.15499812675980942,-0.11213802441128884,0.09061872403085668,0.1056701528398353,0.3268956935990011,0.8199243791235814,-0.19458133316835605,-0.020970555143341913,0.07741736421293988,-2.978351636171169,-0.7339527480935729,0.0,-5.573161743642552
590,-7.893363544907768,-0.7239137858320662,-3.0072003159952505,0.20631342310564915,0.006192008044001761,-0.11441220895848567,0.8475369058608951,0.3288059410707532,0.07067592592930892,0.05454435704907393,-0.14152351520880851,-0.17302675433909284,-0.12135929469016304,0.008289515222868157,0.023099168059980864,0.04197340144002639,0.06400189542286622,0.013709429449234273,-0.010053892732416619,-0.012836787934211892,0.0009317819771045197,-0.007974243707495495,-0.010053892732416523,0.013709429449234334,0.06400189542286622,0.04197340144002639,0.023099168059980777,0.008289515222868162,-0.12135929469016304,-0.1730267543390929,-0.14152351520880865,0.054544357049073955,0.07067592592930899,0.32880594107075306,0.847536905860895,-0.11441220895848553,0.006192008044001864,0.2063134231056497,-3.00720031599525,-0.7239137858320661,0.0,-5.272574843867851
591,-7.619648946267494,-0.7138328344684725,-3.0353513005272514,0.335101785163225,0.03334882517676985,-0.034077197983541405,0.8733799863012505,0.3297818920634414,0.035419416728562,0.018213826924399525,-0.17008852125120125,-0.18984172355623907,-0.11421658685078663,0.02218495194692454,0.03735373279142308,0.04512297758575536,0.06204381253360453,0.007166238468611978,-0.018273879444552832,-0.015194986829824604,0.001119148203736288,-0.006860078557328861,-0.018273879444552738,0.007166238468612034,0.06204381253360456,0.04512297758575536,0.037353732791423046,0.022184951946924547,-0.11421658685078669,-0.1898417235562391,-0.17008852125120136,0.018213826924399427,0.03541941672856196,0.3297818920634414,0.8733799863012504,-0.034077197983541134,0.033348825176769605,0.335101785163225,-3.0353513005272523,-0.7138328344684722,0.0,-4.974065113979572
592,-7.3400173045707975,-0.7037104787272499,-3.062798058506431,0.4637152220939372,0.060474695293941894,0.046307221670667094,0.8973996665192535,0.329820773428949,3.146410325894756e-05,-0.018202242959132853,-0.19766743647679375,-0.2053250894837284,-0.1061205535264147,0.035863097419155054,0.051184039136810806,0.04768430671195356,0.05916559195752002,0.0005030881160676654,-0.02615098204919262,-0.01723557041865527,0.0012805989305995217,-0.005570810413476094,-0.02615098204919248,0.0005030881160677171,0.05916559195752003,0.04768430671195356,0.05118403913681077,0.035863097419155075,-0.10612055352641474,-0.20532508948372843,-0.19766743647679377,-0.018202242959132836,3.1464103258740855e-05,0.329820773428949,0.8973996665192532,0.04630722167066696,0.06047469529394179,0.46371522209393856,-3.0627980585064307,-0.7037104787272495,0.0,-4.6771771324563876
593,-7.0548144809029845,-0.6935473057344306,-3.0895342220584148,0.5920865969180159,0.08754444615268457,0.12662450028046654,0.9195457993957379,0.3289224746865386,-0.03535660528708056,-0.05453282748695929,-0.22410037170058233,-0.2193682474343627,-0.09713876944597502,0.0491899805874958,0.06443300444307966,0.049623997976412926,0.055409919002218595,-0.00616848368863586,-0.033537397595985695,-0.018915885120951617,0.0014123955319602173,-0.00413934774918079,-0.033537397595985556,-0.006168483688635838,0.055409919002218616,0.04962399797641293,0.06443300444307963,0.04918998058749584,-0.09713876944597509,-0.21936824743436273,-0.22410037170058245,-0.054532827486959305,-0.035356605287080664,0.3289224746865386,0.9195457993957381,0.1266245002804671,0.08754444615268453,0.5920865969180172,-3.0895342220584143,-0.6935473057344305,0.0,-4.381449859317722
594,-6.764386336349359,-0.6833439049835659,-3.1155535881726024,0.720148899013554,0.11453295758766792,0.20675818547028207,0.9397721493124804,0.3270895483367808,-0.07061346434961503,-0.09060730301954611,-0.24923408157424212,-0.23187269474511324,-0.0873462023869218,0.062035070850234714,0.07695014884603196,0.050916764537125764,0.05083249198932878,-0.012736798054692734,-0.040294530199474654,-0.020200807927023844,0.0015114860663680337,-0.002602228542218766,-0.04029453019947451,-0.012736798054692718,0.0508324919893288,0.05091676453712576,0.07695014884603192,0.06203507085023473,-0.08734620238692187,-0.23187269474511318,-0.24923408157424223,-0.0906073030195462,-0.07061346434961517,0.3270895483367808,0.9397721493124801,0.20675818547028235,0.11453295758766786,0.720148899013554,-3.1155535881726024,-0.683343904983566,0.0,-4.086424253487451
595,-6.469078731995226,-0.6731008683015336,-3.1408501201413155,0.8478352790964431,0.14141518482205603,0.28659209105744443,0.9580364886806706,0.32432720260866715,-0.10560827292032396,-0.1262562487124552,-0.27292285302838887,-0.24275072170252807,-0.07682458744569172,0.07427255654234385,0.08859330439923885,0.0515457532049415,0.04550119622330313,-0.019091904570964692,-0.04629559159945383,-0.021063480560796273,0.0015755759487868371,-0.0009986876457396107,-0.0462955915994537,-0.01909190457096469,0.04550119622330314,0.05154575320494151,0.08859330439923879,0.07427255654234388,-0.07682458744569179,-0.24275072170252807,-0.2729228530283889,-0.12625624871245533,-0.105608272920324,0.32432720260866715,0.9580364886806706,0.28659209105744415,0.14141518482205614,0.8478352790964442,-3.140850120141315,-0.6731008683015335,0.0,-3.7916508158328415
596,-6.16923752892589,-0.6628187898142107,-3.1654179489603607,0.9750790841161096,0.1681661817085392,0.36601046551104816,0.9743006861016206,0.32064328666051706,-0.14021116331912986,-0.16131224218757953,-0.2950293500463389,-0.25192602676335263,-0.06566174482374025,0.0857825772020291,0.09923022979736233,0.05150276415066101,0.039495097221775036,-0.025127421822776712,-0.051427980167549465,-0.02148587088862529,0.0016031810850390688,0.0006303446784345699,-0.05142798016754932,-0.025127421822776736,0.03949509722177503,0.05150276415066099,0.09923022979736229,0.08578257720202916,-0.06566174482374035,-0.25192602676335263,-0.2950293500463389,-0.16131224218757945,-0.14021116331912978,0.32064328666051695,0.9743006861016204,0.36601046551104843,0.16816618170853934,0.9750790841161096,-3.16541794896036,-0.6628187898142108,0.0,-3.496696935995904
597,-5.865208588226657,-0.6524982659120125,-3.1892513746906914,1.1018138920487928,0.19476112387883865,0.44489815978060837,0.9885307859756376,0.3160482682767271,-0.1742937222960797,-0.19561064581874463,-0.3154254098717777,-0.25933425175503266,-0.053950846823356574,0.09645239754802108,0.10874011235409901,0.05078835780235009,0.032903268138318044,-0.030742318165434983,-0.05559539372124817,-0.021459149838458553,0.0015936622381588232,0.0022432875016904137,-0.05559539372124804,-0.030742318165434993,0.03290326813831804,0.05078835780235008,0.10874011235409897,0.09645239754802112,-0.05395084682335662,-0.25933425175503266,-0.3154254098717778,-0.19561064581874466,-0.1742937222960797,0.31604826827672705,0.9885307859756375,0.4448981597806082,0.19476112387883887,1.1018138920487934,-3.1892513746906914,-0.6524982659120122,0.0,-3.20115392660058
598,-5.55733777098283,-0.6421398952152995,-3.2123448677808395,1.2279735465702466,0.22117533178020415,0.523140794251172,1.0006970793928753,0.31055520412374094,-0.2077294675800533,-0.22899037993894789,-0.3339927860343099,-0.26492343330205403,-0.041789640171384555,0.10617751166904785,0.11701494017549395,0.04941184753930268,0.02582346876745641,-0.03584260294517844,-0.05871963650133725,-0.020983875950730556,0.0015472398308508852,0.003798970578725855,-0.05871963650133709,-0.03584260294517846,0.025823468767456396,0.049411847539302674,0.11701494017549392,0.10617751166904787,-0.04178964017138462,-0.264923433302054,-0.3339927860343099,-0.22899037993894797,-0.2077294675800533,0.3105552041237409,1.000697079392875,0.5231407942511722,0.22117533178020418,1.2279735465702475,-3.2123448677808377,-0.642139895215299,0.0,-2.904643635940879
599,-5.245970938279715,-0.6317442785396569,-3.2346930703498127,1.3534921915897256,0.24738429357752442,0.6006249245828266,1.01077416615815,0.30417970264975347,-0.2403943172615041,-0.2612946793379328,-0.3506238338851882,-0.2686543673116857,-0.029279630161838745,0.11486266661046865,0.12396072894367494,0.04739117827789874,0.018360695722877338,-0.04034289985734162,-0.06074208640732052,-0.02006998370339426,0.0014649888412833175,0.0052576852149918045,-0.06074208640732037,-0.04034289985734167,0.018360695722877324,0.04739117827789875,0.1239607289436749,0.1148626666104687,-0.02927963016183883,-0.2686543673116857,-0.3506238338851881,-0.2612946793379326,-0.24039431726150393,0.3041797026497534,1.0107741661581497,0.6006249245828269,0.24738429357752467,1.3534921915897264,-3.234693070349812,-0.6317442785396563,0.0,-2.6068245396458796
600,-4.931453951202619,-0.6213120188610443,-3.256290797430174,1.4783043056272627,0.2733636878998015,0.6772382061941483,1.01874100782023,0.2969398797335717,-0.2721670502673223,-0.29237182949726587,-0.36522213466882075,-0.2705008839625224,-0.01652523342708822,0.12242279533251542,0.12949858937737196,0.04475269253217604,0.010625625290355583,-0.04416787610447293,-0.06162479496016414,-0.01873657585512619,0.0013488139104089294,0.006582197828159807,-0.06162479496016399,-0.044167876104472974,0.010625625290355553,0.04475269253217604,0.12949858937737194,0.12242279533251543,-0.016525233427088316,-0.2705008839625224,-0.36522213466882075,-0.29237182949726587,-0.27216705026732224,0.2969398797335717,1.0187410078202295,0.6772382061941483,0.2733636878998015,1.4783043056272616,-3.256290797430174,-0.6213120188610443,0.0,-2.3073972228594424
601,-4.614132670836844,-0.6108437212808223,-3.277133038170992,1.6023447360162686,0.2990894064098746,0.7528695571511022,1.0245809715948901,0.2888563072086533,-0.30292975621897744,-0.32207587910525104,-0.3777030545119886,-0.2704500312669791,-0.0036329064091282616,0.12878384990225103,0.13356562324515758,0.04153078699887398,0.0027329720485823957,-0.0472535034309914,-0.06135119935309025,-0.017011524147280035,0.0012014052372416987,0.007738700332534844,-0.06135119935309012,-0.04725350343099145,0.002732972048582374,0.041530786998873984,0.13356562324515756,0.128783849902251,-0.0036329064091283497,-0.2704500312669791,-0.3777030545119886,-0.32207587910525104,-0.30292975621897744,0.28885630720865324,1.02458097159489,0.7528695571511019,0.2990894064098746,1.6023447360162686,-3.277133038170991,-0.6108437212808222,0.0,-2.006109176922636
602,-4.2943529582676945,-0.6003399929906544,-3.2972149570004015,1.7255487329136125,0.32453757617645673,0.8274093192252293,1.0282818650900312,0.2799519544085927,-0.3325682730044877,-0.3502673255054111,-0.3879942350900259,-0.2685021659201772,0.009289743194718026,0.1338835267585185,0.1361156377546164,0.03776746414388862,-0.005200212399708314,-0.0495481299252706,-0.05992643322976939,-0.014930886710970903,0.001026176283396977,0.008697673087921947,-0.05992643322976927,-0.04954812992527067,-0.005200212399708353,0.03776746414388862,0.13611563775461638,0.1338835267585185,0.009289743194717915,-0.2685021659201772,-0.3879942350900259,-0.35026732550541095,-0.33256827300448744,0.27995195440859266,1.028281865090031,0.8274093192252295,0.32453757617645673,1.725548732913612,-3.297214957000401,-0.6003399929906543,0.0,-1.7027588481401363
603,-3.9724606745804776,-0.589801443237288,-3.316531894747495,1.847851983099428,0.34968458182771794,0.900749416887595,1.0298359617603605,0.27025212290015105,-0.3609726104403635,-0.37681376985938353,-0.39603601312532066,-0.26467095079798536,0.022134854595219477,0.13767187694624877,0.1371196702035135,0.03351178463589524,-0.013056275355733159,-0.05101334464770042,-0.05737723035858767,-0.012538154357019285,0.0008271847294372169,0.009434638386241175,-0.05737723035858756,-0.05101334464770051,-0.013056275355733199,0.03351178463589524,0.13711967020351348,0.1376718769462488,0.02213485459521938,-0.26467095079798536,-0.3960360131253207,-0.37681376985938353,-0.36097261044036344,0.270252122900151,1.02983596176036,0.9007494168875951,0.34968458182771806,1.8478519830994273,-3.316531894747495,-0.5898014432372879,0.0,-1.3971988906687973
604,-3.648801680860496,-0.5792286832872164,-3.3350793697232937,1.9691906435489932,0.3745070874658583,0.972783514007971,1.0292400170384968,0.25978437458928505,-0.38803735845129417,-0.4015905389473118,-0.4017817662860836,-0.2589832591217614,0.034795214187125376,0.14011179534316734,0.13656631693404866,0.028819227765503545,-0.020718707867177572,-0.05162462061127045,-0.05375142301040823,-0.009883341503282779,0.0006090385133936526,0.009930785243201309,-0.05375142301040813,-0.05162462061127054,-0.02071870786717761,0.028819227765503545,0.13656631693404864,0.14011179534316728,0.034795214187125285,-0.25898325912176134,-0.4017817662860837,-0.4015905389473117,-0.38803735845129406,0.25978437458928505,1.0292400170384963,0.9727835140079705,0.3745070874658583,1.9691906435489932,-3.335079369723292,-0.5792286832872162,0.0,-1.0893385905974222
605,-3.3237218381930558,-0.5686223263912239,-3.352853078760523,2.0895013747591693,0.3989820583223349,1.0434071680320607,1.0264952751088228,0.2485784534044614,-0.4136620782527968,-0.4244812706854968,-0.405198183480033,-0.25147898596201324,0.04716515042323797,0.14117938408715167,0.1344618628539801,0.023750968187859937,-0.02807387260843882,-0.05137172535149008,-0.049117044452075515,-0.007021940741392547,0.00037678912727825303,0.010173449547271311,-0.04911704445207544,-0.05137172535149017,-0.028073872608438872,0.02375096818785994,0.1344618628539801,0.1411793840871517,0.047165150423237844,-0.2514789859620132,-0.405198183480033,-0.4244812706854967,-0.4136620782527965,0.24857845340446136,1.0264952751088223,1.0434071680320607,0.3989820583223349,2.0895013747591693,-3.3528530787605217,-0.5686223263912238,0.0,-0.779145443596867
606,-2.997567007663461,-0.5579829877488152,-3.369848898212002,2.208721373812005,0.4230867821336489,1.112517981413217,1.0216074663099346,0.2366662007797902,-0.43775167508512935,-0.4453784606114717,-0.40626545797596486,-0.24221076840314365,0.059141415817471316,0.1408641866446394,0.13083021005353598,0.018373078417463044,-0.035012689173351354,-0.050258892212903784,-0.043561052396131957,-0.004013762895207311,0.00013581464245995974,0.01015643731018292,-0.043561052396131915,-0.05025889221290387,-0.0350126891733514,0.018373078417463048,0.13083021005353596,0.1408641866446394,0.05914141581747122,-0.24221076840314365,-0.40626545797596486,-0.44537846061147185,-0.43775167508512935,0.23666620077979023,1.0216074663099342,1.1125179814132173,0.42308678213364875,2.2087213738120046,-3.369848898212002,-0.5579829877488153,0.0,-0.46664588381698213
607,-2.6706830503570176,-0.5473112844725321,-3.3860628849073486,2.326788407158223,0.4467988902178521,1.180015750079097,1.0145867951711212,0.2240814651781329,-0.4602167511152307,-0.4641839667699797,-0.4049774022335813,-0.23124361633212298,0.07062404871512894,0.13916929022749458,0.12571260632887168,0.012755667471892431,-0.04143225178674428,-0.048304749484947285,-0.03718769735945004,-0.0009216868168229273,-0.00010830482737772964,0.009880182768019384,-0.03718769735945,-0.048304749484947375,-0.04143225178674431,0.012755667471892431,0.1257126063288717,0.13916929022749458,0.07062404871512883,-0.23124361633212298,-0.4049774022335813,-0.46418396676997975,-0.46021675111523075,0.22408146517813285,1.014586795171121,1.1800157500790973,0.44679889021785196,2.326788407158224,-3.3860628849073477,-0.547311284472532,0.0,-0.1519251767044253
608,-2.3434158273590313,-0.5366078355521591,-3.401491277067833,2.4436408431035135,0.4700963782322186,1.2458026087179854,1.005447919107845,0.21086000591127163,-0.4809739371970491,-0.4808094706286949,-0.40134148377585066,-0.2186544564408416,0.08151720763750787,0.13611129555520843,0.11916717669546607,0.006971966893546456,-0.047237355443439974,-0.04554200857337669,-0.03011656654627617,0.0021896549473011504,-0.0003499163418619921,0.009351737297371794,-0.030116566546276154,-0.04554200857337677,-0.047237355443440016,0.006971966893546452,0.11916717669546607,0.13611129555520843,0.08151720763750775,-0.21865445644084164,-0.40134148377585066,-0.48080947062869483,-0.48097393719704884,0.21086000591127163,1.0054479191078447,1.245802608717986,0.47009637823221856,2.4436408431035135,-3.4014912770678327,-0.536607835552159,0.0,0.16487349716089572
609,-2.0161111997548042,-0.5258732618188202,-3.416130495179143,2.5592176839806386,0.4929576265928175,1.309783172674143,0.9942099178207024,0.1970393915304342,-0.4999462022590776,-0.4951768918590364,-0.39537878189592834,-0.20453159264063792,0.09172997123684991,0.13172015425859843,0.11126826321245971,0.0010973760644939095,-0.05234190784136485,-0.04201691642712995,-0.02248033995951958,0.0052552271470535875,-0.0005834250359635238,0.008584589429477372,-0.022480339959519594,-0.04201691642713003,-0.0523419078413649,0.001097376064493901,0.11126826321245975,0.13172015425859843,0.09172997123684981,-0.2045315926406379,-0.3953787818959283,-0.4951768918590364,-0.4999462022590776,0.1970393915304342,0.9942099178207022,1.309783172674143,0.49295762659281733,2.559217683980638,-3.416130495179143,-0.5258732618188204,0.0,0.483550726521526
610,-1.689115028629642,-0.5151081859089691,-3.4299771428218557,2.6734585979905807,0.5153614205370349,1.3718646762464342,0.980896253461755,0.1826588930758958,-0.5170631391709434,-0.507218755034091,-0.3871238654496304,-0.1889740866738067,0.10117709718469882,0.12603887551756127,0.10210558061611737,-0.004791520739779714,-0.05667020616916853,-0.037788481386730965,-0.01442230084375815,0.008210951236951496,-0.0008034236772105791,0.007598320556465319,-0.014422300843758175,-0.03778848138673105,-0.05667020616916857,-0.004791520739779714,0.10210558061611738,0.12603887551756127,0.10117709718469875,-0.1889740866738067,-0.3871238654496303,-0.5072187550340912,-0.5170631391709434,0.18265889307589583,0.9808962534617546,1.3718646762464342,0.5153614205370348,2.6734585979905807,-3.4299771428218553,-0.5151081859089693,0.0,0.8038532689788943
611,-1.3627731750688516,-0.5043132322282744,-3.4430280074594415,2.786303950696101,0.5372869698104341,1.4319571071897306,0.9655347216513891,0.16775937248898734,-0.5322612260281822,-0.5168785065214744,-0.3766245924419606,-0.17209106326665272,0.10977973365949027,0.11912310480622575,0.09178319735260897,-0.010617952743523748,-0.060158059813015495,-0.03292748541315981,-0.006093647173059871,0.010995044786770361,-0.0010048178779990125,0.006418105117782742,-0.006093647173059918,-0.03292748541315989,-0.06015805981301556,-0.010617952743523743,0.09178319735260898,0.11912310480622576,0.10977973365949022,-0.1720910632666527,-0.37662459244196056,-0.5168785065214744,-0.532261226028182,0.16775937248898734,0.9655347216513886,1.4319571071897306,0.5372869698104342,2.7863039506961003,-3.443028007459441,-0.5043132322282747,0.0,1.1254771011589986
612,-1.0374315001577346,-0.4934890269154018,-3.455280061183593,2.897694836151268,0.5587139279596784,1.4899733372240576,0.9481573934479735,0.15238316650358505,-0.5454840618855574,-0.5241107800828726,-0.363941832569591,-0.15400094469794143,0.11746607749483931,0.11104057887150044,0.08041835358339494,-0.016305963495190038,-0.06275374233230242,-0.02751529923200133,0.0023493453701625856,0.013549312897308305,-0.0011829440635256908,0.005074068024504769,0.002349345370162521,-0.0275152992320014,-0.06275374233230246,-0.016305963495190035,0.08041835358339496,0.11104057887150041,0.11746607749483925,-0.1540009446979414,-0.363941832569591,-0.5241107800828725,-0.5454840618855572,0.15238316650358505,0.9481573934479732,1.4899733372240571,0.5587139279596786,2.897694836151268,-3.4552800611835934,-0.4934890269154018,0.0,1.4480710452823047
613,-0.713435864981598,-0.48263619780569694,-3.4667304614167302,3.007573107650718,0.5796224112136148,1.5458292483622718,0.9288005483914642,0.13657396634700308,-0.5566825760641032,-0.528881609932896,-0.3491491143278596,-0.13483062015170025,0.12417197349519403,0.10187046228324655,0.0681401295881413,-0.021781401075939264,-0.06441875858607175,-0.021642520226786754,0.010748255692480967,0.015820364627288575,-0.001333677463626684,0.0036005157232254746,0.010748255692480889,-0.02164252022678683,-0.06441875858607182,-0.021781401075939264,0.06814012958814131,0.1018704622832465,0.12417197349519397,-0.1348306201517002,-0.34914911432785956,-0.528881609932896,-0.5566825760641031,0.13657396634700308,0.9288005483914639,1.5458292483622718,0.5796224112136148,3.007573107650718,-3.4667304614167294,-0.4826361978056968,0.0,1.7712408897595886
614,-0.3911321306257465,-0.4717553743947688,-3.4773765515714965,3.1158814080825716,0.5999930169350015,1.5994438548731007,0.9075045987607478,0.12037669359211504,-0.5658152102551428,-0.5311685902566321,-0.3323321987281875,-0.1147145556807618,0.12984144991657984,0.0917025720542581,0.05508797968925617,-0.026972884783303806,-0.06512841563329197,-0.01540745588253602,0.018945489842454984,0.01776072900486935,-0.001453527627812606,0.0020350605265664753,0.01894548984245488,-0.01540745588253606,-0.06512841563329201,-0.026972884783303806,0.05508797968925618,0.09170257205425804,0.1298414499165798,-0.11471455568076173,-0.3323321987281875,-0.5311685902566318,-0.5658152102551426,0.12037669359211504,0.9075045987607473,1.5994438548731011,0.5999930169350017,3.1158814080825707,-3.477376551571496,-0.4717553743947686,0.0,2.094553915023553
615,-0.0708661581754857,-0.4608471878019771,-3.4872158616671127,3.2225631998691986,0.6198068416257515,1.6507394207027115,0.8843140052028515,0.10383737251347043,-0.5728480727454811,-0.5309609804367343,-0.313588582097298,-0.09379385102401733,0.1344271856429652,0.08063649792453406,0.041410148349523605,-0.03181273568780706,-0.06487218894029557,-0.008914478165923913,0.02678723804345883,0.019329847296176324,-0.0015397192517119266,0.0004176605617016414,0.026787238043458735,-0.00891447816592396,-0.06487218894029562,-0.03181273568780707,0.04141014834952364,0.08063649792453403,0.13442718564296519,-0.09379385102401729,-0.31358858209729795,-0.5309609804367341,-0.5728480727454809,0.10383737251347043,0.8843140052028512,1.6507394207027115,0.6198068416257516,3.2225631998691973,-3.4872158616671127,-0.4608471878019771,0.0,2.4175437312218016
616,0.2470161912838824,-0.44991227073382534,-3.496246108902432,3.327562794480162,0.6390454984689833,1.699641572184555,0.8592771839101696,0.0870029993101025,-0.5777550641914375,-0.52825975549586,-0.2930269308407627,-0.07221524989312836,0.1378909051588935,0.06878062692624826,0.027261986432572764,-0.036237858931310825,-0.06365387846435419,-0.002272276388951453,0.034126360721694234,0.02049492078982843,-0.0015902564432687459,-0.0012104001578597198,0.03412636072169411,-0.0022722763889515,-0.06365387846435423,-0.036237858931310825,0.02726198643257281,0.06878062692624821,0.13789090515889346,-0.07221524989312833,-0.2930269308407626,-0.5282597554958601,-0.5777550641914374,0.08700299931010246,0.8592771839101689,1.699641572184555,0.6390454984689833,3.3275627944801616,-3.4962461089024313,-0.4499122707338253,0.0,2.7397153316913374
617,0.5621690566670487,-0.43895125744726265,-3.5044651981855677,3.4308253815019656,0.6576911343916063,1.7460794058740756,0.832446405539493,0.06992140856662953,-0.5805179744749615,-0.5230776015175563,-0.27076645144784434,-0.05013011067082457,0.1402036980216833,0.056251081783347374,0.012804186749856804,-0.04019056626498222,-0.06149155229860055,0.004407962197659107,0.04082514937706031,0.02123159637652361,-0.0016039689405180078,-0.0028075655036395417,0.040825149377060166,0.004407962197659089,-0.06149155229860058,-0.04019056626498222,0.012804186749856838,0.05625108178334733,0.14020369802168328,-0.05013011067082455,-0.27076645144784434,-0.5230776015175562,-0.5805179744749612,0.06992140856662955,0.8324464055394926,1.7460794058740752,0.6576911343916063,3.430825381501967,-3.504465198185567,-0.43895125744726254,0.0,3.060550265323921
618,0.8742465768887122,-0.4279647837128943,-3.511871222619973,3.5322970572494192,0.6757264466316004,1.7899855913519236,0.8038776860838768,0.05264113733209778,-0.5811265502823914,-0.5154388560670969,-0.24693619939004408,-0.027693344740599785,0.1413462601666764,0.04317058354365799,-0.0017990410654521863,-0.04361932810384003,-0.05841727871406868,0.011014413625357326,0.04675791049295199,0.021524475593263013,-0.0015805392106985434,-0.00433306794927196,0.04675791049295184,0.011014413625357305,-0.05841727871406869,-0.04361932810384004,-0.0017990410654521,0.04317058354365799,0.1413462601666764,-0.027693344740599743,-0.246936199390044,-0.5154388560670968,-0.5811265502823915,0.05264113733209781,0.8038776860838762,1.7899855913519236,0.6757264466316005,3.5322970572494192,-3.5118712226199733,-0.4279647837128943,0.0,3.379511831995695
619,1.1829028908635681,-0.4169534867781056,-3.5184624639468574,3.6319248529036754,0.6931346987946185,1.8312964688466287,0.7736306699251758,0.03521128720278348,-0.5795785331550738,-0.5053793938920856,-0.22167433092001992,-0.005062329894660413,0.14130905503144298,0.029667249583490363,-0.016381835628129175,-0.04647944529369935,-0.05447665057278972,0.017436489087006627,0.05181332400148854,0.02136743649184645,-0.0015205098031846782,-0.005747969158574171,0.051813324001488394,0.017436489087006613,-0.054476650572789734,-0.046479445293699365,-0.016381835628129098,0.029667249583490322,0.14130905503144298,-0.005062329894660345,-0.22167433092001984,-0.5053793938920856,-0.5795785331550736,0.03521128720278348,0.7736306699251754,1.8312964688466284,0.6931346987946186,3.631924852903675,-3.5184624639468556,-0.4169534867781054,0.0,3.6960502081198676
620,1.4877921375063075,-0.4059180053300996,-3.5242373929438333,3.729656762162275,0.7098997363850126,1.869952141535183,0.741768505311409,0.01768138480084374,-0.5758796678706269,-0.4929464584396172,-0.1951273021085888,0.017604193558211,0.14009239315409824,0.015873338757722597,-0.03077856763092739,-0.04873363183300486,-0.04972810916511127,0.023566686140120655,0.05589653205082963,0.020763761603738527,-0.0014252707859686005,-0.007016153883674228,0.05589653205082946,0.023566686140120672,-0.049728109165111244,-0.04873363183300486,-0.030778567630927314,0.015873338757722563,0.14009239315409822,0.017604193558211034,-0.19512730210858872,-0.4929464584396171,-0.5758796678706267,0.017681384800843775,0.7417685053114088,1.8699521415351832,0.7098997363850127,3.729656762162275,-3.524237392943832,-0.4059180053300996,0.0,4.009607414001889
621,1.78856845573163,-0.39485897945885123,-3.5291946697797125,3.825441768386744,0.7260060017968695,1.9058965623877073,0.7083577125189194,0.0001012410452635708,-0.5700436811237529,-0.4781984399812643,-0.16744901976340426,0.040147236241867175,0.13770642958135001,0.0019239559860352443,-0.0448257210387005,-0.05035250095288264,-0.044242077499037115,0.02930238824584566,0.05893091888174526,0.019726069326502234,-0.0012970275566199796,-0.008105251804020218,0.05893091888174514,0.029302388245845672,-0.044242077499037115,-0.050352500952882656,-0.044825721038700445,0.0019239559860351925,0.13770642958135001,0.04014723624186723,-0.16744901976340418,-0.47819843998126427,-0.5700436811237529,0.00010124104526362247,0.708357712518919,1.905896562387708,0.7260060017968694,3.825441768386743,-3.529194669779713,-0.39485897945885146,0.0,4.319622040915345
622,2.0848859844542273,-0.38377705061998063,-3.5333331443253586,3.919229871233583,0.7414385487511446,1.9390776154302862,0.6734680449745798,-0.01747919038502158,-0.5620922305857102,-0.4612046013879106,-0.13879994915187305,0.0624086749090361,0.13417107910791332,-0.012044271036731134,-0.0583637502802812,-0.05131494821861392,-0.0380999158952975,0.03454758252027491,0.06085954841651461,0.018276050166004476,-0.0011387497731067272,-0.008987463776398802,0.06085954841651448,0.03454758252027492,-0.03809991589529752,-0.05131494821861392,-0.05836375028028114,-0.012044271036731169,0.13417107910791334,0.062408674909036135,-0.138799949151873,-0.46120460138791075,-0.5620922305857103,-0.01747919038502158,0.6734680449745796,1.9390776154302867,0.7414385487511443,3.919229871233583,-3.5333331443253573,-0.3837770506199808,0.0,4.625533663529608
623,2.376398862588797,-0.37267286159754637,-3.5366518564205176,4.010972112754744,0.7561830561654985,1.969447191308147,0.6371723436279837,-0.035009954993653794,-0.5520548245314921,-0.44204475284230293,-0.10934618370130042,0.08423236156228919,0.12951585005475666,-0.02589453004509013,-0.07123889234439384,-0.05160842665821646,-0.031392715377144706,0.03921446694376789,0.06164623258578283,0.016444013347627198,-0.0009541025870578307,-0.009640271405993033,0.06164623258578269,0.039214466943767935,-0.031392715377144685,-0.05160842665821646,-0.07123889234439383,-0.0258945300450902,0.12951585005475663,0.08423236156228923,-0.10934618370130038,-0.4420447528423027,-0.5520548245314919,-0.03500995499365374,0.6371723436279835,1.9694471913081482,0.7561830561654985,4.010972112754745,-3.5366518564205185,-0.37267286159754626,0.0,4.9267868723372015
624,2.662761229050032,-0.3615470564667622,-3.539150036096596,4.100620602953973,0.7702258414439637,1.9969612570396291,0.5995463848776565,-0.052441239411702284,-0.539968712332976,-0.4208088770170082,-0.07925848206969205,0.10546521872005112,0.12377959797357545,-0.03949116421520742,-0.08330491319807468,-0.05122911033141261,-0.024219946749447215,0.04322492012436608,0.06127621034769896,0.014268253273505931,-0.000747361771861779,-0.010047011826731067,0.06127621034769883,0.04322492012436612,-0.024219946749447198,-0.051229110331412614,-0.08330491319807463,-0.039491164215207465,0.12377959797357552,0.10546521872005113,-0.07925848206969198,-0.420808877017008,-0.5399687123329759,-0.052441239411702305,0.5995463848776563,1.9969612570396285,0.7702258414439637,4.100620602953973,-3.539150036096596,-0.3615470564667626,0.0,5.222834870858982
625,2.9436272227526326,-0.3504002805566392,-3.540827103755293,4.188128544785666,0.7835538731741067,2.0215799198597906,0.5606687223687784,-0.06972351294150311,-0.525878746224436,-0.3975967064781028,-0.04871127816980861,0.12595831314514694,0.11701020133323428,-0.05270100086018639,-0.09442476869202623,-0.05018194420661182,-0.01668798540184815,0.046511809012175234,0.05975642465847782,0.011794249068510307,-0.000523314710932558,-0.010197303019700262,0.059756424658477705,0.046511809012175276,-0.016687985401848137,-0.05018194420661184,-0.09442476869202612,-0.05270100086018644,0.11701020133323432,0.12595831314514694,-0.048711278169808574,-0.3975967064781028,-0.525878746224436,-0.0697235129415031,0.560668722368778,2.021579919859791,0.7835538731741067,4.188128544785666,-3.540827103755291,-0.35040028055663947,0.0,5.513142593439721
626,3.218650982611287,-0.33923318041255435,-3.541682670303066,4.273450258583216,0.7961547832199105,2.04326748506111,0.5206205229927084,-0.08680766829729189,-0.5098372148534063,-0.3725172552992745,-0.01788166988587561,0.14556790050445279,0.10926416189510789,-0.0653946557943921,-0.10447216108858018,-0.048480579695685075,-0.008908533713821129,0.04902011267420714,0.05711539219741656,0.00907371394656738,-0.00028714953890351453,-0.010087308813405839,0.057115392197416445,0.04902011267420722,-0.008908533713821103,-0.04848057969568507,-0.10447216108858016,-0.06539465579439221,0.10926416189510799,0.14556790050445273,-0.01788166988587559,-0.3725172552992745,-0.5098372148534063,-0.08680766829729189,0.5206205229927082,2.04326748506111,0.7961547832199108,4.273450258583216,-3.5416826703030657,-0.3392331804125546,0.0,5.797189311162622
627,3.4874866475406865,-0.32804640375874944,-3.5417165372414185,4.356541205904064,0.8080168781991456,2.0619925077473984,0.4794853974306993,-0.1036451611427204,-0.49190364923460367,-0.34568830708607867,0.013051607654123658,0.1641564336321119,0.10060613311284743,-0.07744780059117323,-0.11333297353344471,-0.04614719668693397,-0.0009969644580676094,0.050707843318232304,0.05340266829079537,0.0061635142680790895,-4.433500284552051e-05,-0.009719836801762267,0.053402668290795284,0.050707843318232367,-0.0009969644580675706,-0.046147196686933956,-0.11333297353344465,-0.0774478005911733,0.10060613311284748,0.164156433632112,0.013051607654123701,-0.34568830708607845,-0.4919036492346036,-0.10364516114272042,0.479485397430699,2.061992507747398,0.8080168781991458,4.356541205904064,-3.541716537241419,-0.3280464037587494,0.0,6.074470705575926
628,3.7497883564555465,-0.31684059946076065,-3.5409286967129403,4.437358012779029,0.8191291503345843,2.077727838425889,0.437349225595587,-0.1201881480287605,-0.47214460182702284,-0.31723586181480234,0.04390921829809999,0.18159352732407677,0.091108380492852,-0.08874238032178355,-0.12090656617870996,-0.04321221439632698,0.006929390229670678,0.051546749148149114,0.04868791707462686,0.0031244808829850794,0.0001995061745028272,-0.009104266680467904,0.04868791707462675,0.05154674914814918,0.006929390229670725,-0.04321221439632697,-0.12090656617870989,-0.08874238032178361,0.09110838049285207,0.18159352732407671,0.04390921829810006,-0.3172358618148023,-0.4721446018270228,-0.1201881480287605,0.43734922559558653,2.077727838425889,0.8191291503345843,4.437358012779028,-3.54092869671294,-0.31684059946076054,0.0,6.344500402299936
629,4.005210248270547,-0.30561641748778323,-3.5393193315031364,4.515858492353786,0.8294812876689914,2.090450662371411,0.39429997733588884,-0.1363896223400497,-0.45063339955406106,-0.28729354408380864,0.07451226457395713,0.19775687289663255,0.08085017841962631,-0.09916776984831956,-0.12710691923593193,-0.03971389480649908,0.014752978939035728,0.05152278728540988,0.04305960434336521,2.0137605536560764e-05,0.00043872749703490686,-0.008256310830971685,0.04305960434336514,0.05152278728540996,0.01475297893903578,-0.03971389480649908,-0.1271069192359319,-0.09916776984831964,0.0808501784196264,0.19775687289663255,0.07451226457395708,-0.28729354408380836,-0.45063339955406084,-0.13638962234004967,0.3942999773358887,2.090450662371411,0.8294812876689918,4.515858492353785,-3.5393193315031364,-0.30561641748778307,0.0,6.606810968928628
630,4.2534064619003775,-0.29437450887497046,-3.5368888149980178,4.592001666910649,0.8390636836344046,2.1001425327055587,0.3504275287766368,-0.1522035478633876,-0.4274498716832281,-0.25600197555646237,0.10468332485043644,0.2125330960939356,0.06991714848050964,-0.10862185734532352,-0.13186360997665897,-0.03569784386329399,0.022357774325418592,0.05063635884002742,0.0366233376114644,-0.0030846266009875757,0.000667789448082585,-0.007197613263108138,0.036623337611464364,0.05063635884002749,0.022357774325418633,-0.03569784386329399,-0.1318636099766589,-0.10862185734532354,0.06991714848050973,0.21253309609393561,0.1046833248504365,-0.25600197555646226,-0.4274498716832281,-0.15220354786338752,0.35042752877663663,2.1001425327055587,0.8390636836344046,4.592001666910648,-3.5368888149980178,-0.2943745088749703,0.0,6.860954393719383
631,4.494031136259746,-0.2831155256856726,-3.533637711097473,4.665747789259185,0.8478674459668286,2.1067893971428986,0.3058234746803773,-0.16758498959885135,-0.40268005357529807,-0.2235081145429106,0.1342474819417521,0.22581855232695855,0.058400544812546036,-0.11701204443746381,-0.13512261258376884,-0.031216416932514736,0.029630993847743207,0.048902302196187235,0.029499884534236596,-0.006124913974780422,0.0008813877659586806,-0.005955197153360145,0.02949988453423659,0.048902302196187325,0.02963099384774325,-0.031216416932514736,-0.13512261258376876,-0.11701204443746381,0.058400544812546126,0.22581855232695855,0.13424748194175218,-0.22350811454291067,-0.40268005357529807,-0.1675849895988513,0.30582347468037674,2.1067893971428986,0.8478674459668286,4.665747789259185,-3.5336377110974717,-0.2831155256856724,0.0,7.106502073147339
632,4.726738410263338,-0.27184012097361476,-3.529566774084438,4.737058363484485,0.8558844049580724,2.1103816183654422,0.2605809372200843,-0.18249024144183232,-0.3764158674023016,-0.18996456582231386,0.1630333371926641,0.23752005366581389,0.04639649243645252,-0.12425615315741079,-0.13684691176901817,-0.026328036267663227,0.036464772384352154,0.04634964462486046,0.02182290686960737,-0.009037174489919133,0.0010745762718291506,-0.00456077508029407,0.02182290686960738,0.046349644624860555,0.03646477238435221,-0.02632803626766323,-0.13684691176901814,-0.1242561531574108,0.046396492436452615,0.23752005366581389,0.1630333371926641,-0.18996456582231389,-0.37641586740230154,-0.18249024144183226,0.26058093722008413,2.110381618365442,0.8558844049580725,4.737058363484486,-3.5295667740844374,-0.2718401209736146,0.0,7.3430443472681
633,4.951182422825857,-0.2605489487450183,-3.524676948449897,4.805896165042262,0.8631071210370687,2.110913987995838,0.21479437156322168,-0.1968769503731878,-0.34875478101923485,-0.1555288639468946,0.1908740041648176,0.24755552248612656,0.03400518493504294,-0.1302832308406788,-0.1370169231874235,-0.021096429386520517,0.04275776192134752,0.04302111638130298,0.013736452499844575,-0.011760534219541886,0.001242881405657483,-0.003049939563356365,0.013736452499844613,0.043021116381303064,0.04275776192134757,-0.021096429386520517,-0.1370169231874235,-0.1302832308406788,0.03400518493504303,0.24755552248612658,0.19087400416481762,-0.15552886394689466,-0.348754781019235,-0.1968769503731877,0.21479437156322126,2.110913987995838,0.8631071210370688,4.805896165042262,-3.524676948449897,-0.2605489487450182,0.0,7.570189631778792
634,5.1670173128619865,-0.24924266392066588,-3.518969368673756,4.87222526019028,0.8695288916736392,2.108385734149016,0.16855936867283908,-0.21070423680462277,-0.3197994462554324,-0.12036273339370838,0.2176080761634345,0.2558545671845966,0.021330048172801798,-0.13503424507386522,-0.13563071587346698,-0.015589798285493891,0.04841663458928812,0.03897243542121372,0.005392252572009806,-0.014238067761495377,0.001382405817975386,-0.0014612545664684764,0.005392252572009858,0.03897243542121382,0.048416634589288146,-0.015589798285493887,-0.13563071587346692,-0.1350342450738652,0.02133004817280189,0.2558545671845966,0.21760807616343458,-0.1203627333937084,-0.31979944625543244,-0.21070423680462275,0.1685593686728388,2.108385734149016,0.8695288916736392,4.872225260190281,-3.5189693686737553,-0.24924266392066563,0.0,7.787563204506227
635,5.373897219286438,-0.23792192229791487,-3.512445358961627,4.936011024745985,0.8751437575983048,2.1028005225513513,0.12197245573741508,-0.22393281073734406,-0.28965731796792044,-0.08463132903877191,0.2430805619951081,0.2623589759255196,0.008476877036745243,-0.13846266188959247,-0.1327040341727282,-0.009879930322292126,0.053357466757531745,0.03427137470905823,-0.003053125527441965,-0.016417988129400263,0.001489918618662089,0.0001647288442769046,-0.0030531255274418787,0.034271374709058305,0.05335746675753177,-0.009879930322292127,-0.13270403417272816,-0.13846266188959247,0.008476877036745352,0.2623589759255196,0.2430805619951082,-0.08463132903877196,-0.2896573179679205,-0.22393281073734386,0.12197245573741508,2.102800522551351,0.8751437575983051,4.936011024745986,-3.512445358961626,-0.23792192229791467,0.0,7.994805711616314
636,5.571476281013899,-0.226587380512659,-3.5051064329376063,4.997220162160538,0.8799465083323633,2.0941664512257083,0.07513089464609003,-0.23652508340392195,-0.25844025527046977,-0.048502460520601,0.2671437845316294,0.2670231249549892,-0.004447047596111741,-0.14053490154500364,-0.12827011891984563,-0.0040412623579331826,0.057506983659480086,0.028996627731366065,-0.011441215943414795,-0.018254729237272626,0.0015629301928908792,0.001786507563554356,-0.011441215943414712,0.028996627731366145,0.05750698365948013,-0.004041262357933191,-0.1282701189198456,-0.14053490154500364,-0.004447047596111646,0.2670231249549892,0.2671437845316294,-0.048502460520600914,-0.2584402552704697,-0.23652508340392187,0.0751308946460899,2.0941664512257083,0.8799465083323633,4.997220162160538,-3.5051064329376067,-0.226587380512659,0.0,8.191571464988366
637,5.7594086369590585,-0.21523969600124146,-3.496954293293102,5.055820720899798,0.8839326870231043,2.0824960387500844,0.028132478930029153,-0.24844527407613282,-0.22626410641820488,-0.012145804135872932,0.2896582368704083,0.2698142986187501,-0.017333854294321473,-0.14123066741967402,-0.12237932989384308,0.0018500896415756505,0.06080364609037325,0.023236491205761586,-0.019614627745066292,-0.019709898350917306,0.001599749851771126,0.003362685810474666,-0.01961462774506618,0.023236491205761663,0.06080364609037329,0.0018500896415756505,-0.12237932989384305,-0.141230667419674,-0.01733385429432138,0.2698142986187501,0.28965823687040837,-0.012145804135872984,-0.22626410641820474,-0.24844527407613268,0.02813247893002888,2.082496038750085,0.8839326870231043,5.055820720899798,-3.4969542932931,-0.21523969600124143,0.0,8.377526606816186
638,5.937348426036618,-0.20387952696232173,-3.4879908313917887,5.111782111123231,0.8870985945796763,2.0678062061068667,-0.018924670406152432,-0.2596595117352883,-0.19324827888828996,0.024267894031519945,0.3104933911278859,0.27071291883900656,-0.030075981436718843,-0.14054314481153676,-0.11509857383891975,0.007717322893259091,0.06319856306141594,0.017087387036542705,-0.027419998149232985,-0.02075307859734678,0.0015995249827015642,0.004853031752805559,-0.027419998149232853,0.017087387036542764,0.06319856306141598,0.007717322893259096,-0.11509857383891975,-0.14054314481153674,-0.03007598143671871,0.2707129188390066,0.3104933911278859,0.024267894031519997,-0.19324827888828994,-0.25965951173528806,-0.0189246704061525,2.067806206106867,0.8870985945796763,5.111782111123231,-3.4879908313917887,-0.2038795269623216,0.0,8.55234722049647
639,6.104949787161258,-0.1925075323186982,-3.478218126830807,5.165075120651979,0.889441293105767,2.050118252149026,-0.06594230973664597,-0.2701359313161582,-0.15951529625214175,0.0605676200055862,0.32952845517694657,0.26971268244057117,-0.04256707499125968,-0.13847906768370968,-0.10651054454716237,0.013483949038904625,0.06465621687516372,0.010652248258557954,-0.03471087016122842,-0.0213624647576616,0.00156226079285163,0.006219504421489716,-0.03471087016122828,0.010652248258558001,0.06465621687516376,0.013483949038904623,-0.10651054454716238,-0.13847906768370968,-0.04256707499125957,0.26971268244057117,0.32952845517694657,0.06056762000558625,-0.1595152962521417,-0.27013593131615815,-0.06594230973664597,2.050118252149026,0.8894412931057669,5.165075120651979,-3.478218126830807,-0.19250753231869847,0.0,8.715717468186062
640,6.261866859247707,-0.18112437167908832,-3.4676384469582704,5.2156719302177885,0.8909586086259079,2.0294578227188156,-0.11282227792270967,-0.27984476425100996,-0.12519034348364563,0.09658289507148365,0.34665307294113124,0.2668206053631102,-0.05470287621453958,-0.13505865270846884,-0.09671278363421233,0.019074791287785678,0.06515498986897465,0.004038795987901848,-0.041350440638058816,-0.0215253190536442,0.001488820188581898,0.007427224703543626,-0.04135044063805867,0.004038795987901883,0.0651549898689747,0.019074791287785674,-0.09671278363421235,-0.13505865270846884,-0.054702876214539516,0.2668206053631102,0.34665307294113124,0.0965828950714837,-0.1251903434836458,-0.2798447642510099,-0.11282227792270981,2.0294578227188156,0.8909586086259079,5.2156719302177885,-3.46763844695827,-0.18112437167908838,0.0,8.867327835024271
641,6.407753781210628,-0.16973070529987022,-3.4562542463472234,5.263546127984843,0.8916491331028794,2.005854873463753,-0.15946670124871576,-0.288758423056487,-0.09040080239075757,0.1321445764149575,0.3617679641856877,0.2620569734493675,-0.06638209186267877,-0.1303154012543776,-0.08581657267546353,0.02441696446109682,0.06468748501468376,-0.0026422637775581287,-0.04721412721044597,-0.021238237400923936,0.0013809037935958233,0.008445365628815872,-0.04721412721044581,-0.002642263777558107,0.0646874850146838,0.024416964461096813,-0.08581657267546354,-0.1303154012543776,-0.0663820918626787,0.26205697344936746,0.36176796418568763,0.13214457641495736,-0.09040080239075764,-0.2887584230564869,-0.15946670124871568,2.0058548734637527,0.8916491331028795,5.263546127984843,-3.4562542463472226,-0.16973070529987053,0.0,9.006873557928866
642,6.542264691964738,-0.15832719404678525,-3.4440681662261623,5.308672723336892,0.8915122257443414,1.9793436264037934,-0.20577819775812947,-0.29685157972297244,-0.05527577889453272,0.16708565148783067,0.37478550009625766,0.255455200154553,-0.07750723965023058,-0.12429577125601471,-0.07394566928575158,0.029440825161723017,0.06326063561986255,-0.009279093323134058,-0.05219190589891067,-0.020507220563319953,0.0012410105685314579,0.009247939226101808,-0.052191905898910526,-0.00927909332313404,0.06326063561986257,0.029440825161723014,-0.0739456692857516,-0.12429577125601468,-0.07750723965023054,0.255455200154553,0.37478550009625755,0.16708565148783067,-0.05527577889453272,-0.2968515797229724,-0.20577819775812933,1.979343626403793,0.8915122257443415,5.308672723336894,-3.4440681662261623,-0.15832719404678508,0.0,9.134053313116576
643,6.665053730424718,-0.14691449935660586,-3.43108303386625,5.351028159922502,0.8905480135974722,1.9499625203126738,-0.25166008056281813,-0.30410123768369685,-0.019945623909876187,0.20124202236887132,0.38563021130827535,0.24706159217496243,-0.0879854619003668,-0.11705872218018466,-0.061234901497960015,0.03408087968242685,0.06089560250374476,-0.01576059532666342,-0.05619037556178034,-0.019347548721048147,0.0010723799439036087,0.009814459864170849,-0.05619037556178017,-0.0157605953266634,0.06089560250374478,0.03408087968242685,-0.06123490149796004,-0.11705872218018461,-0.08798546190036675,0.24706159217496237,0.3856302113082753,0.20124202236887132,-0.019945623909876288,-0.30410123768369673,-0.25166008056281836,1.9499625203126738,0.8905480135974722,5.351028159922504,-3.431083033866249,-0.14691449935660578,0.0,9.248568231136483
644,6.7757750355052675,-0.13549328319877083,-3.417301861925361,5.390590327951617,0.8887573914310737,1.9177541549853645,-0.29701655970123036,-0.31048679715909094,0.01545855039394968,0.23445327643635225,0.3942392254417683,0.23693502463977362,-0.09772930059508908,-0.10867513754545324,-0.04782863640539314,0.038276637816482155,0.05762746017274545,-0.021978272574041457,-0.05913451043860467,-0.017783462074648006,0.0008789168063920917,0.010130467145976258,-0.059134510438604494,-0.021978272574041474,0.05762746017274546,0.03827663781648215,-0.04782863640539315,-0.10867513754545319,-0.09772930059508905,0.23693502463977356,0.3942392254417681,0.23445327643635214,0.015458550393949647,-0.31048679715909083,-0.29701655970123036,1.9177541549853638,0.8887573914310738,5.390590327951617,-3.4173018619253597,-0.13549328319877063,0.0,9.350121301329905
645,6.874082746121078,-0.12406420803698869,-3.4027278477491225,5.427338575736995,0.8861420209052441,1.8827652294724397,-0.34175294212401336,-0.31599011369070823,0.050805357157874396,0.2665634397329008,0.40056263160494754,0.22514652814431704,-0.10665742735639666,-0.09922713065116082,-0.03387914046085637,0.04197340144002639,0.05350467664973192,-0.027828044150200078,-0.06096906790492329,-0.01584765416084935,0.0006651010755273694,0.010187895009211544,-0.060969067904923145,-0.027828044150200074,0.05350467664973193,0.0419734014400264,-0.0338791404608564,-0.0992271306511608,-0.10665742735639659,0.22514652814431702,0.4005626316049475,0.26656343973290086,0.050805357157874396,-0.3159901136907082,-0.3417529421240133,1.88276522947244,0.8861420209052439,5.427338575736995,-3.4027278477491225,-0.12406420803698873,0.0,9.438417219364103
646,6.95963100118685,-0.1126279367908129,-3.387364372629107,5.46125372047451,0.882704329029391,1.8450464743709194,-0.3857758293895539,-0.32059554969839466,0.08596362241695678,0.2974217094845213,0.4045637697533695,0.21177879052148538,-0.11469532226551496,-0.08880724031597295,-0.01954485005593469,0.045122977585755376,0.04858839467141272,-0.03321198770337315,-0.06165962502381153,-0.013580588471414197,0.0004358839646565527,0.00998527761194948,-0.0616596250238114,-0.033211987703373164,0.04858839467141274,0.045122977585755376,-0.019544850055934728,-0.0888072403159729,-0.11469532226551485,0.21177879052148538,0.4045637697533695,0.2974217094845214,0.08596362241695682,-0.3205955496983946,-0.3857758293895542,1.8450464743709198,0.8827043290293907,5.46125372047451,-3.3873643726291056,-0.11262793679081283,0.0,9.513162721976887
647,7.032073939617279,-0.10118513279719085,-3.3712150010183346,5.492318058256702,0.8784475059100185,1.804652578269752,-0.4289933126566975,-0.3242900189142057,0.12080287189426209,0.3268831623335755,0.40621944322710724,0.19692557684599657,-0.12177589585432151,-0.07751752450333425,-0.004988572022983705,0.04768430671195357,0.042951524914011226,-0.0380399786179857,-0.06119322444474599,-0.011029652659422393,0.00019657332841755621,0.009527786748147953,-0.06119322444474584,-0.038039978617985734,0.042951524914011226,0.04768430671195357,-0.004988572022983739,-0.07751752450333421,-0.12177589585432141,0.19692557684599657,0.4062194432271074,0.32688316233357545,0.12080287189426199,-0.3242900189142056,-0.42899331265669727,1.8046525782697516,0.8784475059100186,5.492318058256702,-3.371215001018334,-0.10118513279719078,0.0,9.5740674424843
648,7.091065700327057,-0.08973645977198823,-3.354283479704305,5.520515373314304,0.8733755017903745,1.7616421084565885,-0.47131516456755285,-0.32706302356681455,0.15519381519815686,0.35480943495956113,0.4055200532337436,0.18069107173976487,-0.12784004907742627,-0.06546856071134143,0.009624365501724248,0.04962399797641295,0.03667766469509532,-0.04223119865720415,-0.059578617530390156,-0.008248168012320992,-4.728924833307006e-05,0.00882709983799483,-0.05957861753039003,-0.04223119865720417,0.03667766469509532,0.04962399797641293,0.009624365501724196,-0.06546856071134145,-0.12784004907742622,0.18069107173976484,0.4055200532337437,0.35480943495956113,0.15519381519815686,-0.32706302356681444,-0.47131516456755296,1.7616421084565892,0.8733755017903745,5.520515373314304,-3.354283479704305,-0.08973645977198813,0.0,9.620845309134749
649,7.136260422230879,-0.07828258177149161,-3.3365737369397,5.54583094648099,0.8674930233847058,1.7160774260008178,-0.5126530276197787,-0.3289066842107494,0.18900882562613974,0.3810693738912093,0.40246965449751715,0.16318914859163455,-0.13283716659101713,-0.05277836291774985,0.024127990851465383,0.05091676453712575,0.02985985818770255,-0.0457154888211998,-0.05684610014936168,-0.005294274896363202,-0.0002900567739545086,0.007901101862628327,-0.056846100149361575,-0.04571548882119984,0.029859858187702547,0.05091676453712575,0.024127990851465313,-0.05277836291774983,-0.13283716659101705,0.16318914859163455,0.40246965449751726,0.3810693738912093,0.18900882562613966,-0.3289066842107494,-0.5126530276197787,1.716077426000818,0.8674930233847058,5.545830946480989,-3.3365737369396986,-0.07828258177149147,0.0,9.653216496248833
650,7.167312244243439,-0.06682416315389118,-3.3180898815310007,5.568251562876848,0.860805529510527,1.6680245953359725,-0.5529205986350755,-0.32981576211570485,0.2221224137946299,0.40553965145810994,0.3970859317519962,0.1445425708173755,-0.13672553922124656,-0.03957122568813178,0.03835757391165703,0.05154575320494151,0.022599216533343125,-0.04843452377493148,-0.05304694421610301,-0.002229717469588347,-0.0005261076143030011,0.0067734288513269635,-0.053046944216102905,-0.04843452377493153,0.02259921653334309,0.05154575320494151,0.03835757391165697,-0.03957122568813178,-0.13672553922124647,0.14454257081737545,0.39708593175199625,0.40553965145810994,0.22212241379462963,-0.3298157621157047,-0.5529205986350754,1.6680245953359727,0.860805529510527,5.568251562876849,-3.3180898815309994,-0.06682416315389098,0.0,9.67090992548607
651,7.183875305279438,-0.05536186854074627,-3.2988362018852118,5.587765518806644,0.853319226022951,1.6175532884726214,-0.5920338089387606,-0.3297876741523033,0.2544116933370455,0.4281053449890997,0.3894000972125642,0.12488213076252634,-0.13947271209596537,-0.02597650676860843,0.052151497101077623,0.05150276415066101,0.015003418318226918,-0.05034278818609304,-0.04825243564422472,0.0008814469339527218,-0.0007499756698235548,0.005472864573624538,-0.048252435644224635,-0.0503427881860931,0.015003418318226892,0.051502764150661004,0.05215149710107758,-0.025976506768608396,-0.13947271209596532,0.12488213076252631,0.3894000972125642,0.42810534498909975,0.2544116933370455,-0.32978767415230337,-0.5920338089387602,1.6175532884726216,0.853319226022951,5.587765518806644,-3.2988362018852118,-0.05536186854074634,0.0,9.673666301760765
652,7.1856037442535685,-0.04389636277843499,-3.278817165014915,5.604362627869203,0.8450410600557836,1.5647366839806116,-0.6299109998742541,-0.32882250013201436,0.2857568369419425,0.44866047653725305,0.37945670962312134,0.10434573228806525,-0.14105575553407063,-0.012127360087090455,0.06535309100137537,0.05078835780235009,0.0071851126513274854,-0.05140833862980033,-0.04255253676479838,0.0039741867714527075,-0.0009564769510126739,0.004032605835738909,-0.04255253676479833,-0.05140833862980038,0.0071851126513274724,0.05078835780235008,0.06535309100137532,-0.012127360087090441,-0.1410557555340706,0.10434573228806522,0.3794567096231214,0.4486604765372532,0.2857568369419427,-0.3288225001320143,-0.6299109998742541,1.5647366839806118,0.8450410600557837,5.604362627869203,-3.278817165014914,-0.043896362778434825,0.0,9.66124165552749
653,7.168303897447299,-0.032428310899591646,-3.2580374155018816,5.618034226274787,0.8359787135747296,1.509651360887139,-0.6664730932860488,-0.3269229825803711,0.31604152103882804,0.4671085105967032,0.3673134159260815,0.08307742347390855,-0.14146145643145017,0.0018405684273100082,0.07781241378604624,0.04941184753930269,-0.0007397514726456954,-0.05161333830610057,-0.03605419830747187,0.006983855622135743,-0.0011408296212137012,0.0024894151345684523,-0.036054198307471856,-0.05161333830610067,-0.0007397514726457127,0.049411847539302674,0.07781241378604623,0.0018405684273100514,-0.1414614564314501,0.08307742347390856,0.3673134159260816,0.4671085105967032,0.316041521038828,-0.326922982580371,-0.6664730932860488,1.509651360887139,0.8359787135747296,5.618034226274788,-3.258037415501881,-0.03242831089959147,0.0,9.63341135061404
654,7.128576880731279,-0.02095837808453263,-3.236501774419498,5.628773177367635,0.8261405962486872,1.4523771876444795,-0.7016437566152335,-0.32409451894413094,0.34515335748139786,0.483362807473804,0.3530406170533376,0.06122638622512883,-0.14068642854609287,0.015790469432856877,0.08938795423838071,0.04739117827789876,-0.008653644749066665,-0.05095435561939163,-0.028879352617750202,0.009847543467978925,-0.001298764726979744,0.0008826822976997368,-0.0288793526177502,-0.050954355619391704,-0.008653644749066691,0.04739117827789874,0.08938795423838067,0.015790469432856884,-0.14068642854609284,0.0612263862251288,0.35304061705333756,0.48336280747380395,0.34515335748139797,-0.32409451894413094,-0.7016437566152331,1.452377187644479,0.8261405962486871,5.628773177367636,-3.236501774419498,-0.020958378084532665,0.0,9.58997450473452
655,7.06726900240401,-0.009487229622673801,-3.21421523821423,5.636573875351342,0.8155358376457507,1.3929972063283702,-0.7353495622628918,-0.32034514625452215,0.37298431062619514,0.4973470301834154,0.3367210597757764,0.03894588986807762,-0.138737140761854,0.029585710158850625,0.09994823901574285,0.04475269253217604,-0.01643920057592036,-0.04944242162167533,-0.02116262576494777,0.012505391679035954,-0.0014266250518820411,-0.0007465809390046834,-0.02116262576494778,-0.049442421621675406,-0.01643920057592037,0.04475269253217604,0.09994823901574279,0.02958571015885061,-0.138737140761854,0.03894588986807762,0.3367210597757763,0.4973470301834156,0.37298431062619514,-0.32034514625452215,-0.7353495622628916,1.3929972063283709,0.8155358376457503,5.636573875351343,-3.2142152382142295,-0.009487229622673801,0.0,9.530758758502115
656,6.98522657076394,0.001984469126057492,-3.191182977546412,5.64143224821512,0.8041742787611615,1.3315975122349377,-0.7675201408886727,-0.31568551829015745,0.3994310982588896,0.5089955029593541,0.31844935697760246,0.01639221607618512,-0.13562986309496813,0.04309117265985859,0.10937332590510314,0.041530786998874,-0.023980955653376976,-0.04710284535807318,-0.013048811469946048,0.014901844216700846,-0.0015214498046604646,-0.0023567877529063292,-0.013048811469946062,-0.04710284535807327,-0.023980955653377014,0.04153078699887398,0.1093733259051031,0.04309117265985862,-0.13562986309496816,0.0163922160761851,0.31844935697760235,0.5089955029593543,0.3994310982588896,-0.31568551829015745,-0.7675201408886722,1.3315975122349373,0.8041742787611613,5.641432248215122,-3.1911829775464104,0.001984469126057251,0.0,9.455625318402213
657,6.88329589410958,0.013456052769815662,-3.167410336090605,5.643345759859412,0.79206646288507,1.268267129050747,-0.7980883283244711,-0.3101288753045024,0.4243955748803163,0.5182535196952945,0.29833143913668714,-0.006276437333690823,-0.1313905308939733,0.05617457723293847,0.11755616610964027,0.03776746414388862,-0.03116706235653764,-0.04397479020563086,-0.004690154251013605,0.016986808901463132,-0.0015810431806392118,-0.003906837735137901,-0.004690154251013644,-0.043974790205630936,-0.03116706235653768,0.03776746414388862,0.1175561661096402,0.0561745772329385,-0.1313905308939733,-0.0062764373336908754,0.298331439136687,0.5182535196952945,0.42439557488031615,-0.31012887530450234,-0.798088328324471,1.268267129050747,0.7920664628850695,5.643345759859413,-3.167410336090605,0.013456052769815732,0.0,9.364474189992457
658,6.762323280739398,0.02492685592343202,-3.142902829295826,5.642313411419744,0.7792236258185798,1.2030978797769718,-0.8269903057965095,-0.30369100640392177,0.4477850959298792,0.525077600867555,0.27648394019099487,-0.02890106604528493,-0.1260545283665226,0.06870777803560067,0.12440382009375545,0.03351178463589524,-0.03789094748609213,-0.040110618297295536,0.003756507234295833,0.018716704471595035,-0.0016040252087686688,-0.005357165975475172,0.003756507234295768,-0.04011061829729561,-0.037890947486092175,0.03351178463589522,0.12440382009375538,0.06870777803560069,-0.1260545283665226,-0.028901066045284966,0.2764839401909948,0.525077600867555,0.4477850959298792,-0.30369100640392177,-0.8269903057965095,1.203097879776972,0.7792236258185796,5.642313411419744,-3.142902829295825,0.02492685592343216,0.0,9.257249509757855
659,6.62315503895188,0.03639621324700825,-3.117666143105916,5.638335741788151,0.7656576854471606,1.136184253594817,-0.8541657331630681,-0.2963902046832025,0.46951286159466704,0.5294356977331488,0.2530335213515345,-0.051322974543958684,-0.11966639323990848,0.08056801821453709,0.12983851317710324,0.028819227765503545,-0.04405289279686944,-0.03557501400509206,0.012132683049923368,0.020055371546482303,-0.0015898637068564498,-0.006670752953720478,0.012132683049923284,-0.03557501400509212,-0.04405289279686948,0.028819227765503542,0.12983851317710315,0.08056801821453713,-0.11966639323990849,-0.05132297454395873,0.2530335213515345,0.5294356977331487,0.46951286159466676,-0.2963902046832025,-0.8541657331630677,1.1361842535948168,0.7656576854471603,5.638335741788151,-3.117666143105915,0.03639621324700839,0.0,9.133944877736987
660,6.4666374770455,0.04786345948450833,-3.0917061326403497,5.631414827331859,0.751381230681097,1.0676232688652407,-0.8795578748896947,-0.28824721524603636,0.48949823892838235,0.5313073428441031,0.22811613678204182,-0.07338488925171288,-0.11227944502039267,0.09163913225171548,0.13379851888835292,0.02375096818785993,-0.049561513864330616,-0.030443901154966573,0.020281205826045392,0.020974828453061888,-0.0015388866050178884,-0.007814069460195583,0.020281205826045277,-0.030443901154966656,-0.04956151386433066,0.02375096818785993,0.13379851888835287,0.0916391322517155,-0.11227944502039272,-0.0733848892517129,0.2281161367820417,0.531307342844103,0.48949823892838223,-0.2882472152460363,-0.8795578748896944,1.0676232688652405,0.7513812306810969,5.631414827331861,-3.0917061326403497,0.0478634594845084,0.0,8.994608588395296
661,6.293616903318739,0.059327929502345396,-3.065028820835808,5.621554280809419,0.736407509773242,0.997514332461605,-0.9031137184988912,-0.27928517625816157,0.5076670610846902,0.5306837461711658,0.20187624540262428,-0.0949320616883365,-0.10395533995413157,0.10181268375142034,0.13623886004567373,0.018373078417463044,-0.05433511535674769,-0.024803172098598187,0.028049179787685185,0.02145585611660035,-0.0014522743519786217,-0.008757932426318756,0.028049179787685067,-0.02480317209859827,-0.054335115356747725,0.018373078417463055,0.13623886004567368,0.10181268375142034,-0.10395533995413161,-0.09493206168833651,0.20187624540262422,0.5306837461711659,0.5076670610846901,-0.2792851762581615,-0.9031137184988914,0.997514332461605,0.7364075097732418,5.621554280809419,-3.065028820835807,0.05932792950234557,0.0,8.839348654371623
662,6.10493962607008,0.07078895832796152,-3.0376403970488006,5.608759249484819,0.7207504180249144,0.9259590956392151,-0.9247840852469869,-0.26952955320065897,0.5239519025545067,0.5275678363854641,0.17446597338695158,-0.11581335392080863,-0.09476355640427934,0.11098902752414778,0.13713181960117085,0.012755667471892431,-0.05830290261377213,-0.018747249916902773,0.03529084963274757,0.021488399790052726,-0.0013320325800723275,-0.009478249820254438,0.03529084963274744,-0.01874724991690284,-0.05830290261377216,0.012755667471892431,0.13713181960117082,0.11098902752414783,-0.0947635564042794,-0.11581335392080866,0.17446597338695155,0.527567836385464,0.5239519025545065,-0.26952955320065897,-0.9247840852469865,0.925959095639215,0.7207504180249144,5.6087592494848195,-3.0376403970487997,0.07078895832796178,0.0,8.668337516752887
663,5.901451953598009,0.08224588118839796,-3.009547215619684,5.593036412440586,0.7044244848913488,0.8530613066507147,-0.9445237327971209,-0.2590080665102215,0.5382923293858118,0.5219742471042381,0.14604423220842502,-0.1358822986873063,-0.08478081493964511,0.11907828556473785,0.13646725544717486,0.006971966893546447,-0.061406031563136315,-0.012377507823248358,0.04187033542894217,0.02107177922479865,-0.0011809456619152527,-0.009956635594229513,0.04187033542894202,-0.01237750782324843,-0.061406031563136364,0.006971966893546452,0.13646725544717483,0.11907828556473787,-0.08478081493964518,-0.13588229868730634,0.14604423220842497,0.5219742471042381,0.5382923293858118,-0.25900806651022146,-0.9445237327971207,0.853061306650715,0.7044244848913488,5.593036412440586,-3.009547215619684,0.08224588118839792,0.0,8.481816336495777
664,5.68400019420101,0.09369803354885335,-2.980755794398408,5.57439397709126,0.6874448604986624,0.7789266603210399,-0.962291449673994,-0.24775061281200544,0.5506351234574053,0.5139292481652464,0.11677579734846721,-0.1549981267598094,-0.07409043797521922,0.1260012273654938,0.13425271560885843,0.0010973760644939054,-0.0635984814047511,-0.005800572224808953,0.04766418221303257,0.020214702889632924,-0.0010025122342200835,-0.010180878987031874,0.04766418221303241,-0.0058005722248090094,-0.06359848140475113,0.001097376064493901,0.1342527156088584,0.12600122736549377,-0.07409043797521929,-0.15499812675980942,0.11677579734846709,0.5139292481652465,0.5506351234574052,-0.24775061281200536,-0.9622914496739939,0.7789266603210399,0.6874448604986623,5.574393977091259,-2.980755794398407,0.09369803354885348,0.0,8.280098764536016
665,5.45343065617755,0.10514475115123001,-2.9512728132323134,5.552841674899081,0.6698273015848546,0.7036626448000256,-0.9780501413031812,-0.23578917996887985,0.5609344799743127,0.5034706222526066,0.08683035300813523,-0.17302675433909284,-0.0627816543094223,0.13169004594203254,0.13051335251483967,-0.004791520739779714,-0.06484773711990054,0.0008734621520096911,0.052563676452702796,0.018935085940796095,-0.0008008641817887561,-0.010145256202779899,0.052563676452702636,0.0008734621520096609,-0.06484773711990055,-0.004791520739779709,0.13051335251483967,0.13169004594203257,-0.06278165430942238,-0.1730267543390929,0.08683035300813514,0.5034706222526065,0.5609344799743123,-0.2357891799688798,-0.9780501413031809,0.7036626448000256,0.6698273015848544,5.552841674899082,-2.951272813232313,0.10514475115123022,0.0,8.063574092994754
666,5.21058964782611,0.11658537005266133,-2.921105112416357,5.5283907562941055,0.6515881568778813,0.6273783857148669,-0.9917669074553759,-0.2231577561884589,0.569152177451926,0.4906474874534873,0.05638150836135701,-0.18984172355623907,-0.0509488543628592,0.13608902197105502,0.12529163731947424,-0.010617952743523748,-0.06513527168361546,0.007532875194133486,0.056476885905833656,0.017259675747951585,-0.0005806709577273593,-0.009850676510385572,0.05647688590583351,0.0075328751941334555,-0.06513527168361549,-0.010617952743523756,0.12529163731947424,0.13608902197105505,-0.050948854362859286,-0.1898417235562391,0.056381508361356907,0.4906474874534873,0.569152177451926,-0.2231577561884589,-0.9917669074553755,0.6273783857148669,0.6515881568778813,5.5283907562941055,-2.9211051124163583,0.11658537005266115,0.0,7.832709696660542
667,4.95632347744519,0.12801922666402332,-2.890259691106108,5.50105398480141,0.632744351924376,0.5501844879483895,-1.003413110933889,-0.20989223344618915,0.5752577195580585,0.475520066579002,0.02560579105307572,-0.2053250894837284,-0.03869080233483709,0.13915506953511655,0.11864687752152239,-0.016305963495190038,-0.06445682082879929,0.014066191542571561,0.05933038460204734,0.015223492803604306,-0.00034703145548730963,-0.009304659034533296,0.0593303846020472,0.014066191542571532,-0.06445682082879933,-0.01630596349519003,0.11864687752152242,0.13915506953511655,-0.03869080233483719,-0.20532508948372843,0.025605791053075644,0.47552006657900214,0.5752577195580584,-0.20989223344618915,-1.0034131109338889,0.5501844879483895,0.6327443519243761,5.501053984801409,-2.890259691106107,0.12801922666402346,0.0,7.588052682515288
668,4.69147845333325,0.1394456577884247,-2.858743705693878,5.470845630378461,0.6133133733830946,0.4721928752725455,-1.0129644373619944,-0.19603030549891304,0.5792284482865281,0.4581594043326675,-0.0053183762224849685,-0.2193682474343627,-0.02610981185349813,0.14085815812908264,0.11065454335801085,-0.021781401075939264,-0.06282244628722962,0.020364046636102688,0.061070630579624,0.01286909870242862,-0.0001053559365925124,-0.008521140830582967,0.061070630579623864,0.020364046636102695,-0.06282244628722963,-0.02178140107593926,0.11065454335801085,0.14085815812908267,-0.026109811853498244,-0.21936824743436273,-0.00531837622248502,0.4581594043326674,0.5792284482865278,-0.19603030549891312,-1.0129644373619944,0.47219287527254505,0.6133133733830944,5.470845630378461,-2.8587437056938776,0.13944565778842483,0.0,7.330230675367737
669,4.416900883788791,0.15086400065967345,-2.82656446814839,5.437781461966113,0.5933132527976603,0.3935166280696419,-1.0204009459453003,-0.18161136077870085,0.5810496280422778,0.4386470336547231,-0.03621171013013401,-0.23187269474511324,-0.013310892000124138,0.14118160679491282,0.10140541062401077,-0.026972884783303806,-0.060256386569543824,0.026321017421226084,0.061664970526460104,0.010245706491668699,0.00013875925181277584,-0.007520121142271043,0.06166497052645997,0.026321017421226084,-0.06025638656954386,-0.026972884783303796,0.10140541062401082,0.14118160679491285,-0.01331089200012426,-0.23187269474511318,-0.03621171013013411,0.438647033654723,0.5810496280422777,-0.1816113607787009,-1.0204009459453,0.3935166280696416,0.5933132527976602,5.437781461966113,-2.8265644681483892,0.15086400065967337,0.0,7.059951679513389
670,4.133437077110271,0.1622735929807202,-2.793729444318332,5.401878739257121,0.5727625498636668,0.3142698193765995,-1.0257071111031686,-0.1666763704712922,0.580714500325989,0.4170745928093002,-0.06689510609160496,-0.24275072170252807,-0.00040087083544654756,0.1401222475038611,0.0910045296540642,-0.031812735687807056,-0.05679669749720849,0.03183738708317604,0.06110225247436851,0.007408151988634668,0.0003796612684985097,-0.006327150922505331,0.061102252474368395,0.03183738708317606,-0.056796697497208504,-0.03181273568780706,0.09100452965406425,0.14012224750386112,-0.000400870835446638,-0.24275072170252807,-0.06689510609160504,0.41707459280930037,0.5807145003259891,-0.16667637047129222,-1.0257071111031686,0.3142698193765995,0.5727625498636665,5.401878739257121,-2.7937294443183314,0.16227359298072017,0.0,6.778002969577587
671,3.8419333415961905,0.1736737729620727,-2.760246252200225,5.363156203686484,0.5516803352056657,0.23456734948995372,-1.0288718548822693,-0.15126777209716996,0.5782243088152481,0.39354339501275704,-0.09719067664710147,-0.25192602676335263,0.012512496256422171,0.13769045618583864,0.07957003217542029,-0.036237858931310825,-0.052494687817545016,0.03682081425725537,0.05939303505035833,0.0044157475674723905,0.0006117716778859014,-0.0049726806471971025,0.0593930350503582,0.03682081425725542,-0.052494687817545016,-0.03623785893131081,0.07957003217542033,0.13769045618583872,0.012512496256422069,-0.25192602676335263,-0.09719067664710154,0.393543395012757,0.5782243088152481,-0.15126777209716996,-1.028871854882269,0.23456734948995317,0.5516803352056656,5.363156203686484,-2.7602462522002233,0.1736737729620726,0.0,6.485248978115165
672,3.543235985545011,0.18506387936018162,-2.726122660170979,5.3216340686483035,0.5300861726800261,0.15452477937140802,-1.0298885700845883,-0.1354293489260687,0.5735882947491886,0.36816395262438506,-0.12692278276058092,-0.25933425175503266,0.02532142596409781,0.1339100511020226,0.0672317895846734,-0.04019056626498222,-0.047414158271895476,0.04118787877869561,0.05656938935858272,0.0013310423740868782,0.0008297156268137065,-0.003491283069133855,0.056569389358582634,0.04118787877869563,-0.04741415827189548,-0.04019056626498221,0.06723178958467342,0.1339100511020226,0.025321425964097737,-0.25933425175503266,-0.12692278276058103,0.36816395262438495,0.5735882947491885,-0.13542934892606867,-1.0298885700845881,0.15452477937140788,0.530086172680026,5.3216340686483035,-2.726122660170979,0.18506387936018165,0.0,6.1826281629066395
673,3.2381913172552412,0.1964432515157952,-2.691366585185573,5.277334008944267,0.5080001012200809,0.07425816309548929,-1.0287551340616161,-0.11920610556755996,0.5668236626337402,0.34105545813409144,-0.15591905208976548,-0.26492343330205403,0.03791900667813264,0.12881805955610218,0.05412993788690573,-0.04361932810384004,-0.04163045540189029,0.044865478095937876,0.0526842972103669,-0.001781485116002163,0.0010284463070583704,-0.0019207707510421695,0.052684297210366805,0.044865478095937925,-0.041630455401890296,-0.04361932810384003,0.054129937886905774,0.12881805955610215,0.03791900667813257,-0.264923433302054,-0.1559190520897656,0.34105545813409144,0.5668236626337402,-0.11920610556755998,-1.0287551340616157,0.07425816309548902,0.5080001012200804,5.277334008944266,-2.6913665851855715,0.1964432515157952,0.0,5.8711488529572335
674,2.927645645025331,0.20781122939227822,-2.655986090940248,5.230279149469279,0.48544261624041485,-0.006116120417767006,-1.02547391314591,-0.10264414009122093,0.5579555163947509,0.3123452243845493,-0.18401137831744666,-0.2686543673116857,0.050200090844435705,0.12246435522911786,0.040413286050866394,-0.04647944529369935,-0.03522935412629662,0.04779205097205019,0.04781065699369816,-0.00485677486788297,0.0012033618214978804,-0.000301230902743424,0.047810656993698096,0.04779205097205026,-0.035229354126296616,-0.046479445293699365,0.040413286050866415,0.12246435522911785,0.05020009084443562,-0.2686543673116857,-0.18401137831744666,0.31234522438454904,0.5579555163947506,-0.10264414009122093,-1.0254739131459099,-0.006116120417767282,0.48544261624041474,5.230279149469279,-2.655986090940247,0.20781122939227853,0.0,5.551884088705205
675,2.6124452771537827,0.21916715361389752,-2.6199893860016688,5.180494053140124,0.46243465061754707,-0.08648153614112482,-1.02005175771078,-0.08579051303975496,0.5470167662159212,0.28216808665677223,-0.21103689575044352,-0.2705008839625224,0.06206217259374645,0.11491116969002896,0.026237625857862074,-0.048733631833004845,-0.02830578566033685,0.049918607990110386,0.04203991583566421,-0.007830545213599743,0.0013504117477137955,0.0013259978418879734,0.04203991583566417,0.04991860799011044,-0.028305785660336844,-0.048733631833004845,0.026237625857862115,0.11491116969002896,0.062062172593746356,-0.2705008839625224,-0.21103689575044352,0.28216808665677223,0.5470167662159211,-0.08579051303975499,-1.0200517577107797,-0.08648153614112482,0.46243465061754707,5.180494053140124,-2.6199893860016688,0.21916715361389744,0.0,5.225965488600076
676,2.2934365219390696,0.23051036550406617,-2.5833848219024658,5.128004708073476,0.43899755526465606,-0.16672156190479476,-1.0124999878684116,-0.06869311370726178,0.5340480064072843,0.25066576942716906,-0.23683892353596317,-0.2704500312669791,0.07340624332189873,0.10623248286653539,0.011763962440855596,-0.05035250095288265,-0.02096242964300604,0.05120955161239205,0.0354803537234221,-0.010640636508578128,0.0014661909313967148,0.002919380590472011,0.03548035372342207,0.051209551612392136,-0.02096242964300603,-0.05035250095288265,0.011763962440855652,0.10623248286653535,0.07340624332189864,-0.2704500312669791,-0.2368389235359632,0.250665769427169,0.5340480064072843,-0.06869311370726179,-1.012499987868411,-0.16672156190479462,0.43899755526465595,5.128004708073476,-2.583384821902465,0.23051036550406617,0.0,4.894576190733274
677,1.97146568767967,0.24184020712354987,-2.546180891203612,5.072838514019954,0.41515307931837725,-0.2467198573424416,-1.0028343698362885,-0.05140052406262392,0.5190973647574645,0.21798622077005017,-0.26126787402125273,-0.2685021659201772,0.08413761807964901,0.0965132984462085,-0.0028433143889423787,-0.05131494821861392,-0.013308191351774738,0.05164327206595868,0.028255051779797858,-0.01322831043216434,0.001548018337632836,0.0044382463671542175,0.02825505177979785,0.05164327206595877,-0.013308191351774707,-0.051314948218613925,-0.0028433143889423354,0.0965132984462085,0.0841376180796489,-0.2685021659201772,-0.2612678740212528,0.21798622077005012,0.5190973647574644,-0.05140052406262397,-1.0028343698362878,-0.24671985734244187,0.41515307931837725,5.072838514019955,-2.5461808912036115,0.24184020712354995,0.0,4.5589429343031895
678,1.6473790826740728,0.2531560213086287,-2.508386225524077,5.015024268061281,0.39092334995605743,-0.32636043257359443,-0.99107508302125,-0.03396188070467006,0.5022203239287769,0.1842829175315125,-0.28418211999031684,-0.26467095079798536,0.09416672587448488,0.08584881130503773,-0.017418297258175976,-0.05160842665821645,-0.005456586588268939,0.05121250907982883,0.020499582816019088,-0.015539477773469538,0.001593999134155716,0.0058438262362319054,0.02049958281601911,0.051212509079828925,-0.005456586588268905,-0.05160842665821645,-0.017418297258175907,0.08584881130503777,0.09416672587448478,-0.26467095079798536,-0.28418211999031695,0.18428291753151252,0.5022203239287769,-0.03396188070467013,-0.9910750830212496,-0.32636043257359443,0.3909233499560574,5.015024268061284,-2.5083862255240774,0.2531560213086287,0.0,4.220327361087064
679,1.3220230152207515,0.26445715170921463,-2.470009593538224,4.954592149578044,0.3663308518621936,-0.40552781637788166,-0.9772466778899079,-0.01642673524136666,0.48347951555798485,0.14971414453789744,-0.30544881574987887,-0.2589832591217614,0.10340985728804421,0.07434347511804254,-0.03179544558370185,-0.0512291103314126,0.002475941812200005,0.04992447341840701,0.012359467495168322,-0.01752582903855638,0.0016030685689354916,0.0071002428763473615,0.012359467495168365,0.04992447341840709,0.0024759418122000305,-0.0512291103314126,-0.03179544558370176,0.0743434751180425,0.10340985728804414,-0.25898325912176134,-0.305448815749879,0.14971414453789747,0.48347951555798474,-0.01642673524136669,-0.9772466778899076,-0.40552781637788127,0.36633085186219355,4.954592149578043,-2.4700095935382227,0.26445715170921463,0.0,3.880016631492852
680,0.9962437936181914,0.2757429428269222,-2.4310598989413976,4.891573704495867,0.34139840636311514,-0.48410722361726427,-0.9613780247133782,0.0011550865102317042,0.4629444878268126,0.1144422512239594,-0.32494466730433047,-0.25147898596201324,0.11178986316904645,0.06210997928426826,-0.045811465758995744,-0.05018194420661182,0.0103717508803334,0.04780072617676894,0.003987443837936611,-0.019145844246295358,0.0015750166260563513,0.008175426346440473,0.0039874438379366725,0.047800726176769025,0.010371750880333444,-0.05018194420661183,-0.045811465758995674,0.06210997928426826,0.11178986316904634,-0.2514789859620132,-0.32494466730433047,0.1144422512239595,0.4629444878268124,0.0011550865102316352,-0.9613780247133777,-0.4841072236172644,0.34139840636311514,4.891573704495869,-2.4310598989413976,0.2757429428269223,0.0,3.5393134629087446
681,0.6708877261648709,0.28701274005308797,-2.391546178384203,4.826001828818262,0.31614915024926693,-0.5619847216635109,-0.9435022532933324,0.018733626103192694,0.44069144736477706,0.07863288917193083,-0.342556647154566,-0.24221076840314365,0.1192367985699927,0.049268145186708516,-0.05930716581971822,-0.04848057969568507,0.018113742211070934,0.04487681785834037,-0.0044593986953696384,-0.020365660805493728,0.001510492888939655,0.00904193266860314,-0.004459398695369565,0.04487681785834046,0.018113742211070972,-0.04848057969568507,-0.059307165819718156,0.04926814518670848,0.11923679856999263,-0.24221076840314365,-0.342556647154566,0.0786328891719308,0.44069144736477694,0.018733626103192624,-0.9435022532933321,-0.5619847216635113,0.3161491502492671,4.826001828818262,-2.3915461783842034,0.2870127400530878,0.0,3.1995257097062506
682,0.3468011211592721,0.2982658897067418,-2.35147759937592,4.757910751454707,0.29060651430475,-0.6390473955896174,-0.9236566837952124,0.03625893441678163,0.4168029764421493,0.0424542341423205,-0.3581826495766473,-0.23124361633212298,0.12568850655292343,0.03594375259777275,-0.0721292635234115,-0.046147196686933956,0.025587098585683327,0.041201693276634366,-0.012822566771575946,-0.021159781332375727,0.0014109914982977144,0.009677644333569154,-0.01282256677157586,0.04120169327663444,0.025587098585683365,-0.046147196686933956,-0.07212926352341145,0.035943752597772716,0.12568850655292335,-0.23124361633212298,-0.3581826495766473,0.04245423414232057,0.4168029764421493,0.036258934416781595,-0.9236566837952118,-0.6390473955896175,0.2906065143047501,4.757910751454707,-2.351477599375919,0.29826588970674167,0.0,2.8619556141575377
683,0.024830286899876874,0.3095017390725201,-2.3108634581575687,4.687336016352965,0.26479420156404115,-0.7151835118856547,-0.9018827488330036,0.05368121358603734,0.39136772650255874,0.006076196250113285,-0.3717320825813066,-0.2186544564408416,0.13109113699141256,0.022267307725109972,-0.0841321273074155,-0.04321221439632697,0.03268098676284433,0.03683687224270487,-0.020945137093122353,-0.021511606613161684,0.0012788165531386327,0.010066334848489126,-0.02094513709312223,0.03683687224270495,0.03268098676284438,-0.04321221439632697,-0.08413212730741546,0.022267307725109937,0.13109113699141248,-0.21865445644084164,-0.3717320825813066,0.006076196250113319,0.39136772650255863,0.05368121358603725,-0.9018827488330032,-0.7151835118856552,0.26479420156404126,4.687336016352966,-2.3108634581575678,0.30950173907252015,0.0,2.5278888654986034
684,-0.29417846831483807,0.3207196364385269,-2.2697131775451047,4.614314463944919,0.23873616531607117,-0.7902826804616796,-0.8782259069682427,0.07095095850155668,0.36448008917255603,-0.030330378004285428,-0.383126393122398,-0.20453159264063792,0.13539959603854132,0.008372764964204905,-0.09517943035145046,-0.03971389480649909,0.03929020118552312,0.031855419753213064,-0.02867470084699619,-0.021413782571422187,0.001117028756012118,0.010198082916950622,-0.028674700846996058,0.03185541975321314,0.03929020118552317,-0.03971389480649908,-0.0951794303514504,0.008372764964204896,0.13539959603854126,-0.2045315926406379,-0.38312639312239793,-0.030330378004285497,0.364480089172556,0.07095095850155661,-0.8782259069682423,-0.7902826804616796,0.2387361653160712,4.614314463944921,-2.2697131775451043,0.3207196364385268,0.0,2.1985836102371796
685,-0.6093788361863881,0.33191893113413423,-2.2280363047432483,4.538884211915659,0.21245658687607022,-0.8642360147028075,-0.8527355478038431,0.0880190974774195,0.33623984596904116,-0.06659450810176296,-0.39229952250938976,-0.1889740866738067,0.138577922509302,-0.005603785122416601,-0.10514569895825868,-0.03569784386329399,0.04531672422678382,0.02634072291766085,-0.035866223445597936,-0.020868353987674376,0.0009293745380029772,0.01006952567932933,-0.03586622344559781,0.026340722917660916,0.04531672422678386,-0.03569784386329399,-0.10514569895825861,-0.0056037851224166185,0.13857792250930198,-0.1889740866738067,-0.39229952250938965,-0.06659450810176296,0.3362398459690412,0.08801909747741947,-0.8527355478038426,-0.8642360147028075,0.21245658687607008,4.538884211915659,-2.228036304743248,0.331918931134134,0.0,1.875259560432949
686,-0.9199245084162921,0.34309897356772273,-2.185842509130454,4.461084635305809,0.18597985314581122,-0.9369362893443977,-0.825464888870888,0.10483713168754806,0.3067517980045065,-0.10254588250062015,-0.3991982893836381,-0.17209106326665272,0.1405995880359002,-0.019525448748741694,-0.11391773766601784,-0.03121641693251475,0.05067117983534382,0.020385095098439204,-0.04238476590045264,-0.01988672175807529,0.0007201993046858649,0.00968394454953027,-0.042384765900452495,0.020385095098439263,0.05067117983534388,-0.031216416932514743,-0.11391773766601782,-0.01952544874874173,0.14059958803590017,-0.1720910632666527,-0.39919828938363805,-0.10254588250062008,0.3067517980045066,0.104837131687548,-0.8254648888708875,-0.9369362893443979,0.1859798531458112,4.46108463530581,-2.185842509130453,0.3430989735677226,0.0,1.5590873479695502
687,-1.2249691767060709,0.3542591152643604,-2.1431415800155333,4.38095634595754,0.1593305339830732,-1.0082780959384354,-0.7964708645236583,0.121357272974295,0.2761253770642812,-0.13801565849089564,-0.40378269803813177,-0.15400094469794143,0.14144771849066504,-0.033255869716023574,-0.12139591490630236,-0.02632803626766323,0.05527415902267285,0.014088230629713027,-0.04810801676594783,-0.018489404585618457,0.0004943468119570197,0.009051181457142512,-0.048108016765947684,0.01408823062971308,0.0552741590226729,-0.026328036267663227,-0.1213959149063023,-0.03325586971602362,0.14144771849066498,-0.1540009446979414,-0.4037826980381317,-0.13801565849089564,0.27612537706428114,0.12135727297429497,-0.7964708645236582,-1.0082780959384352,0.159330533983073,4.38095634595754,-2.143141580015534,0.3542591152643603,0.0,1.2511782717356172
688,-1.5236665327572423,0.36539870890341575,-2.0999434243664576,4.298541171314925,0.13253335940132327,-1.0781579956857033,-0.7658140070748599,0.1375325796376788,0.24447423949909355,-0.1728372551504388,-0.40602617029321836,-0.13483062015170025,0.14111523482842958,-0.046660564958118406,-0.12749529460527168,-0.021096429386520524,0.05905739753406172,0.007555535982402195,-0.05292858714467133,-0.016705610085116035,0.00025704700184154357,0.008187387632920222,-0.05292858714467117,0.007555535982402257,0.05905739753406178,-0.021096429386520513,-0.1274952946052716,-0.046660564958118454,0.14111523482842958,-0.1348306201517002,-0.4060261702932183,-0.1728372551504388,0.24447423949909358,0.13753257963767876,-0.7658140070748596,-1.0781579956857033,0.1325333594013231,4.298541171314925,-2.0999434243664568,0.36539870890341575,0.0,0.9525745811183869
689,-1.815170268271328,0.37651710835610436,-2.056258064511856,4.213882132589784,0.10561319662078025,-1.1464746694121521,-0.7335583204192068,0.1533170898194248,0.21191584444003422,-0.20684713567868238,-0.40591569958400875,-0.1147145556807618,0.13960491217281906,-0.059608241740362285,-0.13214660087552063,-0.015589798285493887,0.0619647882382686,0.0008963653107512538,-0.05675602569174329,-0.014572624267004121,1.379489560077533e-05,0.007114611349821933,-0.05675602569174314,0.0008963653107512796,0.06196478823826865,-0.015589798285493887,-0.1321466008755206,-0.05960824174036233,0.13960491217281906,-0.11471455568076173,-0.4059156995840087,-0.2068471356786823,0.21191584444003417,0.15331708981942474,-0.7335583204192064,-1.1464746694121521,0.10561319662078009,4.213882132589784,-2.056258064511856,0.37651710835610436,0.0,0.6642404333147764
690,-2.0986340749498433,0.3876136687229659,-2.012095635815755,4.127023422304343,0.07859502699215118,-1.213129064472018,-0.6997711464092061,0.16866595210280222,0.17857101790119045,-0.23988557543394343,-0.4034519263661383,-0.09379385102401733,0.13692935665327446,-0.07197208361064023,-0.13529700484175913,-0.00987993032229212,0.06395321322154805,-0.00577781008341366,-0.05951851580936944,-0.012135032161369864,-0.0002297766514544937,0.005860235142487179,-0.05951851580936931,-0.005777810083413634,0.06395321322154811,-0.00987993032229212,-0.13529700484175913,-0.07197208361064031,0.1369293566532745,-0.09379385102401729,-0.40345192636613825,-0.23988557543394343,0.1785710179011906,0.16866595210280214,-0.6997711464092058,-1.213129064472018,0.07859502699215111,4.127023422304345,-2.012095635815755,0.3876136687229658,0.0,0.3870536537491093
691,-2.37321164449431,0.398687746371271,-1.9674663843260907,4.038010381222481,0.051503922814458265,-1.2780245383646869,-0.6645230242621156,0.18353555295716023,0.1445635043875919,-0.2717974120672309,-0.39864913440271416,-0.07221524989312836,0.1331109001861456,-0.08363099250735641,-0.1369107246636661,-0.004041262357933192,0.064993183245734,-0.012355267726456164,-0.0611642231861041,-0.009443785873214153,-0.00046802738689812523,0.004456276870081478,-0.061164223186103955,-0.012355267726456147,0.06499318324573405,-0.004041262357933186,-0.1369107246636661,-0.08363099250735644,0.13311090018614563,-0.07221524989312833,-0.39864913440271416,-0.271797412067231,0.1445635043875919,0.18353555295716023,-0.6645230242621151,-1.2780245383646869,0.051503922814458196,4.03801038122248,-1.9674663843260896,0.39868774637127075,0.0,0.1217984184646887
692,-2.638056668606244,0.4097386989723527,-1.9223806643975374,3.9468894746815733,0.024365024068466933,-1.341066998857083,-0.6278875432916002,0.19788364066503286,0.11001950767247179,-0.30243277422961556,-0.3915351679539796,-0.05013011067082457,0.12818141407807734,-0.09447077485843762,-0.13696943194094466,0.001850089641575643,0.0650692750869248,-0.018725904153195874,-0.06166226839610973,-0.006555139549053319,-0.0006954402694136707,0.002938572462828401,-0.061662268396109575,-0.01872590415319588,0.06506927508692484,0.0018500896415756516,-0.13696943194094463,-0.09447077485843769,0.12818141407807737,-0.05013011067082455,-0.39153516795397947,-0.3024327742296155,0.11001950767247187,0.19788364066503278,-0.6278875432916,-1.3410669988570831,0.024365024068466815,3.9468894746815746,-1.922380664397537,0.4097386989723527,0.0,-0.13084103512134215
693,-2.8923228389871705,0.42076588553886407,-1.8768489362892173,3.8537082683373174,-0.002796484912692821,-1.402165040408412,-0.5899411892715448,0.2116694453796737,0.07506722244804909,-0.3316477854308477,-0.38215127034978735,-0.027693344740599785,0.122182043007477,-0.104385260054084,-0.1354724598846865,0.007717322893259092,0.06418036026884083,-0.02478307798575477,-0.061003306308931464,-0.0035294735168671315,-0.0009067492238874691,0.0013458612125625481,-0.06100330630893133,-0.02478307798575477,0.06418036026884086,0.007717322893259099,-0.1354724598846865,-0.10438526005408405,0.12218204300747705,-0.027693344740599743,-0.38215127034978724,-0.33164778543084766,0.07506722244804923,0.2116694453796736,-0.5899411892715445,-1.402165040408412,-0.0027964849126929075,3.8537082683373196,-1.8768489362892176,0.4207658855388638,0.0,-0.37028557705434434
694,-3.1351638473386014,0.43176866646195733,-1.8308817637378303,3.7585154033341768,-0.029955398814063578,-1.4612300766994546,-0.5507631847527777,0.22485379497188077,0.039836358587899204,-0.35930523974360856,-0.3705518448807607,-0.005062329894660413,0.1151628616044245,-0.11327734033834798,-0.1324368108906656,0.01348394903890462,0.06233962179863611,-0.03042539505873369,-0.05919970143796241,-0.0004300321779700153,-0.001097061085015344,-0.00028120304480611086,-0.059199701437962306,-0.0304253950587337,0.06233962179863615,0.013483949038904625,-0.13243681089066558,-0.11327734033834796,0.11516286160442457,-0.005062329894660345,-0.37055184488076065,-0.35930523974360856,0.03983635858789924,0.22485379497188063,-0.5507631847527774,-1.4612300766994544,-0.029955398814063852,3.758515403334175,-1.8308817637378294,0.4317686664619573,0.0,-0.5960651572097646
695,-3.365733385362062,0.4427464035483833,-1.784489811506779,3.661360570914405,-0.057086514728867645,-1.518176469074262,-0.5104353236660872,0.23739922633693472,0.004457659786401247,-0.3852752461800045,-0.35680413939437944,0.017604193558211,0.10718245649543225,-0.12105992193428891,-0.12789696342854456,0.019074791287785674,0.05957435865696416,-0.0355584057085854,-0.05628529593742798,0.002678397967805433,-0.0012619689056418213,-0.001901089615422688,-0.056285295937427864,-0.03555840570858544,0.059574358656964144,0.01907479128778568,-0.12789696342854456,-0.12105992193428895,0.10718245649543227,0.017604193558211034,-0.3568041393943794,-0.38527524618000447,0.004457659786401454,0.23739922633693458,-0.510435323666087,-1.518176469074262,-0.05708651472886776,3.6613605709144053,-1.7844898115067784,0.4427464035483833,0.0,-0.8078215225026772
696,-3.5831851447590664,0.453698460057507,-1.7376838429118608,3.562294486478931,-0.08416465554628053,-1.5729216507080201,-0.46904180055683203,0.24927009184537177,-0.030937581638379265,-0.4094358387140415,-0.3409878564245504,0.040147236241867175,0.09830743730157843,-0.12765677808687645,-0.12190448044031818,0.02441696446109681,0.05592558094179806,-0.04009618581537975,-0.05231477460110522,0.005730842530851772,-0.0013976540060129537,-0.003472451015351462,-0.05231477460110516,-0.04009618581537979,0.05592558094179808,0.024416964461096813,-0.12190448044031815,-0.12765677808687648,0.09830743730157847,0.04014723624186723,-0.3409878564245503,-0.4094358387140416,-0.03093758163837923,0.24927009184537172,-0.46904180055683176,-1.572921650708021,-0.08416465554628046,3.5622944864789314,-1.7376838429118608,0.45369846005750686,0.0,-1.0053096387215015
697,-3.786672817231137,0.4646242007382426,-1.6904747173240844,3.4613688631136137,-0.1111646933152651,-1.6253862463210516,-0.4266690348076696,0.2604326606351163,-0.06621801197778251,-0.4316735490851609,-0.32319469111494187,0.0624086749090361,0.08861188067154091,-0.13300329566848515,-0.11452742369574949,0.029440825161722996,0.05144740167020541,-0.04396277513108486,-0.04736263877769971,0.00866349736792195,-0.0015009744008442872,-0.004955178362020465,-0.047362638777699646,-0.04396277513108489,0.05144740167020542,0.029440825161723003,-0.11452742369574956,-0.13300329566848515,0.088611880671541,0.062408674909036135,-0.3231946911149418,-0.4316735490851611,-0.0662180119777826,0.26043266063511616,-0.4266690348076692,-1.625386246321052,-0.11116469331526489,3.4613688631136137,-1.6904747173240833,0.4646242007382425,0.0,-1.1883977960339362
698,-3.9753500944797913,0.4755229918658982,-1.642873387650207,3.3586363845947056,-0.1380615725627876,-1.6754941872653812,-0.38340549021637454,0.2708552144571498,-0.10125270359346888,-0.45188393969271,-0.3035277996149786,0.08423236156228919,0.07817671198999006,-0.13704710803432818,-0.10584958075646629,0.03408087968242685,0.04620623425793024,-0.04709344881744363,-0.041521808455939654,0.011415062257028702,-0.0015695375565469767,-0.006311425150458608,-0.041521808455939606,-0.0470934488174437,0.04620623425793025,0.03408087968242686,-0.1058495807564663,-0.13704710803432826,0.07817671198999013,0.08423236156228923,-0.3035277996149785,-0.45188393969270996,-0.1012527035934688,0.27085521445714966,-0.38340549021637427,-1.6754941872653824,-0.1380615725627876,3.358636384594706,-1.6428733876502069,0.47552299186589814,0.0,-1.3570663969493681
699,-4.148370668206551,0.4863942012789341,-1.594890897791574,3.254150677887603,-0.16483033354477508,-1.7231728218170086,-0.33934149030542854,0.28050813780237593,-0.13591164079716428,-0.46997209407864937,-0.2821012010304796,0.10546521872005112,0.06708902992200284,-0.13974860792930652,-0.09596951332874859,0.038276637816482134,0.04027980757852252,-0.049435800908515515,-0.03490187874933077,0.013928022233784624,-0.0016017557938129447,-0.00750657328251321,-0.034901878749330734,-0.04943580090851557,0.04027980757852252,0.03827663781648214,-0.09596951332874862,-0.13974860792930655,0.06708902992200293,0.10546521872005113,-0.28210120103047953,-0.4699720940786493,-0.13591164079716425,0.2805081378023759,-0.3393414903054284,-1.7231728218170081,-0.16483033354477514,3.254150677887604,-1.5948908977915728,0.4863942012789338,0.0,-1.5114054453925572
700,-4.304888230112928,0.49723719841563085,-1.5465383800818366,3.147966285153258,-0.1914461354082378,-1.7683530205139544,-0.2945690297489659,0.28936400205358426,-0.17006620234610642,-0.48585306269499157,-0.2590391163961391,0.12595831314514694,0.055441379431287026,-0.1410813354225899,-0.08499943781368277,0.041973401440026384,0.033756013209131255,-0.050950621561243185,-0.027627063495226332,0.016149849805873532,-0.0015968830526318898,-0.00851011669122421,-0.02762706349522632,-0.05095062156124325,0.03375601320913126,0.0419734014400264,-0.0849994378136828,-0.14108133542258994,0.0554413794312871,0.12595831314514694,-0.25903911639613897,-0.48585306269499157,-0.17006620234610637,0.28936400205358426,-0.2945690297489655,-1.7683530205139548,-0.191446135408238,3.147966285153258,-1.5465383800818353,0.49723719841563063,0.0,-1.6516107752078
701,-4.444056471900451,0.5080513543506624,-1.4978270527041622,3.04013863527684,-0.21788427924306442,-1.8109692763873784,-0.2491815823107715,0.2973976434233991,-0.20358963876362798,-0.49945226186245195,-0.2344752485021682,0.14556790050445279,0.0433309793400758,-0.14103223707029208,-0.07306395076923276,0.04512297758575536,0.026731601958825575,-0.05161255340929403,-0.01983386455373625,0.01803410291619927,-0.0015550321683928405,-0.00929644000590878,-0.01983386455373625,-0.051612553409294125,0.026731601958825558,0.04512297758575536,-0.07306395076923279,-0.14103223707029214,0.043330979340075904,0.14556790050445273,-0.23447524850216814,-0.4994522618624519,-0.2035896387636277,0.2973976434233991,-0.24918158231077142,-1.8109692763873784,-0.2178842792430646,3.040138635276841,-1.4978270527041613,0.5080513543506623,0.0,-1.7779790755304377
702,-4.565029085270636,0.5188360418315758,-1.448768217088523,2.9307240149335296,-0.24412023100209615,-1.8509597999404193,-0.20327390569430642,0.3045862344567525,-0.23635754271351025,-0.5107058240466418,-0.20855200675031366,0.1641564336321119,0.030858910877976597,-0.13960179376786241,-0.060298613760250225,0.04768430671195357,0.019310749010515913,-0.051410516033129204,-0.01166851053886132,0.01954139570438609,-0.001477172259017078,-0.009845472382588125,-0.011668510538861344,-0.05141051603312928,0.019310749010515885,0.04768430671195357,-0.06029861376025024,-0.13960179376786244,0.030858910877976663,0.164156433632112,-0.2085520067503136,-0.5107058240466417,-0.23635754271351012,0.3045862344567524,-0.20327390569430634,-1.8509597999404184,-0.24412023100209657,2.930724014933531,-1.448768217088523,0.518836041831576,0.0,-1.8909017887002126
703,-4.666959761924996,0.5295906353151751,-1.3993732552896698,2.8197795392065386,-0.2701296442682117,-1.8882666087370559,-0.15694184371218742,0.3109093488947087,-0.2682483106825247,-0.5195608978067559,-0.18141968153316143,0.18159352732407677,0.01812927399267095,-0.13680401603993905,-0.046848413669494944,0.04962399797641294,0.011603508956066858,-0.050347891440876966,-0.0032842130405257583,0.020640221775154278,-0.0013651062836271474,-0.010143199810783531,-0.0032842130405257982,-0.050347891440877056,0.011603508956066828,0.04962399797641294,-0.04684841366949496,-0.13680401603993905,0.018129273992671002,0.18159352732407671,-0.18141968153316132,-0.5195608978067559,-0.26824831068252464,0.31090934889470867,-0.15694184371218714,-1.8882666087370559,-0.2701296442682119,2.819779539206538,-1.3993732552896696,0.529590635315175,0.0,-1.990857973428764
704,-4.749002193565058,0.5403145110038029,-1.3496536273464026,2.707363121772698,-0.29588838284729546,-1.9228356114711003,-0.11028212618813968,0.3163490197153313,-0.29914359425783044,-0.5259758960080724,-0.15323557292327503,0.19775687289663255,0.005248318464441203,-0.13266630681379835,-0.03286611595723506,0.05091676453712576,0.003724183637127,-0.04844246745514935,0.005161708179288646,0.02130761276509056,-0.0012214292924135253,-0.010182022820088968,0.005161708179288581,-0.04844246745514943,0.0037241836371269613,0.050916764537125764,-0.032866115957235084,-0.13266630681379835,0.005248318464441306,0.19775687289663255,-0.15323557292327492,-0.5259758960080719,-0.29914359425783016,0.31634901971533125,-0.11028212618813947,-1.9228356114711003,-0.2958883828472958,2.707363121772698,-1.3496536273464024,0.5403145110038029,0.0,-2.078406241471113
705,-4.810310071892339,0.5510070468815228,-1.2996208686227464,2.593533444671172,-0.3213725431661244,-1.9546166863934173,-0.06339216700917998,0.32088979018666924,-0.32892873932451344,-0.5299206911325526,-0.12416307872360742,0.2125330960939356,-0.007676442923195469,-0.1272291930204696,-0.018510529572869593,0.05154575320494151,-0.004210373002668802,-0.045726139953480176,0.013510777074582548,0.021529618442030492,-0.0010494683344838356,-0.009960950456086574,0.013510777074582455,-0.04572613995348025,-0.004210373002668836,0.0515457532049415,-0.018510529572869625,-0.12722919302046956,-0.007676442923195392,0.21253309609393561,-0.12416307872360738,-0.5299206911325526,-0.3289287393245133,0.32088979018666913,-0.0633921670091799,-1.9546166863934173,-0.32137254316612435,2.5935334446711726,-1.2996208686227466,0.5510070468815234,0.0,-2.154175889812542
706,-4.850037088608353,0.5616676227501997,-1.2492865871316492,2.4783499276710863,-0.3465584764543844,-1.98356375398367,-0.01636986074964508,0.32451875778679806,-0.35749321155338165,-0.5313767567702831,-0.09437074716622539,0.22581855232695855,-0.02053713175469492,-0.12054592865235701,-0.003944703225460785,0.051502764150661004,-0.012082487914319049,-0.042244378946735266,0.02160633489945168,0.021301598301709166,-0.0008532054152155139,-0.009485625574384276,0.021606334899451567,-0.04224437894673536,-0.012082487914319097,0.05150276415066099,-0.00394470322546082,-0.12054592865235697,-0.020537131754694845,0.22581855232695855,-0.09437074716622526,-0.5313767567702833,-0.35749321155338165,0.324518757786798,-0.016369860749644735,-1.98356375398367,-0.3465584764543844,2.4783499276710863,-1.249286587131649,0.5616676227501998,0.0,-2.218857362123191
707,-4.867336935414626,0.5722956202654703,-1.1986624608418335,2.3618726972540527,-0.37142281069023864,-2.00963484376122,0.030686621708336286,0.32722561086611546,-0.38473100660000503,-0.5303372546272558,-0.06403129975134361,0.23752005366581389,-0.03322640440549518,-0.11268197316523523,0.010665926500321051,0.05078835780235008,-0.01977541408777683,-0.03805546743308462,0.029296479693073304,0.020628318566541376,-0.0006371852871461496,-0.00876818080714715,0.029296479693073165,-0.0380554674330847,-0.019775414087776885,0.05078835780235008,0.010665926500321016,-0.1126819731652352,-0.03322640440549508,0.23752005366581389,-0.06403129975134358,-0.5303372546272556,-0.3847310066000048,0.32722561086611546,0.030686621708336356,-2.0096348437612197,-0.37142281069023864,2.361872697254053,-1.1986624608418328,0.5722956202654707,0.0,-2.2731921827436605
708,-4.873137631476308,0.5828904229726114,-1.1477602349684037,2.244162555227789,-0.3959424722890767,-2.032792155138311,0.07767903813123102,0.3290026579477185,-0.410541043492731,-0.5268070666408582,-0.03332062989177175,0.24755552248612656,-0.04563834800131407,-0.103714350333426,0.025155414149404143,0.049411847539302674,-0.0271750619626962,-0.033229525768753494,0.036436916510190695,0.01952385255900054,-0.00040641020963718425,-0.007826928878566005,0.036436916510190556,-0.03322952576875357,-0.027175061962696243,0.049411847539302674,0.025155414149404066,-0.103714350333426,-0.04563834800131398,0.24755552248612658,-0.033320629891771696,-0.5268070666408582,-0.41054104349273096,0.3290026579477185,0.0776790381312313,-2.0327921551383112,-0.39594247228907686,2.2441625552277906,-1.1477602349684037,0.5828904229726115,0.0,-2.3179625135751376
709,-4.878917549396649,0.5934514163422948,-1.0965917192478656,2.1252809469872127,-0.420094707515321,-2.0530021122273068,0.12450928003945598,0.32984484958260357,-0.43482753974978955,-0.5208027720522538,-0.0024167831681495672,0.2558545671845966,-0.05766936443548007,-0.09373089383787161,0.03935919018119982,0.04739117827789874,-0.03417169142800253,-0.02784733788711521,0.04289366491645766,0.018011286532055745,-0.00016622411430357333,-0.0066858951739378345,0.0428936649164575,-0.027847337887115298,-0.03417169142800256,0.04739117827789873,0.03935919018119974,-0.09373089383787159,-0.05766936443548,0.2558545671845966,-0.002416783168149464,-0.5208027720522538,-0.4348275397497895,0.32984484958260357,0.12450928003945626,-2.053002112227306,-0.42009470751532113,2.125280946987212,-1.0965917192478654,0.5934514163422948,0.0,-2.353980488831057
710,-4.884655911034303,0.6039779878062326,-1.0451687851981653,2.0052899294395803,-0.44385710359741903,-2.0702354125225186,0.17107957753348596,0.32974979269759025,-0.4575003668334084,-0.5123525695433204,0.028501074893044383,0.2623589759255196,-0.06921903506571604,-0.08282938697621717,0.0531159301270458,0.04475269253217604,-0.04066153931717093,-0.02199899901465094,0.04854557294623219,0.01612223710558673,7.78111414731117e-05,-0.005374204493497419,0.048545572946232,-0.021998999014651,-0.04066153931717097,0.04475269253217604,0.05311593012704574,-0.08282938697621718,-0.06921903506571594,0.2623589759255196,0.02850107489304445,-0.5123525695433204,-0.457500366833408,0.3297497926975901,0.1710795775334859,-2.0702354125225186,-0.44385710359741903,2.005289929439581,-1.0451687851981646,0.6039779878062327,0.0,-2.3820774845817954
711,-4.890331938247931,0.6144695267927058,-0.9935033633644017,1.8842521386104096,-0.4672076095264301,-2.0844670693860397,0.21729270341309012,0.3287177573951975,-0.4784753846218262,-0.5014961448038318,0.059253697534386085,0.2670231249549892,-0.08019095887305706,-0.07111660492104017,0.06626938689058397,0.04153078699887398,-0.046548358262724784,-0.01578240752035867,0.053286590351874115,0.01389619039562862,0.0003200445674187666,-0.003925337644062916,0.05328659035187397,-0.015782407520358734,-0.046548358262724826,0.041530786998873984,0.0662693868905839,-0.07111660492104012,-0.08019095887305698,0.2670231249549892,0.059253697534386134,-0.5014961448038318,-0.4784753846218261,0.3287177573951975,0.21729270341309012,-2.0844670693860397,-0.4672076095264301,1.8842521386104103,-0.9935033633644024,0.6144695267927062,0.0,-2.4030934793562144
712,-4.895924852896186,0.6249254247619831,-0.9416074405508412,1.762230756947106,-0.49012455651890124,-2.095676448275977,0.2630521761635482,0.3267516761861526,-0.49767475365796326,-0.48828448415083847,0.08966279595333879,0.2698142986187501,-0.0904935570870866,-0.05870726890686124,0.0786701653800655,0.0377674641438886,-0.051744844088049004,-0.00930162614432412,0.05702775849016319,0.011379676650388432,0.0005548668972422349,-0.0023762768439381595,0.05702775849016303,-0.009301626144324185,-0.051744844088049045,0.0377674641438886,0.07867016538006544,-0.05870726890686121,-0.09049355708708652,0.2698142986187501,0.08966279595333886,-0.4882844841508386,-0.4976747536579633,0.3267516761861525,0.26305217616354837,-2.0956764482759773,-0.49012455651890113,1.7622307569471054,-0.9416074405508412,0.6249254247619832,0.0,-2.417866658768001
713,-4.901413876837728,0.6353450752416141,-0.8894930570398789,1.639289480337343,-0.5125866781250483,-2.103847296664567,0.3082624613850613,0.3238571356567108,-0.5150272240159733,-0.47277963507557175,0.11955207293432592,0.27071291883900656,-0.10004083756156823,-0.04572292258918619,0.09017741931656169,0.03351178463589524,-0.05617393056765444,-0.0026651400376957084,0.05969887950836735,0.008625297645317987,0.0007768404793314523,-0.0007665617545478573,0.059698879508367185,-0.0026651400376957427,-0.05617393056765449,0.03351178463589523,0.09017741931656169,-0.04572292258918615,-0.10004083756156812,0.2707129188390066,0.11955207293432595,-0.47277963507557175,-0.5150272240159732,0.3238571356567106,0.3082624613850613,-2.1038472966645676,-0.5125866781250483,1.6392894803373432,-0.8894930570398787,0.6353450752416142,0.0,-2.4272234112744147
714,-4.906778231931214,0.645727873861608,-0.8371723037985962,1.5154924848594342,-0.5345731299635785,-2.1089677676027883,0.3528291712448206,0.32004236059446717,-0.5304683997136794,-0.45505441484243847,0.14874824493454905,0.26971268244057117,-0.10875311252049946,-0.03229074158111781,0.10066045094597455,0.02881922776550355,-0.05976993235401551,0.004015959226366224,0.0612498335099906,0.005690627167251544,0.0009808251934627973,0.0008627197664721814,0.06124983350999045,0.004015959226366198,-0.059769932354015544,0.02881922776550354,0.10066045094597453,-0.0322907415811178,-0.10875311252049938,0.26971268244057117,0.1487482449345491,-0.45505441484243847,-0.5304683997136794,0.32004236059446706,0.3528291712448205,-2.1089677676027883,-0.5345731299635784,1.5154924848594356,-0.8371723037985961,0.6457278738616083,0.0,-2.431968853859669
715,-4.9119971400353,0.6560732183894904,-0.7846573196735536,1.3909043932820395,-0.5560635090648415,-2.111030436897301,0.3966592615353305,0.3153181906177612,-0.5439409776896437,-0.4351920685086552,0.17708204669799119,0.2668206053631102,-0.11655766368381575,-0.018542287827571724,0.11000019548554496,0.023750968187859933,-0.06247951912086119,0.01062983327198622,0.061651518985403934,0.002637007570390126,0.0011620974777396358,0.0024699804297776884,0.06165151898540378,0.010629833271986208,-0.06247951912086125,0.02375096818785994,0.1100001954855449,-0.018542287827571707,-0.1165576636838157,0.2668206053631102,0.17708204669799127,-0.43519206850865527,-0.5439409776896437,0.3153181906177612,0.3966592615353306,-2.1110304368973014,-0.5560635090648416,1.39090439328204,-0.7846573196735536,0.6560732183894905,0.0,-2.4328780158215437
716,-4.917049823008646,0.6663805087652317,-0.7319602885744798,1.265590241330687,-0.5770378728043616,-2.110032313874822,0.4396612259275765,0.3096980493750874,-0.5553949604580148,-0.4132858779705965,0.20438921257334056,0.2620569734493675,-0.12338934922117456,-0.004612221017418297,0.11809057344472652,0.01837307841746305,-0.06426250647593582,0.017065769040987538,0.06089639886147797,-0.00047173244071292404,0.0013164597095186622,0.004014195026775664,0.060896398861477824,0.01706576904098754,-0.06426250647593586,0.018373078417463044,0.11809057344472647,-0.004612221017418245,-0.12338934922117455,0.26205697344936746,0.2043892125733406,-0.41328587797059657,-0.5553949604580147,0.3096980493750873,0.4396612259275764,-2.110032313874822,-0.5770378728043618,1.265590241330687,-0.7319602885744789,0.6663805087652317,0.0,-2.4306877961261337
717,-4.921915502709906,0.6766491471360536,-0.6790934366475052,1.1396154437387465,-0.5974767574091783,-2.1059748457183125,0.4817452870134839,0.3031979064020255,-0.5647878416519763,-0.38943872387294465,0.23051142884662967,0.255455200154553,-0.12919114746779134,0.009363020345331425,0.1248396954609567,0.01275566747189243,-0.0650924519136366,0.023216032076030863,0.05899864192434977,-0.0035706119994474285,0.0014403374074500573,0.005455947595014878,0.058998641924349664,0.02321603207603087,-0.06509245191363666,0.012755667471892424,0.12483969546095666,0.009363020345331494,-0.1291911474677913,0.255455200154553,0.23051142884662967,-0.3894387238729445,-0.5647878416519763,0.30319790640202543,0.4817452870134836,-2.1059748457183116,-0.5974767574091784,1.1396154437387471,-0.6790934366475047,0.6766491471360537,0.0,-2.426089795219564
718,-4.926573400997739,0.6868785378911071,-0.6260690294385928,1.0130457601005436,-0.6173611960198208,-2.098863915368701,0.5228235837388201,0.29583623174407847,-0.5720847637672375,-0.3637626024380987,0.2552972515674257,0.24706159217496243,-0.1339146328641234,0.02324655529300418,0.13017090596597206,0.006971966893546452,-0.06495704696928277,0.028977669943413303,0.05599385696172134,-0.006594856348668089,0.0015308620037772448,0.006758437507688565,0.055993856961721225,0.0289776699434133,-0.06495704696928281,0.006971966893546445,0.13017090596597197,0.02324655529300423,-0.1339146328641234,0.24706159217496237,0.2552972515674257,-0.3637626024380987,-0.5720847637672374,0.29583623174407847,0.5228235837388203,-2.0988639153687005,-0.6173611960198208,1.0130457601005431,-0.626069029438593,0.6868785378911071,0.0,-2.4197241060197276
719,-4.931002739730803,0.6970680876960186,-0.5728993690478315,0.8859472605444633,-0.6366727362911604,-2.0887098329951828,0.562810354835229,0.2876339434743521,-0.5772586475201702,-0.3363780994850119,0.27860298454746124,0.23693502463977362,-0.13752038014690132,0.036902401079468,0.13402365382885328,0.0010973760644939,-0.06385829975919073,0.034254235607100426,0.0519384246131419,-0.009481250803984638,0.0015859372701836072,0.007888418806889803,0.0519384246131418,0.03425423560710047,-0.06385829975919075,0.001097376064493901,0.13402365382885323,0.036902401079468045,-0.13752038014690132,0.23693502463977356,0.2786029845474611,-0.3363780994850118,-0.5772586475201699,0.287633943474352,0.5628103548352289,-2.0887098329951823,-0.6366727362911606,0.8859472605444633,-0.5728993690478307,0.6970680876960187,0.0,-2.412174131357097
720,-4.935182740767755,0.7072172055273048,-0.5195967912752473,0.7583862912439457,-0.6553934575158027,-2.0755273210464598,0.6016221178684295,0.27861434825520687,-0.5802902923405343,-0.3074138241076854,0.30029351244149505,0.22514652814431704,-0.13997829341786813,0.050196805067674995,0.1363541800871613,-0.004791520739779717,-0.06181250519940466,0.03895740190554248,0.04690843946518098,-0.012169462107416226,0.0016042878589993352,0.008817048804208253,0.04690843946518092,0.0389574019055425,-0.06181250519940469,-0.0047915207397797146,0.13635418008716127,0.050196805067675015,-0.13997829341786808,0.22514652814431702,0.3002935124414951,-0.3074138241076854,-0.5802902923405343,0.2786143482552068,0.6016221178684292,-2.07552732104646,-0.6553934575158027,0.7583862912439465,-0.5195967912752473,0.7072172055273048,0.0,-2.4039624767172545
721,-4.939092625967252,0.7173253027066554,-0.46617366275879524,0.6304294397843935,-0.6735059872541297,-2.059335492904597,0.6391778435287803,0.26880307511277396,-0.5811684476258631,-0.27700580467300556,0.3202430840806036,0.21177879052148538,-0.14126785734360564,0.06299955477432627,0.13713601495501077,-0.010617952743523743,-0.05885000334475174,0.043008440105712066,0.040998282241614954,-0.014603299551633097,0.0015854888357263721,0.009520624288201317,0.04099828224161491,0.043008440105712115,-0.05885000334475177,-0.010617952743523748,0.1371360149550107,0.06299955477432628,-0.1412678573436056,0.21177879052148538,0.3202430840806037,-0.2770058046730056,-0.5811684476258631,0.26880307511277396,0.6391778435287804,-2.0593354929045975,-0.6735059872541295,0.6304294397843931,-0.4661736627587955,0.7173253027066554,0.0,-2.3955479481015374
722,-4.942711617187948,0.727391792935076,-0.4126423781051992,0.5021435004040503,-0.6909935174555629,-2.040157825172447,0.6753991248003277,0.2582280026125145,-0.5798898544930734,-0.2452968499745657,0.3383360415165153,0.19692557684599657,-0.14137830838977244,0.07518525324038283,0.13636027846313467,-0.01630596349519003,-0.05501472943216273,0.046339537784082833,0.03431884887950608,-0.016731889513962185,0.0015299755190130004,0.009981186547098888,0.03431884887950605,0.04633953778408289,-0.05501472943216273,-0.01630596349519003,0.13636027846313467,0.07518525324038286,-0.1413783083897724,0.19692557684599657,0.3383360415165154,-0.24529684997456563,-0.5798898544930733,0.2582280026125145,0.6753991248003272,-2.0401578251724466,-0.690993517455563,0.5021435004040508,-0.4126423781051992,0.7273917929350762,0.0,-2.3873236655206225
723,-4.946018936288507,0.7374160923268969,-0.35901535701429843,0.3735954391270158,-0.7078398200560856,-2.018022123634817,0.7102103406551565,0.24691917964275048,-0.5764592578723617,-0.21243587854276547,0.35446749055034443,0.18069107173976487,-0.14030872466052077,0.08663454723576346,0.13403578131631283,-0.021781401075939254,-0.05036356230131799,0.04889493397385767,0.02699546972011536,-0.01851073884929781,0.001439033400219197,0.01018697976358228,0.026995469720115357,0.04889493397385772,-0.05036356230131799,-0.021781401075939254,0.1340357813163128,0.08663454723576344,-0.14030872466052074,0.18069107173976484,0.3544674905503445,-0.21243587854276552,-0.576459257872362,0.24691917964275054,0.7102103406551564,-2.0180221236348173,-0.7078398200560857,0.3735954391270172,-0.35901535701429843,0.7374160923268969,0.0,-2.3796162834257504
724,-4.94899380512758,0.7473976194436388,-0.3053050413975749,0.24485235880658007,-0.7240292620375463,-1.9929604829427425,0.743538813931292,0.23490874003126064,-0.5708893888985056,-0.17857721926102885,0.3685439088583215,0.16318914859163455,-0.13806803359323563,0.09723529626853779,0.13018892482263947,-0.026972884783303792,-0.0449654808558348,0.05063185257663015,0.019165557858157854,-0.019902664914200455,0.0013147683759998302,0.010132751081144758,0.01916555785815788,0.05063185257663022,-0.04496548085583481,-0.026972884783303792,0.1301889248226394,0.09723529626853777,-0.1380680335932356,0.16318914859163455,0.3685439088583217,-0.17857721926102887,-0.5708893888985054,0.2349087400312606,0.7435388139312918,-1.9929604829427425,-0.7240292620375463,0.24485235880657924,-0.3053050413975752,0.7473976194436386,0.0,-2.3726862906192157
725,-4.951615445563828,0.7573357953277394,-0.25152389249153034,0.11598146409713439,-0.7395468199347751,-1.9650092400793107,0.7753149630645404,0.2222308112375565,-0.5632009176649131,-0.1438798865727362,0.38048368818890294,0.1445425708173755,-0.13467493744436979,0.10688367094871519,0.1248634010312199,-0.031812735687807056,-0.038900541075055826,0.05152121841361844,0.010976030774878269,-0.020878572782226712,0.001160057983213417,0.00981988468286224,0.010976030774878303,0.05152121841361851,-0.03890054107505579,-0.031812735687807056,0.1248634010312199,0.10688367094871516,-0.13467493744436976,0.14454257081737545,0.38048368818890305,-0.14387988657273634,-0.563200917664913,0.22223081123755642,0.7753149630645401,-1.9650092400793109,-0.7395468199347751,0.11598146409713385,-0.25152389249153034,0.7573357953277396,0.0,-2.3667293442137862
726,-4.953863079455907,0.7672300435361329,-0.19768438796657226,-0.012949973627060128,-0.7543780937770477,-1.9342089216745086,0.8054724473574919,0.20892141738028738,-0.5534223765157584,-0.10850683368280646,0.39021760748786405,0.12488213076252634,-0.1301577571883188,0.11548516994866784,0.11811969648408892,-0.03623785893131082,-0.03225868874781501,0.05154814393011982,0.0025805536344410307,-0.02141806340463997,0.0009784847653828445,0.009256366460223455,0.0025805536344410836,0.051548143930119895,-0.032258688747815,-0.03623785893131082,0.11811969648408892,0.11548516994866787,-0.1301577571883188,0.12488213076252631,0.39021760748786405,-0.10850683368280649,-0.5534223765157584,0.20892141738028744,0.8054724473574917,-1.934208921674509,-0.7543780937770476,-0.012949973627060128,-0.19768438796657253,0.7672300435361327,0.0,-2.361878575358191
727,-4.955715928662474,0.7770797901736869,-0.14379901903209402,-0.14187465138792338,-0.7685093204509565,-1.9006041852454831,0.8339483054823993,0.1950183768753215,-0.541590054160866,-0.07262418726120479,0.39768923420842534,0.10434573228806525,-0.12455419613225677,0.1229555455995368,0.11003440521866625,-0.04019056626498221,-0.02513842553587437,0.050712178405988385,-0.005863344030629559,-0.021509860004338476,0.0007742533137043013,0.008456580173845167,-0.005863344030629491,0.05071217840598845,-0.02513842553587437,-0.0401905662649822,0.11003440521866627,0.12295554559953681,-0.12455419613225681,0.10434573228806522,0.39768923420842545,-0.07262418726120493,-0.541590054160866,0.19501837687532148,0.8339483054823991,-1.900604185245484,-0.7685093204509565,-0.14187465138792532,-0.14379901903209374,0.7770797901736869,0.0,-2.358207789017153
728,-4.957153215042188,0.7868844639264895,-0.08988028753841057,-0.2707252697361202,-0.7819273864722954,-1.8642437544474124,0.860683086928773,0.18056119497536138,-0.527747861006291,-0.03640046724252987,0.4028552514798095,0.08307742347390855,-0.11791102521995615,0.12922162905783433,0.10069935882356996,-0.04361932810384004,-0.017645348149910825,0.04902731550047263,-0.014197224143543973,-0.021152043790243203,0.000552092903640173,0.007440940309054852,-0.014197224143543873,0.049027315500472714,-0.017645348149910815,-0.04361932810384004,0.10069935882356994,0.12922162905783435,-0.11791102521995618,0.08307742347390856,0.40285525147980955,-0.03640046724252987,-0.5277478610062908,0.18056119497536136,0.860683086928773,-1.8642437544474126,-0.7819273864722954,-0.27072526973612104,-0.08988028753841029,0.7868844639264895,0.0,-2.3557354663657324
729,-4.958154160453704,0.7966434960949862,-0.035940703076226564,-0.39943456788177034,-0.7946198401550985,-1.8251803484288611,0.8856209761212648,0.16559095151644132,-0.5119471662003604,-5.7953858274204044e-06,0.4056857092374665,0.06122638622512883,-0.11028369265124935,0.13422204696012216,0.09022058342848936,-0.04647944529369935,-0.009890582302732083,0.046521759005116174,-0.02226471295492022,-0.02035209406509292,0.0003171479816867975,0.006235370997674844,-0.0222647129549201,0.04652175900511626,-0.009890582302732065,-0.046479445293699344,0.0902205834284894,0.13422204696012216,-0.11028369265124938,0.0612263862251288,0.40568570923746655,-5.795385827351503e-06,-0.5119471662003604,0.16559095151644135,0.8856209761212643,-1.8251803484288611,-0.7946198401550982,-0.39943456788177006,-0.03594070307622629,0.7966434960949864,0.0,-2.3544294665691905
730,-4.958697986755679,0.806356320626968,0.01800721992569489,-0.5279353588049746,-0.8065749031665457,-1.783470605394058,0.9087099089487055,0.15015018419027343,-0.4942466069999097,0.03638890368843404,0.4061641978590324,0.03894588986807762,-0.10173586107550071,0.13790782254646688,0.0787170954744793,-0.048733631833004845,-0.001989134664900353,0.04323745072590476,-0.029914435180204174,-0.019126731888287615,7.485903825480455e-05,0.004870644306490478,-0.029914435180204063,0.04323745072590484,-0.001989134664900353,-0.048733631833004845,0.07871709547447933,0.13790782254646683,-0.10173586107550074,0.03894588986807762,0.4061641978590323,0.036388903688434074,-0.4942466069999097,0.15015018419027348,0.9087099089487054,-1.7834706053940588,-0.8065749031665455,-0.5279353588049751,0.018007219925694616,0.8063563206269679,0.0,-2.3542123150736662
731,-4.958763915806775,0.8160223741504019,0.07195096510397724,-0.6561605643278532,-0.8177814814570117,-1.739175000482913,0.9299016814610267,0.13428276767412167,-0.47471187116416164,0.07261270523196041,0.4042879432993674,0.01639221607618512,-0.09233887622197161,0.1402428553649484,0.06631954994214413,-0.050352500952882656,0.005941812735995555,0.039229368397684636,-0.03700285434780152,-0.017501570561639517,-0.00016916337477673556,0.0033815947825397647,-0.03700285434780138,0.03922936839768471,0.005941812735995584,-0.05035250095288265,0.06631954994214413,0.14024285536494843,-0.09233887622197168,0.0163922160761851,0.4042879432993674,0.07261270523196038,-0.47471187116416175,0.13428276767412167,0.9299016814610263,-1.7391750004829127,-0.8177814814570117,-0.656160564327853,0.07195096510397805,0.8160223741504018,0.0,-2.3549669581874397
732,-4.958331169465643,0.8256410960061101,0.12587801706453594,-0.784043250129741,-0.828229175555113,-1.6923577580878448,0.9491520505071172,0.11803378896165334,-0.4534154531837995,0.10849548710283133,0.40006782317312584,-0.006276437333690823,-0.08217117140223261,0.141204274858741,0.053168756390944934,-0.051314948218613925,0.013784640377592796,0.034564605383425935,-0.04339696606271131,-0.015510580243801258,-0.0004092685645261091,0.0018062303038975337,-0.04339696606271118,0.034564605383426004,0.013784640377592833,-0.05131494821861392,0.05316875639094495,0.14120427485874099,-0.08217117140223265,-0.0062764373336908754,0.4000678231731258,0.10849548710283137,-0.4534154531837995,0.11803378896165331,0.9491520505071172,-1.6923577580878444,-0.8282291755551129,-0.7840432501297406,0.12587801706453622,0.8256410960061101,0.0,-2.3565428587997657
733,-4.957378969590945,0.8352119282802888,0.17977586428625011,-0.9115166606873082,-0.837908290218198,-1.6430867587345532,0.9664208261035223,0.10144941924901534,-0.4304363852498835,0.1438687287303217,0.3935283036916174,-0.02890106604528493,-0.07131761285503084,0.14078266437254439,0.03941407966424342,-0.05160842665821645,0.02142303559325146,0.029321247563720922,-0.04897679365028975,-0.01319537788434195,-0.0006398965470978853,0.00018476193142143716,-0.048976793650289605,0.029321247563721002,0.021423035593251486,-0.051608426658216446,0.03941407966424346,0.14078266437254433,-0.07131761285503085,-0.028901066045284966,0.3935283036916174,0.14386872873032164,-0.4304363852498835,0.1014494192490153,0.9664208261035222,-1.6430867587345532,-0.8379082902181979,-0.9115166606873079,0.17977586428625095,0.8352119282802888,0.0,-2.3587623056279945
734,-4.955886538041334,0.8447343158368689,0.23363200202373952,-1.0385142541213377,-0.8468098434293344,-1.5914334406617472,0.981671955341135,0.08457678274016689,-0.40585994396099495,0.17856630255807562,0.38470729781957097,-0.051322974543958684,-0.0598687913977881,0.13898215338432843,0.02521174342464808,-0.05122911033141261,0.028743717541292627,0.023587066216844692,-0.053637639352835394,-0.010604357319722105,-0.0008557067970737128,-0.0014414224755782813,-0.05363763935283525,0.023587066216844744,0.02874371754129267,-0.0512291103314126,0.0252117434246481,0.13898215338432837,-0.059868791397788175,-0.05132297454395873,0.3847072978195709,0.17856630255807554,-0.4058599439609948,0.08457678274016689,0.9816719553411345,-1.5914334406617472,-0.8468098434293344,-1.0385142541213366,0.2336320020237398,0.8447343158368688,0.0,-2.36142680841785
735,-4.953833096675472,0.8542077063497153,0.28743393520856775,-1.164969736931986,-0.8549255747324315,-1.5374726962425262,0.9948735976547037,0.06746382274425683,-0.37977733385703827,0.21242525424868228,0.37365594547413905,-0.07338488925171288,-0.047920266297063537,0.13582037705902344,0.010723055787866012,-0.05018194420661181,0.035638117210906615,0.017458048769935054,-0.057292048838401666,-0.00779167771445611,-0.0010517019151237935,-0.0030308146813617957,-0.05729204883840152,0.01745804876993512,0.03563811721090666,-0.0501819442066118,0.010723055787866068,0.13582037705902344,-0.04792026629706365,-0.0733848892517129,0.37365594547413894,0.21242525424868228,-0.3797773338570381,0.06746382274425686,0.9948735976547036,-1.5374726962425258,-0.8549255747324315,-1.1649697369319862,0.28743393520856775,0.8542077063497152,0.0,-2.3643234540108935
736,-4.951197867352015,0.8636315503346647,0.3411691813482026,-1.2908170986043799,-0.8622479528977715,-1.4812827633975991,1.0059981912980156,0.05015916544552774,-0.3522853489541234,0.24528656798548676,0.3604383170404417,-0.0949320616883365,-0.03557176766912755,0.1313283035203092,-0.0038874227919399765,-0.04848057969568507,0.04200398754948691,0.011036792015807513,-0.05987145216054191,-0.004816131491710303,-0.001223343350036141,-0.004542845568382078,-0.05987145216054177,0.011036792015807574,0.04200398754948694,-0.048480579695685075,-0.0038874227919399374,0.1313283035203092,-0.03557176766912762,-0.09493206168833651,0.3604383170404417,0.2452865679854867,-0.35228534895412333,0.050159165445527745,1.0059981912980156,-1.4812827633975996,-0.8622479528977712,-1.2908170986043803,0.3411691813482029,0.8636315503346644,0.0,-2.367231103053253
737,-4.947960071929616,0.8730053011813951,0.3948252734220563,-1.4159906460665017,-0.8687701829108353,-1.422945112157781,1.015022510885968,0.03271198173284176,-0.3234860135365912,0.2769959132774577,0.34513104192252353,-0.11581335392080863,-0.02292636406792685,0.12554993053229416,-0.018453748576392738,-0.04614719668693397,0.04774691983247645,0.0044307846921797685,-0.061327450378644316,-0.0017399154165734624,-0.0013666564954521942,-0.005938920660985452,-0.06132745037864418,0.004430784692179812,0.04774691983247648,-0.046147196686933956,-0.0184537485763927,0.12554993053229418,-0.022926364067926964,-0.11581335392080866,0.34513104192252353,0.27699591327745765,-0.323486013536591,0.032711981732841795,1.015022510885968,-1.4229451121577803,-0.8687701829108353,-1.4159906460665022,0.3948252734220566,0.8730053011813953,0.0,-2.3699263142194544
738,-4.944098932266938,0.882328415185133,0.44838976277393794,-1.5404250379813635,-0.8744862122779333,-1.3625443265402344,1.021927715883398,0.015171847481437808,-0.293486203539221,0.3074043697598043,0.32782286428320656,-0.1358822986873063,-0.010089602208290395,0.1185418545619478,-0.03281047930828693,-0.043212214396326956,0.05278174378727811,-0.002249391827899314,-0.061632723697202615,0.0013726694803990857,-0.0014783227276414606,-0.007183405246525029,-0.061632723697202484,-0.002249391827899271,0.05278174378727816,-0.04321221439632697,-0.032810479308286865,0.11854185456194781,-0.010089602208290499,-0.13588229868730634,0.32782286428320656,0.3074043697598043,-0.293486203539221,0.015171847481437881,1.0219277158833973,-1.3625443265402344,-0.8744862122779334,-1.540425037981363,0.44838976277393794,0.8823284151851328,0.0,-2.3721888919896097
739,-4.939593670222635,0.8916003515781883,0.5018502220002442,-1.6640553188555738,-0.8793907366427942,-1.3001679819097323,1.0266993899394308,-0.0024113973160732,-0.2623972499246974,0.33636912658637447,0.3086141285484409,-0.1549981267598094,0.0028313739951978402,0.11037271644311686,-0.046794553281223825,-0.03971389480649908,0.057033790706761435,-0.008891914614843044,-0.06078154408404425,0.004456561964340279,-0.001555756253047025,-0.008244533948744089,-0.060781544084044126,-0.008891914614843018,0.05703379070676147,-0.03971389480649907,-0.04679455328122374,0.11037271644311683,0.0028313739951977626,-0.15499812675980942,0.3086141285484409,0.3363691265863745,-0.2623972499246974,-0.002411397316073183,1.0266993899394306,-1.300167981909732,-0.8793907366427942,-1.6640553188555747,0.5018502220002442,0.891600351578188,0.0,-2.3738069650325233
740,-4.9344235076553655,0.9008205725613215,0.5551942478332192,-1.7868169529464908,-0.8834792047088972,-1.2359065180027513,1.029327570985242,-0.0199877901691981,-0.23033452552821604,0.36375415312919496,0.28761619765895324,-0.17302675433909284,0.01572871772058811,0.10112252907158878,-0.06024714137128819,-0.03569784386329399,0.06044000081982293,-0.01538559104437727,-0.058789882748942285,0.007447300547501592,-0.0015971639860855621,-0.009095221536636593,-0.05878988274894217,-0.015385591044377266,0.06044000081982297,-0.035697843863294,-0.060247141371288095,0.10112252907158881,0.01572871772058799,-0.1730267543390929,0.2876161976589532,0.36375415312919485,-0.23033452552821607,-0.01998779016919804,1.0293275709852419,-1.235906518002751,-0.8834792047088971,-1.7868169529464912,0.5551942478332192,0.9008205725613216,0.0,-2.3745815148604557
741,-4.9285676664237865,0.9099885433349362,0.6084094640186154,-1.9086458579502656,-0.8867478224629797,-1.1698531077985006,1.0298067720323747,-0.037507388057127056,-0.19741701690247984,0.38943083783526716,0.26495080744188604,-0.18984172355623907,0.028494779397873343,0.09088189371611513,-0.07301545099565522,-0.03121641693251474,0.0629498584961962,-0.021621720108384018,-0.05569511046592387,0.010282370904386459,-0.0016015870706445456,-0.009713754272949125,-0.05569511046592378,-0.021621720108384018,0.06294985849619623,-0.031216416932514732,-0.07301545099565518,0.09088189371611513,0.028494779397873263,-0.1898417235562391,0.2649508074418859,0.3894308378352672,-0.1974170169024798,-0.037507388057127,1.0298067720323745,-1.1698531077985006,-0.8867478224629795,-1.9086458579502656,0.6084094640186154,0.909988543334936,0.0,-2.3743302883528177
742,-4.9220053683865554,0.9191037321301007,0.6614835241870867,-2.0294784384531837,-0.8891935566958029,-1.1021035224270064,1.028135992628208,-0.05492040934097596,-0.16376688275198673,0.4132785922402809,0.24074936084546772,-0.2053250894837284,0.04102300522190545,0.07975111262126267,-0.08495446150902225,-0.026328036267663224,0.06452614141600299,-0.027495912017293827,-0.05155529636231291,0.012902512586056335,-0.0015689230837861706,-0.01008434415570531,-0.05155529636231285,-0.027495912017293823,0.06452614141600303,-0.02632803626766323,-0.08495446150902224,0.07975111262126265,0.041023005221905336,-0.20532508948372843,0.2407493608454676,0.41327859224028096,-0.1637668827519865,-0.05492040934097596,1.0281359926282077,-1.1021035224270068,-0.8891935566958029,-2.0294784384531845,0.661483524187087,0.9191037321301003,0.0,-2.372891042690759
743,-4.914715835402329,0.9281656102393909,0.7144041147186478,-2.149251619128854,-0.8908141378169083,-1.0327559923101348,1.0243187209446543,-0.07217737521746537,-0.12950900059528572,0.4351854173025425,0.2151521661284007,-0.2193682474343627,0.053208826519349516,0.06783920659373349,-0.09592857132747873,-0.021096429386520524,0.06514547259352337,-0.032909835634761075,-0.046448118331762184,0.01525295771983347,-0.0014999284074990263,-0.010197531905779102,-0.04644811833176214,-0.03290983563476112,0.06514547259352339,-0.021096429386520524,-0.09592857132747869,0.06783920659373346,0.053208826519349384,-0.21936824743436273,0.21515216612840066,0.43518541730254245,-0.12950900059528556,-0.07217737521746527,1.0243187209446545,-1.0327559923101346,-0.8908141378169082,-2.149251619128856,0.7144041147186484,0.928165610239391,0.0,-2.3701240868800273
744,-4.906678289329765,0.9371736520475576,0.7671589575995357,-2.267902877663905,-0.8916080619607485,-0.9619110647368639,1.0183629264957237,-0.08922925031209679,-0.09477050333756347,0.4550484293973775,0.1883076234205743,-0.23187269474511324,0.06495053254644431,0.05526284719443716,-0.1058131380720163,-0.015589798285493893,0.06479866706842376,-0.037772864493409664,-0.04046940551586941,0.017284575802309087,-0.001396200713576161,-0.010050428414289181,-0.040469405515869375,-0.0377728644934097,0.06479866706842378,-0.015589798285493893,-0.10581313807201627,0.05526284719443717,0.06495053254644419,-0.23187269474511318,0.1883076234205742,0.45504842939737755,-0.09477050333756329,-0.0892292503120967,1.0183629264957235,-0.9619110647368636,-0.8916080619607483,-2.267902877663905,0.767158957599536,0.9371736520475576,0.0,-2.365914100031567
745,-4.89787195202752,0.9461273350620137,0.8197358132708095,-2.3853702773949923,-0.8915745923822437,-0.8896714580793332,1.0102810434991591,-0.10602758201233387,-0.05968030747336551,0.4727743435017191,0.16037136437103017,-0.24275072170252807,0.07615011943263493,0.04214521399499616,-0.11449589423894789,-0.009879930322292126,0.06349086812285619,-0.04200359383814004,-0.03373134020269631,0.018954900656463353,-0.0012601419672075946,-0.009646788486887742,-0.033731340202696296,-0.042003593838140084,0.06349086812285622,-0.009879930322292129,-0.11449589423894783,0.042145213994996156,0.07615011943263485,-0.24275072170252807,0.1603713643710301,0.4727743435017194,-0.059680307473365495,-0.10602758201233387,1.0102810434991587,-0.8896714580793331,-0.8915745923822433,-2.3853702773949927,0.8197358132708095,0.9461273350620134,0.0,-2.3601712225809406
746,-4.888276045354253,0.9550261399431389,0.8721224834680318,-2.5015924996401253,-0.8907137601404655,-0.8161419128610216,1.0000899449168839,-0.12252463814487534,-0.024368634670318384,0.48827991129964154,0.13150534987108467,-0.25192602676335263,0.08671410818424442,0.028614788091322577,-0.12187822231825239,-0.004041262357933191,0.06124147100426694,-0.04553120330242536,-0.02636035288108192,0.020229018086784317,-0.0010949028059927537,-0.008996915002626183,-0.026360352881081912,-0.04553120330242543,0.061241471004266954,-0.0040412623579331956,-0.12187822231825236,0.028614788091322577,0.08671410818424434,-0.25192602676335263,0.1315053498710846,0.48827991129964143,-0.024368634670318454,-0.1225246381448753,1.0000899449168834,-0.816141912861021,-0.8907137601404655,-2.5015924996401253,0.8721224834680321,0.9550261399431389,0.0,-2.352831432324308
747,-4.87786979116862,0.9638695505344052,0.9243068140513625,-2.616508875707368,-0.8890263640698167,-0.7414290398930015,0.987810907228451,-0.13867354260581216,0.011033471490719303,0.5014923121513143,0.10187693108357125,-0.25933425175503266,0.09655432492059755,0.014804093691238904,-0.12787627487723166,0.0018500896415756516,0.058083835285140765,-0.048296642407053225,-0.018494749947147976,0.021080295678052422,-0.000904309582357455,-0.008117395933735503,-0.018494749947147997,-0.048296642407053274,0.05808383528514079,0.0018500896415756451,-0.12787627487723163,0.01480409369123886,0.09655432492059747,-0.25933425175503266,0.10187693108357111,0.5014923121513143,0.011033471490719338,-0.13867354260581216,0.9878109072284509,-0.7414290398930009,-0.8890263640698166,-2.6165088757073693,0.9243068140513625,0.9638695505344047,0.0,-2.343856232206217
748,-4.866632411329279,0.9726570538923134,0.9762766978254245,-2.730059418564269,-0.8865139700387266,-0.6656411656984548,0.9734695660110466,-0.15442840855827802,0.04639463182566956,0.5123494950892237,0.07165787922190145,-0.26492343330205403,0.10558863683024101,0.0008484001017040838,-0.13242192688772986,0.0077173228932590964,0.054064790125514454,-0.05025361903663662,-0.010282118575807554,0.021490939483070785,-0.0006927757588140952,-0.0070306809388719065,-0.010282118575807585,-0.050253619036636686,0.05406479012551446,0.007717322893259096,-0.13242192688772983,0.000848400101704032,0.10558863683024097,-0.264923433302054,0.07165787922190134,0.5123494950892239,0.046394631825669594,-0.154428408558278,0.9734695660110461,-0.6656411656984542,-0.8865139700387262,-2.730059418564269,0.9762766978254243,0.9726570538923132,0.0,-2.3332316909059316
749,-4.854543127694885,0.981388140316147,1.028020077348267,-2.842184854151437,-0.8831789094965592,-0.5888881754495714,0.9570958624187783,-0.1697444688191143,0.08158361910269153,0.5208004702355021,0.041023389703814105,-0.2686543673116857,0.1137416377044943,-0.01311560317092537,-0.13546354948051706,0.013483949038904628,0.04924393977543967,-0.05136937434727453,-0.001876557451278381,0.0214523659630993,-0.0004651997078362861,-0.005764508337253466,-0.0018765574512784457,-0.0513693743472746,0.04924393977543969,0.013483949038904628,-0.13546354948051703,-0.013115603170925447,0.11374163770449423,-0.2686543673116857,0.041023389703814056,0.5208004702355018,0.08158361910269148,-0.16974446881911426,0.9570958624187779,-0.5888881754495708,-0.8831789094965593,-2.842184854151437,1.0280200773482673,0.981388140316147,0.0,-2.320966890150639
750,-4.841581162124099,0.9900623033775352,1.0795249477287985,-2.9528266523239663,-0.8790242773100782,-0.5112813536445531,0.9387239806729922,-0.18457820306405875,0.11646984503373381,0.5268055482717467,0.010151066453248219,-0.2705008839625224,0.12094527732642363,-0.02695114523082471,-0.13696659633864516,0.019074791287785674,0.043692779617106825,-0.05162523113378191,0.006564214681881975,0.02096538140645638,-0.00022685128294007664,-0.004351197090130249,0.0065642146818818935,-0.05162523113378199,0.04369277961710684,0.01907479128778567,-0.13696659633864514,-0.026951145230824734,0.12094527732642356,-0.2705008839625224,0.010151066453248184,0.5268055482717467,0.11646984503373374,-0.18457820306405867,0.9387239806729919,-0.5112813536445531,-0.8790242773100782,-2.952826652323966,1.0795249477287985,0.9900623033775352,0.0,-2.307091844080969
751,-4.827725736475577,0.9986790399498273,1.1307793594120144,-3.061927057404511,-0.8740539288914715,-0.4329332227557321,0.918392276694119,-0.19888746149000458,0.15092384489493146,0.5303365268366816,-0.020780107761137322,-0.2704500312669791,0.12713942946195347,-0.04052271339980209,-0.13691399606960433,0.024416964461096813,0.0374936358561227,-0.05101690647708687,0.014881818393173206,0.020040165074966254,1.6750212417129866e-05,-0.002826821861708128,0.01488181839317311,-0.051016906477086954,0.037493635856122705,0.02441696446109681,-0.1369139960696043,-0.04052271339980211,0.12713942946195342,-0.2704500312669791,-0.020780107761137392,0.5303365268366818,0.15092384489493144,-0.19888746149000447,0.9183922766941186,-0.43293322275573226,-0.8740539288914715,-3.061927057404511,1.130779359412014,0.9986790399498273,0.0,-2.291654965687144
752,-4.812956072607973,1.0072378502372763,1.1817714209513952,-3.169429118332096,-0.8682724766206121,-0.3539573800827417,0.8961431980240505,-0.2126315845829483,0.18481775797739353,0.531376822976256,-0.051590808981315836,-0.2685021659201772,0.13227239371229274,-0.05369738050074521,-0.13530634609977152,0.029440825161723003,0.03073844458679848,-0.049554583438227814,0.022920185337408475,0.01869605643053546,0.00025996383231282943,-0.0012302922160346644,0.022920185337408357,-0.0495545834382279,0.030738444586798464,0.029440825161723003,-0.1353063460997715,-0.05369738050074525,0.13227239371229269,-0.2685021659201772,-0.05159080898131587,0.531376822976256,0.18481775797739333,-0.21263158458294826,0.8961431980240501,-0.3539573800827414,-0.8682724766206121,-3.1694291183320957,1.1817714209513952,1.0072378502372763,0.0,-2.2747201631412706
753,-4.797251392379948,1.0157382378040274,1.232489301767821,-3.275276718390911,-0.8616852855648645,-0.27446833304729173,0.8720231952062276,-0.22577151865130615,0.21802580208540195,0.5299215510241412,-0.08210241169329664,-0.26467095079798536,0.1363013270388921,-0.0663461068172913,-0.13216190588892687,0.03408087968242685,0.02352738833845945,-0.047262740598828394,0.03052848666164684,0.016961150889384536,0.000497157612643368,0.00039764054672209565,0.030528486661646707,-0.04726274059882849,0.023527388338459427,0.034080879682426846,-0.13216190588892687,-0.06634610681729132,0.13630132703889206,-0.26467095079798536,-0.08210241169329671,0.5299215510241412,0.21802580208540187,-0.225771518651306,0.8720231952062272,-0.2744683330472918,-0.8616852855648646,-3.275276718390911,1.2324893017678207,1.0157382378040272,0.0,-2.2563636546345673
754,-4.780590917650159,1.0241797096029135,1.2829212348943624,-3.3794146045035682,-0.8542984685004136,-0.19458133316835577,0.8460826248084566,-0.2382699267963126,0.2504247403211325,0.5259775455468657,-0.11213802441128871,-0.2589832591217614,0.13919260135914555,-0.0783450039776332,-0.12751638954190553,0.03827663781648214,0.01596741032340907,-0.04417974230146008,0.03756396310029058,0.014871712553737572,0.0007228389874208528,0.0020154235641719823,0.037563963100290435,-0.044179742301460184,0.015967410323409054,0.03827663781648214,-0.1275163895419055,-0.07834500397763318,0.13919260135914552,-0.25898325912176134,-0.1121380244112888,0.5259775455468657,0.2504247403211323,-0.23826992679631248,0.8460826248084562,-0.1945813331683561,-0.8542984685004135,-3.3794146045035682,1.2829212348943617,1.024179709602913,0.0,-2.236670593993954
755,-4.762953870277261,1.0325617760040533,1.3330555197063125,-3.481788416073537,-0.8461188802397356,-0.11441220895848574,0.8183756442909191,-0.2500912950041827,0.28189433842363354,0.5195633292458293,-0.14152351520880854,-0.25147898596201324,0.14092208422811137,-0.0895765483833093,-0.12142256017287287,0.0419734014400264,0.008170628420919066,-0.040357196449070654,0.04389460365552196,0.012471416196426607,0.0009317819771045198,0.0035817630454170178,0.04389460365552181,-0.040357196449070744,0.008170628420919033,0.04197340144002639,-0.12142256017287288,-0.08957654838330932,0.1409220842281113,-0.2514789859620132,-0.1415235152088086,0.5195633292458293,0.28189433842363326,-0.25009129500418253,0.8183756442909188,-0.1144122089584856,-0.8461188802397356,-3.481788416073537,1.3330555197063119,1.0325617760040533,0.0,-2.215731600854431
756,-4.744319472119914,1.0408839508232508,1.382880524635831,-3.5823447133617035,-0.8371541112704752,-0.034077197983541196,0.7889600989388618,-0.2612020330585768,0.312317810964853,0.5107090259669388,-0.17008852125120125,-0.24221076840314365,0.14147534026350128,-0.09993073229800871,-0.11394963062937577,0.04512297758575536,0.0002526724185775701,-0.03585909061360657,0.049401622601340775,0.009810434342932156,0.0011191482037362878,0.005056678291985201,0.04940162260134062,-0.03585909061360666,0.0002526724185775378,0.04512297758575536,-0.11394963062937577,-0.09993073229800874,0.14147534026350123,-0.24221076840314365,-0.17008852125120133,0.5107090259669389,0.31231781096485295,-0.26120203305857675,0.7889600989388615,-0.034077197983540926,-0.8371541112704752,-3.5823447133617026,1.382880524635831,1.0408839508232506,0.0,-2.1936392885027898
757,-4.724666945036773,1.0491457513501958,1.4323846898705643,-3.6810310053822257,-0.8274124807116312,0.04630722167066703,0.7578974010960263,-0.27157056998662804,0.3415822547468539,0.49945621922641403,-0.1976674364767937,-0.23124361633212298,0.14084775163271487,-0.10930614132201388,-0.10518247738266073,0.04768430671195357,-0.007669030829544927,-0.030760720914953407,0.053981688333643335,0.0069443885332531865,0.0012805989305995221,0.006402522202178042,0.05398168833364319,-0.030760720914953486,-0.007669030829544946,0.04768430671195357,-0.10518247738266077,-0.10930614132201388,0.14084775163271487,-0.23124361633212298,-0.19766743647679377,0.49945621922641426,0.34158225474685405,-0.271570569986628,0.7578974010960258,0.046307221670667094,-0.8274124807116313,-3.6810310053822266,1.4323846898705639,1.0491457513501956,0.0,-2.1704848797330536
758,-4.703975510886497,1.057346698376463,1.4815565300356128,-3.777795777303147,-0.8169030285935861,0.12662450028046673,0.725252401950946,-0.28116744376732367,0.36957906779185923,0.48585775691718064,-0.2241003717005823,-0.2186544564408416,0.13904455659625645,-0.1176109476989213,-0.09522067651278152,0.04962399797641293,-0.015476998896035104,-0.025147431600243794,0.05754886224504961,0.003933186685000123,0.0014123955319602173,0.0075849422105344275,0.05754886224504944,-0.025147431600243863,-0.015476998896035144,0.04962399797641293,-0.09522067651278152,-0.11761094769892134,0.13904455659625642,-0.21865445644084164,-0.22410037170058233,0.4858577569171805,0.36957906779185906,-0.2811674437673235,0.7252524019509459,0.1266245002804671,-0.8169030285935863,-3.7777957773031474,1.4815565300356124,1.057346698376463,0.0,-2.1463549962589363
759,-4.682224391527743,1.065486316223306,1.5303846368582377,-3.872588517337442,-0.8056355074691481,0.20675818547028235,0.6910932561437936,-0.28996538504733593,0.3962043523702279,0.46997750311303166,-0.24923408157424215,-0.20453159264063792,0.13608080578582543,-0.12476380972566459,-0.08417737273763955,0.050916764537125764,-0.02305543609745401,-0.01911318642236685,0.0600362112441704,0.0008397708598888949,0.0015114860663680337,0.008573757134502681,0.06003621124417025,-0.01911318642236691,-0.023055436097454057,0.05091676453712576,-0.0841773727376396,-0.12476380972566462,0.13608080578582546,-0.2045315926406379,-0.24923408157424212,0.46997750311303166,0.3962043523702279,-0.2899653850473359,0.6910932561437934,0.2067581854702825,-0.8056355074691479,-3.872588517337442,1.5303846368582381,1.065486316223306,0.0,-2.121328700551101
760,-4.6593928088191685,1.0735641327692491,1.5788576818146733,-3.96535974311047,-0.793620373363382,0.2865920910574443,0.6554912794764385,-0.2979393946264248,0.42135930057070653,0.4518900381361949,-0.27292285302838887,-0.1889740866738067,0.13198123658201316,-0.13069466845653824,-0.07217799433136514,0.0515457532049415,-0.030291950796481358,-0.012758995732112926,0.061397063662617865,-0.002271198391380409,0.0015755759487868371,0.009343727546874878,0.061397063662617726,-0.012758995732112983,-0.03029195079648139,0.05154575320494151,-0.0721779943313652,-0.13069466845653824,0.13198123658201316,-0.1889740866738067,-0.27292285302838887,0.45189003813619494,0.42135930057070653,-0.2979393946264248,0.655491279476438,0.28659209105744426,-0.7936203733633818,-3.9653597431104695,1.5788576818146727,1.073564132769249,0.0,-2.0954748605851012
761,-4.635459984619429,1.081579679477472,1.6269644187584344,-4.056061027490068,-0.7808687760706388,0.36601046551104804,0.6185208000227889,-0.30506681449223977,0.44495056098208063,0.4316803082969044,-0.2950293500463389,-0.17209106326665272,0.12678006664012914,-0.13534543389787815,-0.059358828527813254,0.05150276415066101,-0.03707922222052249,-0.0061912256136716845,0.06160588498439888,-0.005334693605197751,0.0016031810850390688,0.009875200010284463,0.061605884984398736,-0.006191225613671721,-0.03707922222052255,0.05150276415066101,-0.059358828527813295,-0.13534543389787818,0.12678006664012917,-0.1720910632666527,-0.2950293500463389,0.4316803082969044,0.44495056098208047,-0.30506681449223977,0.6185208000227885,0.36601046551104843,-0.7808687760706388,-4.056061027490068,1.6269644187584347,1.081579679477472,0.0,-2.0688498981136867
762,-4.610405140787183,1.0895324914229856,1.6746936865295208,-4.144645023865808,-0.7673925488077774,0.44489815978060837,0.5802590029502556,-0.3113273922026753,0.4668905851254513,0.409443226949954,-0.3154254098717777,-0.15400094469794143,0.12052070828752538,-0.13867055397244238,-0.04586547358953912,0.05078835780235009,-0.04331659207710752,0.00048018263226094255,0.06065875696583875,-0.008286679650565051,0.0015936622381588236,0.010154608729729661,0.06065875696583864,0.0004801826322609017,-0.04331659207710758,0.05078835780235008,-0.04586547358953916,-0.1386705539724424,0.12052070828752541,-0.1540009446979414,-0.3154254098717777,0.4094432269499539,0.4668905851254511,-0.3113273922026753,0.5802590029502553,0.44489815978060837,-0.7673925488077773,-4.144645023865808,1.674693686529521,1.0895324914229854,0.0,-2.041495969959313
763,-4.584207499181089,1.0974221073195989,1.7220344115438946,-4.231065490864201,-0.7532041972331844,0.5231407942511721,0.5407857693763181,-0.31670333843284054,0.48709795235150743,0.3852832287418363,-0.3339927860343099,-0.13483062015170025,0.11325540617624225,-0.1406374606807508,-0.03185118512343313,0.049411847539302674,-0.048911557361708984,0.0071435528527739245,0.05857345115601193,-0.01106545223224888,0.0015472398308508857,0.010174821818479445,0.058573451156011806,0.007143552852773881,-0.04891155736170903,0.049411847539302674,-0.03185118512343317,-0.14063746068075078,0.11325540617624229,-0.1348306201517002,-0.3339927860343099,0.3852832287418363,0.4870979523515074,-0.3167033384328404,0.5407857693763176,0.5231407942511721,-0.7532041972331841,-4.231065490864201,1.7220344115438944,1.0974221073195987,0.0,-2.013439619729861
764,-4.556846281659801,1.1052480695466755,1.7689756103626435,-4.3152773164869735,-0.7383168878417853,0.6006249245828267,0.5001835095966144,-0.32117937752312253,0.5054976719970827,0.3593137791419065,-0.3506238338851881,-0.1147145556807618,0.10504480121536176,-0.14122688908944245,-0.017475135425328,0.04739117827789875,-0.05378114221896596,0.01368734344762081,0.05538909543816995,-0.013612927673317265,0.0014649888412833175,0.009935323338950567,0.055389095438169854,0.01368734344762081,-0.05378114221896602,0.04739117827789875,-0.017475135425328036,-0.14122688908944248,0.10504480121536183,-0.11471455568076173,-0.3506238338851881,0.3593137791419064,0.5054976719970823,-0.3211793775231224,0.5001835095966142,0.600624924582827,-0.7383168878417852,-4.315277316486973,1.7689756103626435,1.1052480695466755,0.0,-1.9846909245826172
765,-4.5283007100819805,1.1130099241756772,1.8155063922402306,-4.397236541659803,-0.7227444357468108,0.6772382061941482,0.45853699103273854,-0.32474279088471314,0.5220214616796733,0.3316568415610211,-0.3652221346688209,-0.09379385102401733,0.09595742442277068,-0.14043306602230798,-0.002900605623693949,0.04475269253217604,-0.05785312851199468,0.020002014521752712,0.05116543984905662,-0.01587585701720339,0.00134881391040893,0.009442226471975918,0.05116543984905654,0.020002014521752716,-0.05785312851199475,0.04475269253217606,-0.0029006056236939963,-0.140433066022308,0.09595742442277076,-0.09379385102401729,-0.36522213466882075,0.33165684156102093,0.5220214616796733,-0.3247427908847131,0.45853699103273826,0.6772382061941483,-0.7227444357468108,-4.397236541659803,1.8155063922402308,1.1130099241756772,0.0,-1.9552431485006512
766,-4.4985500063062815,1.1207072209964926,1.8616159616512369,-4.47690038317921,-0.7065012918596583,0.7528695571511022,0.4159331612589427,-0.32738345313926187,0.5366080006971585,0.30244230456028454,-0.37770305451198866,-0.07221524989312836,0.08606912492097392,-0.13826376660585654,0.011706868844203064,0.041530786998873984,-0.061067126849888305,0.02598186153027276,0.04598173545199647,-0.01780693907136042,0.0012014052372416987,0.008708117478319562,0.045981735451996394,0.02598186153027277,-0.06106712684988837,0.04153078699887398,0.011706868844203024,-0.1382637666058565,0.08606912492097399,-0.07221524989312833,-0.37770305451198866,0.3024423045602844,0.5366080006971585,-0.32738345313926187,0.41593316125894225,0.7528695571511022,-0.7065012918596583,-4.476900383179209,1.8616159616512373,1.1207072209964921,0.0,-1.9250729003107074
767,-4.467573392191362,1.1283395135435499,1.9072936207950115,-4.554227256045644,-0.689602529479748,0.8274093192252293,0.37246096647722515,-0.3290938608899665,0.5492031575923328,0.27180737183997167,-0.387994235090026,-0.05013011067082457,0.07546243685127481,-0.13474023811557967,0.02618137836026175,0.037767464143888624,-0.06337547218958585,0.03152678472148084,0.03993524730015483,-0.019365809126958934,0.001026176283396977,0.0077517344353091764,0.03993524730015479,0.03152678472148088,-0.0633754721895859,0.03776746414388862,0.026181378360261714,-0.13474023811557967,0.07546243685127489,-0.05013011067082455,-0.3879942350900259,0.2718073718399716,0.5492031575923326,-0.3290938608899664,0.37246096647722493,0.8274093192252296,-0.6896025294797478,-4.554227256045645,1.9072936207950115,1.1283395135435499,0.0,-1.8941407816702407
768,-4.435350089595882,1.135906359121714,1.952528772077649,-4.629176795171114,-0.6720638303068145,0.900749416887595,0.3282111658197785,-0.32986915404234685,0.5597601910377537,0.2398959178734921,-0.39603601312532083,-0.027693344740599785,0.0642258904904663,-0.12989699186880319,0.04035852350339872,0.03351178463589523,-0.06474393072993098,0.03654396475838633,0.0331394293921598,-0.02051988268777744,0.0008271847294372169,0.006597488948809363,0.03313942939215979,0.036543964758386366,-0.06474393072993102,0.03351178463589524,0.04035852350339864,-0.12989699186880324,0.06422589049046638,-0.027693344740599743,-0.39603601312532066,0.23989591787349202,0.5597601910377537,-0.3298691540423468,0.32821116581977816,0.9007494168875952,-0.6720638303068145,-4.629176795171114,1.9525287720776492,1.1359063591217133,0.0,-1.8623924977828155
769,-4.401859320378494,1.143407318831965,1.9973109205707227,-4.701709876449985,-0.6539014698886159,0.9727835140079709,0.2832761418664914,-0.3297071296141205,0.5682399232954068,0.20685781221261154,-0.4017817662860837,-0.005062329894660413,0.052453273319898026,-0.12378146520243824,0.054077282274798626,0.028819227765503556,-0.06515220761436331,0.040949416469593804,0.02572179586452309,-0.02124503657212623,0.0006090385133936527,0.00527484304880212,0.0257217958645231,0.040949416469593845,-0.06515220761436334,0.02881922776550355,0.05407728227479854,-0.1237814652024382,0.05245327331989812,-0.005062329894660345,-0.4017817662860837,0.20685781221261143,0.5682399232954066,-0.32970712961412035,0.2832761418664911,0.9727835140079706,-0.6539014698886155,-4.701709876449983,1.9973109205707222,1.1434073188319642,0.0,-1.8297603919514929
770,-4.36708030639786,1.1508419575968543,2.0416296764461883,-4.7717886371820075,-0.6351323025175636,1.0434071680320602,0.2377497077730959,-0.32860824799493954,0.5746108856074689,0.1728482156372741,-0.40519818348003306,0.017604193558211,0.04024284721451527,-0.11645355684640255,0.06718183896288256,0.02375096818785995,-0.06459424791278295,0.04466939472052199,0.017821528364993688,-0.02152611315097798,0.0003767891272782533,0.003817557173268214,0.01782152836499371,0.04466939472052206,-0.06459424791278295,0.023750968187859947,0.06718183896288249,-0.11645355684640255,0.04024284721451536,0.017604193558211034,-0.405198183480033,0.1728482156372741,0.5746108856074686,-0.3286082479949394,0.23774970777309576,1.0434071680320605,-0.6351323025175634,-4.7717886371820075,2.041629676446188,1.1508419575968543,0.0,-1.7961653545140372
771,-4.330992269512634,1.1582098441857398,2.085474757386916,-4.8393764958368735,-0.6157737455902907,1.112517981413217,0.1917269114126262,-0.3265756316382011,0.5788494349786178,0.13802685145560076,-0.4062654579759649,0.040147236241867175,0.02769652828571533,-0.10798504024351264,0.07952335387600597,0.01837307841746305,-0.06307832641889106,0.04764162887135064,0.009586864501178594,-0.021357237182397903,0.00013581464245995993,0.0022628284355249396,0.009586864501178629,0.04764162887135069,-0.06307832641889109,0.018373078417463055,0.0795233538760059,-0.10798504024351263,0.027696528285715408,0.04014723624186723,-0.40626545797596486,0.13802685145560056,0.5788494349786178,-0.3265756316382012,0.19172691141262607,1.1125179814132173,-0.6157737455902907,-4.839376495836872,2.0854747573869163,1.1582098441857398,0.0,-1.7615190474592821
772,-4.293574431581473,1.1655105512398016,2.128835990972269,-4.904438171149981,-0.5958437634446705,1.1800157500790969,0.14530383693909696,-0.32361505618864955,0.5809398419165035,0.10255725537634548,-0.4049774022335814,0.0624086749090361,0.014919036223584361,-0.09845886056210384,0.09096165384251438,0.012755667471892438,-0.060626924931272176,0.04981636515746525,0.0011723163665850955,-0.020741938619598166,-0.00010830482737772917,0.0006503411706821199,0.001172316366585147,0.04981636515746531,-0.06062692493127221,0.012755667471892431,0.09096165384251435,-0.09845886056210383,0.014919036223584481,0.062408674909036135,-0.4049774022335813,0.1025572553763455,0.5809398419165035,-0.32361505618864944,0.1453038369390966,1.1800157500790975,-0.5958437634446707,-4.904438171149981,2.1288359909722687,1.1655105512398014,0.0,-1.7257263783084287
773,-4.254806014463037,1.1727436552968262,2.1717033170381903,-4.966939700539477,-0.5753608506892839,1.2458026087179854,0.0985774041876828,-0.31973493407097964,0.5808743488047668,0.06660600747672134,-0.40134148377585066,0.08423236156228919,0.0020170202386531537,-0.08796832228681262,0.10136682427769693,0.00697196689354646,-0.057276398838194395,0.051157199543454365,-0.007264228665398453,-0.01969307882560424,-0.00034991634186199187,-0.0009787460040527123,-0.007264228665398383,0.051157199543454455,-0.057276398838194416,0.006971966893546447,0.1013668242776969,-0.0879683222868126,0.0020170202386532825,0.08423236156228923,-0.4013414837758506,0.0666060074767212,0.5808743488047667,-0.31973493407097947,0.09857740418768265,1.2458026087179863,-0.5753608506892839,-4.966939700539479,2.1717033170381903,1.1727436552968258,0.0,-1.6886881508278875
774,-4.214666240015982,1.1799087368157701,2.2140667900112425,-5.026848457834924,-0.5543440150408085,1.309783172674143,0.05164516633020498,-0.31494629058607587,0.5786531986919866,0.030341949872596388,-0.3953787818959284,0.10546521872005112,-0.010901831101372026,-0.07661617534468936,0.11062068473516816,0.0010973760644939182,-0.053076437950825464,0.05164168710908556,-0.015564470479986776,-0.01823258173684149,-0.0005834250359635233,-0.0025828507600097195,-0.015564470479986683,0.05164168710908563,-0.05307643795082548,0.0010973760644939054,0.11062068473516812,-0.07661617534468936,-0.010901831101371932,0.10546521872005113,-0.39537878189592834,0.03034194987259625,0.5786531986919865,-0.31494629058607576,0.051645166330204946,1.3097831726741425,-0.5543440150408085,-5.026848457834924,2.214066790011243,1.17990873681577,0.0,-1.6503038159525514
775,-4.173134330098966,1.187005380201096,2.2559165812160673,-5.084133170308347,-0.5328127596852527,1.3718646762464342,0.004605106208366923,-0.3092627325828072,0.5742846343897119,-0.006064606234789656,-0.38712386544963046,0.12595831314514694,-0.023729688710025905,-0.06451360871761097,0.11861813118357506,-0.004791520739779709,-0.04808932958095105,0.05126171776643306,-0.023572666504004008,-0.01639097559503178,-0.0008034236772105791,-0.004121028442895672,-0.023572666504003897,0.05126171776643314,-0.04808932958095107,-0.004791520739779714,0.11861813118357499,-0.06451360871761097,-0.023729688710025794,0.12595831314514694,-0.3871238654496303,-0.0060646062347896905,0.5742846343897119,-0.3092627325828072,0.004605106208366544,1.3718646762464344,-0.5328127596852525,-5.084133170308347,2.255916581216067,1.1870053802010958,0.0,-1.6104742440278736
776,-4.130189506570645,1.1940331738268763,2.2972429811557125,-5.138763934998794,-0.5107870651794053,1.4319571071897303,-0.042444568230052764,-0.3027004097943987,0.5677848678829307,-0.04244268041154962,-0.3766245924419606,0.14556790050445279,-0.036359482993360524,-0.05177916139808893,0.12526832976324145,-0.010617952743523743,-0.04238903479208422,0.05002365201883403,-0.031138554000154372,-0.014206754826412739,-0.0010048178779990121,-0.005554017182041935,-0.031138554000154247,0.05002365201883413,-0.04238903479208422,-0.010617952743523743,0.12526832976324145,-0.05177916139808888,-0.03635948299336042,0.14556790050445273,-0.37662459244196056,-0.04244268041154955,0.5677848678829307,-0.30270040979439866,-0.04244456823005273,1.4319571071897306,-0.5107870651794053,-5.138763934998794,2.2972429811557133,1.1940331738268766,0.0,-1.5691044391696418
777,-4.085810991289675,1.2009917100606688,2.338036401764321,-5.190712234321859,-0.48828737090929514,1.4899733372240576,-0.08940562896497316,-0.2952779689492388,0.5591780201664923,-0.07862142598687087,-0.3639418325695911,0.1641564336321119,-0.04868579752200668,-0.038537561355153245,0.13049574846423131,-0.016305963495190035,-0.036060091523578634,0.04794821448913357,-0.03812016953974134,-0.01172557540668704,-0.0011829440635256904,-0.006845240046725908,-0.03812016953974122,0.04794821448913365,-0.03606009152357863,-0.016305963495190038,0.13049574846423126,-0.03853756135515318,-0.048685797522006614,0.164156433632112,-0.363941832569591,-0.07862142598687104,0.5591780201664922,-0.2952779689492387,-0.08940562896497316,1.489973337224057,-0.48828737090929486,-5.190712234321859,2.3380364017643225,1.2009917100606688,0.0,-1.5261061181898998
778,-4.039978006114717,1.2078805852871621,2.3782873786316396,-5.239950950956024,-0.46533455612286473,1.5458292483622718,-0.13618003297968997,-0.2870165007865188,0.5484960317307537,-0.11443093242052814,-0.34914911432785967,0.18159352732407677,-0.06060574890485423,-0.024918503882099555,0.1342410150081782,-0.02178140107593926,-0.029196360854908766,0.04507014699950476,-0.044386512750324104,-0.008999300530696717,-0.001333677463626684,-0.007961738669600527,-0.044386512750323966,0.04507014699950485,-0.029196360854908756,-0.021781401075939264,0.13424101500817817,-0.024918503882099485,-0.06060574890485419,0.18159352732407671,-0.3491491143278596,-0.11443093242052817,0.5484960317307537,-0.2870165007865187,-0.13618003297969025,1.5458292483622718,-0.46533455612286445,-5.239950950956023,2.3782873786316396,1.207880585287162,0.0,-1.4814000800999707
779,-3.9926697729044256,1.2146993999315858,2.417986573198838,-5.286454381998062,-0.4419499205544646,1.5994438548731007,-0.18267012695031423,-0.2779394801272569,0.5357785440286459,-0.14970302327393584,-0.33233219872818753,0.19775687289663255,-0.07201984552035776,-0.011055381291613027,0.13646159119018184,-0.026972884783303796,-0.021899635003582604,0.04143762701011965,-0.04982000435676591,-0.00608491653484386,-0.001453527627812606,-0.008875014506563417,-0.04982000435676575,0.04143762701011972,-0.021899635003582576,-0.026972884783303806,0.13646159119018178,-0.01105538129161294,-0.07201984552035769,0.19775687289663255,-0.3323321987281873,-0.14970302327393584,0.5357785440286454,-0.27793948012725683,-0.1826701269503142,1.5994438548731011,-0.44194992055446447,-5.28645438199806,2.417986573198839,1.2146993999315858,0.0,-1.4349182975866952
780,-3.9438655135174603,1.2214477584828851,2.457124774925136,-5.330198252380116,-0.4181551646591425,1.6507394207027115,-0.22877885112162696,-0.26807269917099397,0.5210727523640356,-0.18427204603713357,-0.31358858209729806,0.2125330960939356,-0.08283281793793988,0.002916023599687767,0.13713225602169057,-0.031812735687807056,-0.014278127700704807,0.03711146115172732,-0.054318692393928905,-0.0030433417323386374,-0.0015397192517119264,-0.009561756259970253,-0.05431869239392875,0.037111461151727386,-0.014278127700704787,-0.03181273568780705,0.13713225602169052,0.002916023599687793,-0.0828328179379398,0.21253309609393561,-0.313588582097298,-0.18427204603713362,0.5210727523640355,-0.26807269917099397,-0.22877885112162688,1.6507394207027115,-0.4181551646591425,-5.330198252380116,2.457124774925136,1.2214477584828858,0.0,-1.3866056689337851
781,-3.8935444498124756,1.2281252695166656,2.4956929034247204,-5.371159727541421,-0.3939723694750726,1.6996415721845557,-0.27440994194371277,-0.2574441942076982,0.5044332307473317,-0.21797565010234415,-0.2930269308407626,0.22581855232695855,-0.09295441409825914,0.016858867400577106,0.13624539218690396,-0.036237858931310825,-0.0064448693326007705,0.03216406735201415,-0.057798165194481714,6.184694023997062e-05,-0.0015902564432687457,-0.010004434897769005,-0.057798165194481554,0.03216406735201424,-0.006444869332600738,-0.03623785893131082,0.1362453921869039,0.016858867400577134,-0.09295441409825908,0.22581855232695855,-0.2930269308407626,-0.21797565010234424,0.5044332307473318,-0.25744419420769815,-0.274409941943713,1.6996415721845555,-0.3939723694750726,-5.371159727541421,2.4956929034247195,1.2281252695166658,0.0,-1.3364213774566718
782,-3.8416858036481303,1.2347315457178927,2.5336820105734708,-5.409317425348082,-0.36942397613281175,1.7460794058740756,-0.31946813304631383,-0.2460841659531249,0.48592172936829753,-0.25065554923041844,-0.2707664514478444,0.23752005366581389,-0.10230015261525321,0.030636586462381977,0.13381107255916228,-0.04019056626498221,0.0014839693507258784,0.026678262594459587,-0.06019313525724561,0.00316574284862485,-0.0016039689405180075,-0.010191751080736123,-0.060193135257245435,0.026678262594459656,0.0014839693507259237,-0.04019056626498221,0.13381107255916228,0.03063658646238201,-0.10230015261525313,0.23752005366581389,-0.2707664514478444,-0.2506555492304184,0.4859217293682973,-0.24608416595312496,-0.3194681330463138,1.7460794058740756,-0.36942397613281175,-5.409317425348083,2.5336820105734708,1.2347315457178931,0.0,-1.2843398154322214
783,-3.7882687968830817,1.24126620390336,2.571083282585002,-5.444651427254674,-0.3445327650303976,1.789985591351923,-0.36385935413131903,-0.23402489373399718,0.4656069454376623,-0.2821582649293009,-0.2469361993900441,0.24755552248612656,-0.1107920279124116,0.04411423445619407,0.1298569457946836,-0.04361932810384003,0.009390800100143669,0.02074587660201873,-0.06145866427697769,0.006203466380730635,-0.0015805392106985436,-0.01011892357726773,-0.06145866427697754,0.020745876602018796,0.009390800100143709,-0.04361932810384003,0.12985694579468363,0.044114234456194085,-0.11079202791241154,0.24755552248612658,-0.24693619939004408,-0.2821582649293009,0.46560694543766246,-0.23402489373399726,-0.36385935413131915,1.7899855913519236,-0.3445327650303976,-5.444651427254675,2.571083282585002,1.2412662039033604,0.0,-1.2303510404989315
784,-3.7332726513759873,1.2477288650439133,2.607888042055531,-5.47714328870184,-0.3193218346936131,1.8312964688466287,-0.4074909273681548,-0.22130064376684902,0.4435642682479559,-0.31233584725330255,-0.22167433092002,0.2558545671845966,-0.11835916130775477,0.05715980410918948,0.12442792230305715,-0.04647944529369935,0.017158361054094247,0.014466214651897936,-0.06157100634959897,0.009111521101688752,-0.001520509803184678,-0.009787811303959818,-0.06157100634959883,0.014466214651898004,0.01715836105409427,-0.046479445293699344,0.12442792230305713,0.057159804109189485,-0.11835916130775474,0.2558545671845966,-0.22167433092001987,-0.3123358472533026,0.4435642682479559,-0.22130064376684908,-0.40749092736815484,1.8312964688466282,-0.3193218346936131,-5.47714328870184,2.6078880420555297,1.2477288650439131,0.0,-1.174460744321394
785,-3.6766765889855044,1.2541191542864372,2.644087749977104,-5.5067760487444675,-0.29381458034103636,1.8699521415351834,-0.45027176088204796,-0.207947571791155,0.4198754993996507,-0.34104656963800484,-0.19512730210858883,0.2623589759255196,-0.12493839261314332,0.0696455201542654,0.1175856641611969,-0.048733631833004845,0.024671455784818542,0.007944395253161422,-0.06052805353128601,0.011829120996829999,-0.0014252707859686003,-0.009206865876900729,-0.06052805353128585,0.007944395253161466,0.024671455784818577,-0.048733631833004845,0.11758566416119687,0.06964552015426541,-0.12493839261314325,0.2623589759255196,-0.19512730210858872,-0.3410465696380048,0.41987549939965063,-0.207947571791155,-0.45027176088204773,1.8699521415351832,-0.29381458034103647,-5.506776048744468,2.6440877499771034,1.2541191542864374,0.0,-1.1166897256768358
786,-3.6184598315702887,1.2604367009755948,2.679674007718724,-5.533534238905402,-0.2680346721737631,1.9058965623877078,-0.49211253893120765,-0.19400362033341242,0.394628549230876,-0.36815559450755836,-0.16744901976340432,0.2670231249549892,-0.13047480731004668,0.08144909082915582,0.10940788476423918,-0.05035250095288265,0.031818661713269435,0.0012895905136434318,-0.058349375391125266,0.014299461059735294,-0.001297027556619979,-0.008390915884800662,-0.05834937539112515,0.0012895905136434706,0.03181866171326949,-0.05035250095288265,0.10940788476423917,0.08144909082915584,-0.13047480731004665,0.2670231249549892,-0.16744901976340426,-0.3681555945075585,0.39462854923087587,-0.19400362033341248,-0.49211253893120765,1.905896562387708,-0.2680346721737631,-5.533534238905403,2.679674007718724,1.2604367009755952,0.0,-1.0570728727428906
787,-3.5586016009889994,1.2666811386753312,2.7146385589749005,-5.557403891250071,-0.24200603340995422,1.9390776154302864,-0.532925908375884,-0.17950841089409916,0.367917110577265,-0.393535606528407,-0.13879994915187308,0.2698142986187501,-0.1349221949016221,0.09245490566717601,0.09998746616784984,-0.05131494821861392,0.03849398255614812,-0.0053868013484257805,-0.05507585181517916,0.016470904666712687,-0.001138749773106727,-0.007360788390370479,-0.05507585181517906,-0.005386801348425734,0.03849398255614815,-0.05131494821861392,0.09998746616784984,0.09245490566717601,-0.13492219490162205,0.2698142986187501,-0.13879994915187305,-0.3935356065284071,0.3679171105772649,-0.17950841089409908,-0.5329259083758843,1.9390776154302867,-0.24200603340995433,-5.557403891250071,2.7146385589748996,1.2666811386753312,0.0,-0.9956576719496095
788,-3.497081119100293,1.2728521051901225,2.7489732916811707,-5.578372545677845,-0.2157528180845869,1.9694471913081475,-0.5726266610500008,-0.16450313136385447,0.3398403110726345,-0.41706741053541146,-0.10934618370130049,0.27071291883900656,-0.13824343461540034,0.10255516784779473,0.08943140414704234,-0.05160842665821646,0.0445984202985302,-0.011973020756807283,-0.050768905951888176,0.018298062918442028,-0.0009541025870578305,-0.006142777321098868,-0.050768905951888106,-0.01197302075680728,0.04459842029853024,-0.05160842665821645,0.08943140414704234,0.10255516784779474,-0.13824343461540028,0.2707129188390066,-0.10934618370130042,-0.4170674105354115,0.33984031107263435,-0.16450313136385447,-0.5726266610500008,1.969447191308148,-0.215752818084587,-5.578372545677846,2.7489732916811707,1.2728521051901225,0.0,-0.9325022730114403
789,-3.4338776077628266,1.2789492425859885,2.782670239896181,-5.596429256426276,-0.18929938863501244,1.9969612570396291,-0.6111319116546172,-0.14903041898879046,0.3105023452808231,-0.438640491322261,-0.07925848206969208,0.26971268244057117,-0.14041080523725458,0.11165095001618845,0.07785959295337772,-0.051229110331412614,0.05004144337901966,-0.01835881757859936,-0.045509351691529504,0.019742743387699668,-0.0007473617718617788,-0.004767972318713688,-0.04550935169152944,-0.018358817578599355,0.05004144337901971,-0.0512291103314126,0.07785959295337776,0.11165095001618848,-0.14041080523725458,0.26971268244057117,-0.07925848206969198,-0.438640491322261,0.310502345280823,-0.1490304189887905,-0.611131911654617,1.9969612570396291,-0.1892993886350125,-5.596429256426278,2.7826702398961816,1.2789492425859892,0.0,-0.8676731513902098
790,-3.368970288835259,1.2849721972112522,2.815721585649842,-5.6115645977848585,-0.16267029329312244,2.0215799198597906,-0.6483612708018203,-0.13313423921748282,0.2800120880238741,-0.45815353266716535,-0.04871127816980868,0.2668206053631102,-0.14140621649057775,0.119653163230518,0.06540346357310217,-0.05018194420661182,0.05474232931358326,-0.024437296658230603,-0.039395877305187774,0.020774748441833205,-0.0005233147109325576,-0.003271465178394906,-0.039395877305187725,-0.024437296658230617,0.054742329313583304,-0.05018194420661183,0.06540346357310219,0.119653163230518,-0.14140621649057775,0.2668206053631102,-0.04871127816980854,-0.4581535326671655,0.2800120880238743,-0.13313423921748285,-0.64836127080182,2.021579919859791,-0.16267029329312221,-5.61156459778486,2.815721585649841,1.2849721972112524,0.0,-0.8012424201870831
791,-3.3023383841762426,1.2909206197170522,2.8481196607571593,-5.6237706690152915,-0.13589024330509883,2.04326748506111,-0.6842370128477757,-0.11685976077389866,0.24848269034151754,-0.4755148931562603,-0.017881669885875667,0.2620569734493675,-0.14122136002942814,0.12648342954654082,0.05220449095269203,-0.04848057969568508,0.05863136184634934,-0.030106707190752598,-0.032543193695658605,0.02137250645294058,-0.0002871495389035141,-0.0016914541333191038,-0.03254319369565857,-0.030106707190752622,0.05863136184634937,-0.04848057969568507,0.05220449095269206,0.12648342954654085,-0.14122136002942817,0.26205697344936746,-0.01788166988587553,-0.4755148931562602,0.24848269034151754,-0.11685976077389869,-0.6842370128477755,2.04326748506111,-0.1358902433050987,-5.6237706690152915,2.848119660757159,1.2909206197170529,0.0,-0.7332848530671539
792,-3.2339611156444423,1.2967941650776067,2.8798569485973244,-5.633041098475728,-0.10898408999989442,2.0619925077473984,-0.7186842381645447,-0.10025322731123612,0.2160311595813703,-0.49064303657006536,0.01305160765412359,0.255455200154553,-0.13985777878535655,0.1320748496930003,0.03841258714652713,-0.04614719668693397,0.0616508648730852,-0.035272145981186755,-0.025079882005798852,0.021523522701795975,-4.4335002845520174e-05,-6.826884760570321e-05,-0.025079882005798845,-0.03527214598118678,0.06165086487308525,-0.046147196686933956,0.03841258714652716,0.1320748496930003,-0.13985777878535655,0.255455200154553,0.013051607654123693,-0.4906430365700653,0.21603115958137026,-0.10025322731123612,-0.7186842381645444,2.061992507747398,-0.10898408999989422,-5.633041098475729,2.879856948597325,1.296794165077607,0.0,-0.6638746880601674
793,-3.16381770509851,1.3025924926102261,2.9109260858576276,-5.639371046946796,-0.08197680172771456,2.077727838425889,-0.7516310295118792,-0.08336182601137253,0.18277792517816607,-0.503466914811717,0.043909218298099954,0.24706159217496243,-0.137326854089102,0.13637265831876946,0.02418439863709138,-0.04321221439632697,0.06375605780380265,-0.03984714607818672,-0.017145980970979954,0.021224640550440637,0.0001995061745028274,0.0015566589953526866,-0.017145980970979975,-0.03984714607818674,0.06375605780380271,-0.04321221439632697,0.024184398637091417,0.13637265831876946,-0.137326854089102,0.24706159217496237,0.043909218298100045,-0.503466914811717,0.18277792517816613,-0.08336182601137257,-0.7516310295118792,2.0777278384258886,-0.08197680172771436,-5.639371046946796,2.9109260858576267,1.3025924926102261,0.0,-0.5930822887585858
794,-3.091887374397106,1.3083152659950732,2.941319864241806,-5.642757210157709,-0.05489344068990917,2.090450662371411,-0.7830086021825382,-0.06623355350329078,0.14884639173342698,-0.5139263015785844,0.07451226457395711,0.23693502463977362,-0.13364971067464645,0.1393347603939093,0.009681527166497115,-0.03971389480649908,0.06491571967907826,-0.04375512418905531,-0.008890359285643256,0.02048210742424306,0.0004387274970349072,0.0031418532335197005,-0.00889035928564329,-0.043755124189055375,0.0649157196790783,-0.03971389480649908,0.009681527166497143,0.1393347603939093,-0.13364971067464648,0.23693502463977356,0.07451226457395706,-0.5139263015785842,0.14884639173342695,-0.06623355350329078,-0.783008602182538,2.090450662371411,-0.054893440689909034,-5.642757210157709,2.941319864241806,1.3083152659950732,0.0,-0.5209707443910869
795,-3.018149345398884,1.3139621532946706,2.9710312321424324,-5.643197820511111,-0.027759139681770923,2.1001425327055583,-0.8127514476076486,-0.04891707948147572,0.11436248105412662,-0.5219720752102083,0.10468332485043645,0.22514652814431704,-0.1288570403585258,0.14093214351084357,-0.004931305713125144,-0.03569784386329399,0.06511265219094481,-0.046930662647088006,-0.0004679222878694952,0.019311444224228976,0.0006677894480825853,0.004646851902158722,-0.0004679222878695512,-0.046930662647088034,0.06511265219094484,-0.035697843863294,-0.004931305713125108,0.14093214351084354,-0.12885704035852583,0.22514652814431702,0.10468332485043651,-0.5219720752102084,0.1143624810541266,-0.04891707948147576,-0.8127514476076484,2.1001425327055587,-0.027759139681770784,-5.643197820511113,2.9710312321424324,1.31396215329467,0.0,-0.4475924933631066
796,-2.942582839962503,1.3195328269731534,3.0000532962769424,-5.640692648005778,-0.0005990787698247556,2.106789397142898,-0.8407974701223087,-0.03146160841180686,0.07945416484986503,-0.5275664493841905,0.1342474819417521,0.21177879052148538,-0.1229888458660842,0.14114916204735253,-0.01948812952359565,-0.031216416932514743,0.0643439347415452,-0.049320604471728216,0.00796329462533169,0.0177371208993082,0.0008813877659586806,0.006033240022465936,0.007963294625331609,-0.04932060447172828,0.06434393474154525,-0.03121641693251474,-0.019488129523595594,0.1411491620473525,-0.12298884586608423,0.21177879052148538,0.13424748194175218,-0.5275664493841907,0.07945416484986496,-0.031461608411806896,-0.8407974701223087,2.106789397142898,-0.0005990787698246177,-5.640692648005778,3.0000532962769415,1.3195328269731534,0.0,-0.3729860560472804
797,-2.8651670799466213,1.3250269639152705,3.0283793232869334,-5.6352430003566685,0.026561538074749518,2.110381618365442,-0.8670881166058932,-0.01391673971790679,0.04425098982273913,-0.5306831505765875,0.16303333719266402,0.19692557684599657,-0.11609410694286307,0.13998369040814176,-0.03382360992977857,-0.026328036267663234,0.06262096775691442,-0.05088494319075628,0.016245091313964632,0.0157920449597944,0.0010745762718291508,0.007265630141040044,0.01624509131396453,-0.05088494319075636,0.06262096775691445,-0.026328036267663234,-0.033823609929778536,0.13998369040814176,-0.11609410694286308,0.19692557684599657,0.1630333371926642,-0.5306831505765875,0.044250989822739166,-0.01391673971790686,-0.8670881166058927,2.110381618365442,0.026561538074749796,-5.635243000356669,3.0283793232869334,1.3250269639152705,0.0,-0.29717296183793973
798,-2.785881287209895,1.3304442454451213,3.0560027413003614,-5.626851722312301,0.05369750636487893,2.110913987995837,-0.8915684987264096,0.0036676731547759392,0.008883596912329409,-0.5313075414533814,0.19087400416481756,0.18069107173976487,-0.10823037153797486,0.13744714384405585,-0.04777492658345319,-0.02109642938652053,0.05996930361352586,-0.05159749252931827,0.02422207130216523,0.013516873623634662,0.001242881405657483,0.008312565591991856,0.02422207130216511,-0.05159749252931834,0.059969303613525884,-0.021096429386520524,-0.04777492658345314,0.13744714384405587,-0.10823037153797489,0.18069107173976484,0.19087400416481765,-0.5313075414533814,0.008883596912329426,0.003667673154775836,-0.8915684987264093,2.110913987995838,0.053697506364879063,-5.626851722312302,3.0560027413003614,1.3304442454451209,0.0,-0.22015495276216668
799,-2.7047046836109825,1.335784357344643,3.08291714145627,-5.615523194169771,0.08078364448683542,2.108385734149016,-0.9141875075336847,0.021241664396682448,-0.02651676352008892,-0.5294366896135314,0.21760807616343447,0.16318914859163455,-0.09946327547171023,0.13356436664502366,-0.06118362241367901,-0.015589798285493887,0.05642826768503883,-0.051446324755523624,0.03174455757843353,0.010959163973306851,0.001382405817975386,0.009147323425995672,0.03174455757843339,-0.05144632475552371,0.05642826768503885,-0.015589798285493887,-0.061183622413678924,0.1335643666450236,-0.09946327547171026,0.16318914859163455,0.21760807616343464,-0.5294366896135314,-0.026516763520088867,0.021241664396682413,-0.9141875075336845,2.108385734149016,0.08078364448683549,-5.6155231941697705,3.0829171414562686,1.3357843573446428,0.0,-0.1419115413156653
800,-2.621616491008541,1.3410469898718376,3.1091162793916927,-5.601263329488213,0.10779481706824967,2.1028005225513504,-0.9348979201621446,0.038755297811140135,-0.06181871876893408,-0.5250793813607563,0.2430805619951081,0.1445425708173755,-0.08986599459654225,0.12837338880183152,-0.07389740335967784,-0.009879930322292129,0.05205037512929328,-0.05043397034491803,0.03867140107801737,0.008172378887347561,0.0014899186186620886,0.00974859651157836,0.03867140107801722,-0.05043397034491811,0.052050375129293266,-0.009879930322292126,-0.07389740335967777,0.1283733888018315,-0.0898659945965423,0.14454257081737545,0.24308056199510822,-0.5250793813607564,-0.06181871876893387,0.038755297811140066,-0.9348979201621442,2.102800522551351,0.10779481706824974,-5.601263329488214,3.1091162793916913,1.3410469898718378,0.0,-0.06239799375757693
801,-2.5365959312612256,1.346231837778732,3.134594076690405,-5.584079572001887,0.13470595830321413,2.094166451225708,-0.9536564984204128,0.05615880870721488,-0.09689126131573096,-0.5182560804393729,0.26714378453162935,0.12488213076252634,-0.07951863402414713,0.12192505352011025,-0.08577186810512291,-0.004041262357933191,0.04690055206486419,-0.048577375621544495,0.04487262915015426,0.0052147695251638865,0.0015629301928908788,0.010101037398061539,0.04487262915015412,-0.04857737562154458,0.04690055206486418,-0.004041262357933191,-0.08577186810512287,0.12192505352011024,-0.07951863402414718,0.12488213076252631,0.26714378453162946,-0.5182560804393729,-0.09689126131573095,0.05615880870721479,-0.9536564984204126,2.0941664512257083,0.1347059583032139,-5.584079572001887,3.1345940766904046,1.3462318377787315,0.0,0.01845619801292986
802,-2.449622226227696,1.3513386003290893,3.159344622293163,-5.563980891734502,0.16149209521282776,2.082496038750084,-0.9704240790619029,0.07340274530523183,-0.1316042350052957,-0.5089988319279828,0.28965823687040826,0.10434573228806525,-0.06850755951634706,0.1142825192348617,-0.0966721481677586,0.0018500896415756505,0.04105517268747794,-0.04590761908466107,0.050231884315341944,0.0021481577241441612,0.0015997498517711258,0.010195650058095834,0.0502318843153418,-0.04590761908466114,0.04105517268747795,0.0018500896415756462,-0.09667214816775856,0.11428251923486167,-0.06850755951634716,0.10434573228806522,0.2896582368704084,-0.5089988319279829,-0.13160423500529592,0.07340274530523182,-0.9704240790619025,2.082496038750085,0.1614920952128277,-5.563980891734501,3.1593446222931623,1.351338600329089,0.0,0.10074830249336464
803,-2.360674597766609,1.3563669813158505,3.1833621738691176,-5.540977780316811,0.18812837081960232,2.0678062061068667,-0.9851656555479379,0.09043810925316538,-0.16582881806246308,-0.49735111174236385,0.3104933911278858,0.08307742347390855,-0.056924676620619064,0.10552064100306037,-0.10647443971644598,0.007717322893259091,0.03460092660628771,-0.04246939116966867,0.054648607552725735,-0.0009633562398199286,0.0015995249827015644,0.010030019510588219,0.05464860755272557,-0.04246939116966876,0.034600926606287705,0.007717322893259096,-0.10647443971644595,0.10552064100306036,-0.056924676620619154,0.08307742347390856,0.31049339112788593,-0.49735111174236385,-0.16582881806246308,0.09043810925316531,-0.9851656555479379,2.0678062061068667,0.18812837081960232,-5.540977780316814,3.183362173869117,1.3563669813158503,0.0,0.1846027499443066
804,-2.2697322677366216,1.3613166890783133,3.2066411591480826,-5.5150822455099275,0.21459006721421853,2.050118252149026,-0.9978504511326987,0.1072164948546212,-0.199438001156856,-0.4833676224543616,0.32952845517694657,0.06122638622512883,-0.044866663566970506,0.09572523733330103,-0.11506740971747449,0.013483949038904618,0.027633533197921323,-0.038320246151800255,0.058039925151230506,-0.0040547335171861555,0.00156226079285163,0.009608373462914363,0.05803992515123034,-0.03832024615180034,0.027633533197921313,0.013483949038904623,-0.11506740971747445,0.09572523733330104,-0.0448666635669706,0.0612263862251288,0.3295284551769466,-0.48336762245436155,-0.19943800115685606,0.10721649485462112,-0.9978504511326982,2.050118252149026,0.2145900672142184,-5.515082245509929,3.2066411591480826,1.361316689078314,0.0,0.2701709184937888
805,-2.176774457996391,1.3661874365190527,3.2291761772133505,-5.4863078049371845,0.24085262849323202,2.029457822718815,-1.0084519831174137,0.12369022661279773,-0.23230705874157104,-0.46711403638570503,0.34665307294113124,0.03894588986807762,-0.03243416432892041,0.08499224963355415,-0.12235346043932938,0.01907479128778567,0.020256322045010197,-0.033529638715342,0.060342203720282095,-0.007061356168279679,0.0014888201885818978,0.00894147439900307,0.060342203720281956,-0.03352963871534208,0.020256322045010204,0.019074791287785674,-0.12235346043932935,0.08499224963355413,-0.03243416432892049,0.03894588986807762,0.34665307294113124,-0.4671140363857052,-0.23230705874157104,0.12369022661279772,-1.0084519831174132,2.0294578227188156,0.24085262849323202,-5.4863078049371845,3.22917617721335,1.3661874365190523,0.0,0.3576302871945509
806,-2.0817803904045737,1.3709789411205697,3.250961999754746,-5.454669479027869,0.2668916835464411,2.0058548734637527,-1.0169481181396505,0.1398124946995984,-0.26431401191661713,-0.44866668718328023,0.3617679641856877,0.01639221607618512,-0.019730948583821406,0.07342680250984486,-0.12824983795384973,0.024416964461096813,0.012578700511935239,-0.02817776131575286,0.06151224418248963,-0.009920377848684417,0.0013809037935958233,0.008046344867736463,0.061512244182489455,-0.028177761315752926,0.012578700511935216,0.024416964461096813,-0.12824983795384967,0.07342680250984485,-0.01973094858382151,0.0163922160761851,0.3617679641856877,-0.44866668718328034,-0.26431401191661713,0.1398124946995984,-1.01694811813965,2.0058548734637522,0.26689168354644116,-5.45466947902787,3.250961999754746,1.3709789411205697,0.0,0.4471829515956596
807,-1.984729286819828,1.3756909249616818,3.271993572281637,-5.420183783176463,0.2926830686727693,1.9793436264037931,-1.023321118382272,0.15553748796496,-0.29534008109939486,-0.4281122113243573,0.37478550009625766,-0.006276437333690823,-0.006863045584036119,0.06114217411979318,-0.1326895720435783,0.029440825161723014,0.004714531184331674,-0.022354201796679168,0.06152809234466512,-0.012572037463620357,0.001241010568531458,0.006945832983658978,0.061528092344664984,-0.022354201796679234,0.004714531184331648,0.029440825161723007,-0.13268957204357826,0.06114217411979315,-0.006863045584036205,-0.0062764373336908754,0.37478550009625766,-0.4281122113243571,-0.29534008109939475,0.15553748796496003,-1.0233211183822717,1.979343626403793,0.29268306867276955,-5.420183783176464,3.271993572281637,1.3756909249616813,0.0,0.5390535109908494
808,-1.8856003691008123,1.38032311473364,3.2922660152956222,-5.3828687191215066,0.3182028500036763,1.9499625203126736,-1.0275576786055858,0.17082052410845555,-0.32527012682233,-0.40554714123541197,0.38563021130827535,-0.02890106604528493,0.0060621408317603044,0.048258686665920786,-0.1356222368399698,0.03408087968242685,-0.003219556764343985,-0.01615644373270732,0.060389450837935225,-0.014960908332465021,0.0010723799439036085,0.005668029230557166,0.06038945083793509,-0.016156443732707387,-0.0032195567643440045,0.034080879682426846,-0.13562223683996977,0.04825868666592074,0.006062140831760252,-0.028901066045284966,0.38563021130827535,-0.40554714123541213,-0.32527012682233,0.1708205241084556,-1.0275576786055856,1.9499625203126736,0.31820285000367654,-5.3828687191215066,3.292266015295622,1.3803231147336399,0.0,0.6334863500684869
809,-1.7843728591061812,1.3848752417559853,3.3117746254226135,-5.342743765548591,0.34342734571329103,1.9177541549853643,-1.0296489539253793,0.18561817664328928,-0.35399307702183985,-0.3810774519354253,0.3942392254417683,-0.051322974543958684,0.01893672870046393,0.03490252789582484,-0.13701452355323593,0.03827663781648215,-0.011105897235990665,-0.009688234601392676,0.05811768469745722,-0.017037056752585548,0.0008789168063920919,0.004245549453955486,0.0581176846974571,-0.00968823460139271,-0.011105897235990697,0.03827663781648214,-0.13701452355323587,0.03490252789582476,0.018936728700463843,-0.05132297454395873,0.39423922544176826,-0.3810774519354252,-0.3539930770218397,0.18561817664328928,-1.0296489539253788,1.9177541549853638,0.3434273457132914,-5.342743765548591,3.311774625422613,1.3848752417559849,0.0,0.7307423509212143
810,-1.6810259786945947,1.389347041992128,3.330514876504051,-5.299829867922365,0.36833314799465233,1.8827652294724402,-1.029590578278835,0.19988839829191907,-0.38140233923293465,-0.3548180633328123,0.40056263160494754,-0.07338488925171288,0.03165325838716131,0.021204515152075193,-0.13685061878884403,0.04197340144002639,-0.018827532249098965,-0.0030578491005772285,0.05475542047704428,-0.018757085745441125,0.0006651010755273694,0.002714702344091141,0.054755420477044195,-0.0030578491005772757,-0.018827532249099006,0.041973401440026384,-0.13685061878884403,0.021204515152075193,0.03165325838716118,-0.0733848892517129,0.4005626316049475,-0.3548180633328123,-0.38140233923293454,0.19988839829191898,-1.0295905782788348,1.8827652294724397,0.36833314799465244,-5.299829867922367,3.330514876504051,1.3893470419921279,0.0,0.831095083992706
811,-1.5755389497247076,1.393738256064668,3.3484824206470214,-5.254149427552873,0.39289714478166643,1.8450464743709196,-1.0273826735397866,0.21359064046267903,-0.4073961961597824,-0.3268923005134076,0.4045637697533696,-0.0949320616883365,0.044105589512724495,0.007298814077389502,-0.13513238415380407,0.04512297758575536,-0.026269946478299347,0.003623723317774402,0.050365746420759826,-0.020085042167909097,0.0004358839646565525,0.0011145626593029613,0.050365746420759756,0.0036237233177743634,-0.026269946478299378,0.045122977585755376,-0.13513238415380405,0.007298814077389493,0.04410558951272441,-0.09493206168833651,0.4045637697533696,-0.3268923005134077,-0.4073961961597824,0.21359064046267892,-1.0273826735397866,1.8450464743709196,0.3928971447816665,-5.254149427552873,3.3484824206470205,1.3937382560646674,0.0,0.9348265382729244
812,-1.4678909940551792,1.3980486292704344,3.365673089232994,-5.205726289901942,0.4170965411966238,1.804652578269752,-1.0230298492642755,0.22668596846791192,-0.4318781831542474,-0.2974313145542151,0.40621944322710724,-0.11581335392080863,0.05618978687004472,-0.00667837547522997,-0.13187933511280045,0.04768430671195357,-0.03332276556821956,0.01024463635741245,0.04503102869915657,-0.02099316822781503,0.00019657332841755608,-0.0005140261542617719,0.04503102869915651,0.010244636357412433,-0.033322765568219594,0.04768430671195357,-0.13187933511280042,-0.006678375475229988,0.05618978687004461,-0.11581335392080866,0.40621944322710735,-0.29743131455421506,-0.4318781831542472,0.22668596846791184,-1.0230298492642753,1.8046525782697518,0.4170965411966239,-5.205726289901943,3.365673089232994,1.3980486292704342,0.0,1.0422224616496445
813,-1.3580613335446658,1.4022779115952628,3.3820828938849803,-5.154585732135712,0.4409088807033708,1.761642108456589,-1.0165411930669441,0.23913717215622093,-0.45475744620156244,-0.2665734665830266,0.4055200532337437,-0.1358822986873063,0.06780498793447395,-0.02059015345649932,-0.1271284193343192,0.04962399797641293,-0.03988139303489168,0.01669405913079888,0.038851365921851976,-0.02146248169500999,-4.7289248333070125e-05,-0.002129494488564931,0.038851365921851955,0.01669405913079887,-0.03988139303489172,0.04962399797641293,-0.12712841933431918,-0.02059015345649932,0.06780498793447386,-0.13588229868730634,0.4055200532337438,-0.2665734665830266,-0.45475744620156244,0.23913717215622082,-1.0165411930669437,1.7616421084565892,0.4409088807033708,-5.154585732135712,3.3820828938849803,1.4022779115952626,0.0,1.1535673915549793
814,-1.2460291900518232,1.406425857728495,3.3977080273928704,-5.1007544499297985,0.464312065946508,1.716077426000818,-1.0079302516483553,0.25090887164448017,-0.47594907908462913,-0.23446367797662257,0.40246965449751715,-0.1549981267598094,0.07885424472767227,-0.03430026049295199,-0.12093359704428243,0.05091676453712575,-0.04584856147872373,0.022864031414652874,0.03194271092537726,-0.021483172680052853,-0.00029005677395450857,-0.003690607634823273,0.03194271092537725,0.022864031414652874,-0.045848561478723765,0.05091676453712575,-0.12093359704428244,-0.03430026049295196,0.0788542447276722,-0.15499812675980942,0.40246965449751726,-0.2344636779766226,-0.47594907908462897,0.2509088716444801,-1.0079302516483553,1.7160774260008178,0.4643120659465081,-5.100754449929797,3.3977080273928686,1.4064258577284943,0.0,1.2691394637118558
815,-1.1317737854353123,1.4104922270772082,3.412544864596732,-5.044260543533993,0.48728437925727563,1.6680245953359725,-0.9972150025128539,0.2619676178491707,-0.4953744384757087,-0.20125274974929722,0.3970859317519962,-0.17302675433909284,0.0892453330081206,-0.04767441248391716,-0.11336522815347441,0.05154575320494151,-0.051135775103848605,0.02865127085196256,0.0244346950783564,-0.021054808686776567,-0.000526107614303001,-0.005157518296375657,0.02443469507835641,0.028651270851962583,-0.05113577510384864,0.05154575320494151,-0.11336522815347445,-0.047674412483917177,0.08924533300812046,-0.1730267543390929,0.3970859317519962,-0.20125274974929722,-0.49537443847570845,0.26196761784917055,-0.9972150025128537,1.6680245953359722,0.48728437925727563,-5.044260543533994,3.4125448645967316,1.4104922270772082,0.0,1.3892050927216442
816,-1.0152743415537877,1.4144767837801695,3.426589963227885,-4.985133503103771,0.5098045028070991,1.6175532884726216,-0.9844178164360041,0.2722819875313806,-0.5129614357861845,-0.16709665432814128,0.3894000972125642,-0.18984172355623907,0.09889152203427143,-0.06058161585162298,-0.10450927311967895,0.05150276415066101,-0.0556646221506388,0.03395890184877403,0.01646819592792361,-0.020186343652598967,-0.0007499756698235548,-0.006492783687959297,0.016468195927923635,0.03395890184877405,-0.05566462215063883,0.05150276415066099,-0.10450927311967892,-0.06058161585162299,0.09889152203427135,-0.1898417235562391,0.3894000972125642,-0.1670966543281412,-0.5129614357861844,0.2722819875313805,-0.9844178164360038,1.617553288472622,0.5098045028070988,-4.985133503103771,3.4265899632278862,1.4144767837801693,0.0,1.5140136223117575
817,-0.8965100802659096,1.418379296721518,3.4398400647075333,-4.923404193306242,0.531851538390088,1.5647366839806116,-0.9695654107599755,0.28182267258540317,-0.5286448046913204,-0.13215580304120678,0.3794567096231214,-0.2053250894837284,0.10771229847539703,-0.0728954505621631,-0.09446631662102133,0.050788357802350075,-0.05936793777742128,0.03869807722486013,0.00819269382713449,-0.01889593078761157,-0.0009564769510126739,-0.007662321260011839,0.008192693827134554,0.038698077224860156,-0.05936793777742133,0.05078835780235009,-0.09446631662102135,-0.07289545056216312,0.1077122984753969,-0.20532508948372843,0.37945670962312134,-0.13215580304120686,-0.5286448046913204,0.28182267258540317,-0.9695654107599749,1.5647366839806118,0.5318515383900879,-4.92340419330624,3.4398400647075325,1.4183792967215176,0.0,1.643792045191242
818,-0.7754602234303292,1.4221995395441687,3.452292094902775,-4.859104837208623,0.5534050268161393,1.5096513608871387,-0.9526887936143754,0.29056256331722025,-0.5423663433372222,-0.09659429275873337,0.3673134159260815,-0.2193682474343627,0.11563403842790655,-0.08449530835073572,-0.08335042512949598,0.049411847539302674,-0.06219080014533333,0.04278946547261982,-0.00023653285739352683,-0.017210543124603333,-0.001140829621213701,-0.008636278653207749,-0.0002365328573934407,0.04278946547261989,-0.062190800145333375,0.04941184753930268,-0.08335042512949599,-0.08449530835073578,0.11563403842790647,-0.21936824743436273,0.3673134159260816,-0.09659429275873331,-0.5423663433372221,0.29056256331722013,-0.9526887936143755,1.5096513608871387,0.5534050268161393,-4.859104837208623,3.4522920949027744,1.4221995395441691,0.0,1.7787398925951303
819,-0.65210399290571,1.4259372906629428,3.463943164839839,-4.7922689994576,0.5744449668966377,1.4523771876444798,-0.9338231991789874,0.2984768254762354,-0.5540751303311514,-0.06057913522552391,0.35304061705333767,-0.23187269474511324,0.12259062192804993,-0.09526757402331609,-0.07128785136019518,0.04739117827789876,-0.0640913449339316,0.046164578728212134,-0.008661321329556888,-0.015165409711524613,-0.001298764726979744,-0.009389795677704274,-0.00866132132955679,0.046164578728212176,-0.06409134493393165,0.04739117827789875,-0.07128785136019525,-0.09526757402331609,0.12259062192804983,-0.23187269474511318,0.3530406170533376,-0.060579135225523814,-0.5540751303311514,0.29847682547623533,-0.9338231991789872,1.4523771876444795,0.5744449668966375,-4.7922689994576,3.4639431648398387,1.4259372906629428,0.0,1.9190243917283052
820,-0.5264206105507077,1.429592333277419,3.4747905713743426,-4.722931568758382,0.5949518340051421,1.3929972063283707,-0.9130080141235624,0.30554297082137394,-0.5637277137136452,-0.024279472703850304,0.3367210597757765,-0.24275072170252807,0.1285239848318876,-0.10510673826446389,-0.05841560031092214,0.04475269253217604,-0.06504138620792185,0.04876691922532909,-0.016923592070176893,-0.012803279231456206,-0.0014266250518820411,-0.009903638867633624,-0.016923592070176803,0.048766919225329164,-0.0650413862079219,0.044752692532176064,-0.0584156003109222,-0.10510673826446391,0.12852398483188754,-0.24275072170252807,0.3367210597757765,-0.02427947270385027,-0.5637277137136452,0.30554297082137394,-0.913008014123562,1.3929972063283702,0.594951834005142,-4.722931568758382,3.474790571374342,1.4295923332774187,0.0,2.0647759854817567
821,-0.39838929822397695,1.4331644553845106,3.4848317978184444,-4.651128739662589,0.614906598195834,1.3315975122349377,-0.8902866953782501,0.3117409210210371,-0.5712882722111539,0.012134216389444032,0.3184493569776025,-0.25192602676335263,0.13338460345617956,-0.11391643105183269,-0.044879873178905134,0.041530786998874,-0.06502683442727519,0.0505529250405253,-0.024868314980834298,-0.01017352644236853,-0.0015214498046604648,-0.010164692413885163,-0.024868314980834184,0.05055292504052538,-0.06502683442727523,0.04153078699887398,-0.04487987317890517,-0.11391643105183274,0.1333846034561795,-0.25192602676335263,0.31844935697760235,0.01213421638944393,-0.5712882722111537,0.311740921021037,-0.8902866953782499,1.3315975122349368,0.614906598195834,-4.651128739662589,3.4848317978184435,1.4331644553845106,0.0,2.2160843030654767
822,-0.2679892777841779,1.4366534497907604,3.494064514524737,-4.576897993674486,0.6342907418629106,1.2682671290507475,-0.8657066794063336,0.3170530647053385,-0.5767287481707779,0.0484909181209835,0.2983314391366871,-0.25933425175503266,0.13713190793506708,-0.12161036555556827,-0.03083440682838663,0.03776746414388862,-0.06404790540145328,0.051492699298783445,-0.032346418309535024,-0.007331120114437002,-0.0015810431806392118,-0.010166292944155058,-0.032346418309534906,0.051492699298783515,-0.06404790540145333,0.03776746414388862,-0.030834406828386667,-0.12161036555556833,0.137131907935067,-0.25933425175503266,0.29833143913668697,0.048490918120983606,-0.5767287481707777,0.3170530647053385,-0.8657066794063333,1.2682671290507466,0.6342907418629107,-4.576897993674486,3.494064514524737,1.43665344979076,0.0,2.372994662697429
823,-0.13519977108996528,1.4400591141243593,3.5024865794267477,-4.500278079685401,0.6530862769245372,1.203097879776972,-0.8393192831686904,0.3214643075085125,-0.5800289516837778,0.08461988619390819,0.2764839401909949,-0.26492343330205403,0.139734620842405,-0.1281131832775418,-0.0164387276691776,0.03351178463589524,-0.062119117088856854,0.0515705106327673,-0.039217585776235325,-0.004335474037746191,-0.0016040252087686688,-0.009908399605027506,-0.0392175857762352,0.05157051063276737,-0.06211911708885688,0.03351178463589523,-0.016438727669177648,-0.1281131832775418,0.13973462084240498,-0.264923433302054,0.2764839401909948,0.0846198861939083,-0.5800289516837777,0.3214643075085125,-0.8393192831686899,1.2030978797769716,0.653086276924537,-4.5002780796854,3.502486579426746,1.4400591141243586,0.0,2.5355051783591858
824,0.0,1.4433812508468848,3.5100960385359095,-4.421308993746595,0.6712757615154118,1.1361842535948172,-0.8111795969867407,0.32496211495929644,-0.5811766355114486,0.12035144384399007,0.25303352135153456,-0.2686543673116857,0.14117101825338452,-0.13336119215267297,-0.0018563397783765109,0.02881922776550354,-0.05926907428896306,0.05078505651831523,-0.045352889414028846,-0.001249205117352638,-0.0015898637068564494,-0.009397595104755132,-0.0453528894140287,0.05078505651831531,-0.05926907428896308,0.02881922776550355,-0.0018563397783765367,-0.133361192152673,0.1411710182533845,-0.2686543673116857,0.2530335213515344,0.12035144384399,-0.5811766355114482,0.32496211495929633,-0.8111795969867402,1.1361842535948168,0.6712757615154119,-4.421308993746594,3.5100960385359086,1.4433812508468846,0.0,2.7035645320601085
