,raw_series,harmonic_1,harmonic_2,harmonic_3,harmonic_4,harmonic_5,harmonic_6,harmonic_7,harmonic_8,harmonic_9,harmonic_10,harmonic_11,harmonic_12,harmonic_13,harmonic_14,harmonic_15,harmonic_16,harmonic_17,harmonic_18,harmonic_19,harmonic_20,harmonic_21,harmonic_807,harmonic_808,harmonic_809,harmonic_810,harmonic_811,harmonic_812,harmonic_813,harmonic_814,harmonic_815,harmonic_816,harmonic_817,harmonic_818,harmonic_819,harmonic_820,harmonic_821,harmonic_822,harmonic_823,harmonic_824,harmonic_825,all_20_harmonics
0,0.0,1.2195879670096215,3.637423117106275,-4.087966361072238,-0.06604364117415372,1.0063761166453615,-1.3486850401461614,0.9658810909796269,-0.9016404597756913,0.16547188868096427,0.022496569220670982,-0.2547995461251999,0.14284382144285815,-0.14562740180891587,0.0009327121742913498,-0.011024817352743898,-0.08170724852642812,0.02637533933180632,-0.04989102947444034,-0.010874068142221312,-0.010343789247184113,-0.013355948170105953,-0.04989102947444028,0.026375339331806247,-0.08170724852642816,-0.011024817352743892,0.0009327121742913197,-0.1456274018089158,0.14284382144285818,-0.2547995461251997,0.0224965692206709,0.16547188868096424,-0.9016404597756913,0.965881090979627,-1.3486850401461616,1.006376116645362,-0.06604364117415364,-4.087966361072238,3.637423117106274,1.2195879670096215,0.0,0.4454323487114964
1,0.2596989170027513,1.218648077854412,3.6300951702283784,-4.014761775544736,-0.06258559656080759,0.9316897209034326,-1.2974867678753343,0.9660283715474209,-0.9169697477042993,0.20190615244644192,-0.005200534525266206,-0.24687990031032905,0.14146597045981818,-0.14975078448564927,0.013719973941875126,-0.01820691538181997,-0.07653759397384592,0.02619533565113045,-0.0544655472307407,-0.007247445414498301,-0.010588935617536646,-0.012176136570806064,-0.05446554723074066,0.02619533565113037,-0.07653759397384596,-0.018206915381819965,0.013719973941875095,-0.1497507844856492,0.1414659704598182,-0.24687990031032891,-0.00520053452526628,0.20190615244644192,-0.9169697477042994,0.966028371547421,-1.2974867678753348,0.9316897209034328,-0.0625855965608075,-4.014761775544735,3.630095170228377,1.2186480778544118,0.0,0.5437947012773208
2,0.5150114274774609,1.2176375035712905,3.6219250113113985,-3.939461460468762,-0.05906947381659555,0.8556524641366133,-1.2435796658876026,0.9634306989575154,-0.9288961099219488,0.23739218036539,-0.03286748809234303,-0.23722856937774495,0.1389073530170419,-0.15240742810878283,0.026351406196146475,-0.025151658425005535,-0.07023285242711842,0.025576834699430194,-0.0580180942222572,-0.003469331959965722,-0.010588879826433577,-0.010685529993393054,-0.05801809422225717,0.025576834699430093,-0.07023285242711848,-0.025151658425005528,0.026351406196146458,-0.1524074281087828,0.13890735301704193,-0.23722856937774478,-0.03286748809234313,0.23739218036538987,-0.9288961099219487,0.9634306989575157,-1.243579665887603,0.8556524641366133,-0.05906947381659547,-3.9394614604687614,3.6219250113113977,1.2176375035712905,0.0,0.6551775612335387
3,0.765974921509688,1.2165563027765012,3.612914535899634,-3.862104723057082,-0.05549853583023488,0.7783745930979818,-1.1870762788064888,0.9580954544523131,-0.9373752870354265,0.2717633151897952,-0.06034389189191798,-0.22591325047946784,0.1351893249900795,-0.15357131209373717,0.03868354292551084,-0.03176851113611699,-0.0628865260432848,0.024530189884008995,-0.06048201181154936,0.00038129968409436697,-0.010343623165798814,-0.008922176059615284,-0.06048201181154933,0.02453018988400889,-0.06288652604328485,-0.031768511136116985,0.0386835429255108,-0.1535713120937371,0.13518932499007955,-0.2259132504794677,-0.0603438918919181,0.2717633151897951,-0.9373752870354265,0.9580954544523133,-1.1870762788064888,0.7783745930979824,-0.0554985358302348,-3.8621047230570817,3.6129145358996335,1.2165563027765007,0.0,0.7792893625197175
4,1.0126267891849672,1.21540453818283,3.6030658344977455,-3.782731943987165,-0.05187609635784648,0.6999681533127067,-1.1280945716531556,0.9500377980381689,-0.9423758123470796,0.304858135676513,-0.08747045105055601,-0.2130133124475238,0.13034291944487836,-0.1532310367400001,0.05057631747439143,-0.03797121272089297,-0.05460756415168876,0.023072921533730223,-0.06181106798827079,0.004223961158946952,-0.009858844909307364,-0.006931084247156184,-0.06181106798827078,0.023072921533730115,-0.05460756415168881,-0.03797121272089296,0.050576317474391376,-0.15323103674000002,0.13034291944487839,-0.21301331244752364,-0.08747045105055613,0.30485813567651293,-0.9423758123470797,0.9500377980381689,-1.1280945716531559,0.699968153312707,-0.051876096357846395,-3.782731943987164,3.603065834497744,1.2154045381828298,0.0,0.915721129436053
5,1.255004420588893,1.2141822765959682,3.5923811920857402,-3.7013845563222243,-0.04820551694785829,0.6205468266227466,-1.0667576835647774,0.9392806254084899,-0.943879128629482,0.33652121468902624,-0.11408989892450629,-0.19861923907861423,0.12440858761574916,-0.15138993488587374,0.06189465340038844,-0.04367890147836638,-0.04551874748634954,0.02122942361717125,-0.06198032484898667,0.007978330703417533,-0.009145770800566687,-0.004763077026072319,-0.061980324848986676,0.021229423617171127,-0.045518747486349584,-0.04367890147836637,0.0618946534003884,-0.15138993488587368,0.12440858761574922,-0.19861923907861406,-0.1140898989245064,0.33652121468902607,-0.943879128629482,0.93928062540849,-1.0667576835647778,0.6205468266227467,-0.0482055169478582,-3.701384556322223,3.592381192085739,1.214182276595968,0.0,1.0639512186132603
6,1.493145205806993,1.2128895889106384,3.5808630875888388,-3.6181050238829178,-0.04449020382155831,0.5402257663590477,-1.0031936707106424,0.9258545028860132,-0.9418796569923358,0.3666038491483679,-0.14004790885548693,-0.18283199445529452,0.1174358612732089,-0.1480660392648785,0.0725099986533065,-0.04881716895679863,-0.03575486729237113,0.019030555399367495,-0.060986606522486934,0.011565932090577127,-0.008220913104742667,-0.0024734926190345305,-0.06098660652248695,0.01903055539936738,-0.03575486729237117,-0.048817168956798614,0.07250999865330648,-0.14806603926487844,0.11743586127320897,-0.1828319944552943,-0.140047908855487,0.3666038491483679,-0.9418796569923358,0.9258545028860132,-1.0031936707106426,0.5402257663590477,-0.04449020382155828,-3.6181050238829178,3.5808630875888388,1.2128895889106384,0.0,1.223351665294836
7,1.727086534924819,1.2115265501064802,3.568514193302345,-3.5329368190809802,-0.04073360471219213,0.4591214303802231,-0.937535238942716,0.90979758056912,-0.9363848175860429,0.39496475840505435,-0.16519398888185902,-0.16576231475547779,0.10948293929979758,-0.14329190588354318,0.08230178565106325,-0.05331902998164095,-0.025460726311062137,0.0165131248726154,-0.058848558760622935,0.014911774987893317,-0.007105688243111807,-0.00012077249732030497,-0.05884855876062297,0.01651312487261529,-0.02546072631106218,-0.05331902998164096,0.08230178565106323,-0.14329190588354312,0.10948293929979762,-0.16576231475547756,-0.1651939888818591,0.39496475840505446,-0.9363848175860431,0.9097975805691201,-0.9375352389427163,0.4591214303802235,-0.04073360471219208,-3.532936819080979,3.5685141933023448,1.2115265501064802,0.0,1.3931960296285861
8,1.9568657980279553,1.2100932392437034,3.555337374271651,-3.44592440022636,-0.036939205665538204,0.377351412219791,-0.8699194667388231,0.8911554839289817,-0.927415002065116,0.4214707477521808,-0.18938235421808788,-0.14752993151771013,0.1006162019245736,-0.13711429515051302,0.09115880066914403,-0.05712579590972544,-0.01478899129005737,0.013719272608453188,-0.05560629907652789,0.01794592245299312,-0.005825920864766127,0.00223503033338319,-0.05560629907652795,0.013719272608453063,-0.0147889912900574,-0.05712579590972545,0.091158800669144,-0.13711429515051296,0.10061620192457366,-0.14752993151770985,-0.1893823542180879,0.4214707477521808,-0.9274150020651158,0.8911554839289818,-0.8699194667388237,0.37735141221979107,-0.036939205665538155,-3.4459244002263585,3.5553373742716503,1.2100932392437034,0.0,1.5726686134416503
9,2.1825203852019364,1.2085897394585006,3.5413356876275204,-3.3571131883197216,-0.03311052780493003,0.29503427058679255,-0.8004875190168748,0.8699811841655607,-0.9150034979136129,0.4459973339635448,-0.21247277244427806,-0.12826273181045522,0.09090965667080167,-0.1295937138801676,0.09898044699027261,-0.06018783972548133,-0.0038979288666834188,0.010695766344839864,-0.0513206639948941,0.020604952800241497,-0.004411245839409721,0.004533784181471662,-0.051320663994894156,0.01069576634483975,-0.003897928866683458,-0.06018783972548132,0.0989804469902726,-0.12959371388016758,0.09090965667080171,-0.12826273181045506,-0.21247277244427812,0.4459973339635447,-0.915003497913613,0.8699811841655609,-0.800487519016875,0.29503427058679266,-0.03311052780492998,-3.3571131883197225,3.5413356876275204,1.2085897394585008,0.0,1.7608748952037712
10,2.4040876865323284,1.2070161379582263,3.526512381876814,-3.266549543342416,-0.029251124063726864,0.21228935746699873,-0.7293843524176229,0.846334847690848,-0.8991963649134346,0.46842932991900726,-0.2343313765057841,-0.1080958611961957,0.08044432064131084,-0.12080382265660929,0.10567788746762295,-0.062465243004977765,0.0070509415975624195,0.007493218116802454,-0.04607206753861583,0.022833285281267802,-0.002894422018971027,0.006716813526368497,-0.046072067538615896,0.007493218116802344,0.007050941597562398,-0.062465243004977765,0.10567788746762292,-0.12080382265660924,0.08044432064131088,-0.10809586119619553,-0.23433137650578412,0.46842932991900726,-0.8991963649134347,0.8463348476908481,-0.7293843524176234,0.21228935746699915,-0.029251124063726812,-3.2665495433424154,3.5265123818768127,1.2070161379582265,0.0,1.9568530109802849
11,2.6216050921046836,1.2053725260163377,3.510870896148801,-3.1742807400562825,-0.025364575888265604,0.12923664507394153,-0.6567584126712432,0.8202836651670293,-0.8800522642139129,0.48866138557144784,-0.25483144080951725,-0.087170775782414,0.06930754429736986,-0.11083071436261496,0.111175053524502,-0.06392831631362705,0.017895243421897716,0.004165237035406412,-0.03995899237071931,0.02458434186922014,-0.001310573658875957,0.008728396706812582,-0.039958992370719384,0.0041652370354063025,0.017895243421897692,-0.06392831631362704,0.11117505352450201,-0.11083071436261498,0.0693075442973699,-0.08717077578241376,-0.2548314408095173,0.4886613855714478,-0.8800522642139129,0.8202836651670293,-0.6567584126712438,0.12923664507394148,-0.025364575888265562,-3.1742807400562825,3.5108708961488007,1.2053725260163377,0.0,2.1595860924934285
12,2.835109992004565,1.2036589989671012,3.4944148593972644,-3.080354943325955,-0.021454489914353173,0.045996551900672755,-0.5827613246795643,0.7919016605853628,-0.8576422406370244,0.5065984827147041,-0.27385411591752007,-0.0656342500086346,0.0575922823752575,-0.0997720709400245,0.1154095091304282,-0.06455798625336871,0.028474150725571686,0.0007675318971202429,-0.033096141903217455,0.025821520862392294,0.0003036229350275178,0.01051718821210737,-0.03309614190321754,0.0007675318971201485,0.028474150725571683,-0.06455798625336871,0.11540950913042819,-0.09977207094002445,0.057592282375257556,-0.06563425000863436,-0.27385411591752007,0.5065984827147039,-0.8576422406370245,0.7919016605853626,-0.5827613246795643,0.04599655190067296,-0.021454489914353118,-3.0803549433259545,3.494414859397264,1.2036589989671012,0.0,2.3680152602371676
13,3.0446397763175383,1.201875656200062,3.477148089558544,-2.9848211829765083,-0.017524494620383427,-0.037310231875538086,-0.5075475759609787,0.7612694809282691,-0.8320494590261066,0.5221563812288595,-0.2912891175784098,-0.04363734712918823,0.04539631802593009,-0.08773620664070271,0.11833315994068849,-0.06434604411358215,0.03863077354811899,-0.0026430213545397606,-0.025612288046014304,0.02651896195633902,0.0019107886995232712,0.012037529272453098,-0.02561228804601439,-0.0026430213545398464,0.03863077354811899,-0.06434604411358215,0.11833315994068846,-0.08773620664070265,0.045396318025930124,-0.043637347129187994,-0.29128911757840986,0.5221563812288595,-0.8320494590261066,0.7612694809282691,-0.5075475759609791,-0.0373102318755376,-0.017524494620383378,-2.9848211829765083,3.4771480895585425,1.2018756562000616,0.0,2.581053060145354
14,3.250231835129135,1.2000226011542803,3.459074592665745,-2.887729328199599,-0.013578236960184849,-0.1205629193824227,-0.4312741941189218,0.7284741670123055,-0.8033688956165006,0.5352620147071258,-0.3070353661020216,-0.021334359613021256,0.03282144665361819,-0.07484100713898698,0.11991279954506749,-0.0632952528841832,0.04821448459814278,-0.006009331704842827,-0.01764785497987819,0.026662086792454482,0.00347370738044699,0.013250613295641563,-0.017647854979878287,-0.006009331704842903,0.04821448459814279,-0.06329525288418317,0.11991279954506752,-0.07484100713898696,0.032821446653618226,-0.021334359613020996,-0.3070353661020216,0.5352620147071255,-0.8033688956165004,0.7284741670123057,-0.43127419411892237,-0.1205629193824227,-0.013578236960184797,-2.8877293281995975,3.4590745926657442,1.2000226011542805,0.0,2.7975971267399884
15,3.4519235585249355,1.198099941312331,3.4401985619193103,-2.7891300615214507,-0.009619378978723293,-0.20364080218213226,-0.35410041900728545,0.6936089061631688,-0.7717069855734622,0.5458538336062865,-0.32100157237046545,0.0011182731071148807,0.01997262626556314,-0.061212774896517816,0.12013048662153339,-0.06141931123582514,0.057083153123894524,-0.009275048743865295,-0.009352284290646629,0.026247903684122543,0.004956187329026425,0.014125476402428817,-0.00935228429064671,-0.009275048743865357,0.05708315312389454,-0.061419311235825134,0.1201304866215334,-0.06121277489651777,0.019972626265563193,0.00111827310711507,-0.3210015723704655,0.5458538336062865,-0.7717069855734622,0.6936089061631688,-0.3541004190072857,-0.20364080218213199,-0.009619378978723258,-2.7891300615214503,3.44019856191931,1.198099941312331,0.0,3.0165438540532348
16,3.6497523365904705,1.1961077881940685,3.42052437671416,-2.689074852346274,-0.00565159441380045,-0.28642342528693115,-0.2761873702772012,0.6567727674254964,-0.7371812280053457,0.5538820943091296,-0.3331067670881914,0.023563061944882665,0.006957101424623964,-0.04698499208856537,0.11898374871122262,-0.058742674936777345,0.06510525277634356,-0.012385505945145328,-0.0008812309042799796,0.025285070150858704,0.006323899571997801,0.014639787777244194,-0.00088123090428007,-0.012385505945145384,0.0651052527763436,-0.058742674936777366,0.11898374871122264,-0.04698499208856534,0.006957101424623998,0.023563061944882863,-0.3331067670881914,0.5538820943091294,-0.7371812280053459,0.6567727674254962,-0.2761873702772017,-0.2864234252869309,-0.005651594413800415,-2.6890748523462733,3.420524376714159,1.1961077881940685,0.0,3.236801857914929
17,3.8437555594113313,1.19404625735016,3.4000566016236333,-2.587615930088931,-0.0016785652869016287,-0.368790761807415,-0.19769771099927613,0.6180704200598639,-0.6999197499178822,0.559309092741304,-0.3432807702027251,0.04584257283314378,-0.006116491883187361,-0.03229701320841149,0.11648561030027622,-0.05530023803458556,0.07216181220417803,-0.015288635756941501,0.007606357562830144,0.02379371195331498,0.007545172748769362,0.014780419660592755,0.007606357562830062,-0.015288635756941537,0.07216181220417807,-0.05530023803458556,0.11648561030027622,-0.03229701320841146,-0.006116491883187326,0.04584257283314399,-0.3432807702027251,0.5593090927413039,-0.6999197499178822,0.6180704200598638,-0.1976977109992764,-0.3687907618074147,-0.0016785652869016027,-2.5876159300889303,3.400056601623632,1.19404625735016,0.0,3.457305019340941
18,4.033970617073045,1.1919154683553819,3.378799985340475,-2.4848062569108693,0.0022960215136434456,-0.4506233869800242,-0.11879530806355199,0.5776118361268661,-0.6600608307277366,0.5621093414454438,-0.3514645977746004,0.06780053101082349,-0.019139032994887888,-0.017292700155117125,0.11266444488957789,-0.05113687795879857,0.07814817945253394,-0.01793584118790938,0.01595122323634063,0.021805002411793634,0.008591726507709152,0.014543782434137585,0.01595122323634055,-0.0179358411879094,0.07814817945253398,-0.05113687795879857,0.1126644448895779,-0.017292700155117104,-0.01913903299488784,0.06780053101082367,-0.35146459777460043,0.5621093414454437,-0.6600608307277367,0.5776118361268661,-0.11879530806355212,-0.4506233869800239,0.0022960215136434625,-2.4848062569108684,3.378799985340474,1.1919154683553814,0.0,3.677024908588822
19,4.220434899661193,1.189715544801684,3.3567594595750956,-2.38069950007356,0.006268477654016411,-0.5318026513215346,-0.03964489006618778,0.5355119780033791,-0.6177523890999057,0.5622696892809407,-0.3576108039376556,0.08928291717807664,-0.03200182736213323,-0.0021190131733534183,0.10756365273256528,-0.04630687047504291,0.0829755739986252,-0.020282809297272816,0.02399678623799839,0.01936051080162242,0.009439326378702291,0.01393591624544021,0.023996786237998297,-0.020282809297272827,0.08297557399862525,-0.04630687047504291,0.1075636527325653,-0.0021190131733534183,-0.03200182736213318,0.0892829171780768,-0.35761080393765565,0.5622696892809407,-0.6177523890999059,0.535511978003379,-0.03964489006618806,-0.5318026513215343,0.006268477654016437,-2.3806995000735585,3.356759459575095,1.1897155448016838,0.0,3.8949824027372357
20,4.403185797261301,1.187446614291022,3.333940137911377,-2.2753500039238634,0.010235116777607172,-0.6122108526594662,0.03958829660288343,0.49189047171892597,-0.5731514340133301,0.5597893831872086,-0.36168375596717245,0.11013904783101304,-0.04459751378619861,0.013075428553616639,0.10124116790132213,-0.04087318211741376,0.08657240340688677,-0.022290252972057063,0.03159208269078429,0.01651133344564689,0.010068344957453979,0.012972336833644425,0.03159208269078422,-0.02229025297205705,0.08657240340688681,-0.04087318211741375,0.10124116790132215,0.013075428553616633,-0.044597513786198556,0.11013904783101322,-0.36168375596717234,0.5597893831872085,-0.5731514340133304,0.4918904717189258,0.03958829660288357,-0.6122108526594655,0.010235116777607188,-2.2753500039238617,3.3339401379113762,1.1874466142910218,0.0,4.110258326103039
21,4.582260699958955,1.1851088084279555,3.310347314620274,-2.1688127615259623,0.014192257925876072,-0.6917314067889785,0.11873883275332556,0.44687126704035157,-0.5264234820918431,0.5546800717203708,-0.36365984086114395,0.13022263219821156,-0.05682096052396196,0.028141802559485823,0.09376880027962461,-0.034906649323408215,0.08888532507704211,-0.02392456857439119,0.03859459734755083,0.013317025666298693,0.010464216406501746,0.011677639491391518,0.038594597347550774,-0.023924568574391156,0.08888532507704218,-0.03490664932340821,0.09376880027962461,0.02814180255948584,-0.05682096052396195,0.13022263219821173,-0.363659840861144,0.5546800717203707,-0.526423482091843,0.44687126704035135,0.11873883275332528,-0.691731406788979,0.014192257925876046,-2.168812761525962,3.3103473146202744,1.1851088084279557,0.0,4.322002962084951
22,4.757696997839698,1.1827022628120145,3.285986463431506,-2.0611433859546526,0.018136228954206905,-0.770249016508825,0.19764147174853158,0.4005822852706729,-0.4777419433627785,0.5469657503467629,-0.36352760223701847,0.14939279836537178,-0.06857014278540907,0.04293254074151296,0.08523141995649132,-0.02848505497263201,0.0898800373388928,-0.02515839845018134,0.044872937692789654,0.009844356922258908,0.010617773748306851,0.010084871271809454,0.0448729376927896,-0.025158398450181304,0.08988003733889283,-0.02848505497263201,0.08523141995649132,0.04293254074151298,-0.06857014278540906,0.14939279836537195,-0.3635276022370184,0.5469657503467628,-0.47774194336277837,0.4005822852706729,0.1976414717485309,-0.7702490165088248,0.018136228954206888,-2.0611433859546513,3.2859864634315046,1.1827022628120145,0.0,4.529444306716886
23,4.929532080989095,1.1802271170298337,3.2608632362635994,-1.952398081264984,0.022063369939580614,-0.847649838791269,0.2761314844995082,0.3531550557628758,-0.42728747772271997,0.536682648750173,-0.36128780675025235,0.16751508139057644,-0.07974699429849902,0.0573027747212274,0.07572599328377931,-0.021692114368010378,0.08954178816153842,-0.02597108888303129,0.0503092993417029,0.006165915150644137,0.010525461139914162,0.008234687464945729,0.05030929934170284,-0.02597108888303123,0.08954178816153846,-0.02169211436801036,0.07572599328377932,0.05730277472122742,-0.07974699429849899,0.16751508139057664,-0.36128780675025224,0.536682648750173,-0.4272874777227199,0.35315505576287576,0.2761314844995082,-0.847649838791269,0.022063369939580597,-1.9523980812649822,3.260863236263599,1.1802271170298337,0.0,4.731894957886764
24,5.097803339492685,1.1776835146470575,3.234983461912603,-1.842633613153412,0.025970036576907645,-0.9238216498435929,0.35404500337825084,0.30472434218149924,-0.3752473244985795,0.5238790606820761,-0.35695343964961324,0.18446236647924616,-0.09025822583367914,0.07111175476259396,0.0653604815461463,-0.014616383878788337,0.08787559393263979,-0.026349035827482787,0.054801676476769874,0.002358589487644882,0.010189416213652847,0.006174313874520248,0.054801676476769826,-0.02634903582748272,0.08787559393263986,-0.014616383878788334,0.06536048154614633,0.07111175476259395,-0.09025822583367916,0.18446236647924624,-0.3569534396496131,0.523879060682076,-0.37524732449857967,0.304724342181499,0.35404500337825084,-0.9238216498435929,0.025970036576907635,-1.842633613153413,3.234983461912603,1.177683514647058,0.0,4.928757559357102
25,5.262548163436058,1.1750716032000121,3.2083531446997573,-1.7319072793257695,0.029852603560867327,-0.9986540078218685,0.4312193643325983,0.2554277595739785,-0.3218146075920478,0.5086151171539505,-0.35054962949500146,0.20011578060309138,-0.10001610385611476,0.08422422834999728,0.054252614752129766,-0.007350106472828043,0.08490616506313023,-0.02628591263416812,0.05826577584602029,-0.0014980369172425416,0.009617420577159553,0.003956341382806488,0.05826577584602026,-0.026285912634168046,0.08490616506313028,-0.007350106472828034,0.05425261475212978,0.08422422834999728,-0.10001610385611474,0.2001157806030915,-0.35054962949500135,0.5086151171539505,-0.32181460759204783,0.25542775957397834,0.43121936433259755,-0.998654007821868,0.029852603560867323,-1.7319072793257688,3.2083531446997564,1.1750716032000121,0.0,5.119528744918194
26,5.423803942904737,1.1723915341871465,3.180978463078435,-1.620276879587515,0.03370746795011562,-1.0720384129610716,0.507493446488325,0.2054053833398345,-0.26718761878605735,0.49096250403686753,-0.3421135024742369,0.21436552630899589,-0.10893918280649831,0.09651176492351748,0.0425285544734486,1.1990811544707771e-05,0.08067753952069097,-0.025782775954865885,0.06063659840947971,-0.005323350398968565,0.008822719618967868,0.0016373835722826937,0.06063659840947969,-0.025782775954865802,0.08067753952069104,1.1990811544716384e-05,0.04252855447344864,0.09651176492351743,-0.10893918280649832,0.214365526308996,-0.3421135024742367,0.4909625040368675,-0.2671876187860575,0.20540538333983416,0.5074934464883244,-1.0720384129610712,0.033707467950115616,-1.6202768795875149,3.1809784630784343,1.1723915341871463,0.0,5.303801554708593
27,5.581608067984302,1.1696434630602477,3.1528657682007,-1.5078006856718977,0.03753105251073971,-1.1438684648893684,0.5827080085294586,0.15479935120881017,-0.21156908187295304,0.47100412539461983,-0.33169396716341465,0.22711165186926097,-0.11695298489834906,0.10785401379633294,0.03032146091980976,0.007373931777351408,0.07525242972685402,-0.02484804805466041,0.06186965895637662,-0.009037391815176366,0.007823715792326887,-0.0007233683318397607,0.06186965895637662,-0.024848048054660312,0.07525242972685409,0.007373931777351413,0.03032146091980978,0.10785401379633293,-0.11695298489834906,0.227111651869261,-0.3316939671634146,0.47100412539461955,-0.21156908187295317,0.15479935120880978,0.5827080085294588,-1.1438684648893682,0.0375310525107397,-1.5078006856718973,3.1528657682006997,1.1696434630602477,0.0,5.4812663224451486
28,5.735997928760288,1.1668275492154228,3.1240215824437834,-1.3945374108217612,0.041319809035856706,-1.2140400168984842,0.6567060211545486,0.10375345935893537,-0.15516540033522866,0.4488337141315188,-0.3193514309786837,0.23826475237115988,-0.12399062175777556,0.11813988293353682,0.017769980524178827,0.014639742265465067,0.06871129250354271,-0.02349737582729068,0.061941820808678584,-0.012562527903197068,0.006643542479706992,-0.0030656563132265857,0.06194182080867859,-0.02349737582729058,0.06871129250354276,0.014639742265465078,0.017769980524178837,0.1181398829335368,-0.12399062175777559,0.23826475237115993,-0.31935143097868357,0.4488337141315187,-0.15516540033522874,0.10375345935893503,0.6567060211545479,-1.2140400168984835,0.04131980903585668,-1.394537410821761,3.1240215824437825,1.1668275492154223,0.0,5.651710058518089
29,5.887010915318278,1.1639439559838525,3.0944525978968325,-1.2805461791408828,0.04507022163827566,-1.2824513269464728,0.7293329949147979,0.052412753822136025,-0.09818589137072842,0.4245553917834231,-0.3051574499633221,0.24774659682816352,-0.12999335271709367,0.12726862704677838,0.005016671216307569,0.021714701324548093,0.06115113586216171,-0.02175336887370389,0.0608517299488987,-0.0158250740200241,0.005309528305778205,-0.005329693645794636,0.06085172994889873,-0.021753368873703775,0.06115113586216177,0.021714701324548114,0.005016671216307591,0.12726862704677838,-0.1299933527170937,0.24774659682816352,-0.30515744996332195,0.42455539178342294,-0.09818589137072846,0.05241275382213582,0.7293329949147974,-1.2824513269464726,0.04507022163827566,-1.2805461791408814,3.094452597896831,1.1639439559838527,0.0,5.815014379147903
30,6.034684417743804,1.16099285062232,3.064165674808299,-1.16588649473084,0.04877881001316779,-1.349003205173951,0.8004373027496133,0.0009231183384061298,-0.040842009104889304,0.398283179519401,-0.28919431394047673,0.2554906769141018,-0.13491107510241962,0.13515083434735026,-0.007793616729963266,0.028506576043509944,0.05268408033109172,-0.019645221028252096,0.058619840426363486,-0.018756834345720806,0.0038525643034709772,-0.007457690945437472,0.05861984042636352,-0.019645221028251978,0.05268408033109175,0.028506576043509934,-0.007793616729963235,0.13515083434735017,-0.13491107510241968,0.2554906769141018,-0.2891943139404766,0.398283179519401,-0.04084200910488941,0.0009231183384060222,0.8004373027496133,-1.3490032051739507,0.04877881001316775,-1.1658864947308394,3.0641656748082977,1.1609928506223202,0.0,5.971152055617977
31,6.179055826122436,1.157974404303507,3.033167839994301,-1.0506182106295143,0.05244213266771684,-1.4135991577199103,0.8698704965462041,-0.05056914017035326,0.016653440127273596,0.37014046265057127,-0.27155456943664863,0.26144267347128575,-0.13870274242298247,0.14170930229293485,-0.02051538588551926,0.03492682394855523,0.04343569615775,-0.017208221668000647,0.05528803056522886,-0.02129652735594721,0.0023063885873071356,-0.00939533123974588,0.05528803056522889,-0.017208221668000536,0.04343569615775004,0.03492682394855523,-0.020515385885519235,0.1417093022929348,-0.13870274242298247,0.26144267347128575,-0.2715545694366486,0.37014046265057127,0.01665344012727363,-0.05056914017035331,0.8698704965462039,-1.41359915771991,0.05244213266771677,-1.050618210629514,3.0331678399943,1.1579744043035072,0.0,6.120182279576413
32,6.320162530539729,1.1548887921060667,3.0014662852083442,-0.9348014975674497,0.05605679011475279,-1.4761455266285946,0.9374876170623236,-0.10191770732896065,0.07408708751730711,0.3402594111610103,-0.25234048314178226,0.2655608375203704,-0.1413367069716761,0.14687979375048085,-0.03300414420508526,0.04089174728973796,0.033543141045259676,-0.014483164985594781,0.05091881717557058,-0.023391066767469944,0.0007068050984274359,-0.011093156404678731,0.05091881717557064,-0.014483164985594658,0.03354314104525971,0.04089174728973797,-0.033004144205085253,0.14687979375048077,-0.14133670697167613,0.26556083752037035,-0.2523404831417821,0.34025941116101033,0.07408708751730701,-0.10191770732896079,0.9374876170623236,-1.4761455266285939,0.05605679011475274,-0.9348014975674488,3.0014662852083434,1.1548887921060667,0.0,6.26224476017044
33,6.458041921081243,1.151736193004468,2.9690683654727748,-0.818496812558371,0.059619428027405254,-1.5365516256445775,1.0031474965651206,-0.15297667705875756,0.13124579360683014,0.3087803589821563,-0.23166344901655883,0.267816283099448,-0.14279098397728568,0.1506116661689448,-0.04511804614733159,0.04632358416913127,0.023153126041931073,-0.011515667114171159,0.04559418251179285,-0.024996671181515287,-0.0009091454875923392,-0.012507829579491508,0.04559418251179292,-0.011515667114171044,0.023153126041931104,0.04632358416913127,-0.04511804614733156,0.15061166616894472,-0.14279098397728573,0.267816283099448,-0.23166344901655872,0.30878035898215633,0.1312457936068301,-0.1529766770587575,1.0031474965651206,-1.5365516256445775,0.059619428027405205,-0.8184968125583703,2.9690683654727743,1.151736193004468,0.0,6.397552786017301
34,6.592731387832529,1.1485167898586157,2.935981597372357,-0.7017648673402671,0.06312674035184894,-1.5947298716991665,1.0667130535542597,-0.20360096616724493,0.18791743925991233,0.2758511449258983,-0.20964334248419655,0.26819318987831703,-0.1430534351036036,0.15286836759944714,-0.05671950373636471,0.051151522286088366,0.012419739750330944,-0.008355402535313826,0.03941403598886,-0.026079779230492175,-0.00250404349130478,-0.013603241336875611,0.03941403598886008,-0.008355402535313717,0.012419739750330975,0.05115152228608834,-0.056719503736364654,0.15286836759944702,-0.14305343510360363,0.268193189878317,-0.20964334248419647,0.2758511449258983,0.18791743925991236,-0.20360096616724493,1.0667130535542597,-1.5947298716991662,0.06312674035184888,-0.7017648673402662,2.9359815973723555,1.1485167898586157,0.0,6.526385399460884
35,6.724268320879162,1.145230769403242,2.9022136573103565,-0.5846665966834977,0.06657547237525277,-1.6505959118974782,1.1280515789540053,-0.2536467265995028,0.24389171284898042,0.24162641837160315,-0.18640782545084184,0.2666889141267307,-0.14212186976383165,0.15362779470455415,-0.06767674926639501,0.05531262208387492,0.0015021631238989277,-0.005055272552216588,0.03249433952012177,-0.026617751099104484,-0.004040956736338559,-0.014351431373398067,0.032494339520121866,-0.005055272552216479,0.0015021631238989494,0.05531262208387492,-0.06767674926639497,0.15362779470455407,-0.1421218697638317,0.2666889141267306,-0.18640782545084159,0.24162641837160323,0.24389171284898023,-0.253646726599503,1.1280515789540058,-1.6505959118974776,0.06657547237525269,-0.5846665966834965,2.9022136573103556,1.145230769403242,0.0,6.649078842008875
36,6.852690110306661,1.1418783222370772,2.8677723797275605,-0.46726312658248226,0.06996242374608563,-1.7040687458220705,1.1870350131767708,-0.30297175417998734,0.2989608907329598,0.20626691296786567,-0.16209160618370522,0.2633140072582657,-0.14000406340463506,0.15288250925015417,-0.07786533190060434,0.05875263726304487,-0.009437691258293307,-0.0016705197474096445,0.024964931652178456,-0.02659934175621115,-0.005484295767505385,-0.014733302194161932,0.024964931652178547,-0.001670519747409554,-0.009437691258293295,0.05875263726304485,-0.07786533190060431,0.15288250925015412,-0.14000406340463514,0.26331400725826565,-0.16209160618370513,0.20626691296786565,0.2989608907329599,-0.3029717541799875,1.1870350131767706,-1.7040687458220705,0.06996242374608556,-0.46726312658248154,2.8677723797275605,1.1418783222370776,0.0,6.766017438147674
37,6.978034146200617,1.1384596428117941,2.8326657552846144,-0.3496157423475691,0.07328445144397612,-1.755070842975807,1.2435402134796898,-0.35143589268327213,0.35292060813125437,0.16993869175998247,-0.1368356583378123,0.2580921418197373,-0.13671769260723715,0.1506398109594894,-0.0871695311660561,0.061426721964912466,-0.02023758042802133,0.0017421967513994291,0.01696709132388976,-0.02602493600563967,-0.006800637976250603,-0.014739106574939622,0.016967091323889846,0.0017421967513995174,-0.020237580428021314,0.061426721964912494,-0.0871695311660561,0.15063981095948933,-0.13671769260723718,0.2580921418197372,-0.13683565833781217,0.1699386917599825,0.3529206081312548,-0.3514358926832723,1.2435402134796893,-1.755070842975807,0.07328445144397604,-0.34961574234756826,2.832665755284614,1.1384596428117941,0.0,6.8776240898130965
38,7.100337818646569,1.1349749294207279,2.7969019290081287,-0.2317858566137351,0.07653847269636979,-1.8035282551936636,1.2974492110560436,-0.39890143208557527,0.405570617532809,0.1328123672883472,-0.11078640365907039,0.25105994544529137,-0.13229018754724267,0.14692166601577317,-0.09548367129037344,0.06330001540590345,-0.030737337164207405,0.005125749717767062,0.008650886962224616,-0.024906540442771033,-0.007959501549627403,-0.014368696359344561,0.008650886962224713,0.005125749717767143,-0.030737337164207398,0.06330001540590345,-0.09548367129037343,0.1469216660157731,-0.1322901875472427,0.2510599454452912,-0.11078640365907022,0.13281236728834714,0.405570617532809,-0.3989014320855755,1.2974492110560436,-1.8035282551936636,0.0765384726963697,-0.23178585661373374,2.7969019290081287,1.134974929420728,0.0,6.9843505556392955
39,7.219638517730072,1.1314243841873763,2.7604891984009625,-0.11383497728282457,0.0797214678392781,-1.8493707238604988,1.3486494573247918,-0.44523349986544547,0.4567155318257553,0.09506230032051076,-0.08409486310194628,0.24226674393986866,-0.1267585030446565,0.14176449191367593,-0.10271332145213702,0.06434809634118135,-0.04078124534495454,0.008423500108701852,0.00017236065550696147,-0.023267532485024705,-0.008934051320883662,-0.013631526240511905,0.00017236065550706186,0.008423500108701918,-0.040781245344954524,0.06434809634118135,-0.102713321452137,0.14176449191367588,-0.12675850304465658,0.24226674393986852,-0.08409486310194618,0.0950623003205108,0.4567155318257553,-0.4452334998654457,1.3486494573247918,-1.8493707238604988,0.079721467839278,-0.11383497728282443,2.7604891984009625,1.1314243841873766,0.0,7.086667687763873
40,7.3359736335367245,1.1278082130536753,2.7234360115171357,0.004175324583936317,0.08283048311946366,-1.892531781779329,1.3970340589040207,-0.4903004442417332,0.5061655493898455,0.05686578097999924,-0.05691578128316089,0.2317742152941231,-0.1201688101150612,0.1352188007669588,-0.10877636831272824,0.06455730143292164,-0.05022034928777484,0.011580245174897466,-0.008309399760842981,-0.02114217172216854,-0.00970172017666736,-0.012546412430761222,-0.008309399760842877,0.011580245174897518,-0.05022034928777484,0.06455730143292165,-0.10877636831272824,0.13521880076695875,-0.12016881011506123,0.231774215294123,-0.05691578128316083,0.05686578097999924,0.5061655493898457,-0.4903004442417334,1.3970340589040204,-1.8925317817793283,0.08283048311946359,0.004175324583937144,2.723436011517135,1.1278082130536755,0.0,7.185055794543096
41,7.449380556152022,1.1241266257680527,2.685750965001808,0.12218344690640702,0.08586263343546177,-1.93294884954241,1.442502000777745,-0.533974208259884,0.5537371584608175,0.018402196117646066,-0.02940672934739475,0.21965595705763327,-0.11257611059646722,0.12734870456589056,-0.11360394864795453,0.06392490337281555,-0.058914662829456246,0.014543142528102742,-0.016635245767804768,-0.018574883800521108,-0.010244731631265568,-0.011141052379179953,-0.01663524576780467,0.014543142528102786,-0.05891466282945627,0.06392490337281553,-0.11360394864795456,0.1273487045658906,-0.11257611059646727,0.2196559570576331,-0.029406729347394613,0.018402196117646135,0.5537371584608173,-0.5339742082598843,1.442502000777745,-1.9329488495424094,0.08586263343546169,0.12218344690640758,2.685750965001807,1.124126625768053,0.0,7.279995290191049
42,7.559896675661555,1.1203798358732644,2.6474428020967906,0.2401277887421808,0.08881510501489454,-1.9705633262653952,1.484958357190139,-0.5761306936635928,0.599253818152754,-0.020147813164182144,-0.0017271914461543653,0.20599697010497148,-0.10404377806840943,0.11823128723022068,-0.11714123148675853,0.0624591464367047,-0.06673524538391823,0.017262594697187363,-0.024648954364897748,-0.015619331809755608,-0.010550511466912521,-0.009451317796300606,-0.024648954364897654,0.017262594697187387,-0.06673524538391826,0.0624591464367047,-0.11714123148675853,0.11823128723022061,-0.10404377806840946,0.20599697010497128,-0.0017271914461542447,-0.020147813164182144,0.599253818152754,-0.5761306936635929,1.4849583571901392,-1.9705633262653943,0.08881510501489445,0.2401277887421819,2.64744280209679,1.1203798358732646,0.0,7.37195778231863
43,7.667559382150888,1.1165680606940058,2.60852041061204,0.3579467824426449,0.09168515802559302,-2.005320674553016,1.52431448982691,-0.6166501135178848,0.642546613611124,-0.058603199877852015,0.02596235987404801,0.19089306241564216,-0.09464302889507563,0.10795584960815581,-0.1193480408735914,0.060179139007837675,-0.07356611418918312,0.019693079365861663,-0.032200159379006436,-0.012337294582770705,-0.010611978908038468,-0.00752033903136402,-0.03220015937900636,0.019693079365861677,-0.07356611418918313,0.06017913900783766,-0.11934804087359135,0.10795584960815573,-0.09464302889507566,0.19089306241564197,0.02596235987404813,-0.05860319987785205,0.6425466136111242,-0.6166501135178851,1.5243144898269094,-2.0053206745530154,0.09168515802559293,0.35794678244264516,2.6085204106120385,1.1165680606940056,0.0,7.461397735874332
44,7.7724060657055425,1.1126915213243083,2.56899282086361,0.4755789257916604,0.09447012911810454,-2.0371704995730906,1.5604882328700564,-0.6554173325816498,0.6834548828651991,-0.09678336142293638,0.05350139401374966,0.17445017704994323,-0.08445232780748341,0.09662303481622371,-0.1201993121812038,0.05711460446987168,-0.07930596438397948,0.021793911394271958,-0.039147172877930056,-0.008797375355119909,-0.01042771058689735,-0.00539740417337079,-0.03914717287792997,0.021793911394271955,-0.07930596438397951,0.05711460446987166,-0.12019931218120383,0.09662303481622364,-0.08445232780748346,0.17445017704994298,0.05350139401374978,-0.0967833614229363,0.6834548828651988,-0.6554173325816502,1.5604882328700564,-2.03717049957309,0.09447012911810446,0.4755789257916608,2.5689928208636092,1.1126915213243087,0.0,7.548744837382064
45,7.874474116411115,1.1087504426147141,2.528869203578549,0.5929628141100817,0.09716743389722544,-2.066066622124213,1.5934040645396628,-0.692322194462469,0.7218268130535582,-0.13450898777165915,0.08073025299915586,0.15678364903451816,-0.0735567329861006,0.08434384248691135,-0.11968537679111853,0.05330549371711071,-0.08386967140446648,0.0235299238685979,-0.04535964374872775,-0.005073567776423702,-0.010001973503711245,-0.003136700976284489,-0.04535964374872768,0.023529923868597872,-0.08386967140446652,0.05330549371711069,-0.11968537679111853,0.0843438424869113,-0.07355673298610065,0.15678364903451794,0.08073025299915598,-0.13450898777165923,0.7218268130535582,-0.6923221944624693,1.5934040645396628,-2.0660666221242128,0.09716743389722535,0.592962814110082,2.5288692035785485,1.1087504426147143,0.0,7.634397166966242
46,7.973800924353142,1.104745053159235,2.4881588677672126,0.7100371723093709,0.09977456932026613,-2.0919671455911817,1.6229932647645948,-0.7272598346241257,0.7575200038100566,-0.17160290358387748,0.10749107710169732,0.1380173963700124,-0.06204718611027343,0.07123854157906209,-0.11781207190842431,0.04880146433350107,-0.08718955341985887,0.024872056778210323,-0.05072100355630919,-0.0012437092479086148,-0.009344626218091762,-0.0007959337206519675,-0.05072100355630913,0.024872056778210284,-0.08718955341985893,0.04880146433350107,-0.11781207190842431,0.07123854157906206,-0.06204718611027345,0.1380173963700122,0.10749107710169745,-0.17160290358387753,0.7575200038100567,-0.7272598346241259,1.6229932647645946,-2.0919671455911812,0.09977456932026602,0.7100371723093716,2.488158867767212,1.1047450531592349,0.0,7.718715267811685
47,8.07042387961716,1.1006755852820922,2.446871258563494,0.8267408868775515,0.10228911601982248,-2.114834516691084,1.6491940586529212,-0.760130978357399,0.7904019957194995,-0.20789090029667687,0.13362872003223356,0.11828305083533347,-0.05001975330016893,0.057435492399546734,-0.11460067426363042,0.043661233230083356,-0.08921637508446423,0.025797843466218287,-0.05513065378911211,0.002612146084601512,-0.008470890559794286,0.0015651496838551197,-0.055130653789112076,0.025797843466218228,-0.08921637508446427,0.04366123323008334,-0.11460067426363042,0.05743549239954674,-0.050019753300168966,0.11828305083533323,0.1336287200322337,-0.2078909002966768,0.7904019957194994,-0.7601309783573993,1.6491940586529212,-2.114834516691083,0.10228911601982237,0.8267408868775528,2.4468712585634935,1.1006755852820922,0.0,7.802017183801185
48,8.164380372288779,1.0965422750242417,2.4050159550334818,0.9430130377808316,0.10470874054889856,-2.1346355799219663,1.6719517454625237,-0.790842222867459,0.8203507618818989,-0.24320255428073792,0.15899164840404909,0.09771903468529941,-0.03757482328682077,0.04306988937395638,-0.11008765845458682,0.03795181118026092,-0.08992007772003707,0.026291786710457937,-0.05850585345122302,0.006413400673503765,-0.007400999145173626,0.0038862827593798698,-0.058505853451222986,0.026291786710457867,-0.08992007772003709,0.03795181118026091,-0.11008765845458683,0.04306988937395638,-0.03757482328682083,0.0977190346852992,0.1589916484040492,-0.24320255428073786,0.8203507618818989,-0.7908422228674593,1.6719517454625237,-2.1346355799219667,0.10470874054889846,0.9430130377808326,2.4050159550334813,1.0965422750242415,0.0,7.884574516493847
49,8.25570779245351,1.0923453621296835,2.36260266795303,1.0587929302642203,0.10703119754629678,-2.151341625635145,1.6912188128026444,-0.8193063026763158,0.8472551607610792,-0.2773720272210702,0.18343282024999275,0.07646958971797756,-0.02481626950286979,0.028282436880291584,-0.10432428267318754,0.0317476292318889,-0.08929022509951673,0.02634561813950909,-0.06078327158288173,0.010080598270765016,-0.006159726861608766,0.006108218757233956,-0.0607832715828817,0.026345618139509013,-0.08929022509951677,0.031747629231888896,-0.10432428267318754,0.028282436880291584,-0.02481626950286983,0.07646958971797733,0.1834328202499929,-0.27737202722107007,0.8472551607610793,-0.8193063026763158,1.6912188128026444,-2.1513416256351454,0.10703119754629666,1.0587929302642214,2.3626026679530296,1.0923453621296833,0.0,7.966609532737645
50,8.34444353019693,1.0880850900315544,2.3196412375547846,1.1740201265345518,0.10925433182026636,-2.1649284316614503,1.7069550358279442,-0.8454423375861887,0.8710153486371002,-0.31023884496318915,0.20681053750054276,0.0546837655221085,-0.011850583087731771,0.01321797111523871,-0.0973760065221153,0.025129568384737767,-0.0873361582209757,0.02595843664124062,-0.0619201755784672,0.013537084773099147,-0.0047758171690543555,0.008174242926740431,-0.06192017557846719,0.025958436641240524,-0.08733615822097576,0.025129568384737747,-0.09737600652211532,0.013217971115238735,-0.011850583087731835,0.054683765522108276,0.20681053750054285,-0.310238844963189,0.8710153486371002,-0.8454423375861889,1.7069550358279442,-2.16492843166145,0.10925433182026623,1.1740201265345531,2.3196412375547846,1.0880850900315542,0.0,8.04829333443069
51,8.430624975604587,1.0837617058380096,2.2761416312451628,1.2886344773093763,0.11137608034847639,-2.1753762984310545,1.7191275612179737,-0.8691760624992106,0.8915431501318506,-0.3416486511669497,0.22898926748054285,0.03251437400133315,0.0012140159563079345,-0.001975958508789352,-0.08932174753398127,0.01818390518296978,-0.08408685677641059,0.02513672344699244,-0.061895233004818875,0.01671061049492748,-0.003281316503538551,0.010031620155016066,-0.06189523300481888,0.025136723446992346,-0.08408685677641066,0.018183905182969782,-0.08932174753398128,-0.0019759585087893573,0.0012140159563078742,0.03251437400133291,0.228989267480543,-0.34164865116694976,0.8915431501318507,-0.8691760624992109,1.7191275612179737,-2.175376298431055,0.11137608034847629,1.2886344773093776,2.2761416312451628,1.0837617058380098,0.0,8.129745082621966
52,8.514289518762055,1.0793754603178891,2.2321139412918347,1.4025761532152394,0.11339447419245775,-2.182670077535968,1.7277109757667395,-0.8904400384404374,0.9087623854327782,-0.3714539322285608,0.24984042866197054,0.010116917508483994,0.014268482038207455,-0.017150534541294737,-0.08025298483721016,0.011001186968442864,-0.07959050936985618,0.023894233638892207,-0.060708911874880034,0.01953484037739097,-0.0017108321954595563,0.01163294102679578,-0.06070891187488006,0.02389423363889211,-0.07959050936985625,0.011001186968442865,-0.08025298483721015,-0.01715053454129473,0.01426848203820743,0.010116917508483736,0.24984042866197068,-0.3714539322285609,0.9087623854327783,-0.8904400384404377,1.7277109757667393,-2.182670077535968,0.11339447419245761,1.40257615321524,2.2321139412918347,1.0793754603178893,0.0,8.211032249618185
53,8.59547454975488,1.0749266078861723,2.1875683824822363,1.5157856760189723,0.11530764032473678,-2.1867991936937816,1.7326873594391563,-0.9091738441845467,0.9226091530004101,-0.3995147100662451,0.2692431361173225,-0.012351501891692034,0.027203854143178805,-0.032157129091177315,-0.07027272014910632,0.0036750514576351654,-0.0739137988586817,0.022251765896421763,-0.05838347186608138,0.021950740566061964,-0.00010073108665889194,0.012937331946222404,-0.05838347186608143,0.022251765896421645,-0.07391379885868174,0.0036750514576351506,-0.07027272014910634,-0.03215712909117728,0.02720385414317877,-0.012351501891692327,0.2692431361173225,-0.39951471006624517,0.9226091530004101,-0.9091738441845469,1.732687359439157,-2.186799193693782,0.11530764032473662,1.5157856760189734,2.1875683824822363,1.0749266078861726,0.0,8.292171855355486
54,8.674217458668604,1.0704154065892213,2.1425152897536504,1.6282039496756884,0.117113803366966,-2.187757660080813,1.7340463227836267,-0.92532424794172,0.9330320667105173,-0.42569919951593116,0.2870849023518395,-0.034733284380639745,0.039912165291770184,-0.046848759567571514,-0.059494307896993386,-0.003698993969189653,-0.06714091341677932,0.020236814336564796,-0.054962546648239595,0.023907812374224034,0.0015117025965445878,0.013911498432333377,-0.05496254664823964,0.02023681433656468,-0.06714091341677939,-0.0036989939691896507,-0.059494307896993406,-0.04684875956757147,0.03991216529177015,-0.034733284380639884,0.28708490235183953,-0.4256991995159312,0.9330320667105175,-0.9253242479417203,1.7340463227836267,-2.1877576600808135,0.11711380336696586,1.6282039496756884,2.1425152897536504,1.0704154065892215,0.0,8.373132628287035
55,8.750555635588807,1.0658421180898137,2.0969651157954194,1.7397722911772606,0.11881128723743821,-2.185544087012432,1.7317850286226282,-0.938845358614866,0.9399924465508793,-0.4498844272495729,0.3032622894514878,-0.056871437835487613,0.05228734370208682,-0.06108152830573521,-0.04804016775474562,-0.011024817352743887,-0.05937229798602386,0.01788310827556336,-0.05051032515801101,0.025365147838632134,0.0030891306136887806,0.014530574958204895,-0.050510325158011064,0.01788310827556324,-0.0593722979860239,-0.011024817352743896,-0.048040167754745636,-0.06108152830573519,0.052287343702086764,-0.056871437835487766,0.3032622894514878,-0.449884427249573,0.9399924465508795,-0.9388453586148663,1.7317850286226286,-2.1855440870124316,0.1188112872374381,1.739772291177262,2.0969651157954186,1.0658421180898139,0.0,8.453838016676446
56,8.824526470601029,1.0612070076519646,2.0509284286238305,1.8504324611852112,0.12039851670645536,-2.1801616839579676,1.7259081979760402,-0.9496987561983921,0.9434644621649589,-0.4719568093093979,0.31768150876585494,-0.0786106790159912,0.06422609813346734,-0.07471603197752681,-0.03604039421753771,-0.018206915381819965,-0.05072316463254034,0.015230047616449338,-0.04511034718215438,0.026292284803853247,0.004595025331278229,0.014778759641672638,-0.045110347182154446,0.015230047616449218,-0.05072316463254041,-0.018206915381819965,-0.036040394217537734,-0.07471603197752674,0.06422609813346734,-0.0786106790159914,0.317681508765855,-0.4719568093093979,0.9434644621649589,-0.9496987561983924,1.7259081979760402,-2.180161683957967,0.12039851670645524,1.850432461185212,2.0509284286238296,1.0612070076519649,0.0,8.534169963678615
57,8.896167353790837,1.0565103441255415,2.004415909130255,1.9601266944319875,0.12187401885810899,-2.171618254887286,1.7164281002048214,-0.9578536009479942,0.9434352287097924,-0.4918126845457392,0.3302589646492927,-0.09979852276489262,0.07562878002196544,-0.08761872698195239,-0.023631279007065763,-0.025151658425005538,-0.04132178389986746,0.012322043313691028,-0.03886393584881937,0.026669843661669513,0.005994515573114073,0.014649717587195809,-0.038863935848819454,0.012322043313690915,-0.04132178389986752,-0.02515165842500554,-0.023631279007065773,-0.08761872698195236,0.07562878002196542,-0.09979852276489279,0.33025896464929283,-0.491812684545739,0.9434352287097927,-0.9578536009479942,1.7164281002048214,-2.171618254887285,0.12187401885810883,1.9601266944319886,2.004415909130255,1.0565103441255417,0.0,8.61397334909565
58,8.965515675243786,1.0517523999306702,1.9574383486030877,2.0687977298747775,0.12323642445711543,-2.1599261869557793,1.703364527395642,-0.9632867210112659,0.9399048546723566,-0.5093588014532057,0.34092173910795825,-0.12028635158173796,0.08640021521169589,-0.09966323744242027,-0.010953763089550001,-0.031768511136117,-0.03130758249901877,0.009207773955258026,-0.031888296438996586,0.02648993243601037,0.007255194112952923,0.014146742583593525,-0.031888296438996655,0.009207773955257917,-0.03130758249901882,-0.03176851113611699,-0.010953763089550034,-0.09966323744242021,0.08640021521169587,-0.12028635158173814,0.34092173910795825,-0.5093588014532058,0.9399048546723567,-0.9632867210112662,1.703364527395642,-2.159926186955779,0.12323642445711529,2.0687977298747775,1.9574383486030873,1.0517523999306695,0.0,8.693060992333496
59,9.032608825045426,1.046933451041932,1.910006646224083,2.176388840586112,0.12448446921943784,-2.145102432544176,1.686744753039924,-0.9659826782701217,0.9328864414669696,-0.5245127561188042,0.3496080145430038,-0.13993045806786178,0.09645049833987848,-0.11073159299947927,0.001848164111720042,-0.03797121272089297,-0.020829075547555174,0.005939370906561891,-0.024314317191306088,0.02575631174607024,0.008347868110831035,0.013282673030330747,-0.024314317191306188,0.0059393709065617825,-0.02082907554755522,-0.037971212720892975,0.0018481641117200163,-0.11073159299947924,0.09645049833987847,-0.13993045806786195,0.3496080145430037,-0.5245127561188041,0.9328864414669693,-0.9659826782701222,1.6867447530399244,-2.1451024325441757,0.12448446921943772,2.176388840586113,1.9100066462240823,1.046933451041932,0.0,8.771219104926084
60,9.097484193281336,1.0420537769723588,1.862131806539651,2.282843863365665,0.1256169949855153,-2.1271684846792085,1.6666034750935765,-0.9659338122079472,0.9224060348152117,-0.5372033792252229,0.35626743213905654,-0.15859305293053497,0.1056957432451272,-0.1207153842754395,0.014629100127782974,-0.043678901478366394,-0.010041664023494521,0.0025715456565695255,-0.016284113364985597,0.02448431619944743,0.009247235115612304,0.0120795642383292,-0.016284113364985704,0.0025715456565694305,-0.010041664023494556,-0.04367890147836638,0.01462910012778296,-0.12071538427543946,0.10569574324512719,-0.15859305293053508,0.35626743213905654,-0.5372033792252229,0.9224060348152117,-0.9659338122079472,1.6666034750935768,-2.1271684846792076,0.12561699498551515,2.282843863365666,1.8621318065396504,1.0420537769723588,0.0,8.848213077064022
61,9.16017917003704,1.0371136607572193,1.813824936907716,2.3881072280577698,0.12663295079501086,-2.1061503458707773,1.6429827435362883,-0.9631402616768246,0.9085025280888063,-0.547371070291751,0.3608613838202253,-0.17614323147585176,0.11405878313559327,-0.12951682469363807,0.027243880904574375,-0.04881716895679863,0.0008946699011911212,-0.0008393260261060403,-0.007948360643343477,0.022700533858395024,0.009932468979940715,0.01056812546980054,-0.00794836064334358,-0.0008393260261061275,0.0008946699011910911,-0.04881716895679863,0.027243880904574358,-0.12951682469363798,0.11405878313559323,-0.17614323147585187,0.3608613838202253,-0.547371070291751,0.9085025280888064,-0.9631402616768248,1.6429827435362887,-2.1061503458707764,0.1266329507950107,2.3881072280577698,1.8138249369077148,1.037113660757219,0.0,8.923793480846745
62,9.220731145398119,1.0321133889376015,1.765097244920714,2.4921239865593785,0.1275313938620807,-2.0820784904108014,1.6159318725816323,-0.9576099645029897,0.8912275179741551,-0.5549680775830952,0.36336323608101373,-0.19245789181110268,0.12146981467290487,-0.1370497082523257,0.03954922955561341,-0.05331902998164096,0.011817735468247926,-0.004236147796352589,0.0005365320873220191,0.020442250479184534,0.010387702119886709,0.008786936086618099,0.0005365320873219153,-0.004236147796352669,0.011817735468247912,-0.053319029981640946,0.03954922955561341,-0.13704970825232565,0.12146981467290488,-0.19245789181110273,0.36336323608101373,-0.554968077583095,0.8912275179741548,-0.9576099645029897,1.6159318725816325,-2.082078490410801,0.12753139386208057,2.4921239865593794,1.7650972449207134,1.0321133889376013,0.0,8.997702173410401
63,9.279177509450108,1.0270532515437936,1.7159600358053413,2.594839841503297,0.12831149045026013,-2.0549878201884058,1.585507337721246,-0.9493586349316315,0.8706451129941654,-0.5599587223715261,0.36375848439447755,-0.2074225983161031,0.12786698059596338,-0.14324025387222677,0.051405383680508135,-0.05712579590972544,0.022565538695142315,-0.007562058497808287,0.009011357534438736,0.017756670141445753,0.010602392951865994,0.006781460814981545,0.009011357534438635,-0.007562058497808352,0.022565538695142304,-0.05712579590972543,0.0514053836805081,-0.1432402538722267,0.12786698059596338,-0.20742259831610318,0.36375848439447767,-0.559958722371526,0.8706451129941654,-0.9493586349316316,1.5855073377212463,-2.0549878201884058,0.12831149045026,2.5948398415032985,1.7159600358053415,1.0270532515437933,0.0,9.069678385570707
64,9.335555652278604,1.0219335420784612,1.6664247097996483,2.6962011746017325,0.12897251664615328,-2.0249176140855187,1.5517726578180524,-0.9384097189751339,0.8468316955979582,-0.5623195664991256,0.3620448373024434,-0.22093238432684742,0.13319688602164062,-0.1480278280477807,0.06267768276642764,-0.06018783972548133,0.0329786848187903,-0.010761383991165214,0.017317097304105147,0.014699928558385396,0.010571569998295987,0.004602889261670517,0.017317097304105047,-0.010761383991165267,0.03297868481879027,-0.06018783972548132,0.0626776827664276,-0.1480278280477806,0.13319688602164062,-0.2209323843268475,0.3620448373024434,-0.5623195664991256,0.8468316955979583,-0.9384097189751337,1.551772657818053,-2.0249176140855183,0.1289725166461531,2.6962011746017334,1.6664247097996483,1.021933542078461,0.0,9.139464686027075
65,9.389902963969117,1.0167545574996224,1.6165027595080885,2.796155074635357,0.12951385903120985,-1.9919114710262495,1.5147982624946692,-0.9247943277916294,0.8198756387013539,-0.5620395224531918,0.35823222970027196,-0.23289248840123797,0.13741504411299799,-0.15136553872403494,0.07323809764306066,-0.06246524300497775,0.04290274219169158,-0.01378056911238043,0.025297905661612264,0.011335919692303669,0.010295947009369415,0.0023068293031482654,0.025297905661612174,-0.013780569112380472,0.042902742191691566,-0.062465243004977744,0.07323809764306062,-0.15136553872403485,0.13741504411299799,-0.23289248840123808,0.35823222970027185,-0.5620395224531918,0.8198756387013539,-0.9247943277916296,1.5147982624946699,-1.991911471026249,0.12951385903120968,2.7961550746353576,1.6165027595080883,1.016754557499622,0.0,9.206812717337291
66,9.442256834607246,1.0115165982034242,1.5662057672351413,2.8946493650732856,0.12993501525096476,-1.9560172467626151,1.4746613450938695,-0.9085511492831752,0.7898769777300677,-0.5591199054378417,0.3523427652391494,-0.2432190190025159,0.14048624739519225,-0.15322069458244114,0.08296668461972849,-0.06392831631362705,0.05219053257282414,-0.016569074160264322,0.032804033761397934,0.007734960202239792,0.009781906435133448,-4.8112301338900585e-05,0.032804033761397865,-0.01656907416026435,0.052190532572824154,-0.06392831631362705,0.08296668461972852,-0.15322069458244109,0.14048624739519228,-0.24321901900251594,0.35234276523914954,-0.5591199054378416,0.7898769777300676,-0.9085511492831752,1.4746613450938697,-1.9560172467626153,0.1299350152509646,2.8946493650732865,1.566205767235141,1.0115165982034242,0.0,9.271488607601167
67,9.492654654278518,1.0062199680067196,1.51554540229812,2.9916326313095287,0.1302355944812126,-1.9172869844882765,1.431445701518079,-0.8897263381647369,0.7569470393826833,-0.5535744271972621,0.34441058817983106,-0.2518395429381153,0.14238486161982528,-0.15357512523706526,0.09175294778877033,-0.0645579862533687,0.06070431384725324,-0.019080220906676583,0.0396946394772974,0.003972319640313504,0.009041351630602336,-0.0024018258429216563,0.03969463947729733,-0.01908022090667661,0.060704313847253236,-0.06455798625336873,0.0917529477887703,-0.1535751252370652,0.14238486161982528,-0.25183954293811533,0.34441058817983095,-0.5535744271972621,0.7569470393826833,-0.889726338164737,1.4314457015180793,-1.9172869844882765,0.13023559448121244,2.9916326313095296,1.5155454022981192,1.0062199680067194,0.0,9.333277970875635
68,9.541133813068484,1.0008649741294424,1.4645334183197967,3.0870542475017273,0.1304153177906844,-1.8757768393808818,1.385241555284371,-0.8683733848163538,0.721208028491087,-0.5454291316196168,0.33448168544076273,-0.25869359342646564,0.14309503972495602,-0.15242535920503844,0.09949709402235159,-0.06434604411358213,0.06831782280374044,-0.021271973967527925,0.04584043011050663,0.0001266471195362778,0.0080914312163085,-0.00469423295894476,0.04584043011050658,-0.021271973967527922,0.06831782280374045,-0.06434604411358215,0.09949709402235157,-0.15242535920503839,0.14309503972495605,-0.2586935934264657,0.33448168544076257,-0.5454291316196168,0.7212080284910869,-0.8683733848163542,1.3852415552843718,-1.8757768393808814,0.1304153177906842,3.0870542475017286,1.4645334183197967,1.0008649741294422,0.0,9.391990419556821
69,9.58773170106273,0.9954519271767908,1.413181650501462,3.180864402998144,0.13047401839988992,-1.831546997182427,1.336145369160198,-0.844552963291135,0.6827925745115411,-0.5347222724240405,0.3226136199882156,-0.2637330942280198,0.14261085410492605,-0.14978265790811202,0.1061111664086217,-0.06329525288418318,0.0749181476750401,-0.023107644454813905,0.051126088388493425,-0.0037216726601148765,0.006954141977123294,-0.006866820128694327,0.051126088388493376,-0.023107644454813895,0.07491814767504011,-0.06329525288418318,0.10611116640862171,-0.149782657908112,0.14261085410492608,-0.26373309422801977,0.3226136199882156,-0.5347222724240405,0.682792574511541,-0.844552963291135,1.3361453691601985,-1.8315469971824268,0.13047401839988973,3.1808644029981443,1.4131816505014616,0.9954519271767909,0.0,9.4474635230695
70,9.632485708346795,0.9899811411212098,1.3615020128770619,3.2730141283391148,0.13041164183588572,-1.7846615869356852,1.2842596437731213,-0.8183327589109705,0.6418432393293995,-0.5215041335051547,0.30887519711410416,-0.2669226968655312,0.14093634608598898,-0.14567290537228636,0.11152004325381265,-0.06141931123582515,0.08040740267026744,-0.024556504130885864,0.055452436234337765,-0.007492199663969446,0.005655819494801191,-0.008864132226651321,0.055452436234337744,-0.02455650413088584,0.08040740267026746,-0.06141931123582514,0.11152004325381266,-0.1456729053722863,0.14093634608598898,-0.26692269686553116,0.30887519711410416,-0.5215041335051547,0.6418432393293994,-0.8183327589109707,1.284259643773122,-1.784661586935685,0.13041164183588555,3.2730141283391156,1.361502012877061,0.9899811411212098,0.0,9.499566158960107
71,9.675433225006248,0.9844529332841792,1.3095064955490416,3.3634553208194045,0.13022824598282481,-1.735188588003225,1.229692703614991,-0.7897872759398433,0.5985119882040251,-0.5058367927788394,0.2933460655362478,-0.26824002856822393,0.13808549219478866,-0.14013635470585478,0.11566229130375623,-0.05874267493677736,0.08470417966526904,-0.025594299784312713,0.05873829570635835,-0.011106119931576425,0.0042265283093894926,-0.010635188010435628,0.05873829570635832,-0.025594299784312664,0.0847041796652691,-0.05874267493677736,0.11566229130375626,-0.14013635470585478,0.1380854921947887,-0.2682400285682239,0.29334606553624765,-0.5058367927788394,0.598511988204025,-0.7897872759398432,1.2296927036149914,-1.735188588003224,0.13022824598282468,3.3634553208194045,1.3095064955490416,0.984452933284179,0.0,9.548201214655
72,9.716611641126626,0.9788676243178096,1.2572071619065484,3.4521407695981012,0.1299240010282414,-1.6831997315038323,1.1725584708873427,-0.7589976258812327,0.5529596258172648,-0.4877938306383443,0.27611625563370534,-0.26767584920070525,0.13408208750123052,-0.1332272338389921,0.1184908634940501,-0.05530023803458556,0.08774475552177333,-0.026203659216930266,0.06092201219006343,-0.014487892996376879,0.0026993657312006734,-0.012134781413216635,0.06092201219006341,-0.026203659216930207,0.08774475552177337,-0.05530023803458556,0.11849086349405008,-0.13322723383899204,0.13408208750123055,-0.26767584920070514,0.2761162556337052,-0.48779383063834414,0.5529596258172648,-0.7589976258812325,1.1725584708873429,-1.6831997315038318,0.12992400102824123,3.452140769598102,1.2572071619065488,0.9788676243178095,0.0,9.593307610484624
73,9.756058346793495,0.973225538186243,1.2046161458266187,3.5390241803429623,0.12949918930512033,-1.6287703963092475,1.1129762276601733,-0.7260512970011586,0.5053551995183346,-0.46745998438994685,0.2572856574942684,-0.2652341160758758,0.1289595470094427,-0.12501321438648325,0.119973633303926,-0.05113687795879857,0.08948403713023453,-0.026374382046050786,0.06196261126183306,-0.017566830880719152,0.0011096954245907436,-0.013324635425198548,0.06196261126183306,-0.02637438204605072,0.08948403713023458,-0.051136877958798566,0.11997363330392596,-0.1250132143864832,0.1289595470094427,-0.26523411607587577,0.2572856574942683,-0.4674599843899469,0.5053551995183344,-0.7260512970011584,1.1129762276601738,-1.628770396309247,0.12949918930512017,3.5390241803429627,1.204616145826618,0.9732255381862426,0.0,9.634861626861866
74,9.793810732092425,0.9675270021468615,1.1517456488590228,3.62406019939632,0.12895420502989804,-1.5719794997520071,1.0510703668406403,-0.6910419057317646,0.45587537197970945,-0.4449307502910764,0.2369634418001416,-0.2609319561972237,0.12276062675454576,-0.11557474883583542,0.12009375964470509,-0.046306870475042915,0.08989623016095903,-0.02610361045394411,0.06184056751738363,-0.020278575661055814,-0.0005056714889771501,-0.014174379111441421,0.06184056751738366,-0.026103610453944028,0.08989623016095906,-0.04630687047504289,0.1200937596447051,-0.11557474883583538,0.12276062675454578,-0.2609319561972236,0.2369634418001414,-0.4449307502910763,0.45587537197970923,-0.6910419057317646,1.051070366840641,-1.5719794997520065,0.12895420502989788,3.6240601993963213,1.1517456488590219,0.9675270021468616,0.0,9.672877530525112
75,9.829906187108957,0.9617723467313062,1.0986079373954032,3.7072044374499744,0.1282895539366379,-1.5129093832028548,0.9869701324716036,-0.6540689306618218,0.40470376559212395,-0.42031193505989634,0.21526742690923387,-0.2547995461251999,0.11553706693313802,-0.1050042825527056,0.11884987813848845,-0.04087318211741376,0.08897522160563337,-0.025395877026326695,0.06055817093901025,-0.022566444718312068,-0.0021093288458377277,-0.014662322827711077,0.060558170939010274,-0.0253958770263266,0.08897522160563341,-0.040873182117413774,0.11884987813848846,-0.10500428255270558,0.11553706693313809,-0.2547995461251997,0.2152674269092338,-0.4203119350598963,0.404703765592124,-0.654068930661822,0.9869701324716039,-1.5129093832028548,0.12828955393663777,3.7072044374499744,1.0986079373954032,0.9617723467313062,0.0,9.707407506320807
76,9.864382101928651,0.9559619057263047,1.0452153398233712,3.788413492716667,0.12750585280771953,-1.4516456926836288,0.9208093499022069,-0.615237429870013,0.35203028103167294,-0.39371915896264653,0.19232339580141794,-0.24687990031032905,0.10734916004616013,-0.09340534832168304,0.11625611661456743,-0.0349066493234082,0.08673467043599115,-0.024263028879065115,0.05813948392723198,-0.02438261555414451,-0.0036641416340937438,-0.014776011847030965,0.058139483927232026,-0.02426302887906501,0.0867346704359912,-0.034906649323408215,0.11625611661456743,-0.09340534832168301,0.10734916004616014,-0.24687990031032891,0.19232339580141786,-0.39371915896264653,0.352030281031673,-0.615237429870013,0.9208093499022071,-1.4516456926836288,0.12750585280771937,3.788413492716667,1.045215339823371,0.9559619057263047,0.0,9.738540911929807
77,9.89727586663707,0.9500960161543109,0.9915802436662187,3.8676449735860743,0.12660382890147748,-1.3882772546887143,0.8527261463938253,-0.5746577424041921,0.29805039252784465,-0.36527731281245285,0.16826436684977011,-0.23722856937774495,0.09826524765869774,-0.08089155229097732,0.11234193464754712,-0.028485054972632,0.08320780503510966,-0.022724029343176574,0.05462988980308162,-0.025689125407304853,-0.005134105908673721,-0.014512544265659644,0.054629889803081685,-0.022724029343176452,0.08320780503510972,-0.028485054972632,0.11234193464754713,-0.08089155229097729,0.09826524765869776,-0.23722856937774478,0.16826436684977,-0.36527731281245285,0.29805039252784477,-0.5746577424041921,0.8527261463938258,-1.3882772546887143,0.1266038289014773,3.8676449735860743,0.9915802436662186,0.9500960161543109,0.0,9.766402883086494
78,9.92862487131977,0.9441750182539567,0.9377150927089105,3.9448575207534833,0.1255843192773208,-1.322895947395122,0.7828626627446945,-0.5324451747548604,0.24296442244778815,-0.33511997142976657,0.14322982264450773,-0.22591325047946784,0.08836114997709048,-0.06758546125321031,0.10715178895968673,-0.021692114368010378,0.07844693040552154,-0.020804640527823656,0.05009524125277096,-0.026458664775489943,-0.00648518251489694,-0.013878645073967385,0.05009524125277102,-0.020804640527823545,0.0784469304055216,-0.021692114368010378,0.10715178895968677,-0.06758546125321029,0.08836114997709053,-0.2259132504794677,0.14322982264450765,-0.3351199714297666,0.2429644224477883,-0.5324451747548604,0.7828626627446945,-1.3228959473951225,0.12558431927732067,3.9448575207534837,0.937715092708911,0.9441750182539566,0.0,9.79115232607059
79,9.958466506062294,0.9381992554603171,0.8836323841110245,4.020010828809594,0.12444827001895925,-1.2555965674479121,0.7113647565352695,-0.4887196732137384,0.18697679788887275,-0.3033887663190697,0.11736490134052799,-0.2130133124475238,0.07771953300446534,-0.0536174021608777,0.10074462848776894,-0.014616383878788329,0.07252265246246692,-0.01853699207504555,0.04462062469299116,-0.02667514825597821,-0.007686085314467368,-0.012890494501558401,0.044620624692991245,-0.018536992075045434,0.07252265246246699,-0.014616383878788334,0.10074462848776898,-0.0536174021608777,0.0777195330044654,-0.21301331244752364,0.11736490134052789,-0.3033887663190697,0.1869767978888728,-0.4887196732137384,0.7113647565352698,-1.2555965674479121,0.1244482700189591,4.020010828809594,0.8836323841110247,0.938199255460317,0.0,9.812979342466601
80,9.986838160950231,0.9321690743849895,0.829344665507306,4.093065667280178,0.12319673535645728,-1.186476692514124,0.6383816976138698,-0.4436054830484209,0.1302952920383644,-0.270232720508016,0.09081955521672369,-0.19861923907861423,0.06642921855682372,-0.03912418563466557,0.09319322484945744,-0.00735010647282803,0.06552283091636678,-0.015959043325063295,0.03830876374182678,-0.026334050772977294,-0.008709005661380482,-0.011573315018116608,0.03830876374182686,-0.01595904332506317,0.06552283091636683,-0.00735010647282803,0.09319322484945745,-0.0391241856346656,0.06642921855682378,-0.19861923907861406,0.09081955521672354,-0.2702327205080161,0.1302952920383646,-0.4436054830484209,0.6383816976138699,-1.186476692514124,0.12319673535645712,4.093065667280178,0.8293446655073066,0.9321690743849893,0.0,9.832102138308791
81,10.013777226069092,0.9260848247959907,0.7748645320965137,4.163983901104628,0.12183087668793054,-1.1156365398044854,0.5640658564583539,-0.39723079546156675,0.07313025311557728,-0.23580754867288606,0.06374768132534095,-0.18283199445529452,0.0545844428987338,-0.024247765967262875,0.08458334581361016,1.1990811544729303e-05,0.05755127627374205,-0.013113947895252246,0.03127809175194647,-0.02544250216364465,-0.009530256351452644,-0.00996072753174752,0.03127809175194655,-0.013113947895252135,0.057551276273742104,1.1990811544712078e-05,0.08458334581361018,-0.024247765967262858,0.05458444289873387,-0.1828319944552943,0.0637476813253409,-0.23580754867288597,0.07313025311557717,-0.39723079546156664,0.5640658564583543,-1.1156365398044856,0.1218308766879304,4.163983901104629,0.774864532096514,0.9260848247959909,0.0,9.848763475707488
82,10.039321091504458,0.9199468595974675,0.7202046237192294,4.232728510542681,0.12035196150179256,-1.0431788207680406,0.48857238606445447,-0.3497273833377809,0.015693823757937764,-0.20027492583725612,0.03630622927145313,-0.16576231475547779,0.04228407018653454,-0.009133850747306743,0.07501278116215518,0.007373931777351408,0.04872621028064152,-0.01004933130942289,0.023660529572322963,-0.024019138145683443,-0.01013082013388774,-0.008093893217805669,0.023660529572323053,-0.010049331309422777,0.048726210280641565,0.007373931777351404,0.07501278116215519,-0.009133850747306726,0.042284070186534566,-0.16576231475547756,0.03630622927145304,-0.2002749258372561,0.015693823757937538,-0.349727383337781,0.48857238606445497,-1.0431788207680408,0.12035196150179239,4.232728510542681,0.7202046237192293,0.9199468595974676,0.0,9.863226729860097
83,10.063507147341909,0.9137555348092279,0.6653776219253112,4.299263610498939,0.11876136220055186,-0.9692085921703653,0.412058898024905,-0.30123022681320777,-0.04180084625213634,-0.1638017280783816,0.008654291295212205,-0.14752993151771013,0.02963076728416218,0.0060695262784545975,0.06459023200765142,0.014639742265465066,0.03917851264089627,-0.006816493769547012,0.015599010235713973,-0.022093710781684477,-0.010496790083300258,-0.006020462882962635,0.015599010235714071,-0.006816493769546896,0.039178512640896314,0.014639742265465069,0.06459023200765143,0.00606952627845458,0.029630767284162238,-0.14752993151770985,0.008654291295212103,-0.1638017280783816,-0.04180084625213638,-0.3012302268132077,0.4120588980249053,-0.9692085921703653,0.11876136220055172,4.29926361049894,0.6653776219253117,0.9137555348092281,0.0,9.875771617982343
84,10.08637278366696,0.9075112095460921,0.6103962470316692,4.363554469255118,0.1170605548272512,-0.8938331037713024,0.33468513347562795,-0.25187712973177406,-0.09914039099792867,-0.12655924880725286,-0.019047820067859014,-0.12826273181045522,0.016730146839120996,0.02121345512663184,0.05343407618150745,0.02171470132454809,0.029049780011158627,-0.003469551415145802,0.007244797017724746,-0.019706466582536646,-0.010619691634741944,-0.0037933606819196574,0.007244797017724846,-0.0034695514151456986,0.02904978001115868,0.02171470132454808,0.05343407618150747,0.021213455126631798,0.01673014683912103,-0.12826273181045506,-0.019047820067859083,-0.12655924880725286,-0.09914039099792858,-0.251877129731774,0.3346851334756281,-0.8938331037713024,0.11706055482725104,4.363554469255118,0.6103962470316693,0.9075112095460924,0.0,9.886689669170268
85,10.107955390565188,0.901214245997061,0.5552732551710461,4.425567526600193,0.11525111769572992,-0.8171616428230623,0.2566126295959688,-0.20180832807791424,-0.15611202024120183,-0.08872239430300341,-0.046639501401256195,-0.1080958611961957,0.0036898857710388564,0.036149608080993954,0.04167102371540343,0.028506576043509934,0.018490226058703214,-6.453044524288204e-05,-0.0012453548096305347,-0.016907305249185246,-0.0104966788245439,-0.0014694332323048874,-0.001245354809630427,-6.453044524278838e-05,0.01849022605870325,0.028506576043509934,0.04167102371540347,0.036149608080993934,0.0036898857710388993,-0.10809586119619553,-0.04663950140125621,-0.08872239430300341,-0.15611202024120185,-0.20180832807791424,0.2566126295959694,-0.8171616428230625,0.11525111769572978,4.425567526600193,0.5552732551710456,0.9012142459970612,0.0,9.896279505558248
86,10.128292358122156,0.8948650094043089,0.5000214353324891,4.485270411349037,0.11333472992598204,-0.7393053756141559,0.178004382359234,-0.15116609149841156,-0.2125043090986025,-0.05046886227977462,-0.07396078950826974,-0.087170775782414,-0.00938117346952631,0.05073169249323236,0.029434677686766993,0.03492682394855522,0.00765645372507929,0.00334157073315646,-0.009712139274094296,-0.013754736637254484,-0.010130600192732883,0.0008920013910030482,-0.009712139274094197,0.0033415707331565492,0.007656453725079333,0.03492682394855522,0.029434677686767018,0.0507316924932323,-0.009381173469526292,-0.08717077578241376,-0.07396078950826986,-0.05046886227977469,-0.2125043090986023,-0.1511660914984113,0.17800438235923455,-0.7393053756141555,0.1133347299259819,4.485270411349038,0.5000214353324894,0.8948650094043089,0.0,9.904842005426207
87,10.14742107642341,0.8884638680419987,0.4446536063942015,4.542631958240377,0.11131316988596757,-0.6603771862889029,0.09902450623763309,-0.10009431904561855,-0.26810798265115643,-0.01197830734383422,-0.10085328880107698,-0.0656342500086346,-0.02237393137055534,0.06481688365118414,0.016864016774015694,0.04089174728973797,-0.0032908672660524967,0.006691735630878259,-0.01799668885969815,-0.010314657746724942,-0.009529932820955721,0.0032306677453135396,-0.017996688859698053,0.0066917356308783295,-0.0032908672660524707,0.04089174728973797,0.01686401677401572,0.06481688365118415,-0.022373931370555298,-0.06563425000863436,-0.10085328880107705,-0.011978307343834186,-0.2681079826511564,-0.10009431904561834,0.09902450623763302,-0.6603771862889029,0.11131316988596741,4.542631958240377,0.44465360639420176,0.8884638680419988,0.0,9.91267541819856
88,10.165378935554504,0.8820111931949209,0.3891826141494534,4.597622224205237,0.10918831354132408,-0.5804915131762155,0.01983789157207184,-0.048738130290753634,-0.3227166925751272,0.02656850273969112,-0.12716108960159747,-0.04363734712918823,-0.03517994197363754,0.07826722368023963,0.004101816756487594,0.04632358416913127,-0.014189383213293934,0.00992988410507963,-0.025943555436268667,-0.006658975300807808,-0.008708586033359363,0.005486871546304546,-0.025943555436268584,0.009929884105079691,-0.014189383213293922,0.04632358416913127,0.00410181675648762,0.07826722368023961,-0.03517994197363751,-0.043637347129187994,-0.12716108960159753,0.02656850273969112,-0.32271669257512725,-0.04873813029075343,0.01983789157207239,-0.5804915131762157,0.10918831354132393,4.597622224205237,0.3891826141494532,0.8820111931949205,0.0,9.920070499647247
89,10.182203325601023,0.875507359136957,0.3336213283262543,4.650212503997399,0.10696213271450969,-0.4997641828649612,-0.05939013967787532,0.0027565470308887926,-0.37612778291211724,0.0649905360079429,-0.15273167203024868,-0.021334359613021256,-0.04769231803405962,0.09095097277634646,-0.008706971112560349,0.05115152228608835,-0.02487746421603142,0.013001811113763044,-0.033403627028881853,-0.002864102705750907,-0.007685579306017471,0.007603023360179056,-0.03340362702888176,0.01300181111376309,-0.024877464216031413,0.05115152228608835,-0.00870697111256033,0.09095097277634646,-0.04769231803405959,-0.021334359613020996,-0.15273167203024876,0.06499053600794279,-0.3761277829121171,0.0027565470308888616,-0.05939013967787477,-0.49976418286496116,0.10696213271450955,4.650212503997398,0.3336213283262543,0.8755073591369571,0.0,9.927305733149199
90,10.197931636648477,0.8689527431093723,0.27798263960146813,4.700375345177721,0.10463669325499297,-0.4183122422664818,-0.13849417908510456,0.05424339167111143,-0.42814304213659593,0.10310734650224149,-0.17741679024229254,0.0011182731071148807,-0.05980662317086199,0.10274389953591492,-0.02141686644167753,0.055312622083874934,-0.03519660121866641,0.015856094082007766,-0.04023692569811578,0.0009906371909187074,-0.006484601843377795,0.009525108569668895,-0.04023692569811572,0.015856094082007798,-0.03519660121866641,0.05531262208387492,-0.021416866441677524,0.10274389953591495,-0.059806623170861974,0.00111827310711507,-0.17741679024229268,0.1031073465022415,-0.42814304213659593,0.05424339167111163,-0.13849417908510428,-0.41831224226648206,0.10463669325499285,4.700375345177721,0.2779826396014684,0.8689527431093725,0.0,9.934642699649258
91,10.212601258782467,0.8623477252989332,0.2222794566100728,4.7480845624444665,0.10221415312218744,-0.3362537889077627,-0.21730907708664665,0.10557610463814777,-0.4785694387298894,0.14073992171787572,-0.20107333188539941,0.023563061944882665,-0.07142174356040173,0.11353049774444403,-0.03388351204682129,0.058752637263044846,-0.04499375677130861,0.018444953691045936,-0.04631523403274337,0.004824670157149544,-0.005133464020376505,0.011204066093113127,-0.046315234032743305,0.01844495369104596,-0.04499375677130863,0.058752637263044874,-0.033883512046821274,0.11353049774444399,-0.07142174356040173,0.023563061944882863,-0.20107333188539944,0.14073992171787572,-0.47856943872988944,0.10557610463814791,-0.2173090770866462,-0.3362537889077629,0.1022141531221873,4.748084562444466,0.22227945661007226,0.8623477252989333,0.0,9.942321655138143
92,10.226249582088524,0.8556926888158565,0.16652470295024557,4.793315251302186,0.09969676038291024,-0.25370779970130775,-0.2956702877748843,0.1566088249027547,-0.5272198375308784,0.17771152332179174,-0.22356414779571085,0.04584257283314378,-0.08244073189770382,0.1232051177059919,-0.04596531353972831,0.061426721964912466,-0.05412363464409196,0.020725053680989636,-0.05152450097235725,0.008557854790357979,-0.003663453392872916,0.012597040664909465,-0.05152450097235722,0.020725053680989636,-0.054123634644091985,0.06142672196491248,-0.0459653135397283,0.12320511770599189,-0.08244073189770382,0.04584257283314399,-0.22356414779571093,0.17771152332179166,-0.5272198375308782,0.15660882490275485,-0.2956702877748841,-0.2537077997013079,0.0996967603829101,4.793315251302185,0.16652470295024505,0.8556926888158566,0.0,9.950557370070634
93,10.238913996652204,0.8489880196715862,0.1107313141849866,4.836043801062019,0.097086851125223,-0.17079395843999187,-0.37341421242848893,0.20719654385984107,-0.5739136942049838,0.21384851718982015,-0.2447588471222255,0.06780053101082349,-0.09277161658135318,0.13167300103264723,-0.05752504753684459,0.06330001540590345,-0.06245083463571051,0.022658226278897582,-0.05576698181798867,0.012112157684142937,-0.0021086101889169176,0.013668476712973438,-0.05576698181798864,0.02265822627889757,-0.06245083463571053,0.06330001540590345,-0.05752504753684457,0.13167300103264717,-0.09277161658135316,0.06780053101082367,-0.24475884712222562,0.21384851718982012,-0.5739136942049838,0.20719654385984113,-0.37341421242848877,-0.17079395843999237,0.09708685112522286,4.836043801062019,0.11073131418498688,0.848988019671586,0.0,9.959535280316517
94,10.250631892559085,0.8422341067564059,0.054912234840958536,4.876247907166609,0.09438684729059059,-0.0876324822670026,-0.4503785410658681,0.25719551736794916,-0.6184777252542301,0.24898118886523804,-0.26453455326976233,0.08928291717807664,-0.10232816936794824,0.13885120875871976,-0.0684314202230052,0.06434809634118135,-0.06985186061939333,0.024212111108865793,-0.05896307227637631,0.01541328453231985,-0.0005049390578996349,0.01439102591206484,-0.05896307227637629,0.02421211110886577,-0.06985186061939337,0.06434809634118135,-0.06843142022300518,0.1388512087587197,-0.10232816936794822,0.0892829171780768,-0.2645345532697624,0.24898118886523798,-0.6184777252542302,0.25719551736794927,-0.45037854106586783,-0.08763248226700288,0.09438684729059045,4.876247907166608,0.054912234840958814,0.8422341067564059,0.0,9.969407994048497
95,10.26144065989471,0.8354313418168802,-0.0009195845947493636,4.913906582833215,0.09159925442636992,-0.004343947372474304,-0.5264025913080437,0.3064636741957826,-0.6607465510819389,0.2829445406089307,-0.2827766162779104,0.11013904783101304,-0.11103062508877432,0.14466943368920648,-0.07856055856791958,0.06455730143292165,-0.0762169520460921,0.025360696889095785,-0.06105280212457835,0.018392233075896804,0.0011104246693211125,0.014746245247750367,-0.061052802124578344,0.02536069688909574,-0.07621695204609215,0.06455730143292164,-0.07856055856791952,0.14466943368920646,-0.1110306250887743,0.11013904783101322,-0.2827766162779103,0.28294454060893054,-0.6607465510819387,0.3064636741957828,-0.5264025913080439,-0.004343947372474786,0.09159925442636976,4.9139065828332145,-0.0009195845947488124,0.8354313418168802,0.0,9.980292193514838
96,10.271377688744629,0.8285801194331337,-0.05675119067924188,4.949000170008944,0.08872665936071425,0.07895088583045863,-0.6013276438435021,0.3548610197151902,-0.7005633097256073,0.3155790662978731,-0.2993792775059363,0.13022263219821156,-0.11880634742147704,0.14907068902595824,-0.08779741725843694,0.06392490337281555,-0.08145171174286384,0.026084756848192996,-0.0619969604683737,0.020986735432304855,0.002700074902864536,0.014725067772971905,-0.0619969604683737,0.02608475684819293,-0.0814517117428639,0.06392490337281553,-0.08779741725843694,0.14907068902595821,-0.11880634742147705,0.13022263219821173,-0.29937927750593635,0.3155790662978731,-0.7005633097256074,0.35486101971519046,-0.6013276438435019,0.07895088583045884,0.08872665936071415,4.949000170008944,-0.05675119067924188,0.8285801194331339,0.0,9.992265965000247
97,10.280480369194404,0.8216808369959626,-0.11256963001912261,4.98151034963236,0.08577172780205039,0.16213124779671717,-0.6749972737946462,0.4022500336935152,-0.7377802389803693,0.34673150053268126,-0.31424628277013067,0.14939279836537178,-0.12559043515977458,0.15201186652677479,-0.09603708536685615,0.0624591464367047,-0.08547850586546572,0.026372170572036724,-0.061777831480533105,0.023142559658396823,0.004227200986088451,0.014328034041194189,-0.06177783148053312,0.026372170572036658,-0.08547850586546574,0.06245914643670472,-0.09603708536685614,0.15201186652677473,-0.12559043515977458,0.14939279836537195,-0.31424628277013067,0.34673150053268126,-0.7377802389803694,0.4022500336935153,-0.6749972737946455,0.1621312477967169,0.08577172780205025,4.981510349632358,-0.11256963001912317,0.8216808369959627,0.0,10.005366584520226
98,10.288786091329595,0.8147338946837865,-0.16836195227578946,5.01142015119615,0.0827372018653567,0.24507653495357076,-0.7472576772940405,0.4484960610549946,-0.7722592247527549,0.3762555384361132,-0.32729144037891733,0.16751508139057644,-0.1313262639208895,0.15346415873052102,-0.10318597791432582,0.060179139007837675,-0.08823761524323467,0.026218126893660508,-0.06039952681384769,0.024814643341114585,0.005656440099730691,0.013565278308817865,-0.060399526813847706,0.026218126893660418,-0.0882376152432347,0.060179139007837654,-0.10318597791432582,0.153464158730521,-0.1313262639208895,0.16751508139057664,-0.3272914403789173,0.3762555384361133,-0.7722592247527549,0.44849606105499484,-0.7472576772940406,0.24507653495357082,0.08273720186535657,5.011420151196149,-0.16836195227578918,0.8147338946837865,0.0,10.019588780987197
99,10.296332245235767,0.8077396954394359,-0.22411521317001754,5.038713961605838,0.07962589752753774,0.32766648456429087,-0.8179579925886405,0.4934676945008619,-0.8038723136097675,0.40401252276204214,-0.33843912083051014,0.18446236647924616,-0.13596595876926026,0.15341334111276606,-0.10916289879572842,0.05711460446987168,-0.08968812104128808,0.025625204429864143,-0.057887908451643336,0.025968035520789683,0.006954696139276128,0.012456269859040536,-0.05788790845164335,0.025625204429864053,-0.08968812104128815,0.05711460446987168,-0.10916289879572841,0.153413341112766,-0.13596595876926035,0.18446236647924624,-0.3384391208305101,0.4040125227620421,-0.8038723136097677,0.49346769450086225,-0.8179579925886405,0.32766648456429087,0.07962589752753761,5.038713961605836,-0.22411521317001754,0.8077396954394364,0.0,10.034883492788902
100,10.30315622099846,0.8006986449467813,-0.27981647748514166,5.063377533329893,0.07644070201425598,0.4097813490976189,-0.8869506150016145,0.5370371479009476,-0.8325021876211882,0.42987209508795043,-0.3476246952761129,0.20011578060309138,-0.1394707938117088,0.15185991140836194,-0.1138999629934974,0.053305493717110713,-0.0898085116052765,0.02460332841641352,-0.054290103443384786,0.026578627258395732,0.008091906103256306,0.011029316049854734,-0.05429010344338483,0.024603328416413422,-0.08980851160527654,0.053305493717110713,-0.1138999629934974,0.1518599114083619,-0.13947079381170877,0.2001157806030915,-0.3476246952761128,0.42987209508795055,-0.8325021876211883,0.5370371479009479,-0.8869506150016141,0.40978134909761854,0.07644070201425586,5.063377533329893,-0.2798164774851422,0.8006986449467814,0.0,10.051157127980506
101,10.30929540870325,0.7936111516072001,-0.33545282206813215,5.085397991837042,0.07318457112064672,0.4913020698502407,-0.954091505094206,0.5790806193957901,-0.8580425997329358,0.4537128080326754,-0.3547949102066632,0.21436552630899589,-0.1418115154287845,0.14881908473636327,-0.11734336760599502,0.048801464333501084,-0.0885970014889074,0.023169604564386,-0.04967361963068532,0.026633655575969625,0.009041736245649112,0.009320839770845784,-0.04967361963068537,0.023169604564385892,-0.08859700148890746,0.048801464333501084,-0.11734336760599504,0.14881908473636327,-0.14181151542878453,0.214365526308996,-0.3547949102066631,0.45371280803267533,-0.8580425997329355,0.5790806193957907,-0.9540915050942057,0.49130206985024055,0.07318457112064661,5.085397991837042,-0.33545282206813243,0.7936111516072001,0.0,10.068271332653529
102,10.314787198435678,0.7864776265158908,-0.39101133882787287,5.104763842316851,0.06986052646840166,0.5721104495705228,-1.0192404893842606,0.6194786431775114,-0.8803987680557918,0.4754226956241696,-0.3599081961908701,0.22711165186926097,-0.14296858644438748,0.14432064457503624,-0.11945400293321914,0.043661233230083356,-0.08607155793291785,0.021348032718826133,-0.044125078955902154,0.026131970236517837,0.009782191871959977,0.007374449751650844,-0.044125078955902224,0.02134803271882602,-0.08607155793291792,0.043661233230083356,-0.11945400293321913,0.14432064457503616,-0.14296858644438748,0.227111651869261,-0.3599081961908701,0.4754226956241695,-0.8803987680557918,0.6194786431775117,-1.0192404893842608,0.5721104495705225,0.06986052646840155,5.104763842316851,-0.3910113388278726,0.7864776265158908,0.0,10.086043266542793
103,10.319668980281303,0.7792984834380277,-0.4464791377299433,5.121464975680073,0.06647165270176685,0.6520893238332283,-1.0822615529935993,0.6581164289498729,-0.8994877276062604,0.49489979913859533,-0.36293490887463176,0.23826475237115988,-0.14293234919567255,0.13840865104658678,-0.12020789667921539,0.03795181118026091,-0.0822696344028013,0.019169105112927295,-0.03774859212103233,0.025084057787003695,0.010296126658271993,0.00523982745238639,-0.03774859212103239,0.019169105112927184,-0.08226963440280136,0.037951811180260905,-0.12020789667921535,0.1384086510465867,-0.14293234919567258,0.23826475237115993,-0.3629349088746317,0.49489979913859544,-0.8994877276062604,0.6581164289498734,-1.0822615529935986,0.6520893238332277,0.06647165270176675,5.121464975680072,-0.44647913772994413,0.7792984834380273,0.0,10.104246379596345
104,10.323978144325682,0.7720741387847591,-0.5018433497872177,5.135492673835663,0.06302109462505705,0.7311227309167325,-1.143023123613261,0.6948841881029477,-0.915238638194235,0.5120526459411909,-0.36385750084463286,0.24774659682816352,-0.14170310614214818,0.13114100936882458,-0.11959648622600604,0.031747629231888896,-0.07724761513704383,0.01666929594277045,-0.030663805094189533,0.023511822361853944,0.010571639699243738,0.002971458948083014,-0.030663805094189613,0.016669295942770328,-0.0772476151370439,0.03174762923188886,-0.11959648622600606,0.13114100936882453,-0.1417031061421482,0.24774659682816352,-0.36385750084463275,0.5120526459411907,-0.9152386381942346,0.6948841881029479,-1.1430231236132609,0.7311227309167324,0.06302109462505691,5.135492673835663,-0.5018433497872177,0.7720741387847592,0.0,10.12261167808771
105,10.327752080654385,0.764805011589058,-0.5570911300455709,5.146839614241671,0.05951205428434278,0.8090960799364336,-1.2013983461937645,0.7296774456755843,-0.9275930473148806,0.5268006790800692,-0.3626706233597437,0.2554906769141018,-0.1392911173411535,0.12258890270057558,-0.11762671588658777,0.02512956838473776,-0.07107997894346972,0.013890450806892463,-0.023003654118270215,0.02144812782876949,0.010602351090832388,0.0006272441756827639,-0.023003654118270312,0.013890450806892345,-0.07107997894346976,0.025129568384737764,-0.11762671588658775,0.12258890270057553,-0.13929111734115354,0.2554906769141018,-0.36267062335974365,0.5268006790800692,-0.9275930473148806,0.7296774456755843,-1.2013983461937647,0.8090960799364334,0.05951205428434271,5.14683961424167,-0.5570911300455709,0.7648050115890581,0.0,10.140829463915335
106,10.331028179352955,0.7574915234814136,-0.6122096605640168,5.155499873727654,0.05594778799601829,0.8858963169905779,-1.2572653477869051,0.7623973372192281,-0.9365051070691304,0.539074635615401,-0.35938115736042964,0.26144267347128575,-0.13571651481078603,0.11283609493585844,-0.11432095803241175,0.018183905182969775,-0.06385819464497315,0.010879086231170688,-0.014911871345970041,0.018936110847200652,0.010387549666224686,-0.0017329809575342564,-0.014911871345970131,0.010879086231170577,-0.06385819464497319,0.018183905182969782,-0.11432095803241171,0.11283609493585837,-0.13571651481078603,0.26144267347128575,-0.3593811573604296,0.539074635615401,-0.9365051070691305,0.7623973372192281,-1.2572653477869051,0.8858963169905777,0.055947787996018225,5.155499873727652,-0.6122096605640168,0.7574915234814139,0.0,10.158551526029798
107,10.333843830506943,0.7501340986653771,-0.667186153388576,5.161468931586597,0.05233160332500755,0.9614120890776129,-1.3105074919861652,0.7929508897195688,-0.9419417443077867,0.5488168719071858,-0.3540081735763919,0.2655608375203704,-0.1310091344950613,0.10197811027563075,-0.10971675899116981,0.011001186968442853,-0.05568936455567376,0.007685611004639159,-0.006540287904464447,0.016028279198376738,0.009932209463935922,-0.0040489718810218425,-0.0065402879044645455,0.007685611004639046,-0.0556893645556738,0.011001186968442848,-0.10971675899116984,0.10197811027563071,-0.13100913449506135,0.26556083752037035,-0.35400817357639175,0.5488168719071858,-0.9419417443077867,0.7929508897195692,-1.3105074919861655,0.9614120890776123,0.052331603325007456,5.1614689315865965,-0.6671861533885751,0.750134098665377,0.0,10.175393758471577
108,10.336236424201925,0.7427331638929564,-0.7220078535191853,5.164743671934766,0.04866685601541308,1.0355339055473916,-1.3610136224345242,0.8212512857777756,-0.9438827833678175,0.5559816343339249,-0.34658282196371987,0.267816283099448,-0.1252082672338327,0.09012129761281647,-0.1038664126009429,0.003675051457635155,-0.04669463610535507,0.004363482360698804,0.0019540150059802084,0.012785414234170917,0.009246874546734216,-0.006261613099139005,0.001954015005980114,0.004363482360698703,-0.046694636105355104,0.003675051457635163,-0.10386641260094291,0.0901212976128164,-0.12520826723383272,0.267816283099448,-0.3465828219637198,0.5559816343339248,-0.9438827833678175,0.8212512857777756,-1.3610136224345242,1.0355339055473916,0.04866685601541301,5.164743671934768,-0.7220078535191843,0.7427331638929565,0.0,10.190939175308625
109,10.338243350523445,0.7352891484398634,-0.7766620418689647,5.165322385338203,0.04495694687645508,1.1081542968521485,-1.408678294891292,0.847218110300656,-0.9423210209453622,0.5605352741707895,-0.3371481511125411,0.26819318987831703,-0.11836233081603678,0.07738178889452689,-0.09683636626422312,-0.003698993969189668,-0.03700740516851131,0.000968311128840821,0.010411653523765763,0.009275300386514203,0.008347414838574959,-0.008314427109768555,0.010411653523765661,0.0009683111288407273,-0.03700740516851135,-0.0036989939691896507,-0.09683636626422316,0.07738178889452688,-0.11836233081603684,0.268193189878317,-0.337148151112541,0.5605352741707895,-0.9423210209453624,0.847218110300656,-1.4086782948912921,1.1081542968521483,0.04495694687645502,5.165322385338203,-0.7766620418689641,0.7352891484398635,0.0,10.20474128885021
110,10.339901999557064,0.7278024840806144,-0.8311360382151511,5.163204769705064,0.04120531862659133,1.179167970367071,-1.453401997373461,0.8707775789987744,-0.9372622528275939,0.5624564056181242,-0.32575885867215887,0.2666889141267307,-0.11052846585352072,0.06388436166383116,-0.08870646624776411,-0.011024817352743896,-0.026771337743441957,-0.0024430691637886727,0.018673931743980646,0.005571308293963194,0.007254658633495331,-0.010155015988347655,0.018673931743980538,-0.002443069163788761,-0.02677133774344199,-0.011024817352743905,-0.08870646624776414,0.06388436166383117,-0.1105284658535208,0.2666889141267306,-0.3257588586721587,0.562456405618124,-0.937262252827594,0.8707775789987746,-1.4534019973734613,1.1791679703670703,0.041205318626591256,5.163204769705063,-0.8311360382151506,0.7278024840806142,0.0,10.216327813901422
111,10.341249761388333,0.7202736050634864,-0.8854172041410099,5.158391930443318,0.037415452698746215,1.2484719630545351,-1.4950913579119807,0.8918627480432524,-0.9287252523842309,0.5617360062381168,-0.31248097424058874,0.2633140072582657,-0.10177205884854917,0.049761216921948584,-0.07956905080003562,-0.01820691538181998,-0.016138239320784196,-0.005813553658192393,0.026585819427861257,0.001750861161813787,0.005993910286258415,-0.011736398840985483,0.026585819427861174,-0.005813553658192457,-0.01613823932078422,-0.018206915381819965,-0.07956905080003562,0.04976121692194857,-0.10177205884854924,0.26331400725826565,-0.3124809742405887,0.5617360062381166,-0.9287252523842309,0.8918627480432526,-1.4950913579119807,1.2484719630545351,0.03741545269874618,5.158391930443318,-0.8854172041410099,0.7202736050634867,0.0,10.225204657531766
112,10.342324026102808,0.7127029480853289,-0.9394929459680592,5.15088637988371,0.03359086600961327,1.3159657907506723,-1.5336593394892086,0.9104137042855178,-0.9167417008985164,0.5583774593279461,-0.2973914765569498,0.2580921418197373,-0.09216619643577827,0.035150684281132764,-0.0695279013865262,-0.025151658425005535,-0.005265803539707715,-0.009086722071289806,0.03399886093109132,-0.002106183587120047,0.004594364253319502,-0.01301821098827687,0.033998860931091245,-0.00908672207128987,-0.0052658035397077484,-0.025151658425005552,-0.06952790138652618,0.035150684281132716,-0.09216619643577831,0.2580921418197372,-0.2973914765569497,0.5583774593279462,-0.9167417008985167,0.9104137042855179,-1.5336593394892084,1.315965790750672,0.03359086600961323,5.150886379883709,-0.9394929459680595,0.712702948085329,0.0,10.230860150885341
113,10.343162183786081,0.7050909522662344,-0.9933507176779018,5.140692035968318,0.029735107696029776,1.3815515938577974,-1.5690254217505615,0.9263777354994959,-0.9013560699962179,0.5523965380304012,-0.2805778472160404,0.25105994544529137,-0.08179105535394576,0.020195867090670103,-0.058697063954614014,-0.03176851113611699,0.005684726479785624,-0.012207783144214779,0.04077396076891723,-0.005919203543294632,0.0030884290528458893,-0.013967734270734543,0.04077396076891716,-0.012207783144214833,0.005684726479785606,-0.031768511136117,-0.05869706395461402,0.020195867090670096,-0.08179105535394579,0.2510599454452912,-0.28057784721604023,0.5523965380304011,-0.9013560699962175,0.9263777354994961,-1.569025421750562,1.3815515938577974,0.02973510769602974,5.140692035968318,-0.9933507176779016,0.7050909522662346,0.0,10.232769476985473
114,10.343801624523653,0.6974380591240683,-1.0469780238230058,5.127814220205359,0.02585175582145178,1.4451342792314694,-1.6011157691109896,0.9397094801625019,-0.8826254566089484,0.5438213312565966,-0.2621375634924478,0.24226674393986866,-0.07073323323896816,0.005043240806352339,-0.04719955361591156,-0.03797121272089296,0.016550949444961542,-0.01512449182153438,0.04678399355079774,-0.009608496531465616,0.0015109767984763294,-0.014560732177370524,0.04678399355079768,-0.015124491821534415,0.016550949444961504,-0.03797121272089296,-0.04719955361591158,0.005043240806352364,-0.07073323323896821,0.24226674393986852,-0.2621375634924477,0.5438213312565966,-0.8826254566089485,0.9397094801625021,-1.6011157691109896,1.4451342792314694,0.025851755821451727,5.127814220205359,-1.0469780238230058,0.6974380591240689,0.0,10.2303992463111
115,10.344279738401116,0.6897447125488605,-1.1003624224257542,5.112259654891327,0.021944414055585382,1.5066216580564615,-1.629863384905318,0.9503710563492336,-0.8606193710842828,0.5326921117686836,-0.24217753321455027,0.2317742152941231,-0.05908502582407847,-0.010158781668261107,-0.035165957458118555,-0.04367890147836638,0.02717171437467646,-0.017788023808251535,0.05191618931276915,-0.013096946596392638,-0.00010146431504561761,-0.014782068480832059,0.05191618931276908,-0.017788023808251553,0.027171714374676442,-0.04367890147836638,-0.035165957458118596,-0.01015878166826109,-0.05908502582407849,0.231774215294123,-0.24217753321455024,0.5326921117686837,-0.860619371084283,0.9503710563492338,-1.629863384905318,1.5066216580564609,0.02194441405558533,5.112259654891326,-1.1003624224257544,0.6897447125488609,0.0,10.223212170177206
116,10.34463391550402,0.6820113587770558,-1.153491527865083,5.094036459601916,0.01801670833025659,1.5659245795117298,-1.655208251260624,0.9583321693726184,-0.8354194792289898,0.519061147042093,-0.22081347496473847,0.21965595705763327,-0.046943656579959,-0.02526130361697743,-0.022732951355446663,-0.04881716895679863,0.037389510541016545,-0.02015379286492971,0.056074249490058674,-0.01631163592972386,-0.0017115558751980451,-0.014626093588476195,0.05607424949005863,-0.02015379286492972,0.037389510541016545,-0.048817168956798614,-0.022732951355446694,-0.025261303616977378,-0.04694365657995901,0.2196559570576331,-0.22081347496473827,0.519061147042093,-0.8354194792289898,0.9583321693726186,-1.655208251260624,1.5659245795117291,0.018016708330256564,5.094036459601916,-1.153491527865083,0.6820113587770558,0.0,10.210671780668266
117,10.344901545917907,0.6742384463656335,-1.20635301375005,5.073154146953562,0.01407228347462183,1.6229570600305783,-1.6770974543986292,0.9635701978656485,-0.8071192992426859,0.5029924537955822,-0.19816924719915469,0.20599697010497148,-0.03441046522479168,-0.04011640288482347,-0.010041747623473003,-0.05331902998164096,0.04705280342434166,-0.02218219715981369,0.059180153826642865,-0.01918536904453654,-0.003282013876774903,-0.01409678874780077,0.059180153826642844,-0.02218219715981368,0.04705280342434167,-0.05331902998164096,-0.010041747623473015,-0.04011640288482348,-0.034410465224791714,0.20599697010497128,-0.1981692471991545,0.5029924537955821,-0.8071192992426859,0.9635701978656485,-1.6770974543986295,1.6229570600305774,0.014072283474621786,5.073154146953562,-1.2063530137500498,0.6742384463656338,0.0,10.192247145083927
118,10.345120019728366,0.6664264261660893,-1.258934615779658,5.049623617637788,0.010114799832842452,1.6776364079686148,-1.695485295106511,0.9660702580596109,-0.7758238546665959,0.4845614973419145,-0.17437613017638978,0.19089306241564216,-0.021590061877444944,-0.05457858070652676,0.00276350885026255,-0.057125795909725455,0.05601828203846861,-0.023839282184372413,0.061175624317588495,-0.021658077338265018,-0.0047764720870998685,-0.01320766442539889,0.061175624317588474,-0.023839282184372396,0.05601828203846861,-0.05712579590972544,0.0027635088502625115,-0.05457858070652673,-0.02159006187744498,0.19089306241564197,-0.17437613017638962,0.4845614973419145,-0.7758238546665959,0.9660702580596113,-1.6954852951065107,1.6776364079686141,0.010114799832842409,5.049623617637787,-1.258934615779658,0.666426426166089,0.0,10.167417522592428
119,10.338632882272481,0.6585757512982829,-1.311224134588274,5.023457154730982,0.006147929867361501,1.729883343498726,-1.7103333841454946,0.9658252460760631,-0.7416492846353536,0.46385483717114734,-0.1495720648581654,0.17445017704994323,-0.008589453913781986,-0.06850618679902494,0.0155373777833952,-0.060187839725481335,0.06415298429714916,-0.025097309135377634,0.06202321871532025,-0.023678074684946142,-0.006160324158886265,-0.011981415453306464,0.06202321871532025,-0.025097309135377596,0.06415298429714918,-0.06018783972548132,0.015537377783395185,-0.06850618679902495,-0.008589453913782004,0.17445017704994298,-0.14957206485816524,0.4638548371711472,-0.7416492846353534,0.9658252460760637,-1.7103333841454946,1.7298833434987257,0.006147929867361458,5.023457154730982,-1.3112241345882736,0.6585757512982833,0.0,10.135676911077697
120,10.318911969189951,0.6506868771241586,-1.3632094385759834,4.994668417282564,0.002175354750935128,1.7796221135592505,-1.7216107223980373,0.9628358581123818,-0.704722412878217,0.44096972043101673,-0.1239008531944878,0.15678364903451816,0.004482847186088068,-0.08176280675988815,0.028134775388783687,-0.062465243004977765,0.0713362689017004,-0.025935219249076998,0.06170703308168061,-0.02520313781159187,-0.007401524990398389,-0.010449341745106628,0.061707033081680615,-0.025935219249076935,0.07133626890170043,-0.062465243004977765,0.02813477538878366,-0.08176280675988812,0.0044828471860880155,0.15678364903451794,-0.1239008531944877,0.4409697204310167,-0.704722412878217,0.962835858112382,-1.7216107223980373,1.7796221135592498,0.002175354750935102,4.994668417282564,-1.363209438575983,0.6506868771241586,0.0,10.096538433037722
121,10.286187106020279,0.6427602612213306,-1.4148784667232195,4.963272433184875,-0.0017992390494193204,1.8267806016886736,-1.7292937655862755,0.9571105884635296,-0.6651802770691573,0.41601362521360713,-0.09751132442963227,0.1380173963700124,0.01751773154478531,-0.09421859818273354,0.04041262221553642,-0.06392831631362705,0.07746160450580566,-0.02633898631473152,0.0602330002033623,-0.026201388875973307,-0.008471332776257492,-0.008650549367969268,0.060233000203362315,-0.02633898631473145,0.0774616045058057,-0.06392831631362705,0.040412622215536396,-0.09421859818273347,0.017517731544785274,0.1380173963700122,-0.09751132442963223,0.4160136252136072,-0.6651802770691575,0.9571105884635298,-1.7292937655862752,1.8267806016886727,-0.0017992390494193378,4.963272433184875,-1.4148784667232195,0.6427602612213306,0.0,10.049538510865244
122,10.240688118302913,0.6347963633565424,-1.4662192313890232,4.929285591328527,-0.0057721631933877185,1.8712904325876036,-1.7333664734266243,0.9486657053856613,-0.6231696202724336,0.38910375579322026,-0.07055647226231096,0.11828305083533347,0.030406401589244906,-0.10575156240300561,0.05223146822507146,-0.06455798625336871,0.08243814962336635,-0.026301851466611174,0.05762877827136061,-0.02665196179761207,-0.009344974565629854,-0.006630952363202265,0.05762877827136067,-0.026301851466611088,0.0824381496233664,-0.0645579862533687,0.05223146822507145,-0.10575156240300558,0.03040640158924487,0.11828305083533323,-0.07055647226231081,0.38910375579322026,-0.6231696202724336,0.9486657053856616,-1.7333664734266243,1.871290432587603,-0.0057721631933877445,4.929285591328527,-1.4662192313890225,0.6347963633565425,0.0,9.994240783931888
123,10.182644831577335,0.6267956454590008,-1.5172198210922692,4.892725633047307,-0.00973973089006241,1.9130870712564196,-1.7338203431179005,0.9375252048701518,-0.5788463463709227,0.36036649218602035,-0.043192567862352836,0.09771903468529941,0.0430412801456091,-0.11624873941796564,0.06345707664482765,-0.06434604411358215,0.08619209984865933,-0.025824436324143846,0.05394323191322151,-0.02654543841390382,-0.010002219915831771,-0.0044421007937704956,0.05394323191322156,-0.025824436324143753,0.08619209984865935,-0.06434604411358215,0.06345707664482762,-0.11624873941796554,0.043041280145609054,0.0977190346852992,-0.043192567862352746,0.3603664921860204,-0.5788463463709228,0.9375252048701521,-1.7338203431179005,1.9130870712564196,-0.009739730890062418,4.892725633047306,-1.517219821092269,0.6267956454590006,0.0,9.93023972261113
124,10.112287071383005,0.6187585715935805,-1.5678684032752341,4.8536116428570955,-0.013698260319207227,1.952109916564849,-1.730654427093054,0.9237207424593937,-0.5323749414981432,0.32993679661655256,-0.01557825388619411,0.07646958971797756,0.05531690834787854,-0.12560731427720592,0.07396194861044147,-0.0632952528841832,0.08866778240891811,-0.024914732586306245,0.04924551531579848,-0.025884045344560385,-0.010427849357570287,-0.0021398649327822156,0.04924551531579854,-0.024914732586306148,0.08866778240891812,-0.06329525288418317,0.07396194861044143,-0.1256073142772058,0.0553169083478785,0.07646958971797733,-0.015578253886193955,0.3299367966165525,-0.5323749414981432,0.9237207424593937,-1.730654427093054,1.9521099165648494,-0.013698260319207253,4.853611642857094,-1.5678684032752332,0.6187585715935805,0.0,9.857163897711004
125,10.0298446632594,0.6106856079339087,-1.6181532270488423,4.811964038493634,-0.017644078047910246,1.9883023891178178,-1.7238753349974572,0.9072915432981146,-0.48392786362106927,0.2979575796786165,0.012126375256361205,0.0546837655221085,0.06713082586579627,-0.1337356241071113,0.08362677127972047,-0.06141931123582514,0.08982848181663018,-0.023587968254441632,0.04362377464245361,-0.02468160744938423,-0.010612006823827617,0.000216990821066309,0.043623774642453664,-0.023587968254441514,0.08982848181663025,-0.06141931123582513,0.08362677127972044,-0.1337356241071112,0.06713082586579623,0.054683765522108276,0.012126375256361378,0.2979575796786167,-0.48392786362106943,0.9072915432981146,-1.7238753349974576,1.9883023891178169,-0.017644078047910246,4.811964038493634,-1.6181532270488412,0.6106856079339085,0.0,9.774678867732861
126,9.935547432745988,0.6025772227353239,-1.6680626259189717,4.767804560254348,-0.021573522439452843,2.0216120132901554,-1.7134972198896046,0.8882842906757956,-0.433684902539028,0.26457902916727005,0.03976070155194367,0.03251437400133315,0.07838442610501374,-0.14055405590593198,0.09234177297094098,-0.058742674936777366,0.089656984376755,-0.02186635272286978,0.03718349409205146,-0.022963258852230824,-0.010550427881387294,0.002568307900386022,0.03718349409205153,-0.021866352722869672,0.08965698437675507,-0.058742674936777345,0.09234177297094096,-0.14055405590593192,0.07838442610501373,0.03251437400133291,0.03976070155194379,0.26457902916727,-0.43368490253902797,0.8882842906757956,-1.7134972198896048,2.0216120132901563,-0.021573522439452833,4.767804560254348,-1.6680626259189715,0.6025772227353241,0.0,9.68248965090336
127,9.829625205382243,0.5944338863077178,-1.7175850204931769,4.721156259649778,-0.025482947051232576,2.0519904933112465,-1.6995417486930486,0.8667529933769008,-0.3818325126737588,0.2299579047340469,0.06716451456901967,0.010116917508483994,0.08898377924148528,-0.1459958263159849,0.10000796993400166,-0.05530023803458556,0.08815583347357503,-0.019778705004349372,0.030045516633664462,-0.02076491757152003,-0.010244538479970035,0.004854069112042249,0.03004551663366455,-0.019778705004349265,0.0881558334735751,-0.055300238034585565,0.1000079699340016,-0.14599582631598482,0.08898377924148526,0.010116917508483736,0.06716451456901983,0.2299579047340468,-0.3818325126737586,0.866752993376901,-1.6995417486930486,2.0519904933112465,-0.025482947051232552,4.721156259649777,-1.7175850204931764,0.5944338863077181,0.0,9.580342754008115
128,9.712307806707635,0.586256070988254,-1.7667089211672031,4.672043487370558,-0.02936872401858582,2.0793937832892713,-1.68203805696125,0.8427588322158357,-0.3285631211266889,0.19425680167798562,0.09417894028033193,-0.012351501891692034,0.09884041622051333,-0.15000763573547782,0.1065382905937834,-0.05113687795879857,0.08534729185116127,-0.017359971313718903,0.022343776555169222,-0.018132534738904967,-0.009701421932299897,0.007015930571534578,0.02234377655516931,-0.017359971313718782,0.08534729185116131,-0.05113687795879857,0.1065382905937834,-0.1500076357354777,0.09884041622051329,-0.012351501891692327,0.09417894028033202,0.1942568016779856,-0.3285631211266888,0.8427588322158358,-1.6820380569612503,2.0793937832892713,-0.029368724018585778,4.672043487370556,-1.7667089211672027,0.5862560709882544,0.0,9.468027735639224
129,9.58382506226162,0.5780442511139727,-1.815422930790667,4.620491880576205,-0.033227247421370724,2.103782151073541,-1.6610226880497887,0.8163699861927055,-0.2740744135712619,0.15764338733001299,0.12064736213751412,-0.034733284380639745,0.10787206717668218,-0.15255019036323716,0.11185856449671996,-0.04630687047504292,0.0812730114468506,-0.014650640085133294,0.0142227863713274,-0.01512113409940841,-0.008933654889725142,0.008998710926298547,0.01422278637132749,-0.014650640085133178,0.08127301144685067,-0.04630687047504291,0.11185856449671992,-0.1525501903632371,0.10787206717668217,-0.034733284380639884,0.12064736213751419,0.15764338733001296,-0.274074413571262,0.8163699861927056,-1.6610226880497887,2.1037821510735415,-0.03322724742137072,4.620491880576205,-1.815422930790667,0.578044251113973,0.0,9.345378287493947
130,9.444406797583678,0.5697989029942767,-1.863715747311296,4.566528349512382,-0.037054936630186185,2.125120235862321,-1.6365395168229244,0.7876614387638481,-0.21856860063041483,0.12028961361694232,0.1464163290579385,-0.056871437835487613,0.11600334811134948,-0.1535985870631542,0.11590836472826342,-0.040873182117413774,0.07599341567425356,-0.011696064215224896,0.0058349252460501745,-0.011793661870007664,-0.00795901611161625,0.010751799855615564,0.005834925246050278,-0.01169606421522478,0.0759934156742536,-0.04087318211741376,0.11590836472826341,-0.1535985870631541,0.11600334811134942,-0.056871437835487766,0.1464163290579385,0.12028961361694232,-0.21856860063041492,0.7876614387638481,-1.6365395168229249,2.1251202358623202,-0.03705493663018617,4.566528349512382,-1.8637157473112962,0.5697989029942769,0.0,9.212272823757036
131,9.294282838213288,0.5615205048833044,-1.9115761663970894,4.510181063463564,-0.04084823962912117,2.1433770994726076,-1.608639658053791,0.7567147647776209,-0.16225166746171343,0.0823709095032142,0.17133644505972603,-0.0786106790159912,0.12316639009624113,-0.15314255727878207,0.11864169423318853,-0.03490664932340821,0.06958680331681329,-0.008545701877511462,-0.002662420192143251,-0.008219670997657268,-0.006800074772408,0.012230449895275698,-0.002662420192143156,-0.008545701877511348,0.06958680331681337,-0.0349066493234082,0.11864169423318857,-0.15314255727878204,0.12316639009624113,-0.0786106790159914,0.17133644505972612,0.08237090950321424,-0.16225166746171343,0.7567147647776209,-1.6086396580537914,2.143377099472607,-0.04084823962912114,4.510181063463564,-1.911576166397089,0.5615205048833044,0.0,9.06863457527867
132,9.133683009689918,0.5532095369521893,-1.958993084035823,4.451479436048535,-0.04460363631195166,2.1585262711975397,-1.5773813597094595,0.7236178986808587,-0.10533260933498176,0.04406535710301334,0.19526323538724838,-0.09979852276489262,0.12930140575141033,-0.15118656760905488,0.12002750824360589,-0.02848505497263201,0.06214818732157837,-0.0052522886164511106,-0.011109808992823928,-0.0044738673192276915,-0.005483667839633131,0.013396918613265236,-0.011109808992823824,-0.005252288616451009,0.06214818732157844,-0.028485054972631995,0.12002750824360588,-0.1511865676090548,0.1293014057514103,-0.09979852276489279,0.19526323538724846,0.044065357103013375,-0.10533260933498173,0.7236178986808584,-1.577381359709459,2.158526271197539,-0.04460363631195164,4.451479436048534,-1.9589930840358223,0.5532095369521897,0.0,8.914431192130222
133,8.96283713755303,0.5448664812612102,-2.0059554991112667,4.39045410986628,-0.048317641748726,2.170545786186391,-1.5428298813436694,0.6884648846546415,-0.04802265603923762,0.005552855332083034,0.21805798410574453,-0.12028635158173796,0.1343571882693679,-0.1477497760600349,0.12005006688102154,-0.021692114368010367,0.053787885714400456,-0.001870954579890149,-0.01934873757286457,-0.0006345480124522231,-0.0040402786250172225,0.014221431982529797,-0.019348737572864497,-0.001870954579890052,0.053787885714400525,-0.021692114368010364,0.12005006688102149,-0.14774977606003484,0.1343571882693679,-0.12028635158173814,0.2180579841057446,0.005552855332083103,-0.04802265603923743,0.6884648846546415,-1.5428298813436696,2.170545786186391,-0.04831764174872598,4.39045410986628,-2.0059554991112654,0.5448664812612097,0.0,8.749673865076463
134,8.781975047342094,0.5364918217318277,-2.0524525159555367,4.327136940500376,-0.051986809419707264,2.1794182172915053,-1.5050573578511104,0.6513556093893563,0.009465512002798363,-0.032985724972922015,0.23958853830908522,-0.13993045806786178,0.13829153882020798,-0.14286584440118366,0.11870911392763908,-0.014616383878788337,0.044629885533919465,0.0015416983329936329,-0.027224613817248496,0.0032180350216235785,-0.002503330899185477,0.014682944360794883,-0.0272246138172484,0.0015416983329937222,0.044629885533919514,-0.014616383878788303,0.11870911392763908,-0.14286584440118358,0.13829153882020798,-0.13993045806786195,0.23958853830908525,-0.032985724972921876,0.009465512002798432,0.6513556093893565,-1.505057357851111,2.179418217291505,-0.05198680941970727,4.327136940500373,-2.052452515955536,0.5364918217318277,0.0,8.574415983433928
135,8.591326564596589,0.528086044118618,-2.09847334687698,4.261560979890188,-0.05560773441367188,2.1851307003359928,-1.4641426488676972,0.6123955182583689,0.06691855300357451,-0.07136939049962976,0.2597300742782777,-0.15859305293053497,0.1410716187703271,-0.13658260846403789,0.11601987973644505,-0.007350106472828034,0.03481000404793188,0.00492854396015434,-0.03458965778658175,0.007003352635065902,-0.0009084149157790704,0.01476967567901579,-0.03458965778658167,0.004928543960154416,0.03481000404793192,-0.007350106472828038,0.11601987973644505,-0.1365826084640378,0.14107161877032712,-0.15859305293053508,0.25973007427827777,-0.07136939049962976,0.06691855300357454,0.6123955182583688,-1.4641426488676972,2.185130700335992,-0.05560773441367183,4.261560979890187,-2.09847334687698,0.528086044118618,0.0,8.388751353574136
136,8.391121514855971,0.519649635981096,-2.1440073146630088,4.193760459077557,-0.05917705658759636,2.1876749527655575,-1.4201711741312606,0.5716953156967908,0.12412325553394188,-0.10941787548034276,0.2783658211488958,-0.17614323147585176,0.1426742237748936,-0.12896160961256206,0.11201290824702509,1.1990811544729303e-05,0.024473874522131917,0.008232888141048672,-0.041305674603539046,0.010642281704668011,0.0007075367324847774,0.014479412126761642,-0.041305674603538976,0.008232888141048734,0.024473874522131955,1.1990811544716384e-05,0.11201290824702509,-0.128961609612562,0.14267422377489364,-0.17614323147585187,0.27836582114889585,-0.10941787548034274,0.12412325553394196,0.5716953156967908,-1.420171174131261,2.187674952765556,-0.05917705658759632,4.193760459077556,-2.1440073146630088,0.5196496359810957,0.0,8.192812008856555
137,8.18158972365974,0.511183086655436,-2.189043855057298,4.123770770337991,-0.06269146368480005,2.187047285657409,-1.3732347351463814,0.5293706506367147,0.18086732976262118,-0.14695248829557478,0.2953877378919616,-0.19245789181110268,0.14308597745631346,-0.12007749197420621,0.10673371007184088,0.007373931777351421,0.013774786413182506,0.011399417749510027,-0.04724664748885901,0.014058759013939898,0.002307104341560855,0.013819562659561588,-0.04724664748885895,0.011399417749510077,0.013774786413182536,0.007373931777351404,0.1067337100718409,-0.12007749197420621,0.1430859774563135,-0.19245789181110273,0.29538773789196165,-0.14695248829557467,0.1808673297626211,0.5293706506367145,-1.3732347351463818,2.1870472856574086,-0.0626914636848,4.12377077033799,-2.1890438550572977,0.5111830866554359,0.0,7.986765647919283
138,7.962961016547318,0.5026868872260889,-2.2335725192107856,4.051628448705695,-0.06614769440865047,2.18324860906885,-1.3234313235256716,0.48554178789274327,0.23694019527556867,-0.1837969506847294,0.3106971396834714,-0.2074225983161031,0.14230344305212622,-0.1100172713355101,0.10024224559316453,0.014639742265465066,0.0028714120170253276,0.01437512660877394,-0.05230110229214985,0.017181371174976,0.0038532476035932663,0.012806969885867313,-0.05230110229214979,0.014375126608773972,0.002871412017025362,0.01463974226546506,0.10024224559316457,-0.11001727133551008,0.14230344305212625,-0.20742259831610318,0.3106971396834716,-0.1837969506847293,0.23694019527556862,0.4855417878927433,-1.3234313235256718,2.18324860906885,-0.0661476944086504,4.051628448705693,-2.2335725192107847,0.5026868872260888,0.0,7.7708127438951795
139,7.735465219058206,0.4941615304972978,-2.2775829761058874,3.977371152902054,-0.0695425414489786,2.1762844307177756,-1.2708649164076589,0.4403332664315686,0.2921337625515989,-0.21977822562263324,0.32420527003118105,-0.22093238432684742,0.14033315210044706,-0.09887948286307925,0.09261224394158209,0.021714701324548096,-0.008074546712740141,0.017110202789284403,-0.05637419915035094,0.019944847356639952,0.005310163328963736,0.011467480160728124,-0.0563741991503509,0.017110202789284427,-0.00807454671274011,0.02171470132454808,0.09261224394158211,-0.09887948286307922,0.14033315210044706,-0.2209323843268475,0.3242052700311811,-0.21977822562263324,0.292133762551599,0.44033326643156845,-1.270864916407659,2.176284430717775,-0.06954254144897852,3.9773711529020512,-2.2775829761058857,0.4941615304972976,0.0,7.5451833721446535
140,7.499332156731892,0.4856075109645133,-2.3210650149533802,3.9010376456775644,-0.07287285445839603,2.1661648479970133,-1.215645259378378,0.393873545496619,0.34624320519416696,-0.25472732997387143,0.33583381534173296,-0.23289248840123797,0.13719154992352622,-0.0867732159976091,0.08393036559101105,0.028506576043509937,-0.018900756277665357,0.019558862436344138,-0.059389512026768315,0.022291423617109736,0.006644114521072922,0.009835283859505398,-0.05938951202676829,0.019558862436344145,-0.018900756277665333,0.028506576043509934,0.0839303655910111,-0.08677321599760911,0.13719154992352628,-0.23289248840123808,0.33583381534173296,-0.25472732997387126,0.3462432051941669,0.39387354549661907,-1.2156452593783784,2.166164847997013,-0.07287285445839596,3.9010376456775626,-2.3210650149533794,0.4856075109645131,0.0,7.310133808395076
141,7.254791655107812,0.47702532478571247,-2.3640085475613906,3.8226677735774426,-0.07613554297575172,2.1529045333340657,-1.157887637349877,0.3462946395933094,0.39906772005351243,-0.2884801281083585,0.34551535894491825,-0.2432190190025159,0.13290485836445645,-0.07381704597371946,0.07429521808135929,0.03492682394855524,-0.02944665911335609,0.021680116169736644,-0.06129046274009185,0.02417205032263421,0.00782421160542575,0.007952042671090762,-0.06129046274009185,0.021680116169736637,-0.02944665911335609,0.03492682394855522,0.0742952180813593,-0.07381704597371942,0.1329048583644565,-0.24321901900251594,0.34551535894491836,-0.2884801281083585,0.39906772005351265,0.3462946395933093,-1.1578876373498772,2.152904533334066,-0.07613554297575162,3.8226677735774413,-2.3640085475613897,0.4770253247857126,0.0,7.065942952655165
142,7.0020735397254406,0.4684154697526197,-2.406403610675933,3.7423024461414967,-0.07932757929401565,2.1365227129174973,-1.09771263387399,0.2977317433720721,0.4504112724183116,-0.320878102750994,0.35319377194285917,-0.2518395429381153,0.1275088569227154,-0.060137872430863985,0.06381623604810659,0.04089174728973797,-0.03955585473047365,0.02343845522616027,-0.06204138257582062,0.025547417414263852,0.00882312772252828,0.005865826186403431,-0.06204138257582062,0.023438455226160268,-0.03955585473047362,0.04089174728973797,0.0638162360481066,-0.060137872430863965,0.12750885692271544,-0.25183954293811533,0.35319377194285917,-0.32087810275099415,0.45041127241831197,0.29773174337207214,-1.0977126338739902,2.136522712917497,-0.07932757929401556,3.742302446141494,-2.406403610675933,0.4684154697526197,0.0,6.812908636845934
143,6.741407636124272,0.4597784452618327,-2.448240368292476,3.6599836145490965,-0.08244600126992793,2.1170431388207933,-1.035245879393868,0.2483228474750619,0.5000833235113892,-0.35176909944517104,0.35882453861815633,-0.25869359342646564,0.12104858411532862,-0.04586967649057852,0.05261243827927469,0.04632358416913126,-0.049078419204440775,0.02480444585878141,-0.061628181560423996,0.0263887760917767,0.009617731520951701,0.003629884925666056,-0.061628181560424,0.024804445858781374,-0.049078419204440775,0.04632358416913127,0.0526124382792747,-0.04586967649057852,0.12104858411532869,-0.2586935934264657,0.35882453861815633,-0.35176909944517115,0.5000833235113893,0.24832284747506195,-1.0352458793938686,2.1170431388207924,-0.0824460012699278,3.659983614549095,-2.4482403682924754,0.45977844526183254,0.0,6.551343875689382
144,6.473023769843749,0.45111475228585685,-2.489509113937967,3.5757542497204153,-0.08548791507280594,2.0944940545641275,-0.9706177889588541,0.1982083464380974,0.547899537589714,-0.3810080411338238,0.3623750145144452,-0.2637330942280198,0.11357796155628519,-0.031152208473917614,0.040811075916954986,0.051151522286088345,-0.05787312861477466,0.025755222043945033,-0.06005861284023364,0.02667853973943791,0.010189622797322252,0.001301291122846464,-0.06005861284023367,0.025755222043944995,-0.05787312861477465,0.05115152228608834,0.040811075916955014,-0.031152208473917642,0.11357796155628525,-0.26373309422801977,0.3623750145144452,-0.3810080411338237,0.5478995375897141,0.19820834643809715,-0.9706177889588543,2.0944940545641275,-0.08548791507280584,3.5757542497204153,-2.489509113937967,0.45111475228585707,0.0,6.281573120970673
145,6.197151766423353,0.44242489334404794,-2.5302002729228232,3.489658319885349,-0.08845049786995929,2.0689081541639593,-0.9039632899502913,0.14753063976197925,0.5936824660245873,-0.4084576095020425,0.36382461569313423,-0.2669226968655312,0.10515934389188195,-0.016129619112273348,0.028546187156929442,0.055312622083874934,-0.06580955345944037,0.026274868247370513,-0.05736212720436141,0.026410651532659445,0.010525558579716352,-0.001060518038859099,-0.057362127204361464,0.026274868247370457,-0.06580955345944037,0.05531262208387493,0.028546187156929477,-0.01612961911227333,0.10515934389188196,-0.26692269686553116,0.36382461569313435,-0.4084576095020425,0.5936824660245875,0.1475306397619792,-0.9039632899502918,2.068908154163959,-0.08845049786995916,3.489658319885348,-2.5302002729228237,0.442424893344048,0.0,6.0039285788062955
146,5.914021451402572,0.4337093724734626,-2.570304404562329,3.401740767631835,-0.0913310004462194,2.0403225347298335,-0.835421540386705,0.0964337272867363,0.6372622058233708,-0.4339888898813881,0.3631649380691046,-0.26824002856822393,0.09586299834852789,-0.0009490476582285131,0.015957074861900428,0.05875263726304487,-0.07276999298311672,0.026354685842510904,-0.053589320481319716,0.02559071104161085,0.010617759787881887,-0.0033952575566953574,-0.05358932048131978,0.02635468584251083,-0.07276999298311676,0.05875263726304485,0.015957074861900455,-0.0009490476582285647,0.09586299834852792,-0.2682400285682239,0.36316493806910455,-0.433988889881388,0.6372622058233706,0.09643372728673602,-0.8354215403867057,2.040322534729832,-0.09133100044621932,3.4017407676318347,-2.5703044045623282,0.43370937247346264,0.0,5.718746647998387
147,5.623862650320849,0.4249686951996245,-2.6098122043669605,3.312047486445563,-0.09412674975515431,2.008778642677115,-0.7651356383964643,0.045062800018531766,0.6784770301489366,-0.45748197668716123,0.360399806133523,-0.26767584920070525,0.08576651823703858,0.014240819274760383,0.0031867243793825867,0.06142672196491247,-0.07865122073241454,0.025993338721361534,-0.04881098417818355,0.024235857185431982,0.010464091369123516,-0.005643333378548466,-0.048810984178183615,0.025993338721361448,-0.07865122073241455,0.06142672196491247,0.003186724379382593,0.014240819274760383,0.08576651823703862,-0.26767584920070514,0.3603998061335229,-0.4574819766871611,0.6784770301489367,0.04506280001853136,-0.7651356383964644,2.0087786426771146,-0.09412674975515418,3.3120474864455614,-2.6098122043669605,0.4249686951996243,0.0,5.426364534943415
148,5.32690518871766,0.41620336850720135,-2.648714506201102,3.2206252967532962,-0.0968351513995998,1.9743222136336556,-0.6932523234644746,-0.006436172428105334,0.7171739884969509,-0.4788265365452424,0.3555452507812958,-0.2652341160758758,0.07495417530869307,0.029291204028358442,-0.009619820465544708,0.06330001540590345,-0.08336601545067769,0.025196875660262855,-0.04311677717573902,0.022374409983613112,0.010068111738544315,-0.007747363536682903,-0.04311677717573909,0.025196875660262765,-0.08336601545067772,0.06330001540590344,-0.009619820465544672,0.02929120402835843,0.07495417530869311,-0.26523411607587577,0.3555452507812958,-0.4788265365452424,0.717173988496951,-0.006436172428105678,-0.6932523234644751,1.9743222136336551,-0.09683515139959972,3.220625296753296,-2.6487145062011015,0.41620336850720124,0.0,5.127117096923985
149,5.023378892132492,0.4074139008105993,-2.6870022844096604,3.12752192148233,-0.09945369203920633,1.9370032061275015,-0.6199216700766265,-0.05791685660045322,0.7532094743036989,-0.49792232646382295,0.3486294163717086,-0.2609319561972237,0.06351621636870865,0.04405469510708917,-0.022317104757379875,0.06434809634118135,-0.08684445460850718,0.023978629066304977,-0.036613543403424154,0.02004527859288373,0.00943899037878329,-0.00965364281818946,-0.03661354340342426,0.023978629066304876,-0.08684445460850722,0.06434809634118134,-0.022317104757379868,0.04405469510708916,0.06351621636870868,-0.2609319561972236,0.3486294163717085,-0.49792232646382273,0.7532094743036986,-0.057916856600453426,-0.619921670076627,1.9370032061275009,-0.09945369203920622,3.1275219214823284,-2.6870022844096604,0.4074139008105994,0.0,4.821333960999112
150,4.7135135861047885,0.39860080192447245,-2.724666655912101,3.032785961148842,-0.10197994172276614,1.896875729151803,-0.5452967744015857,-0.10923297101161006,0.7864497578780261,-0.5146796646164741,0.3396923975610711,-0.2547995461251999,0.05154811001805185,0.05838669100514397,-0.03476091454644861,0.06455730143292165,-0.08903495138636795,0.022358991799270287,-0.02942330706056823,0.017297148003200535,0.008591295507346245,-0.01131351358654048,-0.029423307060568324,0.022358991799270173,-0.08903495138636801,0.06455730143292165,-0.03476091454644858,0.05838669100514394,0.051548110018051894,-0.2547995461251997,0.3396923975610711,-0.514679664616474,0.7864497578780261,-0.1092329710116102,-0.545296774401586,1.8968757291518032,-0.10197994172276605,3.032785961148842,-2.7246666559121007,0.3986008019244726,0.0,4.5093369601969675
151,4.3975390961740395,0.38976458303415285,-2.7616988822633846,2.9364668684881283,-0.10441155614315781,1.853997963711951,-0.46953343466406683,-0.160238701796846,0.8167714826796559,-0.5290198515255612,0.328786006853331,-0.24687990031032905,0.03914974981076596,0.0721468165106539,-0.0468099148104398,0.06392490337281555,-0.08990501973035928,0.020365075805006773,-0.02168098300083377,0.014187461393033826,0.007544656728401034,-0.012684607764134308,-0.021680983000833865,0.020365075805006662,-0.0899050197303593,0.06392490337281556,-0.04680991481043978,0.07214681651065386,0.039149749810766014,-0.24687990031032891,0.328786006853331,-0.5290198515255612,0.816771482679656,-0.16023870179684613,-0.4695334346640672,1.8539979637119508,-0.10441155614315768,2.9364668684881274,-2.7616988822633837,0.38976458303415285,0.0,4.191437922400265
152,4.075685247879701,0.3809057566659994,-2.798090371681367,2.838614922639989,-0.10674627881281412,1.8084320784686778,-0.3927898258768828,-0.210789117041216,0.8440621231021701,-0.5408755396679484,0.315973474216285,-0.23722856937774495,0.026424620477778913,0.08520029761538461,-0.05832725471749375,0.06245914643670469,-0.08944175613502701,0.018030258274544977,-0.013531845241334953,0.010781219415411183,0.006323310480824066,-0.013731928274317098,-0.013531845241335053,0.01803025827454485,-0.08944175613502707,0.06245914643670469,-0.05832725471749373,0.08520029761538458,0.026424620477778948,-0.23722856937774478,0.31597347421628497,-0.5408755396679483,0.8440621231021699,-0.21078911704121614,-0.3927898258768832,1.8084320784686778,-0.106746278812814,2.8386149226399886,-2.798090371681366,0.3809057566659994,0.0,3.8679368403133294
153,3.748181866761268,0.3720248366576708,-2.8338326810401595,2.739281202902713,-0.10898194315769574,1.760244139599445,-0.31522616961085187,-0.26074057860112626,0.8682204020617881,-0.5501910497671717,0.3013290805048693,-0.22591325047946784,0.013478934176426904,0.09741928156325547,-0.06918212195849284,0.06017913900783766,-0.087652031008162,0.015393622926035418,-0.0051288010963620725,0.0071496215128074685,0.004955538808307777,-0.014428742339154978,-0.005128801096362168,0.015393622926035301,-0.08765203100816206,0.06017913900783766,-0.0691821219584928,0.0974192815632554,0.013478934176426972,-0.2259132504794677,0.30132908050486923,-0.5501910497671717,0.8682204020617881,-0.2607405786011263,-0.31522616961085187,1.7602441395994455,-0.10898194315769562,2.7392812029027125,-2.8338326810401586,0.3720248366576709,0.0,3.539120443343064
154,3.4152587783581936,0.3631223381283211,-2.8689175178290074,2.6385175620693806,-0.11111647452782687,1.7095040150087992,-0.23700439949200175,-0.3099511502496718,0.8891566668422562,-0.5569226322866383,0.28493772681676044,-0.2130133124475238,0.00042074397511375613,0.10868408910842334,-0.07925122849466949,0.05711460446987168,-0.08456238677955753,0.012499305762177426,0.003370477917172182,0.003368577660983933,0.003473014447621225,-0.014757263831597657,0.0033704779171720746,0.01249930576217731,-0.08456238677955757,0.05711460446987168,-0.07925122849466945,0.10868408910842327,0.0004207439751138078,-0.21301331244752364,0.2849377268167604,-0.5569226322866382,0.8891566668422564,-0.3099511502496718,-0.23700439949200203,1.7095040150087994,-0.11111647452782675,2.6385175620693797,-2.868917517829006,0.3631223381283212,0.0,3.205261184259767
155,3.0771458082099414,0.3541987774487209,-2.903336742076215,2.536376599360395,-0.11314789212252704,1.6562852730265942,-0.158287823124428,-0.35828100098600674,0.9067932218010613,-0.5610386728957715,0.26689444227695697,-0.19861923907861423,-0.012640958027463949,0.1188843867176481,-0.08842021084562131,0.05330549371711069,-0.08021864426481982,0.009395756254843903,0.011806514567968253,-0.0004828783497440453,0.0019100674004549375,-0.014709107265045205,0.011806514567968154,0.009395756254843787,-0.0802186442648199,0.05330549371711068,-0.08842021084562127,0.11888438671764805,-0.01264095802746389,-0.19861923907861406,0.2668944422769568,-0.5610386728957714,0.9067932218010613,-0.3582810009860069,-0.15828782312442813,1.6562852730265942,-0.1131478921225269,2.5363765993603935,-2.9033367420762133,0.3541987774487208,0.0,2.866616645285328
156,2.7340727818559962,0.34525467221130685,-2.937082368237691,2.4329116329663814,-0.11507431082855309,1.600665075740941,-0.07924078114462618,-0.4055928023627512,0.9210646167022801,-0.5625198409441478,0.2473038331049657,-0.18283199445529452,-0.02559715042084553,0.1279202672357641,-0.09658492901346104,0.04880146433350106,-0.07468522312203334,0.006134926324314824,0.02002101828031167,-0.004324240929203536,0.00030288997244264646,-0.014285501832268293,0.02002101828031158,0.006134926324314721,-0.07468522312203339,0.04880146433350107,-0.09658492901346104,0.12792026723576405,-0.02559715042084549,-0.1828319944552943,0.2473038331049657,-0.5625198409441478,0.9210646167022802,-0.40559280236275136,-0.07924078114462632,1.6006650757409413,-0.11507431082855296,2.4329116329663814,-2.937082368237691,0.3452546722113071,0.0,2.5234293599516984
157,2.3862695248358214,0.33629054120015994,-2.9701465670496607,2.328176672215771,-0.116893942969445,1.5427240671205606,-2.8304119111425915e-05,-0.4517521187024334,0.9319178896060422,-0.5613591802463256,0.22627947615863658,-0.16576231475547779,-0.03833969244598999,0.13570322842964375,-0.10365264929010612,0.04366123323008335,-0.0680441864792139,0.002771400689215475,0.02785985523809186,-0.008075215466560051,-0.0013113013121656876,-0.013497260030354405,0.02785985523809178,0.002771400689215374,-0.06804418647921397,0.04366123323008336,-0.10365264929010612,0.13570322842964372,-0.038339692445989955,-0.16576231475547756,0.2262794761586365,-0.5613591802463256,0.9319178896060425,-0.4517521187024335,-2.830411911183932e-05,1.5427240671205613,-0.11689394296944486,2.32817667221577,-2.9701465670496603,0.33629054120016016,0.0,2.1759270388518015
158,2.0339658626888735,0.32730690436091353,-3.0025216673451163,2.2222263893816065,-0.11860509996445227,1.482546256088738,0.07918423199836538,-0.4966277890941779,0.9393127634132343,-0.5575621417510056,0.20394326047058264,-0.14752993151771013,-0.05076222660797357,0.14215703982627204,-0.10954309751354978,0.03795181118026091,-0.060394023901156106,-0.0006385168553184729,0.035175940492968565,-0.011657396699488795,-0.0028951275130983706,-0.012364501672525821,0.03517594049296849,-0.0006385168553185699,-0.06039402390115616,0.03795181118026091,-0.10954309751354976,0.14215703982627198,-0.050762226607973526,-0.14752993151770985,0.20394326047058256,-0.5575621417510055,0.9393127634132342,-0.496627789094178,0.07918423199836497,1.4825462560887381,-0.11860509996445211,2.222226389381605,-3.0025216673451154,0.3273069043609137,0.0,1.8243231794398502
159,1.6773916209546513,0.31830428277059614,-3.034200157833593,2.115116091142297,-0.12020619389550195,1.4202188947184125,0.1582314511306843,-0.5400923000851982,0.9432217953360539,-0.5511465579410927,0.18042468059463992,-0.12826273181045522,-0.06276106640441176,0.14721848935465703,-0.11418937081037987,0.0317476292318889,-0.05184819074482374,-0.004037745935986598,0.04183199781027042,-0.014995907590978297,-0.004411912837634977,-0.010916140331407283,0.041831997810270354,-0.004037745935986682,-0.051848190744823795,0.0317476292318889,-0.11418937081037986,0.14721848935465698,-0.06276106640441173,-0.12826273181045506,0.1804246805946399,-0.5511465579410926,0.9432217953360538,-0.5400923000851984,0.15823145113068415,1.420218894718413,-0.1202061938955018,2.1151160911422973,-3.034200157833593,0.3183042827705965,0.0,1.468818032496094
160,1.3167766251726114,0.3092831986074072,-3.0651746888438542,2.006901689711198,-0.12169573898075339,1.3558323517250168,0.23694832234147967,-0.5820221480081004,0.9436304787397195,-0.5421425590848886,0.15586008585920091,-0.1080958611961957,-0.07423606176005094,0.1508380024785677,-0.11753869746910268,0.02512956838473777,-0.04253342556530125,-0.007369385099212933,0.04770313546792971,-0.018020964456918077,-0.005826533921778033,-0.009189145322240553,0.04770313546792964,-0.007369385099213003,-0.042533425565301305,0.025129568384737778,-0.11753869746910268,0.15083800247856763,-0.0742360617600509,-0.10809586119619553,0.1558600858592009,-0.5421425590848886,0.9436304787397196,-0.5820221480081006,0.2369483223414791,1.355832351725017,-0.12169573898075325,2.006901689711197,-3.0651746888438534,0.3092831986074074,0.0,1.1095998909146572
161,0.9523507008822172,0.3002441751204283,-3.0954380740290657,1.897639673650104,-0.12307235295337292,1.289479981440477,0.31517050437869654,-0.6222981899144496,0.9405372969774005,-0.5305924317317339,0.1303918898798867,-0.087170775782414,-0.08509143494405218,0.15298012775598263,-0.11955303631373902,0.018183905182969785,-0.03258787052593397,-0.010577664314005347,0.05267918967714375,-0.020669335629175136,-0.007106233162686132,-0.007227598063869299,0.052679189677143703,-0.010577664314005409,-0.03258787052593402,0.018183905182969785,-0.11955303631373905,0.15298012775598258,-0.08509143494405218,-0.08717077578241376,0.1303918898798866,-0.5305924317317339,0.9405372969774004,-0.6222981899144499,0.31517050437869604,1.2894799814404767,-0.1230723529533728,1.8976396736501038,-3.0954380740290643,0.3002441751204284,0.0,0.7468466602529145
162,0.5843436736229428,0.29118773659927444,-3.124983292034099,1.7873870783818837,-0.12433475834424867,1.221257988458356,0.39273468877825646,-0.6608059821174281,0.9339537290185765,-0.516550420116663,0.10416774491442128,-0.0656342500086346,-0.09523657999286166,0.15362388406942135,-0.12020950877009222,0.011001186968442858,-0.022159022687821044,-0.013608878535347172,0.056666791653711183,-0.022885663164253396,-0.008221377268476368,-0.005081566903809847,0.05666679165371114,-0.013608878535347214,-0.022159022687821082,0.011001186968442858,-0.1202095087700922,0.1536238840694213,-0.09523657999286163,-0.06563425000863436,0.10416774491442114,-0.5165504201166629,0.9339537290185767,-0.6608059821174285,0.39273468877825657,1.2212579884583556,-0.12433475834424854,1.787387078381883,-3.124983292034098,0.29118773659927455,0.0,0.38072766513375744
163,0.21298536893426956,0.28211440834368295,-3.153803488124537,1.676201456417649,-0.12548178366745535,1.1512652881463905,0.46947894081152014,-0.6974361053816213,0.9239042068499439,-0.5000824714067607,0.07733968584639735,-0.04363734712918823,-0.10458681896616716,0.1527629661261993,-0.11950065871734086,0.003675051457635161,-0.011401546561960924,-0.01641228670072062,0.059591119554304475,-0.024623619970338493,-0.009146143460075324,-0.0028058291274139307,0.05959111955430446,-0.016412286700720646,-0.011401546561960949,0.003675051457635163,-0.11950065871734084,0.15276296612619925,-0.10458681896616716,-0.043637347129187994,0.07733968584639726,-0.5000824714067607,0.9239042068499439,-0.6974361053816216,0.4694789408115197,1.1512652881463905,-0.12548178366745522,1.676201456417649,-3.153803488124536,0.28211440834368284,0.0,0.01140564123811405
164,-0.16149438764434976,0.2730247166330449,-3.18189197577703,1.5641408473140024,-0.12651236450736875,1.079603363228665,0.5452430375647316,-0.7320844758359106,0.9104260248069551,-0.4812659259856474,0.05006324876070156,-0.021334359613021256,-0.11306410872374001,0.15040580621582736,-0.1174345371735991,-0.0036989939691896624,-0.00047498036488630044,-0.01894096111099422,0.06139730240501444,-0.025846878165720445,-0.009859117435119543,-0.0004584727717443051,0.06139730240501443,-0.018940961110994234,-0.0004749803648863263,-0.0036989939691896775,-0.11743453717359914,0.1504058062158273,-0.11306410872374001,-0.021334359613020996,0.05006324876070142,-0.4812659259856474,0.9104260248069549,-0.7320844758359109,0.5452430375647311,1.0796033632286648,-0.1265123645073686,1.5641408473140013,-3.181891975777029,0.273024716633045,0.0,-0.3609611406374758
165,-0.5388657705734303,0.26391918869587944,-3.209242238230625,1.4512637473760421,-0.1274255445064214,1.0063761166453615,0.619868802444617,-0.76465264072602,0.8935692011724661,-0.4601891542306492,0.022496569220670986,0.0011182731071148807,-0.1205976923239448,0.14657549161967107,-0.11403461085359762,-0.011024817352743896,0.010458630004949232,-0.021152572977448443,0.062051449679386625,-0.026529868427348734,-0.010343789247184113,0.0019005860672402135,0.062051449679386625,-0.021152572977448436,0.010458630004949223,-0.011024817352743896,-0.11403461085359763,0.146575491619671,-0.12059769232394481,0.00111827310711507,0.02249656922067085,-0.4601891542306492,0.8935692011724661,-0.7646526407260203,0.6198688024446167,1.0063761166453618,-0.1274255445064213,1.451263747376042,-3.2092422382306243,0.26391918869587955,0.0,-0.7362166740778753
166,-0.9188989543135193,0.25479835267925255,-3.235847929998709,1.3376290791219418,-0.1282204762525824,0.9316897209034327,0.6932004354117787,-0.7950480581663396,0.8733962925561077,-0.4369511414884979,-0.005200534525266228,0.023563061944882665,-0.12712468960692522,0.14130953848180308,-0.10933949563707407,-0.01820691538181996,0.021237134180837093,-0.023010100985261402,0.0615412872073399,-0.02665831445713207,-0.010588935617536646,0.004211132588566741,0.06154128720733992,-0.023010100985261392,0.021237134180837093,-0.01820691538181997,-0.10933949563707408,0.14130953848180305,-0.12712468960692525,0.023563061944882863,-0.00520053452526628,-0.43695114148849784,0.8733962925561081,-0.7950480581663396,0.6932004354117782,0.9316897209034328,-0.1282204762525822,1.3376290791219407,-3.2358479299987084,0.25479835267925266,0.0,-1.114204996596301
167,-1.3013641133251213,0.24566273761814333,-3.26170287834121,1.2232961605250479,-0.128896422065738,0.8556524641366133,0.7650848382524319,-0.8231843600961171,0.8499821617432315,-0.41166102319868975,-0.03286748809234304,0.04584257283314378,-0.1325906220330758,0.13465952435587866,-0.10340251797510165,-0.025151658425005524,0.031700682090790806,-0.024482451012444166,0.05987638748301471,-0.026229531394227092,-0.010588879826433577,0.0064141902645535225,0.05987638748301475,-0.02448245101244413,0.03170068209079083,-0.025151658425005535,-0.10340251797510167,0.1346595243558786,-0.1325906220330758,0.04584257283314399,-0.03286748809234313,-0.4116610231986897,0.8499821617432314,-0.8231843600961171,0.7650848382524319,0.8556524641366132,-0.12889642206573784,1.223296160525047,-3.2617028783412096,0.2456627376181434,0.0,-1.4947680053589663
168,-1.6860314220687869,0.23651287340475863,-3.28680108469673,1.1083246740495405,-0.12945275468224376,0.7783745930979818,0.835371934209405,-0.84898159769283,0.8234136998749484,-0.3844375723477573,-0.060343891891917995,0.06780053101082349,-0.13694986739615841,0.1266905830270662,-0.09629110921583973,-0.031768511136116985,0.04169409460611629,-0.025544976630429803,0.057087990050142236,-0.025252481935712293,-0.010343623165798814,0.008453526212281683,0.05708799005014226,-0.02554497663042975,0.041694094606116304,-0.031768511136116985,-0.09629110921583973,0.1266905830270662,-0.13694986739615841,0.06780053101082367,-0.0603438918919181,-0.3844375723477572,0.8234136998749485,-0.8489815976928302,0.8353719342094049,0.7783745930979822,-0.1294527546822436,1.1083246740495403,-3.2868010846967297,0.23651287340475874,0.0,-1.8777433636077123
169,-2.0726710550050456,0.22734929075779736,-3.311136726074257,0.9927746354958374,-0.12988895783701176,0.6999681533127067,0.9039149813050854,-0.8723664685454041,0.7937895039902758,-0.35540864166158476,-0.08747045105055601,0.08928291717807664,-0.14016604061573462,0.11748076655701586,-0.08808603972886889,-0.03797121272089296,0.05106916491778904,-0.026179891673387672,0.05322841533515497,-0.02374758899257687,-0.009858844909307368,0.010277086533739023,0.05322841533515504,-0.02617989167338762,0.05106916491778906,-0.03797121272089297,-0.08808603972886893,0.1174807665570158,-0.14016604061573462,0.0892829171780768,-0.08747045105055613,-0.35540864166158476,0.7937895039902759,-0.8723664685454041,0.9039149813050853,0.699968153312707,-0.12988895783701163,0.9927746354958367,-3.3111367260742566,0.22734929075779742,0.0,-2.2629625494840617
170,-2.4610531865944125,0.21817252119166716,-3.3347041564041455,0.876706362671983,-0.1302046267425942,0.6205468266227467,0.9705708787021804,-0.8932725249417638,0.7612195111270443,-0.32471056315546515,-0.11408989892450633,0.11013904783101304,-0.14221229743057295,0.10712028080033788,-0.07888050152681729,-0.043678901478366394,0.05968685651019018,-0.02637656797005184,0.048370082926650994,-0.021746308797008528,-0.00914577080056669,0.011838324987685597,0.04837008292665104,-0.026376567970051765,0.05968685651019021,-0.04367890147836638,-0.07888050152681732,0.10712028080033786,-0.14221229743057295,0.11013904783101322,-0.1140898989245064,-0.32471056315546515,0.7612195111270444,-0.8932725249417639,0.9705708787021805,0.620546826622747,-0.130204626742594,0.8767063626719813,-3.3347041564041446,0.21817252119166713,0.0,-2.6502490949908286
171,-2.850947991297428,0.2089830969856557,-3.3574979078480536,0.7601804439073953,-0.13039946846481731,0.5402257663590478,1.035200465462677,-0.911640362678875,0.7258245903394372,-0.2924875078618627,-0.14004790885548696,0.13022263219821156,-0.14307155845821054,0.09571060188035138,-0.06877904980373144,-0.04881716895679863,0.0674193651352605,-0.026131713254176455,0.04260415272184122,-0.019290473384164068,-0.008220913104742667,0.013097391078990854,0.04260415272184128,-0.026131713254176358,0.06741936513526055,-0.04881716895679863,-0.06877904980373144,0.09571060188035137,-0.1430715584582106,0.13022263219821173,-0.140047908855487,-0.2924875078618625,0.7258245903394372,-0.911640362678875,1.035200465462677,0.5402257663590476,-0.13039946846481718,0.760180443907395,-3.357497907848054,0.20898309698565612,0.0,-3.0394170577941857
172,-3.242125643574628,0.19978155115305646,-3.3795126920675282,0.6432577064254021,-0.13047330219461875,0.4591214303802231,1.097668811081277,-0.927417789858775,0.6877360941462123,-0.2588908087428681,-0.16519398888185902,0.14939279836537178,-0.14273665175052241,0.08336348227780939,-0.0578964154120477,-0.053319029981640946,0.07415201420706714,-0.02544942627548318,0.03603881443699043,-0.016431416192288103,-0.00710568824311181,0.014022147239550618,0.03603881443699051,-0.02544942627548309,0.07415201420706717,-0.05331902998164096,-0.0578964154120477,0.08336348227780932,-0.14273665175052244,0.14939279836537195,-0.16519398888185904,-0.25889080874286796,0.6877360941462122,-0.9274177898587752,1.0976688110812762,0.45912143038022335,-0.13047330219461858,0.6432577064254011,-3.379512692067528,0.1997815511530567,0.0,-3.430269762579717
173,-3.6343563178865175,0.1905684174102522,-3.40074340145094,0.5259991845910592,-0.130426059415834,0.3773514122197909,1.1578454971867345,-0.9405599751909622,0.6470953710742018,-0.2240782499672336,-0.18938235421808788,0.16751508139057644,-0.14121037265543773,0.07019985626749851,-0.046356201765883204,-0.05712579590972544,0.07978495550722786,-0.024341128188569795,0.02879725757682555,-0.013228899058444085,-0.005825920864766128,0.01458898913731671,0.028797257576825625,-0.024341128188569688,0.07978495550722789,-0.05712579590972545,-0.046356201765883225,0.07019985626749846,-0.1412103726554378,0.16751508139057664,-0.1893823542180879,-0.22407824996723352,0.6470953710742016,-0.9405599751909623,1.1578454971867347,0.3773514122197908,-0.13042605941583382,0.5259991845910579,-3.4007434014509395,0.19056841741025235,0.0,-3.822598841862907
174,-4.027410188693651,0.1813442301457582,-3.4211851102984903,0.4084660880508548,-0.1302577839687785,0.29503427058679255,1.2156048898229885,-0.9510295753797435,0.6040532411060707,-0.18821332588983875,-0.21247277244427806,0.18446236647924616,-0.1385054604851587,0.05634865542345112,-0.03428948097103215,-0.06018783972548133,0.08423464997896515,-0.022825371368296696,0.02101535995363137,-0.009749863038477097,-0.004411245839409723,0.014783448175112571,0.021015359953631452,-0.022825371368296585,0.08423464997896521,-0.06018783972548133,-0.034289480971032175,0.05634865542345111,-0.13850546048515877,0.18446236647924624,-0.2124727724442781,-0.18821332588983875,0.604053241106071,-0.9510295753797438,1.2156048898229888,0.29503427058679255,-0.13025778396877832,0.4084660880508559,-3.4211851102984903,0.18134423014575846,0.0,-4.21618359866945
175,-4.42105743045655,0.17210952438922655,-3.440833075965022,0.29071976978091146,-0.12996863200956432,0.21228935746699887,1.2708264017416147,-0.9587968412345728,0.5587694359789788,-0.15146447321373233,-0.2343313765057841,0.20011578060309138,-0.13464449218562374,0.04194554579434272,-0.02183330512662427,-0.062465243004977765,0.08743510664894748,-0.020927528851989216,0.012839138127780522,-0.006067029162366492,-0.0028944220189710294,0.014600560800497394,0.012839138127780607,-0.020927528851989105,0.08743510664894752,-0.062465243004977765,-0.021833305126624295,0.04194554579434265,-0.13464449218562374,0.2001157806030915,-0.23433137650578412,-0.1514644732137322,0.5587694359789789,-0.958796841234573,1.2708264017416144,0.212289357466999,-0.12996863200956416,0.2907197697809109,-3.440833075965021,0.17210952438922678,0.0,-4.610790705512834
176,-4.815068217635744,0.16286483578041175,-3.4596827399603405,0.17282169406035958,-0.12955887186519086,0.12923664507394153,1.3233947441580174,-0.9638397022018694,0.5114120064112211,-0.11400427994083509,-0.2548314408095173,0.21436552630899589,-0.12965969389471874,0.027131599117852897,-0.009129149706868952,-0.06392831631362704,0.08933886130314866,-0.018679369607043618,0.004422007608659299,-0.002257378372872428,-0.0013105736588759603,0.014044995200072092,0.004422007608659387,-0.0186793696070435,0.08933886130314873,-0.06392831631362705,-0.009129149706868978,0.02713159911785295,-0.12965969389471876,0.214365526308996,-0.25483144080951725,-0.11400427994083505,0.5114120064112212,-0.9638397022018695,1.3233947441580172,0.1292366450739414,-0.12955887186519072,0.1728216940603593,-3.4596827399603396,0.1628648357804118,0.0,-5.0061742457864815
177,-5.209212724691763,0.1536107005381031,-3.4777297290068314,0.05483340438662543,-0.12902888378454277,0.045996551900672755,1.3732001674457408,-0.9661438290781191,0.46215669845667195,-0.0760086748264072,-0.27385411591752007,0.22711165186926097,-0.1235926719620931,0.01205191108882567,0.0036786932972654625,-0.06455798625336871,0.08991768040252163,-0.016118526733751734,-0.0040780957754651325,0.001599457579231691,0.00030362293502751535,0.01313093214436436,-0.0040780957754650475,-0.016118526733751616,0.0899176804025217,-0.06455798625336871,0.003678693297265437,0.012051911088825626,-0.12359267196209313,0.227111651869261,-0.27385411591752,-0.0760086748264071,0.46215669845667207,-0.966143829078119,1.373200167445741,0.04599655190067303,-0.12902888378454258,0.05483340438662487,-3.4777297290068314,0.1536107005381032,0.0,-5.402076095246197
178,-5.60326112608513,0.14434765542902211,-3.4949698560540945,-0.06318350865064641,-0.12837915958552695,-0.03731023187553795,1.4201386902663964,-0.965702674726063,0.41118630130140804,-0.0376561011439377,-0.2912891175784098,0.23826475237115988,-0.11649406567566355,-0.003145819785354011,0.016444754225969783,-0.06434604411358215,0.08916297979910005,-0.013287867505372275,-0.012501679325117716,0.005422860648806727,0.001910788699523269,0.011881703024718304,-0.01250167932511764,-0.01328786750537216,0.08916297979910011,-0.06434604411358215,0.01644475422596977,-0.0031458197853540546,-0.11649406567566357,0.23826475237115993,-0.29128911757840986,-0.03765610114393749,0.4111863013014081,-0.9657026747260633,1.4201386902663957,-0.03731023187553767,-0.1283791595855268,-0.06318350865064641,-3.4949698560540945,0.14434765542902198,0.0,-5.7982266328794525
179,-5.99698359627639,0.135076237736688,-3.511399121250367,-0.18116743952024314,-0.1276103021986759,-0.1205629193824227,1.4641123166568408,-0.9625174926782758,0.35868996892287697,0.0008733213591972344,-0.3070353661020216,0.24774659682816352,-0.10842312459337429,-0.018312738822716862,0.029024037974306874,-0.06329525288418318,0.08708595204277919,-0.010234775790673903,-0.02069068612982645,0.009132911626149195,0.0034737073804469876,0.010329194321269957,-0.02069068612982638,-0.010234775790673781,0.08708595204277926,-0.06329525288418317,0.029024037974306856,-0.018312738822716872,-0.10842312459337437,0.24774659682816352,-0.3070353661020216,0.0008733213591972,0.3586899689228769,-0.9625174926782759,1.4641123166568404,-0.1205629193824227,-0.12761030219867572,-0.18116743952024453,-3.511399121250366,0.13507623773668814,0.0,-6.19434576233599
180,-6.390150309726064,0.12579698523025504,-3.5270137128705312,-0.2990567999078412,-0.12672302510764052,-0.20364080218213254,1.5050292406203758,-0.9565973335752741,0.3048625181289712,0.03939864237949808,-0.32100157237046545,0.2554906769141018,-0.09944721400807631,-0.03330029312885705,0.04127367082599806,-0.06141931123582514,0.08371740039075955,-0.007010358870850195,-0.028491460787735658,0.012652060659288653,0.004956187329026425,0.008513033702919287,-0.02849146078773557,-0.007010358870850087,0.08371740039075957,-0.06141931123582514,0.041273670825998025,-0.03330029312885704,-0.09944721400807635,0.2554906769141018,-0.32100157237046545,0.039398642379498056,0.3048625181289713,-0.956597333575274,1.5050292406203758,-0.2036408021821324,-0.12672302510764039,-0.29905679990784156,-3.527013712870531,0.12579698523025518,0.0,-6.5901442174193035
181,-6.782531440894669,0.1165104361333186,-3.5418100082004647,-0.41679005086547133,-0.12571815168709233,-0.28642342528693143,1.542804037794842,-0.9479590194482763,0.2499037055820241,0.07773893087574679,-0.3331067670881915,0.26144267347128575,-0.08964125267323562,-0.047961686603211415,0.053054523192778646,-0.05874267493677734,0.07910728198136734,-0.0036685919283083474,-0.035757632536989645,0.015906748250458486,0.006323899571997803,0.006479578534036166,-0.03575763253698957,-0.0036685919283082485,0.07910728198136738,-0.05874267493677736,0.05305452319277861,-0.04796168660321141,-0.08964125267323564,0.26144267347128575,-0.3331067670881915,0.07773893087574679,0.2499037055820241,-0.9479590194482763,1.542804037794842,-0.28642342528693115,-0.12571815168709216,-0.41679005086547133,-3.5418100082004633,0.11651043613331874,0.0,-6.985325118090677
182,-7.173897164242764,0.10721712909269786,-3.555784574377532,-0.5343057349352152,-0.12459661443864874,-0.36879076180741516,1.577357843797442,-0.9366270959196867,0.19401748649073042,0.11571412479694611,-0.3432807702027251,0.2655608375203704,-0.07908708748257529,-0.06215331773836293,0.06423278982847994,-0.05530023803458555,0.07332396694719073,-0.0002654145281762833,-0.04235286170090846,0.018828942843637852,0.0075451727487693635,0.004280732606191257,-0.04235286170090839,-0.0002654145281761864,0.07332396694719077,-0.05530023803458555,0.06423278982847994,-0.0621533177383629,-0.07908708748257531,0.26556083752037035,-0.3432807702027251,0.11571412479694604,0.19401748649073053,-0.9366270959196868,1.5773578437974423,-0.3687907618074147,-0.12459661443864856,-0.5343057349352157,-3.555784574377531,0.10721712909269779,0.0,-7.37958573718535
183,-7.564017654230852,0.0979176031471923,-3.5689341691870475,-0.6515425082303671,-0.12335945412553112,-0.4506233869800246,1.6086185188739606,-0.9226337624571287,0.13741125772102822,0.15314587672911864,-0.3514645977746004,0.267816283099448,-0.06787281032297904,-0.07573618612979477,0.07468150956999058,-0.051136877958798566,0.06645322445521694,0.0031422057830085524,-0.04815339791370545,0.021357562863529304,0.008591726507709153,0.0019726212977461315,-0.04815339791370539,0.003142205783008631,0.06645322445521698,-0.051136877958798566,0.07468150956999055,-0.07573618612979471,-0.06787281032297908,0.267816283099448,-0.35146459777460043,0.1531458767291185,0.13741125772102825,-0.9226337624571288,1.6086185188739606,-0.4506233869800243,-0.12335945412553095,-0.6515425082303683,-3.5689341691870466,0.09791760314719251,0.0,-7.77261943273304
184,-7.952663085319472,0.088612397696316,-3.581255741814492,-0.7684391724573042,-0.12200781880675807,-0.5318026513215348,1.6365207985086316,-0.9060187808792052,0.08029508813479999,0.18985839148945077,-0.35761080393765565,0.26819318987831703,-0.056092022802644234,-0.0885772539199889,0.08428200734409574,-0.04630687047504291,0.05859695071145193,0.006497227086522846,-0.05305040212517452,0.02343975348160636,0.009439326378702291,-0.00038584102224467555,-0.05305040212517447,0.006497227086522914,0.05859695071145197,-0.046306870475042894,0.0842820073440957,-0.08857725391998882,-0.0560920228026443,0.268193189878317,-0.35761080393765565,0.18985839148945066,0.08029508813479999,-0.9060187808792052,1.6365207985086319,-0.5318026513215346,-0.12200781880675793,-0.768439172457305,-3.581255741814491,0.08861239769631614,0.0,-8.16411769654236
185,-8.339603631969165,0.07930205246901083,-3.5927464335533235,-0.8849347068613634,-0.12054296277177062,-0.6122108526594663,1.6610064296802187,-0.8868293623729688,0.022880939012647393,0.22567925173409148,-0.36168375596717245,0.2666889141267307,-0.04384305499153811,-0.1005507488421589,0.09292524206208537,-0.04087318211741376,0.04987165779428738,0.009743487945635544,-0.05695198881513641,0.025031991421452515,0.010068344957453979,-0.0027344547789111212,-0.05695198881513637,0.009743487945635605,0.04987165779428742,-0.040873182117413746,0.09292524206208531,-0.10055074884215881,-0.04384305499153816,0.2666889141267306,-0.36168375596717234,0.2256792517340914,0.0228809390126476,-0.8868293623729689,1.6610064296802194,-0.6122108526594661,-0.12054296277177043,-0.8849347068613644,-3.5927464335533217,0.07930205246901055,0.0,-8.553772266655212
186,-8.724609468640445,0.0699871074923403,-3.6034035784682232,-1.0009683000800373,-0.11896624537647771,-0.691731406788979,1.6820242924798356,-0.8651200333441389,-0.0346181225462043,0.2604402277022044,-0.363659840861144,0.2633140072582657,-0.03122814469505463,-0.11153939610091225,0.10051304509293608,-0.03490664932340821,0.04040674572789658,0.01282664752094256,-0.059784950098310544,0.02610099471004614,0.010464216406501746,-0.005013271781227701,-0.05978495009831053,0.012826647520942595,0.040406745727896626,-0.034906649323408215,0.10051304509293607,-0.11153939610091222,-0.031228144695054694,0.26331400725826565,-0.36365984086114395,0.26044022770220426,-0.0346181225462044,-0.8651200333441389,1.6820242924798356,-0.6917314067889788,-0.1189662453764776,-1.000968300080038,-3.6034035784682232,0.06998710749234065,0.0,-8.941277249481619
187,-9.107450769793846,0.06066810306016743,-3.6132247040136183,-1.116479381886866,-0.11727912978180226,-0.7702490165088253,1.699530506836604,-0.8409524804812474,-0.09198871432775697,0.29397806729337567,-0.36352760223701847,0.2580921418197373,-0.018352584111185028,-0.12143556702414547,0.10695923524866488,-0.028485054972632,0.030342583421589134,0.015695095209781254,-0.06149612936916604,0.026624418358789346,0.010617773748306851,-0.007164125395119615,-0.06149612936916603,0.01569509520978129,0.030342583421589173,-0.02848505497263201,0.10695923524866487,-0.12143556702414543,-0.018352584111185045,0.2580921418197372,-0.36352760223701847,0.29397806729337567,-0.09198871432775739,-0.8409524804812477,1.699530506836604,-0.7702490165088249,-0.11727912978180212,-1.1164793818868664,-3.6132247040136183,0.060668103060167566,0.0,-9.32633119693671
188,-9.487897709889914,0.05134557970181483,-3.622207531607326,-1.2314076548094572,-0.1154831815958981,-0.8476498387912693,1.7134885241283309,-0.8143953754739668,-0.14901793087649784,0.32613526276784516,-0.36128780675025235,0.25105994544529137,-0.005323840993752425,-0.13014233323566302,0.11219059761800858,-0.021692114368010374,0.019828426935658245,0.018300814582800095,-0.06205341871220341,0.026591321432712294,0.010525461139914162,-0.00913211524246063,-0.06205341871220341,0.018300814582800112,0.01982842693565827,-0.021692114368010374,0.11219059761800856,-0.13014233323566293,-0.005323840993752467,0.2510599454452912,-0.36128780675025224,0.3261352627678452,-0.14901793087649787,-0.8143953754739669,1.7134885241283309,-0.8476498387912693,-0.11548318159589795,-1.2314076548094586,-3.622207531607326,0.0513455797018149,0.0,-9.70863908473893
189,-9.865720463389138,0.04202007815071332,-3.6303499771592094,-1.3456931256051303,-0.11358006742129852,-0.9238216498435933,1.723869203485941,-0.7855241798836711,-0.20549413359938137,0.35676079046881376,-0.35695343964961324,0.24226674393986866,0.0077493383429487125,-0.13757441602339093,0.11614771513097642,-0.014616383878788334,0.009020205946775807,0.020600187155802484,-0.06144636136264075,0.026002395744874604,0.010189416213652849,-0.010867008529131314,-0.06144636136264076,0.020600187155802488,0.009020205946775864,-0.014616383878788339,0.11614771513097641,-0.13757441602339085,0.007749338342948695,0.24226674393986852,-0.3569534396496133,0.35676079046881376,-0.20549413359938135,-0.7855241798836712,1.7238692034859413,-0.923821649843593,-0.11358006742129835,-1.3456931256051303,-3.6303499771592094,0.04202007815071345,0.0,-10.087914140180358
190,-10.24068920475208,0.03269213931303759,-3.6376501515546997,-1.4592761365777356,-0.1115715533083434,-0.998654007821869,1.7306508726323668,-0.7544209307206968,-0.2612077361684133,0.3857108200927808,-0.35054962949500146,0.2317742152941231,0.020757836691206035,-0.14365902160456684,0.11878564340948297,-0.007350106472828032,-0.0019217887593493607,0.022554722542112018,-0.05968634791316175,0.024869951395647478,0.009617420577159556,-0.012324522233343618,-0.05968634791316177,0.022554722542112,-0.0019217887593493263,-0.007350106472828041,0.118785643409483,-0.14365902160456678,0.020757836691206018,0.231774215294123,-0.35054962949500135,0.3857108200927809,-0.2612077361684135,-0.754420930720697,1.7306508726323668,-0.9986540078218683,-0.11157155330834326,-1.459276136577736,-3.6376501515546997,0.0326921393130378,0.0,-10.463879471103645
191,-10.61257410843929,0.02336230423633176,-3.644106361093087,-1.5720973967193366,-0.1094595031163217,-1.0720384129610718,1.7338193731288716,-0.7211740073375762,-0.3159519823071659,0.4128493901768843,-0.34211350247423683,0.21965595705763327,0.033593076712658765,-0.14833655410687313,0.12007442123920424,1.1990811544713153e-05,-0.012835282472524875,0.02413170276306135,-0.05680640258517693,0.02321765945914383,0.008822719618967866,-0.013467453426470221,-0.05680640258517697,0.024131702763061324,-0.012835282472524858,1.1990811544712078e-05,0.12007442123920425,-0.14833655410687308,0.033593076712658786,0.2196559570576331,-0.3421135024742367,0.4128493901768842,-0.31595198230716565,-0.7211740073375761,1.733819373128872,-1.0720384129610714,-0.10945950311632158,-1.572097396719337,-3.6441063610930855,0.023362304236331826,0.0,-10.836269452442714
192,-10.981145348911248,0.014031114078127785,-3.6497171078804747,-1.6840980126604648,-0.10724587678384843,-1.1438684648893687,1.7333680899343507,-0.6858778803006113,-0.36952371307481396,0.43804904663086724,-0.33169396716341476,0.20599697010497148,0.04614792719496844,-0.1515611992821964,0.11999941086478995,0.00737393177735141,-0.023558423165121762,0.02530472993115803,-0.05286056357492269,0.021080057195328628,0.007823715792326885,-0.014266628875023873,-0.05286056357492275,0.025304729931157992,-0.023558423165121745,0.00737393177735141,0.11999941086478995,-0.15156119928219633,0.04614792719496842,0.20599697010497128,-0.33169396716341454,0.4380490466308672,-0.36952371307481385,-0.685877880300611,1.7333680899343507,-1.1438684648893682,-0.1072458767838483,-1.6840980126604657,-3.6497171078804738,0.014031114078127923,0.0,-11.20483083240467
193,-11.346173100628516,0.004699110074555833,-3.6544810901773026,-1.7952195194128104,-0.10493272851008273,-1.2140400168984846,1.72929796521589,-0.6486328429533706,-0.42172412080025756,0.461191441314862,-0.3193514309786837,0.19089306241564216,0.05831759723818689,-0.15330137323580847,0.11856146424340756,0.014639742265465074,-0.033932181830548566,0.02605416813797554,-0.04792286910134761,0.018501826130181684,0.00664354247970699,-0.014701649685267042,-0.04792286910134766,0.026054168137975488,-0.03393218183054856,0.014639742265465066,0.11856146424340755,-0.15330137323580836,0.05831759723818688,0.19089306241564197,-0.3193514309786835,0.461191441314862,-0.4217241208002577,-0.6486328429533708,1.72929796521589,-1.2140400168984842,-0.10493272851008259,-1.7952195194128107,-3.6544810901773013,0.004699110074555557,0.0,-11.569323527060801
194,-11.707427538051611,-0.004633166491048611,-3.658397202700361,-1.9054039108882939,-0.10252220484847353,-1.2824513269464732,1.7216174963817579,-0.6095447264348627,-0.4723594868684431,0.4821678878518165,-0.30515744996332206,0.17445017704994323,0.07000051090736398,-0.1535400317758769,0.11577691336833416,0.021714701324548096,-0.043802710955052136,0.0263674721497796,-0.04208596818119707,0.015536858093941662,0.005309528305778205,-0.014761411983453553,-0.042085968181197135,0.026367472149779532,-0.043802710955052136,0.021714701324548103,0.11577691336833418,-0.15354003177587688,0.070000510907364,0.17445017704994298,-0.30515744996332195,0.48216788785181636,-0.47235948686844303,-0.6095447264348628,1.7216174963817585,-1.2824513269464728,-0.10252220484847338,-1.9054039108882943,-3.65839720270036,-0.004633166491048541,0.0,-11.929521079623456
195,-12.064678835641057,-0.013965174319540011,-3.6614645368792216,-2.0145936701785883,-0.10001654271480293,-1.3490032051739507,1.7103427183409288,-0.5687245989621565,-0.5212419006209127,0.5008798720642372,-0.28919431394047673,0.15678364903451816,0.08109915505097841,-0.15227483735337066,0.11167738477249861,0.028506576043509934,-0.05302362614564536,0.026239397408683782,-0.03545938219818294,0.012247128739695731,0.003852564303470977,-0.014444390341378094,-0.03545938219818301,0.026239397408683696,-0.05302362614564537,0.028506576043509934,0.11167738477249861,-0.1522748373533706,0.0810991550509784,0.15678364903451794,-0.2891943139404767,0.5008798720642372,-0.5212419006209127,-0.5687245989621564,1.710342718340929,-1.3490032051739504,-0.10001654271480279,-2.0145936701785887,-3.6614645368792216,-0.013965174319539872,0.0,-12.285210768841198
196,-12.417697167857405,-0.023296372127360812,-3.6636823810670434,-2.1227317995792907,-0.09741806731137462,-1.4135991577199103,1.695497170026179,-0.5262884502319355,-0.5681899567027043,0.5172395146380225,-0.2715545694366486,0.1380173963700124,0.09152089320875118,-0.14951818195726163,0.10630944031881744,0.03492682394855523,-0.061458177076592395,0.02567208782401627,-0.028167449885491483,0.008701402088747801,0.0023063885873071373,-0.013758676712817407,-0.028167449885491577,0.025672087824016178,-0.061458177076592416,0.03492682394855523,0.10630944031881744,-0.14951818195726152,0.09152089320875113,0.1380173963700122,-0.2715545694366486,0.5172395146380225,-0.5681899567027043,-0.5262884502319355,1.695497170026179,-1.4135991577199096,-0.09741806731137449,-2.122731799579291,-3.663682381067043,-0.023296372127360812,0.0,-12.636193359559277
197,-12.76625270916118,-0.032626218677937274,-3.6650502207056683,-2.2297618503430594,-0.09472918996927478,-1.4761455266285946,1.6771118452506517,-0.4823568618377526,-0.6130294282677077,0.5311699838405237,-0.2523404831417822,0.11828305083533347,0.10117873881544076,-0.1452970657407755,0.09973404835717586,0.04089174728973796,-0.06898127555833707,0.02467503988431289,-0.020346994281194505,0.004973793181184359,0.000706805098427437,-0.012721773887013472,-0.0203469942811946,0.024675039884312782,-0.0689812755583371,0.04089174728973796,0.09973404835717586,-0.14529706574077547,0.10117873881544073,0.11828305083533323,-0.25234048314178215,0.5311699838405237,-0.6130294282677076,-0.48235686183775245,1.6771118452506522,-1.4761455266285939,-0.09472918996927465,-2.229761850343061,-3.6650502207056674,-0.032626218677937205,0.0,-12.982282497365215
198,-13.110115634012889,-0.04195417281307204,-3.665567738445011,-2.3356279521462,-0.0919524059107069,-1.5365516256445773,1.655225128000481,-0.43705466463948367,-0.6555939135441792,0.5426058563545377,-0.23166344901655878,0.09771903468529941,0.10999208124696126,-0.1396528325674906,0.0920258912545786,0.04632358416913128,-0.07548135065169859,0.02326494369068411,-0.01214475543292289,0.0011422188760325822,-0.0009091454875923387,-0.01136014873128312,-0.01214475543292299,0.023264943690683996,-0.07548135065169859,0.04632358416913126,0.09202589125457862,-0.1396528325674905,0.10999208124696122,0.0977190346852992,-0.23166344901655875,0.5426058563545376,-0.6555939135441792,-0.4370546646394836,1.6552251280004815,-1.5365516256445773,-0.0919524059107068,-2.3356279521462007,-3.6655677384450103,-0.04195417281307204,0.0,-13.323303758163297
199,-13.449056116873097,-0.05127969348433357,-3.6652348142166873,-2.4402748422533027,-0.08909029193347756,-1.5947298716991662,1.629882712298573,-0.39051058405856853,-0.6957254533609635,0.5514934245336021,-0.20964334248419653,0.07646958971797756,0.11788735864877277,-0.13264076506748668,0.08327251716344353,0.05115152228608835,-0.08086200331515539,0.02146540357258091,-0.003714637023553406,-0.002713230816626036,-0.00250404349130478,-0.009708556626203152,-0.0037146370235535127,0.021465403572580793,-0.0808620033151554,0.05115152228608833,0.08327251716344354,-0.13264076506748657,0.11788735864877274,0.07646958971797733,-0.20964334248419647,0.5514934245336018,-0.6957254533609636,-0.39051058405856853,1.6298827122985735,-1.5947298716991662,-0.08909029193347741,-2.440274842253303,-3.665234814216686,-0.05127969348433336,0.0,-13.65909337228584
200,-13.782844332202302,-0.060602239784437975,-3.6640515252618635,-2.543647894364723,-0.08614550401978158,-1.6505959118974782,1.6011375068068525,-0.3428568743069185,-0.7332751173427625,0.5577909486355954,-0.1864078254508418,0.0546837655221085,0.12479867193068368,-0.12432954316978077,0.07357334566213444,0.05531262208387493,-0.08504343604605291,0.019306542962716514,0.004785181418825435,-0.006511966828131494,-0.004040956736338559,-0.007809154337112489,0.0047851814188253385,0.01930654296271639,-0.08504343604605297,0.05531262208387492,0.07357334566213447,-0.12432954316978075,0.12479867193068367,0.054683765522108276,-0.18640782545084159,0.5577909486355953,-0.7332751173427625,-0.3428568743069184,1.6011375068068525,-1.6505959118974773,-0.08614550401978144,-2.543647894364724,-3.6640515252618626,-0.060602239784437906,0.0,-13.98949665114528
201,-14.111250454461045,-0.06992127097862419,-3.6620181461133434,-2.645693147131834,-0.08312077487150606,-1.7040687458220702,1.5690495243661287,-0.29422894258882626,-0.7681035565990362,0.5614688528500457,-0.1620916061837052,0.03251437400133315,0.13066833480326703,-0.11480057141447186,0.06303853856152551,0.058752637263044874,-0.08796363631351183,0.016824500145347133,0.013195212541276894,-0.010174585555361854,-0.005484295767505384,-0.005710423965820118,0.013195212541276816,0.016824500145347022,-0.08796363631351188,0.05875263726304485,0.06303853856152554,-0.11480057141447181,0.13066833480326703,0.03251437400133291,-0.16209160618370513,0.5614688528500457,-0.7681035565990363,-0.294228942588826,1.5690495243661289,-1.7040687458220705,-0.08312077487150597,-2.645693147131835,-3.662018146113344,-0.06992127097862398,0.0,-14.314366152258609
202,-14.434044658109842,-0.07923624653601681,-3.6591351485318713,-2.746357332325171,-0.08001891137433974,-1.755070842975807,1.5336857567042126,-0.2447649643437027,-0.8000815208554819,0.5625098641985221,-0.13683565833781225,0.010116917508483994,0.13544735526493137,-0.10414718163325731,0.051787748702816154,0.061426721964912466,-0.08957929623219374,0.01406082331884203,0.02135765372590647,-0.01362452860549303,-0.0068006379762505995,-0.0034659354485712672,0.021357653725906384,0.014060823318841922,-0.0895792962321938,0.06142672196491248,0.05178774870281615,-0.10414718163325724,0.13544735526493137,0.010116917508483736,-0.1368356583378121,0.5625098641985221,-0.8000815208554822,-0.24476496434370268,1.5336857567042128,-1.7550708429758066,-0.08001891137433964,-2.7463573323251715,-3.6591351485318713,-0.07923624653601646,0.0,-14.633559625544368
203,-14.750997117609263,-0.0885466261609795,-3.6554032013966813,-2.8455879026407644,-0.07684279199304153,-1.8035282551936633,1.4951200345738458,-0.1946054906229203,-0.8290903381089891,0.5609090936557757,-0.11078640365907033,-0.012351501891692034,0.13909584452084364,-0.09247371880769421,0.039948760957573236,0.06330001540590345,-0.0898664548377485,0.011061775098903288,0.02911934803802625,-0.016789683068357993,-0.007959501549627403,-0.0011329791874189017,0.029119348038026176,0.01106177509890317,-0.08986645483774851,0.06330001540590345,0.03994876095757326,-0.09247371880769416,0.13909584452084361,-0.012351501891692327,-0.11078640365907022,0.5609090936557758,-0.8290903381089891,-0.19460549062292012,1.4951200345738462,-1.8035282551936633,-0.0768427919930414,-2.845587902640765,-3.6554032013966804,-0.08854662616097922,0.0,-14.946937789930153
204,-15.061878007419816,-0.09785186982445339,-3.650823170550306,-2.943333059130148,-0.07359536410028517,-1.8493707238604984,1.4534328736124487,-0.14389304871639477,-0.8550223550260382,0.5566740591106487,-0.08409486310194625,-0.034733284380639745,0.1415833499206026,-0.07989451905879733,0.027656040865328312,0.06434809634118137,-0.08882085343870823,0.007877558104715795,0.03633465800449067,-0.0196038888664921,-0.00893405132088366,0.0012288962830170286,0.036334658004490594,0.007877558104715687,-0.0888208534387083,0.06434809634118135,0.027656040865328347,-0.07989451905879733,0.14158334992060262,-0.034733284380639884,-0.08409486310194615,0.5566740591106488,-0.8550223550260383,-0.14389304871639452,1.4534328736124487,-1.8493707238604984,-0.07359536410028505,-2.943333059130148,-3.650823170550306,-0.09785186982445325,0.0,-15.254361994361956
205,-15.366457502002016,-0.10715143779528014,-3.6453961185977053,-3.0395417782397134,-0.07027964124155871,-1.8925317817793288,1.408711306245493,-0.09277173716371936,-0.8777813364502077,0.5498246500589209,-0.056915781283160854,-0.056871437835487613,0.14288910913574931,-0.06653278977808796,0.015049207393098113,0.06455730143292167,-0.08645799877480036,0.0045614745913411395,0.042868198299722424,-0.022008321675272235,-0.009701720176667358,0.003559404267455856,0.042868198299722354,0.004561474591341038,-0.08645799877480041,0.06455730143292167,0.015049207393098127,-0.06653278977808794,0.1428891091357493,-0.056871437835487766,-0.05691578128316082,0.549824650058921,-0.877781336450208,-0.09277173716371913,1.4087113062454937,-1.8925317817793281,-0.07027964124155861,-3.039541778239715,-3.645396118597704,-0.10715143779528007,0.0,-15.55569182114809
206,-15.664505775816407,-0.11644479067150817,-3.639123304659717,-3.134163838445312,-0.06689870033865702,-1.93294884954241,1.3610486999844407,-0.041386816300621014,-0.8972828225361897,0.5403930341939077,-0.02940672934739475,-0.0786106790159912,0.14300222345558516,-0.052519402868687975,0.002271447163008168,0.06392490337281555,-0.08281293304501239,0.0011690341957035966,0.04859737606434973,-0.023952722506470833,-0.010244731631265568,0.005799058723358222,0.048597376064349676,0.0011690341957034953,-0.08281293304501244,0.06392490337281553,0.0022714471630081766,-0.052519402868688,0.14300222345558516,-0.0786106790159914,-0.02940672934739463,0.5403930341939077,-0.8972828225361897,-0.04138681630062067,1.361048699984441,-1.9329488495424094,-0.06689870033865694,-3.1341638384453123,-3.639123304659716,-0.11644479067150804,0.0,-15.850782692097757
207,-15.95579300332351,-0.1257313894116793,-3.6320061840809488,-3.227149846468191,-0.06345567883436252,-1.9705633262653952,1.3105445624985952,0.010115704495810136,-0.9134544421849702,0.5284235063335013,-0.0017271914461543482,-0.09979852276489262,0.14192174875485844,-0.03799161291609983,-0.01053211184100258,0.0624591464367047,-0.07793971421599662,-0.0022429752679305245,0.05341469119088458,-0.025396448253685467,-0.01055051146691252,0.007890692637726564,0.05341469119088453,-0.0022429752679306086,-0.0779397142159967,0.0624591464367047,-0.010532111841002572,-0.037991612916099794,0.14192174875485844,-0.09979852276489279,-0.0017271914461542276,0.5284235063335012,-0.9134544421849705,0.010115704495810498,1.3105445624985952,-1.9705633262653943,-0.06345567883436241,-3.227149846468192,-3.6320061840809483,-0.12573138941167902,0.0,-16.13948353905741
208,-16.240089358983855,-0.135010695366095,-3.624046408092113,-3.3184512630585767,-0.059953771780963325,-2.005320674553016,1.2573043338678378,0.06158948169027692,-0.9262361816170012,0.5139722803931555,0.025962359874048026,-0.12028635158173796,0.1396567033740439,-0.023091712843590156,-0.023216048616189287,0.060179139007837675,-0.07191061431807493,-0.005617438408545104,0.057229753414758194,-0.026309321240472826,-0.01061197890803847,0.009780917210849555,0.05722975341475817,-0.005617438408545178,-0.071910614318075,0.060179139007837654,-0.023216048616189238,-0.023091712843590125,0.13965670337404393,-0.12028635158173814,0.02596235987404813,0.5139722803931556,-0.9262361816170015,0.06158948169027723,1.257304333867838,-2.0053206745530154,-0.059953771780963214,-3.3184512630585767,-3.6240464080921115,-0.13501069536609506,0.0,-16.421634600165554
209,-16.517165017257987,-0.1442821703080593,-3.6152458234269305,-3.4080204283334496,-0.05639622887531153,-2.0371704995730906,1.2014391664499569,0.11288825342193722,-0.9355806070866738,0.49710722538179813,0.05350139401374963,-0.13993045806786178,0.13622599284644232,-0.007965640219407119,-0.03563630081207391,0.057114604469871696,-0.06481504761847487,-0.008897868342443042,0.05997097836278668,-0.02667226001339049,-0.010427710586897353,0.01142148460143398,0.05997097836278665,-0.008897868342443105,-0.06481504761847494,0.05711460446987166,-0.03563630081207389,-0.007965640219407075,0.13622599284644235,-0.13993045806786195,0.05350139401374978,0.497107225381798,-0.9355806070866735,0.11288825342193742,1.201439166449958,-2.0371704995730897,-0.05639622887531142,-3.4080204283334496,-3.615245823426929,-0.14428217030805923,0.0,-16.697065401433317
210,-16.78679015260643,-0.1535452764650982,-3.605606471893677,-3.4958105866552938,-0.052786351443171994,-2.0660666221242137,1.1430656928221705,0.16386625510498992,-0.9414530409115835,0.4779075466605421,0.08073025299915589,-0.15859305293053497,0.13165825210037524,0.007238452133599797,-0.04765180097013931,0.05330549371711071,-0.056758244567471174,-0.012029352256406042,0.061586930735059935,-0.026477678194707803,-0.010001973503711245,0.012770519449156414,0.061586930735059935,-0.012029352256406091,-0.05675824456747123,0.05330549371711071,-0.047651800970139296,0.007238452133599789,0.1316582521003753,-0.15859305293053508,0.08073025299915598,0.4779075466605421,-0.9414530409115835,0.1638662551049901,1.1430656928221707,-2.0660666221242128,-0.05278635144317191,-3.495810586655295,-3.6056064718936756,-0.15354527646509805,0.0,-16.965592980138425
211,-17.04873493948971,-0.1627994765501508,-3.595130589901463,-3.5817759110388105,-0.049127489375660804,-2.0919671455911826,1.0823057822813027,0.21437863361626094,-0.9438316901633393,0.4564634139611404,0.10749107710169732,-0.17614323147585176,0.12599160645355828,0.022371647225744733,-0.05912607874796577,0.04880146433350106,-0.04785969118340801,-0.014959470621674601,0.06204728941730088,-0.025729643057712165,-0.009344626218091765,0.013793587740113213,0.062047289417300894,-0.014959470621674636,-0.04785969118340804,0.048801464333501084,-0.05912607874796575,0.02237164722574469,0.1259916064535583,-0.17614323147585187,0.1074910771016974,0.45646341396114026,-0.9438316901633396,0.21437863361626114,1.0823057822813034,-2.0919671455911812,-0.049127489375660735,-3.5817759110388105,-3.5951305899014616,-0.162799476550151,0.0,-17.227020402053686
212,-17.30276955236836,-0.1720442337927348,-3.5838206079413686,-3.665871527072882,-0.04542303802061602,-2.114834516691084,1.0192862864110044,0.2642818588928856,-0.9427077275423318,0.4328755379111637,0.13362872003223356,-0.19245789181110268,0.11927335339454802,0.03728572247292816,-0.06992881092997688,0.04366123323008334,-0.03825135702122605,-0.017639174671549924,0.06134341641469472,-0.024443790509968425,-0.008470890559794286,0.01446457573245802,0.06134341641469474,-0.017639174671549948,-0.03825135702122608,0.04366123323008335,-0.0699288109299769,0.0372857224729281,0.11927335339454807,-0.19245789181110273,0.1336287200322337,0.4328755379111635,-0.9427077275423316,0.2642818588928857,1.0192862864110048,-2.114834516691083,-0.04542303802061594,-3.6658715270728823,-3.5838206079413673,-0.17204423379273487,0.0,-17.48113561880796
213,-17.54866416570289,-0.18127901197008,-3.571679150022551,-3.748053536345281,-0.04167643503178561,-2.1346355799219667,0.9541387742471872,0.3134341317705359,-0.9380853241363317,0.40725469705471823,0.15899164840404906,-0.2074225983161031,0.11155956780732061,0.05183460146768077,-0.0799373016199924,0.03795181118026091,-0.028075738004518385,-0.020023607454066495,0.05948851893193063,-0.02264699826160574,-0.007400999145173627,0.014766356507715309,0.059488518931930655,-0.020023607454066502,-0.028075738004518434,0.03795181118026091,-0.07993730161999238,0.05183460146768075,0.11155956780732064,-0.20742259831610318,0.15899164840404928,0.40725469705471823,-0.9380853241363317,0.3134341317705361,0.9541387742471873,-2.1346355799219667,-0.04167643503178554,-3.748053536345283,-3.5716791500225504,-0.18127901197007987,0.0,-17.727710704817053
214,-17.786188953953854,-0.19050327543823084,-3.5587090330634537,-3.8282790393579025,-0.03789115717875623,-2.1513416256351454,0.8869992575945959,0.3616957869033305,-0.9299816339413525,0.37972121759001026,0.18343282024999277,-0.22093238432684742,0.10291463393403254,0.06587578472940897,-0.08903787580377222,0.031747629231888896,-0.017483743146797896,-0.02207285471570991,0.05651740155824781,-0.020376824010276542,-0.006159726861608765,0.014691227134097512,0.056517401558247866,-0.0220728547157099,-0.017483743146797924,0.031747629231888896,-0.08903787580377219,0.0658757847294089,0.10291463393403256,-0.2209323843268475,0.1834328202499929,0.37972121759001026,-0.9299816339413526,0.3616957869033305,0.8869992575945962,-2.151341625635145,-0.03789115717875615,-3.828279039357904,-3.5587090330634523,-0.19050327543823076,0.0,-17.966501505370708
215,-18.015114091581772,-0.19971648916311557,-3.5449132662382534,-3.9065061579205564,-0.03407071712058354,-2.1649284316614503,0.8180079070679844,0.4089296896205343,-0.9184267302022174,0.35040440826712865,0.20681053750054276,-0.23289248840123797,0.09341070798250564,0.07927174542031039,-0.09712717045366553,0.025129568384737754,-0.006632456502851551,-0.023752613046749027,0.052485813207391395,-0.01768072038620419,-0.004775817169054355,0.014241105283264558,0.05248581320739146,-0.023752613046749003,-0.006632456502851586,0.02512956838473776,-0.09712717045366549,0.07927174542031029,0.09341070798250571,-0.23289248840123808,0.20681053750054285,0.3504044082671287,-0.9184267302022174,0.40892968962053444,0.8180079070679847,-2.1649284316614503,-0.03407071712058346,-3.906506157920556,-3.544913266238252,-0.19971648916311566,0.0,-18.197247718791083
216,-18.235209753047172,-0.20891811875157987,-3.5302950502787125,-3.9826940570116305,-0.030218660146117644,-2.1753762984310545,0.7473087594507271,0.45500162559239,-0.9034634938090763,0.31944195310000256,0.22898926748054282,-0.2432190190025159,0.08312711586386123,0.09189127635657411,-0.1041133085111827,0.018183905182969768,0.004317192458548806,-0.025034764103752397,0.04746940106624747,-0.014615043067038584,-0.0032813165035385523,0.01342748028189771,0.04746940106624753,-0.025034764103752362,0.004317192458548797,0.018183905182969785,-0.10411330851118271,0.09189127635657406,0.0831271158638613,-0.24321901900251594,0.2289892674805429,0.31944195310000245,-0.9034634938090761,0.45500162559239016,0.7473087594507271,-2.175376298431055,-0.030218660146117612,-3.9826940570116305,-3.530295050278712,-0.20891811875157973,0.0,-18.4196734262762
217,-18.446246112810613,-0.2181076304823825,-3.5148577767315787,-4.056802966094222,-0.02633856088404883,-2.1826700775359686,0.6750494169818344,0.49978068219784816,-0.8851474541640364,0.2869792647446125,0.2498404286619706,-0.2518395429381153,0.07214969108717459,0.10361077512151898,-0.10991694241356248,0.011001186968442858,0.015202815511157259,-0.025897845297080974,0.0415622911798668,-0.01124387279553564,-0.0017108321954595557,0.01227111984749274,0.041562291179866886,-0.02589784529708094,0.01520281551115722,0.011001186968442865,-0.10991694241356248,0.10361077512151896,0.07214969108717463,-0.25183954293811533,0.2498404286619706,0.28697926474461244,-0.8851474541640365,0.49978068219784816,0.6750494169818346,-2.182670077535968,-0.026338560884048796,-4.056802966094222,-3.5148577767315774,-0.21810763048238221,0.0,-18.63348807331664
218,-18.647993345332576,-0.22728449133715334,-3.4986050271717204,-4.128794199876584,-0.022434019985726597,-2.186799193693782,0.6013807391991843,0.5431396205105498,-0.8635465831084674,0.25316880158026156,0.2692431361173225,-0.25869359342646564,0.06057005833750921,0.11431545469358646,-0.11447215531210793,0.0036750514576351667,0.02586297396179504,-0.02632740906427603,0.03487532230623844,-0.0076376759229985465,-0.00010073108665889167,0.010801539993919198,0.03487532230623852,-0.026327409064275963,0.02586297396179504,0.003675051457635157,-0.11447215531210793,0.1143154546935864,0.06057005833750926,-0.2586935934264657,0.26924313611732253,0.2531688015802615,-0.8635465831084674,0.5431396205105499,0.6013807391991849,-2.1867991936937816,-0.02243401998572656,-4.128794199876585,-3.4986050271717204,-0.22728449133715334,0.0,-18.83838789664014
219,-18.840221625073625,-0.23644816903131027,-3.481540572371173,-4.19863017850609,-0.01850866078383013,-2.187757660080814,0.5264565279823208,0.5849552368460675,-0.8387410426757168,0.2181693517011791,0.2870849023518394,-0.2637330942280198,0.048484868717051974,0.12390046773165213,-0.11772720974638212,-0.0036989939691896593,0.0361395728588887,-0.026316264715279047,0.027533966180088822,-0.0038718314766561577,0.0015117025965445884,0.00905625163736721,0.027533966180088913,-0.026316264715278977,0.03613957285888868,-0.0036989939691896463,-0.11772720974638215,0.12390046773165206,0.04848486871705201,-0.26373309422801977,0.28708490235183953,0.21816935170117913,-0.8387410426757166,0.5849552368460679,0.526456527982321,-2.187757660080813,-0.018508660783830084,-4.19863017850609,-3.4815405723711725,-0.23644816903131022,0.0,-19.034057780720172
220,-19.022701126494276,-0.24559813204493208,-3.4636683714242844,-4.266274447186129,-0.014566125929990929,-2.185544087012432,0.45043320645237667,0.625108712843076,-0.8108228876053478,0.18214528718113376,0.3032622894514878,-0.2669226968655312,0.03599499303252055,0.13227193350580532,-0.11964513527092734,-0.011024817352743894,0.04588020561181393,-0.025864598801111482,0.01967597320908406,-2.5055539155592516e-05,0.0030891306136887784,0.007079803133008496,0.019675973209084156,-0.025864598801111395,0.045880205611813905,-0.011024817352743892,-0.11964513527092735,0.1322719335058053,0.0359949930325206,-0.26692269686553116,0.3032622894514879,0.18214528718113376,-0.8108228876053478,0.6251087128430763,0.4504332064523775,-2.1855440870124316,-0.01456612592999089,-4.26627444718613,-3.463668371424284,-0.24559813204493194,0.0,-19.22017351820472
221,-19.195202024055057,-0.25473384965358914,-3.4449925708291733,-4.331691695205735,-0.010610074014488031,-2.180161683957968,0.37346949239949634,0.6634859530837001,-0.7798957237228851,0.14526579211333723,0.31768150876585494,-0.26824002856822393,0.023204679862188878,0.13934785741529,-0.12020414836032836,-0.018206915381819965,0.05494041424928452,-0.024979971991100657,0.011448787777693906,0.003822244125205985,0.004595025331278229,0.0049226431815521604,0.011448787777694003,-0.02497997199110056,0.054940414249284523,-0.018206915381819958,-0.12020414836032839,0.13934785741528996,0.023204679862188902,-0.2682400285682239,0.31768150876585494,0.1452657921133373,-0.7798957237228847,0.6634859530837004,0.373469492399497,-2.1801616839579667,-0.010610074014488005,-4.331691695205735,-3.4449925708291724,-0.25473384965358903,0.0,-19.396404439398893
222,-19.357494492216507,-0.26385479195912664,-3.425517503525714,-4.394847774371983,-0.006644176171152362,-2.171618254887286,0.2957260669195578,0.6999779092937021,-0.7460743234528342,0.10770406805109277,0.3302589646492927,-0.26767584920070525,0.010220685429846723,0.14505893408735632,-0.11939789982339684,-0.025151658425005535,0.06318583179613593,-0.023677192510925805,0.0030067816569705266,0.007589648804858503,0.005994515573114072,0.0026398331299205906,0.0030067816569706303,-0.023677192510925697,0.06318583179613595,-0.025151658425005535,-0.11939789982339682,0.14505893408735626,0.010220685429846775,-0.26767584920070514,0.3302589646492927,0.1077040680510927,-0.7460743234528342,0.6999779092937024,0.2957260669195579,-2.171618254887285,-0.006644176171152321,-4.394847774371984,-3.425517503525714,-0.26385479195912676,0.0,-19.562416367380457
223,-19.509348705439148,-0.2729604299204008,-3.4052476878902507,-4.455709716835555,-0.002672112670630863,-2.1599261869557793,0.21736523895200305,0.7344808902012935,-0.7094841998918355,0.06963652058076666,0.3409217391079582,-0.2652341160758758,-0.0028486174516712285,0.14934922619104612,-0.11723554691638192,-0.03176851113611699,0.0704941749960912,-0.021978068260069927,-0.005491642568513526,0.011198409804163001,0.007255194112952923,0.0002896415344746128,-0.0054916425685134305,-0.021978068260069823,0.07049417499609122,-0.031768511136116985,-0.11723554691638192,0.14934922619104607,-0.0028486174516711856,-0.26523411607587577,0.3409217391079583,0.0696365205807667,-0.7094841998918353,0.7344808902012937,0.21736523895200333,-2.1599261869557784,-0.002672112670630826,-4.455709716835555,-3.4052476878902493,-0.27296042992040065,0.0,-19.717874847636246
224,-19.650534838183525,-0.28205023538396323,-3.3841878266872985,-4.514245752300144,0.0013024304948279675,-2.145102432544176,0.1385506064191351,0.7668968561741178,-0.6702611410225835,0.031241930847279352,0.3496080145430038,-0.2609319561972237,-0.015894143930054082,0.15217671231724658,-0.11374164933615613,-0.03797121272089297,0.07675705782753259,-0.019911041758111855,-0.013887023706375842,0.01457309449887743,0.008347868110831033,-0.0020679431395430625,-0.013887023706375748,-0.01991104175811174,0.0767570578275326,-0.037971212720892975,-0.11374164933615616,0.15217671231724658,-0.015894143930054054,-0.2609319561972236,0.34960801454300383,0.031241930847279387,-0.6702611410225832,0.7668968561741181,0.13855060641913552,-2.1451024325441757,0.0013024304948280041,-4.514245752300145,-3.384187826687297,-0.2820502353839632,0.0,-19.86244859445751
225,-19.780823064910148,-0.29112368111469744,-3.3623428059784666,-4.570425324606748,0.0052757650318981724,-2.1271684846792076,0.05944671467433857,0.7971336977971959,-0.628550705797075,-0.007299384077021862,0.35626743213905654,-0.2547995461251999,-0.028807007606224976,0.1535136985587836,-0.10895589027466981,-0.043678901478366394,0.08188159891702344,-0.017510714030681315,-0.022021834025447853,0.017643163076982948,0.009247235115612304,-0.0043727437191104146,-0.022021834025447756,-0.0175107140306812,0.08188159891702348,-0.04367890147836638,-0.10895589027466981,0.15351369855878358,-0.028807007606224937,-0.2547995461251997,0.35626743213905654,-0.0072993840770218445,-0.6285507057970752,0.7971336977971961,0.059446714674338846,-2.1271684846792076,0.0052757650318981724,-4.570425324606748,-3.362342805978466,-0.29112368111469733,0.0,-19.995813090877533
226,-19.899983560079562,-0.30018024082639805,-3.3397176939888498,-4.624219107684164,0.00924420376883579,-2.1061503458707773,-0.019781287027699226,0.8251054976002574,-0.584507683959246,-0.04580641803684743,0.3608613838202253,-0.24687990031032905,-0.04147942937063264,0.15334708975931904,-0.10293262570289943,-0.04881716895679863,0.08579179901191379,-0.014817265404996095,-0.029743435046069477,0.02034444300682834,0.009932468979940713,-0.00656593034128067,-0.029743435046069393,-0.014817265404995979,0.08579179901191382,-0.04881716895679863,-0.10293262570289943,0.153347089759319,-0.041479429370632606,-0.24687990031032891,0.36086138382022537,-0.04580641803684743,-0.5845076839592461,0.8251054976002576,-0.019781287027698814,-2.1061503458707764,0.00924420376883579,-4.624219107684163,-3.3397176939888484,-0.30018024082639794,0.0,-20.117654274804824
227,-20.007786498152278,-0.3092193892122984,-3.316317739931155,-4.675599020857361,0.01320406407709749,-2.0820784904108014,-0.09896799032156361,0.8507327741907706,-0.5382955216116267,-0.08409832587467346,0.36336323608101373,-0.23722856937774495,-0.05380563699738836,0.15167851777429647,-0.09574026700345746,-0.053319029981640946,0.08842966808348991,-0.011875782910584536,-0.036906941590332386,0.022620470412318766,0.010387702119886709,-0.008591522081047642,-0.03690694159033231,-0.011875782910584417,0.08842966808348995,-0.053319029981640946,-0.0957402670034575,0.15167851777429642,-0.05380563699738833,-0.23722856937774478,0.3633632360810137,-0.08409832587467334,-0.5382955216116267,0.8507327741907709,-0.0989679903215632,-2.082078490410801,0.01320406407709749,-4.675599020857361,-3.316317739931154,-0.3092193892122984,0.0,-20.22767224129676
228,-20.104002053588843,-0.3182406019755392,-3.2921483727878478,-4.7245382435057826,0.017151671288743144,-2.0549878201884058,-0.17794807306264623,0.873942708098964,-0.4900857146577682,-0.1219952727553358,0.36375848439447755,-0.22591325047946784,-0.0656827479876543,0.14852432548767872,-0.08746050396383556,-0.05712579590972544,0.08975608534522146,-0.008735505544180391,-0.04337794035232487,0.024423670316869157,0.010602392951865994,-0.010397815860282551,-0.04337794035232479,-0.00873550554418028,0.08975608534522149,-0.05712579590972544,-0.08746050396383559,0.14852432548767863,-0.06568274798765426,-0.2259132504794677,0.36375848439447755,-0.12199527275533568,-0.4900857146577683,0.8739427080989641,-0.17794807306264623,-2.0549878201884058,0.017151671288743134,-4.7245382435057826,-3.2921483727878473,-0.31824060197553905,0.0,-20.325584889702405
229,-20.188400400849773,-0.3272433558595793,-3.267215200051578,-4.771011229063847,0.0210833621064513,-2.0249176140855183,-0.25655664447867144,0.8946693486931092,-0.4400571723714107,-0.1593192787457276,0.3620448373024434,-0.2130133124475238,-0.07701162829350158,0.14391540674102543,-0.07818737695541285,-0.060187839725481335,0.08975137943164689,-0.005449000032691335,-0.049035011978162665,0.025716351085910347,0.010571569998295989,-0.011938706164948283,-0.0490350119781626,-0.00544900003269123,0.08975137943164696,-0.06018783972548132,-0.07818737695541286,0.14391540674102535,-0.07701162829350154,-0.21301331244752364,0.3620448373024434,-0.15931927874572754,-0.4400571723714108,0.8946693486931092,-0.2565566444786713,-2.0249176140855183,0.02108336210645129,-4.771011229063847,-3.267215200051577,-0.32724335585957914,0.0,-20.4111314447096
230,-20.26075171439561,-0.33622712867854604,-3.2415240064241964,-4.814993718356418,0.024995488002982718,-1.991911471026249,-0.3346295894206237,0.9128538015771164,-0.3883955534542229,-0.19589505468310003,0.35823222970027196,-0.19861923907861423,-0.08769771975477315,0.13789690374273175,-0.0680262088362887,-0.06246524300497775,0.08841562013358427,-0.002071280891571086,-0.053772009332457564,0.026471492281476286,0.010295947009369416,-0.013174861884907534,-0.053772009332457515,-0.0020712808915709846,0.08841562013358432,-0.062465243004977744,-0.06802620883628872,0.1378969037427317,-0.08769771975477314,-0.19861923907861406,0.35823222970027185,-0.19589505468309984,-0.3883955534542231,0.9128538015771166,-0.3346295894206237,-1.9919114710262489,0.0249954880029827,-4.814993718356417,-3.2415240064241964,-0.33622712867854604,0.0,-20.484075782164755
231,-20.320826168686875,-0.3451913993475239,-3.2150807524746576,-4.856462752262238,0.028884418606937766,-1.9560172467626147,-0.4120039109943681,0.9284443959379592,-0.33529257704603804,-0.2315508254063784,0.3523427652391494,-0.18283199445529452,-0.09765182934262871,0.1305277649211623,-0.05709240870923528,-0.06392831631362705,0.0857686173631019,0.0013411104916068717,-0.05750004920270021,0.026673309460633288,0.009781906435133448,-0.014074730237576506,-0.05750004920270018,0.0013411104916069556,0.08576861736310196,-0.06392831631362705,-0.057092408709235314,0.13052776492116225,-0.09765182934262871,-0.1828319944552943,0.3523427652391494,-0.23155082540637842,-0.3352925770460379,0.9284443959379592,-0.41200391099436795,-1.9560172467626153,0.028884418606937717,-4.856462752262238,-3.2150807524746576,-0.34519139934752363,0.0,-20.544209493856588
232,-20.368393938184113,-0.3541356479127787,-3.187891573256115,-4.895396683698726,0.032746545071665537,-1.9172869844882765,-0.488518070857631,0.9413968313674071,-0.280945311244468,-0.26611913648425517,0.34441058817983106,-0.16576231475547779,-0.10679087362223459,0.12188016755230359,-0.04551016112151718,-0.0645579862533687,0.08184962736359915,0.004731052332677642,-0.060149180069975425,0.02631758411197429,0.009041351630602339,-0.01461534215034781,-0.060149180069975404,0.004731052332677723,0.0818496273635992,-0.06455798625336873,-0.04551016112151718,0.12188016755230355,-0.10679087362223458,-0.16576231475547756,0.34441058817983095,-0.2661191364842552,-0.2809453112444678,0.9413968313674073,-0.48851807085763055,-1.9172869844882767,0.03274654507166549,-4.895396683698725,-3.1878915732561146,-0.3541356479127784,0.0,-20.591354630202446
233,-20.403225197347844,-0.363059355581916,-3.1599627768825456,-4.931775188921879,0.03657828342419835,-1.8757768393808814,-0.5640123264718884,0.9516743037408828,-0.22555544177423767,-0.29943764065132555,0.33448168544076273,-0.14752993151771013,-0.11503857222083168,0.11203881081702638,-0.03341101559446033,-0.06434604411358215,0.07671677052203435,0.008041798641972013,-0.061669694652596106,0.025411751833635025,0.008091431216308499,-0.014782898544456153,-0.061669694652596106,0.00804179864197208,0.07671677052203439,-0.06434604411358215,-0.03341101559446036,0.11203881081702634,-0.11503857222083166,-0.14752993151770985,0.33448168544076257,-0.29943764065132555,-0.2255554417742376,0.951674303740883,-0.5640123264718883,-1.8757768393808816,0.03657828342419831,-4.931775188921879,-3.159962776882545,-0.3630593555819158,0.0,-20.625366065848464
234,-20.425090120638586,-0.3719620047539735,-3.131300843065205,-4.965579278135396,0.04037607789110412,-1.831546997182427,-0.6383290646050624,0.9592476097957541,-0.1693285235202477,-0.331349860258835,0.3226136199882156,-0.12826273181045522,-0.12232608451304848,0.101100086212134,-0.02093239250269265,-0.0632952528841832,0.07044616941740656,0.011217929124785071,-0.062033062594587234,0.02397474690967906,0.006954141977123297,-0.014573122555434977,-0.06203306259458724,0.011217929124785125,0.07044616941740663,-0.0632952528841832,-0.020932392502692673,0.10110008621213398,-0.12232608451304851,-0.12826273181045506,0.3226136199882156,-0.33134986025883495,-0.16932852352024777,0.9592476097957542,-0.6383290646050624,-1.831546997182427,0.04037607789110408,-4.965579278135396,-3.131300843065205,-0.37196200475397334,0.0,-20.64613344046206
235,-20.433758882516894,-0.38084307904944276,-3.101912421609292,-4.996791305403455,0.04413640419817008,-1.784661586935685,-0.7113131303887544,0.9640952301119061,-0.1124732177019698,-0.3617059221592465,0.30887519711410416,-0.1080958611961957,-0.12859258420927208,0.0891711334406316,-0.008216022273067551,-0.06141931123582515,0.06313081988862035,0.014206276890351251,-0.06123246579840909,0.02203660653361508,0.005655819494801191,-0.01399136869976309,-0.06123246579840911,0.014206276890351295,0.0631308198886204,-0.06141931123582515,-0.008216022273067594,0.08917113344063157,-0.12859258420927208,-0.10809586119619553,0.30887519711410416,-0.3617059221592465,-0.11247321770196983,0.9640952301119063,-0.7113131303887537,-1.784661586935685,0.04413640419817005,-4.996791305403455,-3.101912421609291,-0.38084307904944265,0.0,-20.653582635305014
236,-20.429001657443266,-0.3897020633402206,-3.071804330871126,-5.025394977862005,0.047855772840855876,-1.7351885880032247,-0.7828121512430269,0.9662033902588093,-0.05520051752006056,-0.39036326157330686,0.2933460655362478,-0.087170775782414,-0.13378576705119072,0.07636879102833116,0.00459366436937293,-0.05874267493677736,0.054879211864305937,0.01695681843992543,-0.059282926357140185,0.019637842951819105,0.0042265283093894926,-0.013052486201230753,-0.05928292635714022,0.01695681843992546,0.05487921186430601,-0.058742674936777345,0.004593664369372896,0.07636879102833119,-0.13378576705119075,-0.08717077578241376,0.2933460655362477,-0.39036326157330675,-0.0552005175200607,0.9662033902588094,-0.7828121512430265,-1.735188588003224,0.04785577284085584,-5.025394977862007,-3.0718043308711254,-0.38970206334022045,0.0,-20.647676755345298
237,-20.410679272663177,-0.3985384437794886,-3.040983556176247,-5.051375364223732,0.051530732322481114,-1.683199731503832,-0.85267685499246,0.9655660999353265,0.002277034851135864,-0.41718729163395263,0.27611625563370534,-0.0656342500086346,-0.13786228737695316,0.06281845194501377,0.017351176825037767,-0.055300238034585565,0.04581372040830955,0.019423511035999274,-0.05622102468564957,0.016828596650720146,0.0026993657312006734,-0.011780439965609622,-0.05622102468564962,0.019423511035999284,0.0458137204083096,-0.055300238034585565,0.017351176825037735,0.06281845194501373,-0.13786228737695316,-0.06563425000863436,0.27611625563370523,-0.4171872916339526,0.0022770348511357264,0.9655660999353265,-0.8526768549924603,-1.6831997315038318,0.05153073232248108,-5.051375364223732,-3.0409835561762466,-0.39853844377948855,0.0,-20.628416596500738
238,-20.378958799768746,-0.40735170783151725,-3.0094572481987516,-5.074718902572282,0.05515787235714251,-1.628770396309247,-0.9207613815093322,0.9621851699910532,0.05974613701941204,-0.4420520354626011,0.2572856574942684,-0.04363734712918823,-0.1407881199120891,0.048652835438804,0.029911617081331218,-0.05113687795879857,0.036068790842374014,0.021565063435496554,-0.05210421313963746,0.013667588288370922,0.0011096954245907447,-0.010207698878219745,-0.05210421313963751,0.021565063435496554,0.03606879084237405,-0.05113687795879857,0.029911617081331183,0.04865283543880397,-0.1407881199120891,-0.043637347129187994,0.2572856574942683,-0.4420520354626011,0.05974613701941211,0.9621851699910533,-0.9207613815093317,-1.628770396309247,0.05515787235714247,-5.074718902572282,-3.0094572481987516,-0.40735170783151714,0.0,-20.595840587892383
239,-20.3340697797405,-0.4161413443013945,-2.97723272130228,-5.0954134074416615,0.05873382703438818,-1.571979499752007,-0.9869235872332954,0.9560702072808186,0.11699351795173381,-0.4648407178093281,0.2369634418001416,-0.021334359613021256,-0.14253884376645048,0.03401068711306778,0.042132325443678044,-0.04630687047504291,0.02578894486145793,0.023345627085245752,-0.047009738001534906,0.010220891277798528,-0.0005056714889771501,-0.008374407038052657,-0.047009738001534976,0.023345627085245728,0.025788944861457972,-0.04630687047504289,0.04213232544367804,0.03401068711306778,-0.1425388437664505,-0.021334359613020996,0.23696344180014142,-0.464840717809328,0.11699351795173367,0.9560702072808189,-0.9869235872332952,-1.5719794997520065,0.05873382703438814,-5.095413407441661,-2.9772327213022796,-0.4161413443013945,0.0,-20.5500242095002
240,-20.276241753558974,-0.4249068433646769,-2.9443174518430246,-5.113448076177128,0.06225527794271247,-1.5129093832028548,-1.0510253419317814,0.9472385873669723,0.17380672943489964,-0.485446313478346,0.2152674269092339,0.0011182731071148807,-0.14309984626675076,0.019035419977972146,0.05387450084405103,-0.04087318211741376,0.015126637211901321,0.024735396209451564,-0.041033190060708324,0.006560550678380631,-0.0021093288458377264,-0.006327359082637793,-0.041033190060708394,0.02473539620945153,0.015126637211901347,-0.04087318211741376,0.05387450084405103,0.019035419977972094,-0.14309984626675082,0.00111827310711507,0.2152674269092338,-0.485446313478346,0.17380672943489964,0.9472385873669725,-1.0510253419317812,-1.5129093832028553,0.06225527794271241,-5.113448076177127,-2.944317451843024,-0.4249068433646767,0.0,-20.491078896126844
241,-20.205704262204698,-0.43364769659696045,-2.910719076435154,-5.128813494574232,0.06571895724897275,-1.4516456926836288,-1.1129328170815769,0.935715405147018,0.22997493448267078,-0.5037720499631427,0.1923233958014179,0.023563061944882665,-0.1424664449233846,0.00387370978697356,0.0650047773237668,-0.034906649323408215,0.00423999471886568,0.02571110674399074,-0.03428671098432902,0.0027630772640607143,-0.0036641416340937425,-0.004118805758408551,-0.0342867109843291,0.025711106743990693,0.004239994718865706,-0.034906649323408215,0.0650047773237668,0.0038737097869735513,-0.14246644492338464,0.023563061944882863,0.19232339580141783,-0.5037720499631425,0.22997493448267078,0.9357154051470179,-1.1129328170815767,-1.451645692683629,0.06571895724897268,-5.128813494574231,-2.9107190764351536,-0.43364769659696023,0.0,-20.419150448862958
242,-20.12268684665823,-0.4423633970033712,-2.876445390179054,-5.141501641793092,0.06912165073087062,-1.3882772546887143,-1.1725167652695012,0.9215334035468914,0.28528968976354785,-0.5197318619306989,0.16826436684977011,0.04584257283314378,-0.14064392651351393,-0.011325941583741575,0.07539673878508242,-0.02848505497263201,-0.006709528805709476,0.02625642576561299,-0.026896889133881323,-0.0010921517536510116,-0.005134105908673719,-0.0018051202242954268,-0.02689688913388141,0.026256425765612924,-0.006709528805709476,-0.028485054972632002,0.0753967387850824,-0.011325941583741589,-0.14064392651351396,0.04584257283314399,0.16826436684977,-0.5197318619306986,0.28528968976354757,0.9215334035468914,-1.1725167652695014,-1.3882772546887143,0.06912165073087055,-5.141501641793091,-2.876445390179053,-0.44236339700337113,0.0,-20.3344169850846
243,-20.02741904790009,-0.4510534390479719,-2.8415043448528,-5.1515058945453225,0.07246020075968318,-1.3228959473951216,-1.2296527900288636,0.9047328804824938,0.3395457191455627,-0.5332507954203347,0.14322982264450773,0.06780053101082349,-0.13764750295420694,-0.026414660641836642,0.08493235480725952,-0.021692114368010385,-0.017559546995862894,0.026362224897190277,-0.019002384309405863,-0.004924551918783037,-0.0064851825148969375,0.0005546408689524823,-0.019002384309405953,0.026362224897190204,-0.017559546995862894,-0.021692114368010385,0.08493235480725952,-0.026414660641836656,-0.13764750295420697,0.06780053101082367,0.14322982264450765,-0.5332507954203345,0.33954571914556253,0.9047328804824938,-1.2296527900288634,-1.3228959473951225,0.0724602007596831,-5.151505894545322,-2.8415043448527997,-0.45105343904797157,0.0,-20.23708646718917
244,-19.9201304069108,-0.45971731868308513,-2.8059040470672802,-5.158821030551429,0.07573150923047688,-1.2555965674479121,-1.2842216055483506,0.8853615743538505,0.3925416754874154,-0.544265359858898,0.11736490134052797,0.08928291717807664,-0.1335021843339429,-0.04124466042521111,0.09350332121930151,-0.014616383878788334,-0.02814914919456381,0.026026733112342524,-0.01075132598987179,-0.008654015958601803,-0.007686085314467368,0.002900244795374585,-0.010751325989871897,0.026026733112342448,-0.028149149194563808,-0.014616383878788329,0.09350332121930147,-0.04124466042521109,-0.1335021843339429,0.0892829171780768,0.11736490134052789,-0.544265359858898,0.3925416754874156,0.8853615743538504,-1.2842216055483504,-1.2555965674479121,0.0757315092304768,-5.158821030551428,-2.8059040470672802,-0.4597173186830849,0.0,-20.127393858592374
245,-19.80105046467091,-0.46835453337852884,-2.7696527563853963,-5.163443231266862,0.07893254043708432,-1.186476692514124,-1.3361092857111376,0.8634745283972601,0.44408088784891003,-0.5527238262390856,0.0908195552167237,0.11013904783101304,-0.12824257016224208,-0.05567068800633032,0.10101229020332882,-0.00735010647282803,-0.038321286831236284,0.025255566381564103,-0.0022985338881035835,-0.012202588236922428,-0.00870900566138048,0.00517182018963795,-0.0022985338881036693,0.025255566381564003,-0.0383212868312363,-0.00735010647282803,0.10101229020332878,-0.0556706880063303,-0.1282425701622421,0.11013904783101322,0.09081955521672357,-0.5527238262390853,0.4440808878489097,0.8634745283972601,-1.3361092857111379,-1.186476692514124,0.07893254043708424,-5.163443231266861,-2.7696527563853954,-0.46835453337852867,0.0,-20.00559796278864
246,-19.670408762160942,-0.4769645821507651,-2.7327588834057694,-5.165370083875334,0.0820603238891764,-1.1156365398044856,-1.3852075019442898,0.8391339342808778,0.49397209134774633,-0.5585864700605231,0.06374768132534094,0.13022263219821156,-0.12191256057978792,-0.06955144717686913,0.1073739759572535,1.1990811544716384e-05,-0.04792510252280149,0.024061633663589283,0.006197387027289794,-0.015496094232540008,-0.009530256351452642,0.007311385259173401,0.006197387027289716,0.024061633663589172,-0.04792510252280152,1.199081154472069e-05,0.1073739759572535,-0.06955144717686915,-0.12191256057978798,0.13022263219821173,0.06374768132534094,-0.558586470060523,0.49397209134774656,0.8391339342808777,-1.3852075019442895,-1.1156365398044856,0.08206032388917632,-5.165370083875334,-2.73275888340577,-0.4769645821507648,0.0,-19.871978007364007
247,-19.52843484036144,-0.4855469655919585,-2.6952309878114225,-5.164600582548311,0.08511195706881564,-1.0431788207680404,-1.4314137493818822,0.8124089553881477,0.5420301369541314,-0.5618257578926561,0.03630622927145314,0.14939279836537178,-0.1145649899394674,-0.08275098237813736,0.11251612335879316,0.007373931777351395,-0.0568181673566209,0.022464920815655823,0.014577022535082126,-0.018465690982383785,-0.010130820133887738,0.009264327765107714,0.014577022535082036,0.022464920815655723,-0.0568181673566209,0.007373931777351404,0.11251612335879313,-0.08275098237813736,-0.11456498993946744,0.14939279836537195,0.03630622927145305,-0.561825757892656,0.5420301369541315,0.8124089553881481,-1.431413749381882,-1.0431788207680406,0.08511195706881552,-5.164600582548308,-2.695230987811421,-0.48554696559195815,0.0,-19.726830039618545
248,-19.375358240252947,-0.49410118589894286,-2.657077776383853,-5.161135128970063,0.08808460812393214,-0.9692085921703653,-1.4746315608696716,0.7833755302912306,0.588076678589122,-0.5624264766832697,0.008654291295212188,0.16751508139057644,-0.10626118581669974,-0.09514001032233413,0.1163803286288767,0.014639742265465062,-0.06486859317542619,0.020492156039904494,0.022683140349104892,-0.02104930608104242,-0.010496790083300258,0.010980798995588952,0.0226831403491048,0.02049215603990437,-0.0648685931754262,0.014639742265465078,0.11638032862887673,-0.09514001032233413,-0.1062611858166998,0.16751508139057664,0.008654291295212094,-0.5624264766832697,0.5880766785891218,0.7833755302912306,-1.4746315608696723,-0.969208592170365,0.08808460812393203,-5.161135128970062,-2.657077776383853,-0.4941011858989427,0.0,-19.570463203803154
249,-19.21140850281597,-0.5026267469020962,-2.6183081009829974,-5.154975532127994,0.09097551849622361,-0.8938331037713023,-1.514770708364525,0.7521161569728414,0.6319408349768392,-0.5603858052053534,-0.019047820067858996,0.18446236647924616,-0.09707045712983836,-0.1065971862620225,0.11892270267346308,0.021714701324548086,-0.0719569885380992,0.018176362466180263,0.030363640364924557,-0.023192935157774586,-0.010619691634741942,0.012416986150439725,0.03036364036492447,0.018176362466180145,-0.07195698853809925,0.02171470132454809,0.11892270267346307,-0.10659718626202248,-0.09707045712983846,0.18446236647924624,-0.01904782006785905,-0.5603858052053533,0.6319408349768392,0.7521161569728414,-1.5147707083645252,-0.8938331037713023,0.0909755184962235,-5.154975532127994,-2.6183081009829974,-0.5026267469020961,0.0,-19.40319597183771
250,-19.036815169031083,-0.5111231540941188,-2.5789309564935192,-5.146125007368328,0.09378200548103995,-0.8171616428230626,-1.5517473913081328,0.718719658409639,0.673459823794382,-0.5557133273067634,-0.04663950140125617,0.20011578060309138,-0.08706951564312392,-0.11701029250530572,0.12011436956963105,0.02850657604350993,-0.07797822934852215,0.015556305360783125,0.03747440860821829,-0.02485177071031275,-0.010496678824543897,0.013536230659615052,0.03747440860821822,0.015556305360783009,-0.07797822934852218,0.028506576043509934,0.12011436956963105,-0.1170102925053057,-0.08706951564312392,0.2001157806030915,-0.04663950140125621,-0.5557133273067634,0.6734598237943822,0.718719658409639,-1.5517473913081328,-0.8171616428230625,0.09378200548103986,-5.146125007368328,-2.5789309564935183,-0.5111231540941187,0.0,-19.225352399718915
251,-18.851807779878783,-0.519589914658717,-2.5389554787379214,-5.134588174717673,0.09650146471687734,-0.739305375614156,-1.5854844115817401,0.6832809301832521,0.7124795657660773,-0.5484309869004608,-0.0739607895082697,0.21436552630899589,-0.07634183568069881,-0.1262773375357536,0.11994179453420636,0.034926823948555216,-0.08284301789327511,0.012675843214627095,0.04388202133444879,-0.02599113869985573,-0.010130600192732887,0.014309963890469476,0.043882021334448726,0.012675843214626977,-0.08284301789327517,0.03492682394855523,0.11994179453420638,-0.12627733753575357,-0.07634183568069884,0.214365526308996,-0.07396078950826981,-0.5484309869004607,0.712479565766077,0.683280930183252,-1.5854844115817401,-0.7393053756141554,0.09650146471687726,-5.134588174717674,-2.538955478737921,-0.5195899146587167,0.0,-19.037258480645377
252,-18.656615876339625,-0.5280265374991872,-2.4983909423569672,-5.120371056471363,0.09913137260217147,-0.6603771862889029,-1.6159113346766185,0.6459006708360988,0.7488552564602383,-0.5385729849067058,-0.10085328880107697,0.22711165186926097,-0.06497695739592471,-0.13430755497171204,0.11840693764990445,0.04089174728973797,-0.08647920716694915,0.009583193573278312,0.04946624854114269,-0.026587223329944516,-0.009529932820955723,0.014718436359975225,0.04946624854114264,0.009583193573278194,-0.0864792071669492,0.04089174728973797,0.11840693764990441,-0.134307554971712,-0.06497695739592474,0.227111651869261,-0.10085328880107702,-0.5385729849067056,0.7488552564602383,0.6459006708360986,-1.6159113346766187,-0.660377186288903,0.09913137260217138,-5.120371056471363,-2.498390942356967,-0.528026537499187,0.0,-18.839238663218072
253,-18.451468999394137,-0.5364325332669019,-2.457246758657882,-5.103481074049762,0.10166928863714728,-0.5804915131762157,-1.6429646367438053,0.6066850957381962,0.7824519036664601,-0.5261856186312138,-0.12716108960159744,0.23826475237115988,-0.05306973941136666,-0.1410222925806556,0.11552723160298974,0.04632358416913127,-0.08883287084473443,0.006330125898522896,0.05412230991782269,-0.026627564859430682,-0.008708586033359363,0.014751221838804016,0.05412230991782266,0.00633012589852279,-0.08883287084473447,0.04632358416913128,0.11552723160298972,-0.14102229258065557,-0.05306973941136669,0.23826475237115993,-0.12716108960159753,-0.5261856186312136,0.78245190366646,0.606685095738196,-1.6429646367438049,-0.580491513176216,0.10166928863714718,-5.103481074049761,-2.4572467586578814,-0.5364325332669018,0.0,-18.631612598979395
254,-18.236596690022857,-0.5448074143896925,-2.41553247343085,-5.083927044124246,0.10411285768855198,-0.4997641828649614,-1.6665878372161043,0.5657456352779947,0.8131448283592171,-0.5113270643336194,-0.15273167203024868,0.24774659682816352,-0.040719567067394734,-0.14635578264110272,0.11133538368530368,0.05115152228608835,-0.08986910303410761,0.002971094972572291,0.0577628409038089,-0.026111320043933198,-0.007685579306017471,0.014407483480053239,0.05776284090380888,0.0029710949725721835,-0.08986910303410768,0.051151522286088366,0.11133538368530373,-0.14635578264110272,-0.0407195670673948,0.24774659682816352,-0.1527316720302488,-0.5113270643336192,0.8131448283592168,0.5657456352779946,-1.666587837216104,-0.4997641828649612,0.1041128576885519,-5.083927044124245,-2.415532473430849,-0.5448074143896924,0.0,-18.414692178131144
255,-18.012228489206315,-0.5531506951001299,-2.3732577647343165,-5.061719174014851,0.10645981217516973,-0.4183122422664814,-1.686731616725462,0.5231986182348292,0.8408201273886586,-0.49406710400739745,-0.17741679024229248,0.2554906769141018,-0.02802952288787197,-0.15025578610675716,0.1058790043094943,0.055312622083874934,-0.08957253594494101,-0.00043767064869881827,0.06031953196352998,-0.025049279761870408,-0.006484601843377794,0.01369599517970076,0.06031953196352997,-0.0004376706486989087,-0.08957253594494105,0.05531262208387493,0.1058790043094943,-0.15025578610675708,-0.028029522887871992,0.2554906769141018,-0.1774167902422926,-0.49406710400739745,0.8408201273886585,0.523198618234829,-1.6867316167254625,-0.41831224226648167,0.1064598121751696,-5.061719174014849,-2.3732577647343156,-0.5531506951001302,0.0,-18.18877890564462
256,-17.778593937925052,-0.5614618914637016,-2.3304324406495973,-5.036869056361986,0.10870797417208963,-0.3362537889077627,-1.7033539200695476,0.47916494123267367,0.8653750961815294,-0.47448679765439883,-0.2010733318853994,0.26144267347128575,-0.015105526186758061,-0.1526841042635894,0.09922006625671863,0.058752637263044846,-0.08794756780075223,-0.00383910987462925,0.061744410320607734,-0.023463643456636374,-0.0051334640203765025,0.012634917623564279,0.061744410320607714,-0.0038391098746293293,-0.08794756780075225,0.05875263726304487,0.09922006625671861,-0.1526841042635893,-0.015105526186758079,0.26144267347128575,-0.20107333188539944,-0.47448679765439883,0.8653750961815295,0.47916494123267367,-1.7033539200695473,-0.336253788907763,0.1087079741720895,-5.036869056361985,-2.330432440649597,-0.5614618914637016,0.0,-17.954161662293792
257,-17.535922577159596,-0.5697405214068793,-2.2870664370053233,-5.0093896630750105,0.11085525743177486,-0.25370779970130775,-1.7164200440125539,0.433769725214445,0.8867186098835517,-0.4526781025931352,-0.22356414779571085,0.2655608375203704,-0.002055448997028969,-0.1536169528684156,0.09143420079860573,0.061426721964912466,-0.08501829761106858,-0.007176284254878457,0.062010740100744595,-0.021387555109675237,-0.0036634533928729123,0.01125133473714989,0.062010740100744595,-0.007176284254878529,-0.0850182976110686,0.06142672196491247,0.09143420079860577,-0.15361695286841548,-0.0020554489970289907,0.26556083752037035,-0.22356414779571093,-0.45267810259313523,0.8867186098835514,0.43376972521444496,-1.716420044012554,-0.2537077997013079,0.11085525743177473,-5.009389663075008,-2.2870664370053224,-0.5697405214068794,0.0,-17.71111488657921
258,-17.28444394789048,-0.577986104745082,-2.243169815072243,-4.979295338560816,0.11289966932005696,-0.17079395843999173,-1.7259027097369257,0.3871419599129746,0.9047714615288239,-0.42874344158870054,-0.2447588471222255,0.267816283099448,0.011011784299059128,-0.15304519510446044,0.08260983868802689,0.06330001540590345,-0.08082816777226041,-0.010393331101593897,0.06111352399347681,-0.018864410443840303,-0.002108610188916915,0.00958056237047293,0.06111352399347683,-0.010393331101593949,-0.08082816777226046,0.06330001540590345,0.08260983868802693,-0.15304519510446032,0.011011784299059106,0.267816283099448,-0.24475884712222556,-0.4287434415887006,0.9047714615288239,0.3871419599129748,-1.7259027097369257,-0.17079395843999215,0.11289966932005685,-4.979295338560816,-2.243169815072243,-0.5779861047450818,0.0,-17.45989720425534
259,-17.024387591098247,-0.5861981632105284,-2.1987527592289307,-4.946601792235966,0.1148393126652588,-0.08763248226700246,-1.7317821197947452,0.3394141373288814,0.9194666559812759,-0.40279522183257466,-0.26453455326976233,0.26819318987831703,0.023987106123293498,-0.15097443107221406,0.07284720577517749,0.06434809634118137,-0.07543931979723499,-0.013436398603833749,0.059069597019802834,-0.015946949838315166,-0.0005049390578996338,0.0076652468636195,0.05906959701980286,-0.013436398603833787,-0.07543931979723505,0.06434809634118134,0.07284720577517753,-0.15097443107221395,0.023987106123293456,0.268193189878317,-0.2645345532697624,-0.4027952218325747,0.919466655981276,0.3394141373288814,-1.7317821197947458,-0.0876324822670026,0.11483931266525868,-4.946601792235966,-2.1987527592289298,-0.5861981632105283,0.0,-17.200750522431804
260,-16.75598304776343,-0.5943762204799765,-2.153825574598919,-4.91132609032628,0.11667238751873042,-0.0043439473724740975,-1.7340459994398842,0.29072187525680876,0.9307496585573424,-0.37495530703137686,-0.2827766162779103,0.2666889141267307,0.03676221605003436,-0.14742494293906086,0.06225718465662103,0.06455730143292164,-0.06893167272880889,-0.016254547280881042,0.05591731064626715,-0.012696155915567746,0.0011104246693211146,0.005554276502095482,0.0559173106462672,-0.016254547280881066,-0.06893167272880894,0.06455730143292164,0.06225718465662105,-0.14742494293906078,0.036762216050034324,0.2666889141267306,-0.28277661627791034,-0.3749553070313769,0.9307496585573424,0.29072187525680865,-1.7340459994398847,-0.0043439473724742345,0.11667238751873027,-4.911326090326278,-2.153825574598918,-0.5943762204799766,0.0,-16.933899595204384
261,-16.479459858866555,-0.6025198022023525,-2.108398684659832,-4.873486646958167,0.11839719282516395,0.07895088583045903,-1.7326896222546164,0.24120353192977217,0.9385785974072065,-0.3453544450838657,-0.2993792775059363,0.2633140072582657,0.04923048475159312,-0.14243149628491464,0.05096005528652241,0.06392490337281555,-0.06140173790430456,-0.01880060268455601,0.05171581317266251,-0.009179978843677963,0.002700074902864537,0.003301533646984137,0.051715813172662564,-0.018800602684556005,-0.06140173790430461,0.06392490337281555,0.05096005528652241,-0.14243149628491458,0.049230484751593105,0.26331400725826565,-0.2993792775059363,-0.34535444508386565,0.9385785974072066,0.24120353192977204,-1.7326896222546164,0.07895088583045877,0.11839719282516381,-4.873486646958167,-2.108398684659832,-0.6025198022023524,0.0,-16.659552057701994
262,-16.19504756538817,-0.6106284360262647,-2.0624826288250495,-4.8331032145463375,0.12001212800113749,0.16213124779671723,-1.7277158200172051,0.19099981287659784,0.9429244189035606,-0.31413165403405197,-0.31424628277013067,0.2580921418197373,0.06128784399554666,-0.13604299958958643,0.03908412885403021,0.0624591464367047,-0.0529611876489453,-0.021031945076701527,0.04654393989588122,-0.005471915998582731,0.0042272009860884535,0.0009645193916969525,0.046543939895881285,-0.021031945076701537,-0.052961187648945356,0.06245914643670472,0.039084128854030176,-0.13604299958958635,0.06128784399554666,0.2580921418197372,-0.31424628277013067,-0.314131654034052,0.9429244189035612,0.19099981287659784,-1.7277158200172056,0.1621312477967168,0.12001212800113734,-4.833103214546337,-2.062482628825049,-0.6106284360262647,0.0,-16.377898915529506
263,-15.9029757083088,-0.6187016516274009,-2.016088059998475,-4.790196873482932,0.12151569442042316,0.2450765349535711,-1.7191349767898556,0.1402533711095599,0.9437709954612346,-0.2814335691842451,-0.3272914403789173,0.25105994544529137,0.07283365526549435,-0.12832202519704766,0.02676429044303381,0.060179139007837675,-0.04373519912497067,-0.022911222863022062,0.040498733874457994,-0.0016494756750441513,0.005656440099730693,-0.0013971141491484235,0.04049873387445807,-0.022911222863022048,-0.0437351991249707,0.060179139007837675,0.026764290443033818,-0.12832202519704758,0.07283365526549432,0.2510599454452912,-0.3272914403789173,-0.28143356918424506,0.9437709954612343,0.1402533711095598,-1.719134976789856,0.24507653495357123,0.12151569442042301,-4.790196873482931,-2.016088059998475,-0.6187016516274009,0.0,-16.089115467056388
264,-15.603473828608974,-0.6267389807358087,-1.9692257421029762,-4.7447900211334275,0.12290649680468123,0.32766648456429115,-1.7069650072393718,0.08910840177827602,0.9411151853875582,-0.24741375443426553,-0.33843912083051014,0.24226674393986866,0.08377154975518764,-0.11934419644852007,0.014140467026558556,0.05711460446987168,-0.03386059789793574,-0.024406977840737826,0.03369362504961451,0.0022074430411660405,0.00695469613927613,-0.003723086455506068,0.03369362504961459,-0.0244069778407378,-0.033860597897935794,0.057114604469871696,0.014140467026558582,-0.11934419644852004,0.08377154975518765,0.24226674393986852,-0.33843912083051025,-0.24741375443426553,0.9411151853875582,0.08910840177827595,-1.706965007239372,0.32766648456429087,0.12290649680468109,-4.744790021133427,-1.9692257421029762,-0.6267389807358087,0.0,-15.793362627050355
265,-15.296771467269242,-0.6347399571630565,-1.9219065475830652,-4.696906360145077,0.12418324451824915,0.40978134909761926,-1.6912313192357906,0.03771023244164746,0.9349668445413601,-0.21223198108106195,-0.3476246952761128,0.2317742152941231,0.09401023272489804,-0.10919744698713771,0.0013560381961011706,0.05330549371711069,-0.0234838287519424,-0.025494171793710458,0.02625630188908433,0.00601822037492057,0.008091906103256311,-0.005954027257681458,0.02625630188908442,-0.02549417179371041,-0.023483828751942444,0.053305493717110713,0.0013560381961012138,-0.10919744698713768,0.09401023272489807,0.231774215294123,-0.3476246952761128,-0.21223198108106195,0.9349668445413604,0.03771023244164739,-1.6912313192357908,0.4097813490976187,0.12418324451824901,-4.696906360145076,-1.9219065475830648,-0.6347399571630563,0.0,-15.490788611973029
266,-14.983098165270112,-0.6427041168292738,-1.8741414548824,-4.646570886073985,0.1253447527658247,0.49130206985024083,-1.6719667608070656,-0.013795089877923229,0.9253487897573263,-0.1760534774657905,-0.35479491020666315,0.21965595705763327,0.10346424550634511,-0.097981159488946,-0.011443792323384664,0.048801464333501084,-0.012758783847526685,-0.02615460562009213,0.018326315489381934,0.009703201027699334,0.009041736245649114,-0.008032991958038744,0.018326315489382027,-0.026154605620092072,-0.01275878384752672,0.04880146433350107,-0.011443792323384652,-0.09798115948894606,0.10346424550634517,0.2196559570576331,-0.354794910206663,-0.1760534774657906,0.9253487897573262,-0.013795089877923574,-1.6719667608070665,0.4913020698502407,0.12534475276582457,-4.646570886073985,-1.874141454882399,-0.6427041168292738,0.0,-15.181530940010285
267,-14.662683463592153,-0.6506309977900688,-1.8259415458966997,-4.593809874337292,0.12638994369193138,0.572110449570523,-1.649211551560554,-0.06526121368465897,0.9122967141714577,-0.1390481529923309,-0.3599081961908702,0.20599697010497148,0.11205467879599836,-0.08580519225596676,-0.024113645876751154,0.04366123323008335,-0.0018445204315989975,-0.0263772239765035,0.010052461092227682,0.013185359183446951,0.009782191871959977,-0.009906915137609577,0.010052461092227781,-0.026377223976503432,-0.0018445204315990233,0.04366123323008335,-0.02411364587675114,-0.0858051922559667,0.11205467879599836,0.20599697010497128,-0.35990819619087006,-0.1390481529923309,0.912296714171458,-0.06526121368465924,-1.6492115515605543,0.5721104495705227,0.12638994369193124,-4.593809874337291,-1.8259415458966992,-0.6506309977900689,0.0,-14.865718692754406
268,-14.335756903215895,-0.6585201402633237,-1.7773180034026468,-4.53865086649723,0.12731784738114577,0.6520893238332287,-1.6230131987144771,-0.11654189886468865,0.89585905476186,-0.10138980016157027,-0.3629349088746317,0.19089306241564216,0.11970983128314627,-0.07278880320539408,-0.03650962006875141,0.03795181118026091,0.009097098053173117,-0.026158300339144066,0.0015899861473561592,0.01639190855131052,0.010296126658271997,-0.011527965046955748,0.0015899861473562455,-0.02615830033914399,0.0090970980531731,0.03795181118026092,-0.03650962006875136,-0.072788803205394,0.11970983128314629,0.19089306241564197,-0.36293490887463165,-0.10138980016157023,0.89585905476186,-0.11654189886468885,-1.6230131987144771,0.6520893238332283,0.12731784738114563,-4.53865086649723,-1.7773180034026457,-0.658520140263324,0.0,-14.543474980509464
269,-14.002548025121836,-0.6663710866558622,-1.7282821084633964,-4.481122655884277,0.128127602758159,0.731122730916733,-1.593426397914664,-0.16749143222483884,0.8760968125964225,-0.06325527836903837,-0.36385750084463286,0.17445017704994323,0.12636580811539713,-0.059059481793947,-0.04849092318698444,0.031747629231888896,0.019903802476129422,-0.02550149938400131,-0.006902322691447003,0.019255823791117562,0.01057163969924374,-0.012854764508007207,-0.0069023226914468995,-0.025501499384001217,0.019903802476129415,0.03174762923188887,-0.04849092318698443,-0.05905948179394694,0.1263658081153972,0.17445017704994298,-0.3638575008446327,-0.06325527836903841,0.8760968125964222,-0.16749143222483912,-1.5934263979146643,0.7311227309167327,0.12812760275815882,-4.481122655884277,-1.7282821084633955,-0.6663710866558624,0.0,-14.21491954955448
270,-13.663286370290555,-0.6741833815899912,-1.6788452378112728,-4.4212552725668655,0.12881845838683648,0.8090960799364335,-1.5605129190436438,-0.21796504153419047,0.8530833264544669,-0.024823683299120092,-0.36267062335974365,0.15678364903451816,0.1319670542064306,-0.04475170031813308,-0.05992147329414685,0.025129568384737767,0.03041532454291694,-0.02441781564194408,-0.015265118978583696,0.021717241519788065,0.010602351090832388,-0.013853447063447195,-0.0152651189785836,-0.024417815641943973,0.03041532454291693,0.025129568384737764,-0.05992147329414682,-0.04475170031813307,0.1319670542064306,0.15678364903451794,-0.36267062335974365,-0.02482368329911999,0.8530833264544669,-0.2179650415341908,-1.560512919043644,0.8090960799364328,0.1288184583868363,-4.4212552725668655,-1.6788452378112726,-0.6741833815899912,0.0,-13.880171467435419
271,-13.318201479702559,-0.6819565719299149,-1.629018861208276,-4.359079967675503,0.12938977316753525,0.8858963169905779,-1.5243414772604917,-0.26781930689190553,0.8269040006624577,0.013724494183279964,-0.35938115736042947,0.1380173963700124,0.13646681793466905,-0.030005596820854987,-0.07067144382732836,0.018183905182969775,0.04047577364648626,-0.02292538945558429,-0.023341486392602317,0.023724711613951375,0.010387549666224686,-0.014498521415510227,-0.02334148639260222,-0.022925389455584182,0.04047577364648627,0.018183905182969775,-0.07067144382732833,-0.030005596820854987,0.13646681793466903,0.1380173963700122,-0.3593811573604296,0.013724494183279982,0.826904000662458,-0.26781930689190575,-1.5243414772604917,0.885896316990577,0.1293897731675351,-4.359079967675502,-1.6290188612082759,-0.6819565719299148,0.0,-13.539351821505141
272,-12.967522894338398,-0.6896902068080172,-1.5788145387850003,-4.2946291970895,0.12984101693203098,0.9614120890776128,-1.484987589540665,-0.3169125682524311,0.7976559881538002,0.052208215693425715,-0.35400817357639186,0.11828305083533347,0.1398275413625409,-0.01496560250467478,-0.08061873814965441,0.011001186968442874,0.049935948795013396,-0.021049203318700218,-0.030979883054233517,0.02523627265324203,0.009932209463935922,-0.014773522089456835,-0.03097988305423344,-0.021049203318700093,0.04993594879501342,0.011001186968442857,-0.08061873814965441,-0.014965602504674807,0.1398275413625409,0.11828305083533323,-0.35400817357639175,0.052208215693425646,0.7976559881538001,-0.3169125682524314,-1.4849875895406652,0.9614120890776123,0.12984101693203082,-4.2946291970895,-1.5788145387850003,-0.6896902068080172,0.0,-13.192586366494416
273,-12.61148015517859,-0.6973838376510142,-1.5282439183585903,-4.227936604494806,0.130171770935503,1.0355339055473916,-1.442533417015337,-0.3651053279501064,0.7654478299289026,0.09044674555881958,-0.3465828219637198,0.09771903468529941,0.1420211737193118,0.00022097290441689494,-0.08965037630652821,0.0036750514576351593,0.05865555132981437,-0.01882066368135282,-0.03803698500044176,0.026220329024673278,0.009246874546734216,-0.014671429713588669,-0.03803698500044168,-0.0188206636813527,0.05865555132981435,0.003675051457635172,-0.0896503763065282,0.00022097290441686909,0.1420211737193118,0.0977190346852992,-0.3465828219637198,0.09044674555881949,0.7654478299289026,-0.3651053279501066,-1.442533417015337,1.0355339055473913,0.13017177093550283,-4.227936604494805,-1.5282439183585903,-0.6973838376510141,0.0,-12.840008058851787
274,-12.250302803203681,-0.7050370182059719,-1.4773187327303494,-4.159037003821805,0.13038172824512087,1.1081542968521485,-1.3970675934393864,-0.4122606470794014,0.7303990522534902,0.12826049962960978,-0.337148151112541,0.07646958971797756,0.1430294055309546,0.015405383987025666,-0.09766377823589113,-0.0036989939691896593,0.06650526561764947,-0.016277075221075573,-0.04438037546062945,0.02665631135429284,0.008347414838574957,-0.014194850188187731,-0.044380375460629375,-0.01627707522107546,0.06650526561764947,-0.0036989939691896507,-0.09766377823589108,0.015405383987025633,0.1430294055309546,0.07646958971797733,-0.337148151112541,0.1282604996296097,0.7303990522534902,-0.4122606470794014,-1.3970675934393868,1.1081542968521483,0.13038172824512068,-4.159037003821803,-1.4773187327303492,-0.7050370182059715,0.0,-12.481759418879843
275,-11.884220379394208,-0.7126493045661904,-1.4260507969636351,-4.0879663610722385,0.13047069402487158,1.1791679703670708,-1.3486850401461614,-0.4582445346044844,0.6926397230899881,0.1654718886809643,-0.3257588586721588,0.0546837655221085,0.14284382144285815,0.030438906522325126,-0.10456792885798281,-0.011024817352743887,0.07336867685981309,-0.013461016380584197,-0.04989102947444034,0.026535106461357292,0.0072546586334953315,-0.013355948170105953,-0.04989102947444028,-0.013461016380584074,0.07336867685981313,-0.011024817352743901,-0.10456792885798277,0.030438906522325077,0.14284382144285818,0.054683765522108276,-0.3257588586721587,0.16547188868096413,0.6926397230899883,-0.4582445346044847,-1.3486850401461616,1.17916797036707,0.1304706940248714,-4.087966361072238,-1.4260507969636351,-0.7126493045661901,0.0,-12.117994666236495
276,-11.51346242473069,-0.7202202551969515,-1.3744520056426655,-4.014761775544736,0.13043858571636338,1.248471963054535,-1.2974867678753343,-0.5029263280924678,0.6523099694080821,0.2019061524464419,-0.3124809742405887,0.03251437400133315,0.14146597045981818,0.04517429417239835,-0.11028441181167649,-0.018206915381819976,0.07914399757603625,-0.010419626625203548,-0.054465547230740693,0.025859247847848876,0.0059939102862584135,-0.01217613657080606,-0.05446554723074066,-0.010419626625203442,0.07914399757603632,-0.018206915381819958,-0.11028441181167646,0.04517429417239832,0.14146597045981824,0.03251437400133291,-0.3124809742405887,0.20190615244644194,0.6523099694080821,-0.5029263280924682,-1.2974867678753348,1.248471963054535,0.13043858571636324,-4.014761775544736,-1.3744520056426655,-0.7202202551969515,0.0,-11.74888158005105
277,-11.13825848019368,-0.7277494309611309,-1.3225343301128771,-3.9394614604687623,0.13028543311543828,1.3159657907506723,-1.2435796658876026,-0.5461790649884836,0.6095594571657427,0.23739218036539,-0.2973914765569497,0.010116917508483994,0.13890735301704193,0.05946722069140607,-0.11474830009635927,-0.02515165842500552,0.08374557715866798,-0.007203817350978243,-0.058018094222257184,0.024642862741601008,0.004594364253319504,-0.010685529993393056,-0.05801809422225717,-0.007203817350978138,0.08374557715866802,-0.025151658425005535,-0.11474830009635925,0.05946722069140606,0.13890735301704193,0.010116917508483736,-0.2973914765569497,0.23739218036539012,0.6095594571657426,-0.5461790649884838,-1.243579665887603,1.315965790750672,0.1302854331154381,-3.939461460468761,-1.3225343301128774,-0.7277494309611306,0.0,-11.374603041593597
278,-10.758838086763706,-0.735236395144666,-1.2703098157034762,-3.8621047230570835,0.13001137834452192,1.381551593857797,-1.1870762788064888,-0.5878798433776199,0.564546835890537,0.27176331518979513,-0.28057784721604034,-0.012351501891692034,0.13518932499007946,0.07317769353381566,-0.11790889350357371,-0.031768511136116985,0.08710517210976718,-0.003867419652484129,-0.06048201181154935,0.02291137679997113,0.00308842905284589,-0.00892217605961528,-0.06048201181154934,-0.003867419652484024,0.0871051721097672,-0.031768511136117006,-0.11790889350357373,0.0731776935338156,0.1351893249900795,-0.012351501891692327,-0.28057784721604023,0.2717633151897952,0.5645468358905369,-0.5878798433776201,-1.1870762788064892,1.3815515938577974,0.13001137834452173,-3.8621047230570817,-1.270309815703476,-0.7352363951446657,0.0,-10.995358224975753
279,-10.375430785421294,-0.7426807134818894,-1.21779057893282,-3.7827319439871645,0.1296166757207372,1.4451342792314692,-1.1280945716531556,-0.6279101712086196,0.5174391499224099,0.3048581356765131,-0.2621375634924477,-0.034733284380639745,0.13034291944487836,0.08617142501605767,-0.1197302944627771,-0.03797121272089296,0.08917295812291662,-0.00046628321629619266,-0.06181106798827078,0.02070098264653297,0.0015109767984763294,-0.006931084247156181,-0.06181106798827077,-0.00046628321629610007,0.08917295812291669,-0.037971212720892954,-0.11973029446277705,0.08617142501605761,0.13034291944487839,-0.034733284380639884,-0.26213756349244766,0.30485813567651315,0.51743914992241,-0.62791017120862,-1.1280945716531559,1.4451342792314692,0.12961667572073704,-3.7827319439871645,-1.21779057893282,-0.7426807134818891,0.0,-10.611363409582133
280,-9.988266117147003,-0.7500819541807167,-1.1649888046972874,-3.701384556322225,0.1291016915199031,1.5066216580564615,-1.0667576835647772,-0.6661563029870233,0.46841121850285367,0.33652121468902624,-0.24217753321455024,-0.056871437835487613,0.12440858761574916,0.09832114760172182,-0.12019181576084317,-0.04367890147836638,0.08991826900012997,0.0029426585757991275,-0.061980324848986676,0.01805788334977327,-0.00010146431504561707,-0.004763077026072321,-0.061980324848986676,0.002942658575799209,0.08991826900013,-0.043678901478366394,-0.12019181576084319,0.0983211476017218,0.12440858761574917,-0.056871437835487766,-0.2421775332145502,0.33652121468902624,0.46841121850285383,-0.6661563029870237,-1.066757683564778,1.5066216580564609,0.12910169151990297,-3.7013845563222243,-1.1649888046972867,-0.7500819541807167,0.0,-10.222852396648586
281,-9.597573622921335,-0.7574396879476916,-1.111916743444279,-3.618105023882918,0.12846690363663843,1.5659245795117298,-1.0031936707106426,-0.702509562981054,0.4176449870109828,0.36660384914836786,-0.22081347496473847,-0.0786106790159912,0.11743586127320892,0.10950786042768741,-0.11928821550448818,-0.048817168956798614,0.08933005144538111,0.006302341684126115,-0.06098660652248694,0.015037326657083816,-0.0017115558751980451,-0.002473492619034531,-0.060986606522486955,0.00630234168412619,0.08933005144538117,-0.048817168956798614,-0.1192882155044882,0.10950786042768734,0.11743586127320892,-0.0786106790159914,-0.22081347496473833,0.36660384914836786,0.4176449870109828,-0.7025095629810546,-1.003193670710643,1.565924579511729,0.1284669036366383,-3.6181050238829178,-1.1119167434442785,-0.7574396879476915,0.0,-9.830076521423084
282,-9.203582843724838,-0.7647534880128856,-1.0585867083300158,-3.53293681908098,0.12771290114088554,1.6229570600305783,-0.937535238942716,-0.7368666540218585,0.36532885175411767,0.39496475840505435,-0.19816924719915463,-0.09979852276489262,0.10948293929979759,0.11962199486204636,-0.11702975665694902,-0.05331902998164096,0.08741702898996305,0.009556526635591978,-0.05884855876062293,0.011702450171105895,-0.0032820138767749025,-0.00012077249732030686,-0.05884855876062297,0.009556526635592037,0.08741702898996312,-0.05331902998164096,-0.11702975665694901,0.11962199486204633,0.10948293929979759,-0.09979852276489279,-0.19816924719915457,0.39496475840505424,0.3653288517541177,-0.7368666540218586,-0.9375352389427157,1.6229570600305774,0.12771290114088535,-3.5329368190809785,-1.0585867083300156,-0.7647534880128856,0.0,-9.43330426147035
283,-8.806523320538059,-0.7720229301546537,-1.005011072362783,-3.44592440022636,0.12684038373126552,1.6776364079686146,-0.869919466738823,-0.7691299510206503,0.311656960818615,0.4214707477521807,-0.17437613017638973,-0.12028635158173796,0.10061620192457363,0.12856448767772324,-0.11344209047270612,-0.05712579590972545,0.08420757261858947,0.01265073994531261,-0.05560629907652791,0.008122961607287814,-0.004776472087099868,0.0022350303333831855,-0.05560629907652795,0.012650739945312661,0.08420757261858952,-0.05712579590972544,-0.11344209047270609,0.12856448767772316,0.10061620192457364,-0.12028635158173814,-0.17437613017638962,0.4214707477521808,0.31165696081861494,-0.7691299510206506,-0.8699194667388235,1.6776364079686141,0.12684038373126535,-3.44592440022636,-1.0050110723627828,-0.7720229301546534,0.0,-9.032820450713393
284,-8.406624594341515,-0.7792475927242377,-0.951202265532291,-3.3571131883197216,0.12585016108577285,1.729883343498726,-0.8004875190168744,-0.7992077783687386,0.25682849357552545,0.4459973339635447,-0.1495720648581654,-0.13993045806786178,0.09090965667080164,0.13624775133055694,-0.1085659651541822,-0.060187839725481335,0.07974928001491195,0.015533185976448314,-0.05132066399489411,0.004373681718753779,-0.006160324158886267,0.0045337841814716605,-0.051320663994894156,0.015533185976448342,0.07974928001491202,-0.06018783972548132,-0.10856596515418222,0.1362477513305569,0.09090965667080168,-0.13993045806786195,-0.14957206485816524,0.4459973339635446,0.2568284935755253,-0.799207778368739,-0.8004875190168752,1.7298833434987255,0.12585016108577268,-3.3571131883197194,-0.9512022655322909,-0.7792475927242377,0.0,-8.628925117550978
285,-8.004116206115746,-0.7864270566702264,-0.8971727719258149,-3.2665495433424154,0.12474315211041064,1.7796221135592505,-0.7293843524176231,-0.8270146704322069,0.20104692151487458,0.4684293299190072,-0.12390085319448782,-0.15859305293053497,0.08044432064131081,0.14259653183842363,-0.10245676303945277,-0.062465243004977765,0.07410826966643175,0.018155613974156257,-0.04607206753861581,0.0005329803451979584,-0.00740152499039839,0.006716813526368498,-0.046072067538615896,0.018155613974156277,0.07410826966643179,-0.062465243004977765,-0.10245676303945277,0.14259653183842358,0.08044432064131088,-0.15859305293053508,-0.12390085319448772,0.46842932991900715,0.20104692151487452,-0.8270146704322071,-0.7293843524176232,1.7796221135592498,0.12474315211041045,-3.266549543342414,-0.8971727719258147,-0.7864270566702263,0.0,-8.221931973663812
286,-7.5992276968412895,-0.7935609055628589,-0.8429351268317827,-3.174280740056283,0.12352038408646522,1.8267806016886738,-0.656758412671243,-0.8524716144010548,0.1445192531516522,0.4886613855714479,-0.0975113244296323,-0.17614323147585176,0.06930754429736985,0.14754864585887478,-0.09518387157752453,-0.06392831631362705,0.06736820029754746,0.020474125759929886,-0.0399589923707193,-0.0033188617234926904,-0.008471332776257494,0.008728396706812578,-0.039958992370719384,0.020474125759929886,0.0673682002975475,-0.06392831631362705,-0.09518387157752455,0.14754864585887467,0.06930754429736992,-0.17614323147585187,-0.09751132442963219,0.48866138557144784,0.14451925315165212,-0.852471614401055,-0.6567584126712438,1.8267806016886727,0.12352038408646508,-3.174280740056282,-0.8429351268317821,-0.7935609055628587,0.0,-7.81216658775017
287,-7.192188607498689,-0.8006487256181798,-0.7885019138314857,-3.080354943325956,0.12218299171721045,1.8712904325876039,-0.5827613246795644,-0.8755062748027533,0.08745526580570506,0.5065984827147041,-0.07055647226231096,-0.19245789181110268,0.057592282375257514,0.15105558974595854,-0.08682989523555527,-0.06455798625336871,0.05962903017298943,0.0224499105659119,-0.03309614190321745,-0.007101330827515462,-0.009344974565629854,0.010517188212107372,-0.03309614190321755,0.022449910565911887,0.059629030172989476,-0.0645579862533687,-0.0868298952355553,0.1510555897459585,0.057592282375257535,-0.19245789181110273,-0.07055647226231082,0.5065984827147039,0.087455265805705,-0.8755062748027534,-0.5827613246795648,1.871290432587603,0.12218299171721028,-3.0803549433259536,-0.7885019138314856,-0.8006487256181798,0.0,-7.399964285257344
288,-6.783228479068466,-0.8076901057220405,-0.7338857618795832,-2.9848211829765083,0.12073221607492668,1.9130870712564199,-0.5075475759609788,-0.896053199042256,0.030066727106439938,0.5221563812288595,-0.04319256786235282,-0.2074225983161031,0.0453963180259301,0.15308301462079854,-0.07748971728906047,-0.06434604411358215,0.05100553467172848,0.02404989470840942,-0.025612288046014297,-0.010735363385024416,-0.010002219915831771,0.012037529272453098,-0.02561228804601439,0.024049894708409392,0.05100553467172853,-0.06434604411358215,-0.07748971728906051,0.15308301462079846,0.04539631802593015,-0.20742259831610318,-0.04319256786235268,0.5221563812288594,0.030066727106440008,-0.8960531990422561,-0.5075475759609789,1.9130870712564199,0.12073221607492654,-2.9848211829765066,-0.7338857618795839,-0.8076901057220403,0.0,-6.985667821058335
289,-6.372576852531147,-0.8146846374539443,-0.6790993423740826,-2.887729328199599,0.11916940344921152,1.9521099165648497,-0.4312741941189218,-0.9140540033844333,-0.027433390888620856,0.5352620147071258,-0.015578253886194127,-0.22093238432684742,0.03282144665361821,0.15361106280283304,-0.0672694221511607,-0.0632952528841832,0.04162560411640655,0.02524729522539016,-0.017647854979878183,-0.014144998529548546,-0.010427849357570284,0.013250613295641558,-0.017647854979878287,0.02524729522539012,0.04162560411640658,-0.06329525288418318,-0.06726942215116076,0.15361106280283296,0.03282144665361825,-0.2209323843268475,-0.015578253886193973,0.5352620147071258,-0.027433390888620922,-0.9140540033844332,-0.4312741941189221,1.9521099165648494,0.11916940344921134,-2.8877293281995966,-0.6790993423740831,-0.8146846374539439,0.0,-6.569624876848336
290,-5.960463268867283,-0.821631915110736,-0.6241553662164667,-2.7891300615214507,0.11749600409765108,1.9883023891178175,-0.3541004190072856,-0.9294575388504606,-0.08483170204498568,0.5458538336062865,0.012126375256361205,-0.23289248840123797,0.019972626265563124,0.15263456230653002,-0.05628509048090064,-0.06141931123582514,0.03162834710224505,0.02602206821033533,-0.009352284290646617,-0.017258965892474085,-0.010612006823827616,0.014125476402428814,-0.009352284290646724,0.026022068210335265,0.031628347102245095,-0.061419311235825134,-0.05628509048090069,0.15263456230652997,0.019972626265563186,-0.23289248840123808,0.012126375256361378,0.5458538336062864,-0.08483170204498561,-0.9294575388504606,-0.3541004190072856,1.9883023891178169,0.1174960040976509,-2.7891300615214494,-0.6241553662164667,-0.8216319151107357,0.0,-6.152185438708282
291,-5.547117269057409,-0.828531535730134,-0.569066580862663,-2.689074852346274,0.11571357090001119,2.021612013290156,-0.2761873702772012,-0.9422200365567701,-0.14191519803900077,0.5538820943091296,0.039760701551943646,-0.2432190190025159,0.006957101424623942,0.1501630774985718,-0.044661480755628084,-0.058742674936777345,0.02116202745391793,0.02636124433755709,-0.000881230904279971,-0.02001217534174882,-0.010550427881387294,0.014639787777244187,-0.0008812309042800527,0.02636124433755702,0.021162027453917973,-0.05874267493677736,-0.04466148075562809,0.15016307749857172,0.006957101424623989,-0.24321901900251594,0.03976070155194372,0.5538820943091294,-0.141915198039001,-0.9422200365567702,-0.27618737027720136,2.0216120132901563,0.11571357090001107,-2.6890748523462724,-0.5690665808626629,-0.8285315357301337,0.0,-5.733699112736558
292,-5.132768394082046,-0.8353830991141037,-0.5138457673655275,-2.587615930088931,0.11382375791719726,2.0519904933112474,-0.197697710999276,-0.9523052320835882,-0.19847203884358164,0.5593090927413039,0.06716451456901969,-0.2518395429381153,-0.006116491883187374,0.14622081541934664,-0.0325306122819463,-0.05530023803458556,0.0103818654062479,0.02625914596244862,0.007606357562830157,-0.022347077537339763,-0.010244538479970035,0.014780419660592754,0.007606357562830062,0.02625914596244856,0.010381865406247942,-0.055300238034585565,-0.03253061228194633,0.1462208154193466,-0.0061164918831873305,-0.25183954293811533,0.06716451456901978,0.5593090927413039,-0.19847203884358205,-0.9523052320835884,-0.1976977109992764,2.051990493311247,0.1138237579171971,-2.587615930088929,-0.5138457673655268,-0.8353830991141035,0.0,-5.314512437843119
293,-4.717646184921726,-0.8421862078520691,-0.45850573740953526,-2.4848062569108693,0.11182831885632015,2.0793937832892717,-0.11879530806355185,-0.9596844685196663,-0.2542923388783301,0.5621093414454438,0.0941789402803319,-0.25869359342646564,-0.0191390329948879,0.14084638868628407,-0.020030265739200664,-0.051136877958798566,-0.0005522643817933,0.02571748216251355,0.01595122323634064,-0.024214866864246096,-0.009701421932299899,0.014543782434137583,0.01595122323634055,0.025717482162513457,-0.0005522643817932828,-0.05113687795879857,-0.02003026573920067,0.14084638868628402,-0.01913903299488787,-0.2586935934264657,0.09417894028033205,0.5621093414454438,-0.25429233887833025,-0.9596844685196665,-0.11879530806355212,2.079393783289271,0.11182831885631997,-2.4848062569108675,-0.4585057374095354,-0.842186207852069,0.0,-4.894966254719733
294,-4.30198018255701,-0.8489404673439649,-0.40305933033836455,-2.3806995000735585,0.10972910544329258,2.1037821510735415,-0.03964489006618764,-0.9643367778904051,-0.30916894590659155,0.5622696892809407,0.12064736213751408,-0.2637330942280198,-0.03200182736213322,0.13409243730128576,-0.007302418286112008,-0.04630687047504291,-0.011478203840291133,0.0247453201282337,0.023996786237998398,-0.025576501598594443,-0.00893365488972514,0.013935916245440208,0.023996786237998308,0.02474532012823361,-0.011478203840291091,-0.04630687047504291,-0.007302418286112025,0.13409243730128573,-0.032001827362133195,-0.26373309422801977,0.12064736213751415,0.5622696892809407,-0.3091689459065918,-0.9643367778904053,-0.03964489006618778,2.1037821510735415,0.1097291054432924,-2.3806995000735585,-0.403059330338364,-0.8489404673439648,0.0,-4.475393188658609
295,-3.8859999279684097,-0.8556454858231239,-0.34751941017606025,-2.2753500039238626,0.1075280657044659,2.125120235862321,0.03958829660288371,-0.9662489407379976,-0.3628982097889209,0.5597893831872085,0.14641632905793844,-0.2669226968655312,-0.0445975137861986,0.1260251130664709,0.00550836899560525,-0.04087318211741378,-0.0222339163656074,0.02335893338267832,0.0315920826907843,-0.02640351998265389,-0.007959016111616252,0.012972336833644422,0.03159208269078422,0.023358933382678217,-0.022233916365607374,-0.040873182117413774,0.005508368995605232,0.12602511306647085,-0.044597513786198556,-0.26692269686553116,0.14641632905793858,0.5597893831872085,-0.3628982097889213,-0.9662489407379982,0.039588296602883016,2.1251202358623202,0.10752806570446573,-2.2753500039238617,-0.3475194101760596,-0.8556454858231239,0.0,-4.056115301329347
296,-3.469934962136474,-0.8623008743790002,-0.2918988626424774,-2.168812761525962,0.10522724215890226,2.143377099472608,0.1187388327533257,-0.965415523684294,-0.41528073824007267,0.5546800717203708,0.17133644505972598,-0.26824002856822393,-0.05682096052396197,0.1167234316581439,0.018256593005455783,-0.034906649323408215,-0.032659889896199876,0.02158152937058515,0.03859459734755084,-0.02667863515065026,-0.006800074772408,0.011677639491391518,0.03859459734755076,0.021581529370585033,-0.032659889896199855,-0.03490664932340822,0.018256593005455762,0.11672343165814392,-0.05682096052396196,-0.2682400285682239,0.17133644505972612,0.5546800717203707,-0.4152807382400725,-0.9654155236842942,0.11873883275332528,2.1433770994726067,0.10522724215890214,-2.1688127615259614,-0.29189886264247766,-0.862300874379,0.0,-3.637441962905532
297,-3.054014826041712,-0.8689062469797276,-0.23621059216368753,-2.0611433859546513,0.10282876992295951,2.1585262711975397,0.19764147174853158,-0.9618388948696517,-0.46612213678485515,0.5469657503467628,0.19526323538724835,-0.26767584920070525,-0.0685701427854091,0.10627849870511742,0.030797461227690653,-0.02848505497263201,-0.04260150254834533,0.019442860976940684,0.04487293769278968,-0.026396096469860922,-0.00548366783963313,0.010084871271809449,0.0448729376927896,0.01944286097694057,-0.04260150254834531,-0.02848505497263201,0.03079746122769065,0.10627849870511738,-0.06857014278540906,-0.26767584920070514,0.19526323538724843,0.5469657503467625,-0.4661221367848551,-0.9618388948696517,0.19764147174853158,2.1585262711975393,0.10282876992295936,-2.06114338595465,-0.2362105921636878,-0.8689062469797276,0.0,-3.219667991145854
298,-2.6384690606647005,-0.8754612204945117,-0.1804675188780424,-1.9523980812649822,0.10033487472894748,2.1705457861863917,0.27613148449950836,-0.9555292172239054,-0.5152337301668356,0.5366826487501729,0.2180579841057445,-0.2652341160758758,-0.07974699429849902,0.09479261745159175,0.042988536264114766,-0.02169211436801038,-0.051911315728322915,0.01697872847805094,0.0503092993417029,-0.02556180974400797,-0.004040278625017221,0.008234687464945729,0.05030929934170284,0.01697872847805083,-0.051911315728322895,-0.021692114368010378,0.042988536264114724,0.0947926174515917,-0.07974699429849898,-0.26523411607587577,0.21805798410574465,0.536682648750173,-0.5152337301668356,-0.9555292172239054,0.2761314844995079,2.1705457861863904,0.10033487472894731,-1.9523980812649813,-0.180467518878042,-0.8754612204945115,0.0,-2.8030720982895994
299,-2.223527206985924,-0.88196541471585,-0.12468257563859879,-1.8426336131534113,0.09774787085969479,2.1794182172915058,0.35404500337825084,-0.9465044195885758,-0.5624332625327058,0.5238790606820761,0.23958853830908516,-0.2609319561972237,-0.09025822583367918,0.08237828674461747,0.05469135361780342,-0.014616383878788337,-0.060451260713171154,0.01423038026220137,0.054801676476769874,-0.024193213766381814,-0.002503330899185477,0.006174313874520247,0.054801676476769846,0.014230380262201253,-0.060451260713171154,-0.01461638387878832,0.05469135361780342,0.08237828674461746,-0.09025822583367916,-0.2609319561972236,0.2395885383090853,0.5238790606820759,-0.5624332625327056,-0.946504419588576,0.3540450033782507,2.1794182172915044,0.09774787085969465,-1.8426336131534098,-0.12468257563859823,-0.88196541471585,0.0,-2.3879156800510453
300,-1.8094188059859562,-0.8884184523815875,-0.0688687050125872,-1.7319072793257695,0.09507015900094275,2.1851307003359923,0.4312193643325981,-0.9347901457723715,-0.6075455737938861,0.5086151171539505,0.2597300742782777,-0.2547995461251999,-0.1000161038561148,0.06915709916038557,0.06577299435317148,-0.007350106472828027,-0.06809468627204092,0.01124382235155275,0.05826577584602029,-0.02231891580306058,-0.0009084149157790717,0.00395634138280649,0.05826577584602026,0.011243822351552633,-0.06809468627204095,-0.007350106472828034,0.06577299435317145,0.06915709916038555,-0.10001610385611477,-0.2547995461251997,0.25973007427827777,0.5086151171539505,-0.6075455737938861,-0.9347901457723716,0.431219364332598,2.1851307003359923,0.09507015900094261,-1.7319072793257695,-0.06886870501258748,-0.8884184523815873,0.0,-1.9744419737350216
301,-1.3963733986453164,-0.894819959196797,-0.013038856278631652,-1.6202768795875153,0.09230422401355866,2.187674952765557,0.5074934464883248,-0.9204196816847423,-0.6504032496553509,0.4909625040368675,0.2783658211488958,-0.24687990031032905,-0.10893918280649831,0.05525855006168404,0.07610759477034526,1.1990811544722844e-05,-0.07472823696099763,0.008069048283543072,0.06063659840947971,-0.019978093625587515,0.000707536732484777,0.0016373835722826976,0.06063659840947969,0.008069048283542962,-0.07472823696099767,1.1990811544718537e-05,0.07610759477034523,0.05525855006168402,-0.1089391828064983,-0.24687990031032891,0.27836582114889585,0.4909625040368675,-0.6504032496553509,-0.9204196816847424,0.5074934464883244,2.1876749527655566,0.09230422401355853,-1.6202768795875149,-0.013038856278631583,-0.894819959196797,0.0,-1.562875604702944
302,-0.9846205259445426,-0.9011695638554916,0.04279401757759188,-1.5078006856718977,0.08945263262763685,2.187047285657409,0.5827080085294585,-0.903433860754537,-0.6908472428993855,0.4710041253946198,0.2953877378919616,-0.23722856937774495,-0.11695298489834904,0.04081876925124786,0.08557777594717011,0.007373931777351408,-0.08025353423531446,0.004759202243209001,0.06186965895637662,-0.017219676592200736,0.002307104341560855,-0.0007233683318397629,0.06186965895637662,0.004759202243208893,-0.0802535342353145,0.007373931777351404,0.08557777594717011,0.04081876925124787,-0.11695298489834906,-0.23722856937774478,0.2953877378919616,0.4710041253946197,-0.6908472428993853,-0.903433860754537,0.5827080085294583,2.1870472856574086,0.08945263262763671,-1.5078006856718973,0.04279401757759174,-0.9011695638554916,0.0,-1.1534225322598548
303,-0.5743897288641548,-0.9074668980621592,0.09861696286855352,-1.3945374108217614,0.08651803106062654,2.18324860906885,0.6567060211545485,-0.8838809479025088,-0.728727463618653,0.4488337141315188,0.3106971396834715,-0.22591325047946784,-0.12399062175777559,0.025979187643865472,0.09407597691231938,0.014639742265465066,-0.08458863544760425,0.0013696894551877253,0.06194182080867859,-0.014101322895178004,0.0038532476035932667,-0.003065656313226587,0.06194182080867859,0.0013696894551876294,-0.08458863544760428,0.01463974226546506,0.09407597691231935,0.025979187643865472,-0.12399062175777559,-0.2259132504794677,0.31069713968347157,0.4488337141315188,-0.7287274636186529,-0.883880947902509,0.6567060211545485,2.18324860906885,0.08651803106062642,-1.3945374108217605,0.0986169628685529,-0.907466898062159,0.0,-0.7462703976785015
304,-0.16591054838470853,-0.9137115965531262,0.15441702821023262,-1.2805461791408828,0.08350314256169705,2.1762844307177756,0.7293329949147976,-0.8618165023973674,-0.7639033362081833,0.4245553917834231,0.324205270031181,-0.2130133124475238,-0.12999335271709367,0.010885152016566367,0.10150567630751342,0.021714701324548093,-0.08766924909419031,-0.002042751272992424,0.06085172994889872,-0.01068821435252464,0.005310163328963736,-0.005329693645794634,0.06085172994889873,-0.002042751272992509,-0.08766924909419034,0.021714701324548086,0.10150567630751339,0.010885152016566384,-0.12999335271709367,-0.21301331244752364,0.32420527003118105,0.424555391783423,-0.7639033362081833,-0.8618165023973674,0.7293329949147973,2.176284430717775,0.08350314256169694,-1.2805461791408816,0.15441702821023207,-0.9137115965531258,0.0,-0.341589268698808
305,0.24058747451327633,-0.919903297117743,0.21018126752694535,-1.1658864947308405,0.08041076488461939,2.1661648479970133,0.8004373027496131,-0.8373032199850614,-0.7962443210492598,0.398283179519401,0.3358338153417329,-0.19861923907861423,-0.13491107510241962,-0.004315498595234534,0.10778248866338361,0.028506576043509927,-0.08944968828706537,-0.0054209973311550455,0.05861984042636349,-0.007051693936037582,0.006644114521072922,-0.007457690945437472,0.05861984042636353,-0.005420997331155124,-0.0894496882870654,0.02850657604350993,0.10778248866338358,-0.0043154985952344955,-0.13491107510241962,-0.19861923907861406,0.3358338153417329,0.39828317951940106,-0.7962443210492598,-0.8373032199850615,0.8004373027496132,2.166164847997013,0.08041076488461926,-1.1658864947308394,0.21018126752694466,-0.9199032971177429,0.0,0.06046723338997495
306,0.6448747988492514,-0.9260416406193941,0.265896743054942,-1.0506182106295143,0.07724376769150887,2.1529045333340657,0.869870496546204,-0.8104107547398863,-0.8256303989492004,0.3701404626505714,0.3455153589449183,-0.18283199445529452,-0.13870274242298247,-0.01947388091210044,0.11283512283763529,0.03492682394855523,-0.08990354831101999,-0.00870849851138978,0.05528803056522885,-0.003267774515003091,0.007824211605425752,-0.00939533123974588,0.055288030565228886,-0.008708498511389839,-0.08990354831102006,0.034926823948555216,0.11283512283763529,-0.01947388091210044,-0.13870274242298253,-0.1828319944552943,0.34551535894491836,0.37014046265057127,-0.8256303989492004,-0.8104107547398863,0.8698704965462039,2.1529045333340666,0.0772437676915088,-1.0506182106295139,0.2658967430549417,-0.926041640619394,0.0,0.4597604458963721
307,1.046721883642693,-0.9321262710163286,0.32155052834407377,-0.9348014975674499,0.07400508988983849,2.136522712917497,0.9374876170623236,-0.7812155211436185,-0.8519525165392539,0.3402594111610103,0.35319377194285917,-0.16576231475547779,-0.1413367069716761,-0.034441525652819174,0.11660619172970586,0.04089174728973797,-0.08902409821746263,-0.011850223631228824,0.05091881717557058,0.0005844500132816526,0.008823127722528284,-0.011093156404678731,0.050918817175570626,-0.01185022363122888,-0.08902409821746268,0.04089174728973796,0.11660619172970586,-0.034441525652819174,-0.1413367069716761,-0.16576231475547756,0.35319377194285917,0.3402594111610103,-0.851952516539254,-0.7812155211436186,0.9374876170623231,2.1365227129174973,0.0740050898898384,-0.9348014975674491,0.32155052834407355,-0.9321262710163284,0.0,0.8561648453657343
308,1.44589918791306,-0.9381568353823111,0.37712971125683653,-0.8184968125583721,0.07069773690519389,2.117043138820793,1.0031474965651206,-0.7498004769550675,-0.8751129909777144,0.30878035898215633,0.35882453861815633,-0.14752993151771013,-0.14279098397728568,-0.04907183172173023,0.11905286407529343,0.04632358416913126,-0.08682438064741939,-0.014793581729071031,0.04559418251179285,0.004424457994599542,0.0096177315209517,-0.012507829579491508,0.045594182511792924,-0.01479358172907107,-0.08682438064741942,0.04632358416913128,0.11905286407529343,-0.04907183172173019,-0.14279098397728573,-0.14752993151770985,0.3588245386181562,0.3087803589821563,-0.8751129909777142,-0.7498004769550676,1.0031474965651206,2.117043138820793,0.07069773690519379,-0.8184968125583708,0.37712971125683603,-0.938156835382311,0.0,1.2495659328116457
309,1.8421771706798218,-0.9441329839270938,0.432621396964093,-0.7017648673402668,0.06732477789230105,2.0944940545641275,1.06671305355426,-0.7162548874870175,-0.8950258724563774,0.27585114492589824,0.3623750145144452,-0.12826273181045522,-0.1430534351036036,-0.06322150209804603,0.12014735091776715,0.051151522286088345,-0.08333701840329244,-0.017489302411486805,0.039414035988859994,0.00817198313279046,0.010189622797322252,-0.01360324133687561,0.03941403598886008,-0.01748930241148683,-0.0833370184032925,0.05115152228608834,0.12014735091776713,-0.06322150209804599,-0.14305343510360366,-0.12826273181045506,0.3623750145144452,0.27585114492589824,-0.8950258724563775,-0.7162548874870176,1.0667130535542597,2.0944940545641275,0.06732477789230097,-0.7017648673402673,0.43262139696409285,-0.9441329839270938,0.0,1.6398578657336373
310,2.2353262909624583,-0.9500543700167043,0.4880127109367801,-0.5846665966834974,0.06388934288691454,2.06890815416396,1.1280515789540053,-0.6806740719603622,-0.9116172631650559,0.24162641837160312,0.36382461569313423,-0.1080958611961957,-0.14212186976383165,-0.07675194736330186,0.11987722123118533,0.05531262208387493,-0.07861373063800595,-0.01989226061581514,0.03249433952012177,0.011748692267071181,0.010525558579716354,-0.014351431373398062,0.03249433952012186,-0.019892260615815154,-0.07861373063800599,0.05531262208387493,0.11987722123118533,-0.07675194736330182,-0.14212186976383168,-0.10809586119619553,0.36382461569313423,0.24162641837160312,-0.911617263165056,-0.6806740719603622,1.1280515789540049,2.068908154163959,0.06388934288691446,-0.5846665966834969,0.48801271093678034,-0.9500543700167042,0.0,2.0269408843510073
311,2.6251170077804034,-0.9559206501935511,0.5432908019329057,-0.4672631265824828,0.06039461990120947,2.040322534729833,1.1870350131767704,-0.6431591326561633,-0.9248255915304625,0.20626691296786573,0.36316493806910466,-0.087170775782414,-0.14000406340463512,-0.08953064312003753,0.1182455431101209,0.05875263726304485,-0.07272456583667186,-0.02196223198192504,0.02496493165217846,0.015079822741726522,0.010617759787881887,-0.014733302194161932,0.02496493165217855,-0.02196223198192503,-0.07272456583667193,0.058752637263044846,0.11824554311012093,-0.08953064312003749,-0.14000406340463514,-0.08717077578241376,0.36316493806910455,0.20626691296786578,-0.9248255915304624,-0.6431591326561632,1.1870350131767704,2.0403225347298326,0.06039461990120938,-0.46726312658248254,0.5432908019329052,-0.955920650193551,0.0,2.410718583764826
312,3.011319780153144,-0.9617314841963462,0.5984428449791414,-0.3496157423475688,0.05684385196537265,2.0087786426771146,1.2435402134796898,-0.6038166676352404,-0.9346018407117407,0.1699386917599825,0.3603998061335231,-0.0656342500086346,-0.13671769260723715,-0.10143242800642881,0.11527084892267939,0.06142672196491248,-0.06575686296600318,-0.023664566188582724,0.016967091323889752,0.01809574514282623,0.010464091369123516,-0.014739106574939619,0.01696709132388985,-0.023664566188582703,-0.06575686296600325,0.06142672196491248,0.11527084892267939,-0.10143242800642878,-0.13671769260723718,-0.06563425000863436,0.360399806133523,0.16993869175998247,-0.9346018407117407,-0.6038166676352402,1.24354021347969,2.0087786426771146,0.056843851965372554,-0.349615742347568,0.598442844979141,-0.961731484196346,0.0,2.791095087014057
313,3.393705067100143,-0.967486534979841,0.6534560443463251,-0.23178585661373455,0.053240334118137944,1.9743222136336556,1.2974492110560436,-0.5627584678415984,-0.9409097305046863,0.1328123672883471,0.3555452507812958,-0.04363734712918823,-0.13229018754724264,-0.11234072959342048,0.1109869248224967,0.06330001540590344,-0.05781395619809666,-0.0249707669830991,0.008650886962224625,0.020733418736647788,0.01006811173854432,-0.01436869635934456,0.008650886962224715,-0.024970766983099062,-0.05781395619809671,0.06330001540590344,0.11098692482249668,-0.11234072959342045,-0.13229018754724267,-0.043637347129187994,0.3555452507812958,0.1328123672883471,-0.9409097305046865,-0.5627584678415983,1.2974492110560432,1.9743222136336553,0.05324033411813785,-0.23178585661373455,0.6534560443463251,-0.9674865349798407,0.0,3.167972176162891
314,3.772043327640869,-0.9731854687343751,0.7083176365181733,-0.11383497728282485,0.049587410349059016,1.937003206127501,1.3486494573247916,-0.5201011994503649,-0.9437258519796026,0.09506230032051088,0.34862941637170863,-0.021334359613021256,-0.1267585030446565,-0.12214870615727107,0.10544242701041019,0.06434809634118135,-0.04901364241811487,-0.025858969194840972,0.00017236065550696927,0.02293770918730299,0.00943899037878329,-0.013631526240511905,0.00017236065550706614,-0.025858969194840917,-0.049013642418114914,0.06434809634118134,0.10544242701041023,-0.12214870615727104,-0.12675850304465655,-0.021334359613020996,0.3486294163717085,0.09506230032051094,-0.9437258519796022,-0.5201011994503649,1.3486494573247916,1.9370032061275009,0.049587410349058926,-0.11383497728282374,0.7083176365181727,-0.9731854687343751,0.0,3.5412464396131167
315,4.146105020794767,-0.978827954905239,0.7630148931525226,0.004175324583935765,0.04588847049535662,1.896875729151803,1.3970340589040207,-0.47596607236284094,-0.9430397543531389,0.05686578097999934,0.3396923975610712,0.0011182731071148807,-0.1201688101150612,-0.1307602931443797,0.09870032910424746,0.06455730143292165,-0.03948643424341905,-0.026314304747630458,-0.008309399760842969,0.02466254100979388,0.008591295507346245,-0.012546412430761222,-0.008309399760842887,-0.02631430474763039,-0.039486434243419084,0.06455730143292164,0.09870032910424748,-0.1307602931443797,-0.12016881011506128,0.00111827310711507,0.3396923975610711,0.056865780979999274,-0.9430397543531389,-0.4759660723628409,1.3970340589040204,1.8968757291518032,0.04588847049535654,0.004175324583935765,0.7630148931525224,-0.9788279549052389,0.0,3.9108064937672613
316,4.515660605581317,-0.9844136662118468,0.8175351240344119,0.1221834469064062,0.04214694709622017,1.8539979637119512,1.4425020007777447,-0.4304784957906322,-0.938853983771729,0.018402196117646152,0.328786006853331,0.023563061944882665,-0.11257611059646717,-0.13809114407876075,0.0908372068934285,0.06392490337281553,-0.029373624462665494,-0.026329151544161464,-0.01663524576780476,0.025871860669189287,0.007544656728401034,-0.011141052379179953,-0.016635245767804677,-0.02632915154416139,-0.029373624462665535,0.06392490337281556,0.09083720689342852,-0.13809114407876072,-0.11257611059646724,0.023563061944882863,0.3287860068533309,0.018402196117646083,-0.9388539837717292,-0.4304784957906321,1.4425020007777447,1.853997963711951,0.042146947096220085,0.12218344690640702,0.8175351240344121,-0.9844136662118467,0.0,4.276530335987953
317,4.880480541019999,-0.98994227866672,0.8718656800203141,0.24012778874218,0.038366312207482836,1.8084320784686778,1.4849583571901388,-0.3837677219075107,-0.9311840738627015,-0.020147813164182075,0.315973474216285,0.04584257283314378,-0.10404377806840943,-0.14406945669641585,0.08194236860203742,0.06245914643670469,-0.01882519060010618,-0.025903261056228463,-0.02464895436489773,0.02654039019460855,0.006323310480824068,-0.009451317796300606,-0.024648954364897654,-0.02590326105622837,-0.018825190600106196,0.0624591464367047,0.08194236860203742,-0.14406945669641583,-0.10404377806840948,0.04584257283314399,0.31597347421628497,-0.02014781316418204,-0.9311840738627013,-0.3837677219075106,1.4849583571901388,1.8084320784686774,0.03836631220748277,0.24012778874218024,0.8718656800203142,-0.98994227866672,0.0,4.638282883538718
318,5.240335286130275,-0.9954134715942793,0.9259939559728451,0.3579467824426449,0.034550074179626106,1.7602441395994446,1.52431448982691,-0.3359664785815654,-0.9200584880881224,-0.05860319987785193,0.3013290805048693,0.06780053101082349,-0.09464302889507566,-0.1486366762150042,0.07211684053871091,0.060179139007837675,-0.007997570681348293,-0.025043762484968677,-0.032200159379006436,0.0266541555554923,0.004955538808307778,-0.00752033903136402,-0.03220015937900636,-0.025043762484968576,-0.007997570681348314,0.060179139007837675,0.07211684053871094,-0.14863667621500418,-0.09464302889507571,0.06780053101082367,0.3013290805048693,-0.058603199877851876,-0.9200584880881225,-0.33596647858156536,1.5243144898269096,1.7602441395994453,0.034550074179626036,0.35794678244264516,0.9259939559728445,-0.9954134715942787,0.0,4.995913749905417
319,5.594995299931586,-1.000826927649444,0.9799073936852564,0.47557892579165956,0.03070177440210336,1.7095040150087992,1.560488232870056,-0.28721059223122697,-0.9055185141153076,-0.09678336142293632,0.28493772681676044,0.08928291717807664,-0.08445232780748343,-0.1517480688506108,0.06147221965418904,0.057114604469871676,0.002948656813031298,-0.02376504342147719,-0.03914717287793005,0.026210778755702567,0.003473014447621227,-0.005397404173370794,-0.03914717287792998,-0.023765043421477092,0.002948656813031277,0.057114604469871676,0.061472219654189066,-0.1517480688506107,-0.08445232780748349,0.0892829171780768,0.2849377268167604,-0.09678336142293634,-0.9055185141153078,-0.2872105922312268,1.560488232870056,1.7095040150087994,0.03070177440210329,0.4755789257916604,0.9799073936852563,-1.0008269276494437,0.0,5.34925530565673
320,5.944231041443405,-1.0061823328360406,1.0335934847950454,0.5929628141100814,0.026824984017004325,1.6562852730265942,1.5934040645396623,-0.23763860187681357,-0.8876181105959933,-0.13450898777165918,0.2668944422769571,0.11013904783101304,-0.0735567329861006,-0.15337315996428524,0.050129406039015535,0.05330549371711069,0.013851154398683778,-0.02208850900547871,-0.045359643748727745,0.025219527539914743,0.0019100674004549386,-0.003136700976284487,-0.045359643748727696,-0.02208850900547859,0.013851154398683783,0.053305493717110686,0.05012940603901556,-0.1533731599642852,-0.07355673298610065,0.11013904783101322,0.26689444227695686,-0.13450898777165896,-0.8876181105959933,-0.2376386018768134,1.5934040645396628,1.656285273026594,0.02682498401700426,0.5929628141100828,1.0335934847950448,-1.0061823328360404,0.0,5.698121065896224
321,6.287812969685209,-1.0114793765250143,1.087039773685997,0.7100371723093711,0.022923300605109574,1.6006650757409406,1.622993264764595,-0.18739136548426535,-0.8664237069227791,-0.17160290358387742,0.24730383310496573,0.13022263219821156,-0.06204718611027341,-0.1534960325469096,0.03821722975749918,0.04880146433350107,0.024548233125504405,-0.020042223613623494,-0.05072100355630917,0.023701121673307107,0.00030288997244264673,-0.0007959337206519637,-0.05072100355630914,-0.02004222361362337,0.024548233125504425,0.04880146433350107,0.03821722975749918,-0.15349603254690958,-0.062047186110273475,0.13022263219821173,0.24730383310496573,-0.17160290358387748,-0.8664237069227791,-0.1873913654842651,1.622993264764595,1.600665075740941,0.022923300605109557,0.7100371723093719,1.0870397736859971,-1.0114793765250143,0.0,6.042304440490385
322,6.62551154367646,-1.0167177514724466,1.14023386037799,0.8267408868775519,0.019000344847410346,1.542724067120561,1.6491940586529212,-0.13661165971963468,-0.8420139567059598,-0.20789090029667684,0.22627947615863664,0.14939279836537178,-0.050019753300168925,-0.152115483118875,0.02587098761416041,0.04366123323008335,0.03488125049759356,-0.017660441075372478,-0.055130653789112104,0.02168729984381292,-0.0013113013121656858,0.0015651496838551171,-0.05513065378911206,-0.017660441075372364,0.034881250497593545,0.043661233230083356,0.02587098761416042,-0.15211548311887493,-0.050019753300168966,0.14939279836537195,0.22627947615863653,-0.20789090029667687,-0.8420139567059598,-0.13661165971963463,1.649194058652921,1.542724067120561,0.019000344847410318,0.8267408868775524,1.1402338603779902,-1.0167177514724461,0.0,6.381577876743572
323,6.95709722243663,-1.021897153837376,1.1931634034038954,0.9430130377808308,0.015059757165191978,1.4825462560887381,1.6719517454625232,-0.08544377425162207,-0.8144794458856048,-0.24320255428073778,0.20394326047058267,0.16751508139057644,-0.03757482328682078,-0.1492450335176026,0.013230906471862479,0.03795181118026092,0.044696963212929666,-0.014983031280430692,-0.05850585345122302,0.019220156239820943,-0.0028951275130983697,0.003886282759379873,-0.058505853451222986,-0.014983031280430565,0.044696963212929666,0.037951811180260905,0.013230906471862496,-0.14924503351760254,-0.03757482328682082,0.16751508139057664,0.20394326047058253,-0.24320255428073792,-0.8144794458856047,-0.08544377425162197,1.6719517454625237,1.482546256088738,0.015059757165191938,0.9430130377808321,1.1931634034038954,-1.021897153837376,0.0,6.715692417158053
324,7.282340464985165,-1.0270172831994229,1.2458161226728972,1.0587929302642205,0.011105194341798805,1.4202188947184125,1.6912188128026446,-0.03403310175494074,-0.7839223565620981,-0.2773720272210702,0.18042468059464,0.18446236647924616,-0.02481626950286978,-0.1449127984574563,0.00044055057504039903,0.0317476292318889,0.05384979983056505,-0.012054812776043786,-0.06078327158288171,0.016351260670600058,-0.004411912837634975,0.006108218757233961,-0.060783271582881694,-0.012054812776043667,0.053849799830565065,0.031747629231888896,0.00044055057504043346,-0.14491279845745628,-0.024816269502869855,0.18446236647924624,0.1804246805946399,-0.2773720272210702,-0.7839223565620983,-0.0340331017549405,1.6912188128026449,1.4202188947184125,0.011105194341798762,1.0587929302642194,1.2458161226728972,-1.0270172831994233,0.0,7.044377687499338
325,7.6010117303415505,-1.032077842576214,1.2981798023195763,1.1740201265345525,0.007140326129215187,1.3558323517250175,1.7069550358279442,0.01747427522049124,-0.750456087792684,-0.3102388449631891,0.15586008585920094,0.20011578060309138,-0.011850583087731804,-0.13916121015923494,-0.012354809032575015,0.02512956838473777,0.062204019660666104,-0.00892480252615668,-0.06192017557846719,0.013140580621252338,-0.00582653392177803,0.00817424292674043,-0.06192017557846719,-0.008924802526156567,0.062204019660666125,0.025129568384737764,-0.01235480903257499,-0.13916121015923485,-0.011850583087731821,0.2001157806030915,0.1558600858592009,-0.31023884496318915,-0.750456087792684,0.017474275220491515,1.7069550358279442,1.355832351725017,0.007140326129215149,1.174020126534553,1.2981798023195767,-1.032077842576214,0.0,7.3673423227226955
326,7.912881477525229,-1.037078538440607,1.3502422935380913,1.288634477309376,0.0031688318426121927,1.2894799814404774,1.7191275612179737,0.06893199934062619,-0.7142048347612606,-0.3416486511669496,0.13039188987988676,0.21436552630899589,0.0012140159563079258,-0.13204660274637026,-0.025009844475817396,0.01818390518296979,0.06963572586008644,-0.005645395391103784,-0.061895233004818875,0.00965522777408941,-0.007106233162686131,0.010031620155016067,-0.06189523300481888,-0.005645395391103671,0.06963572586008648,0.018183905182969782,-0.02500984447581737,-0.13204660274637026,0.0012140159563079171,0.214365526308996,0.13039188987988656,-0.3416486511669495,-0.7142048347612606,0.06893199934062663,1.7191275612179737,1.2894799814404763,0.0031688318426121584,1.2886344773093767,1.3502422935380913,-1.0370785384406067,0.0,7.684274830547373
327,8.217720165555697,-1.0420190807377179,1.401991517400802,1.4025761532152394,-0.0008056030539802953,1.2212579884583559,1.7277109757667393,0.12019385435915975,-0.6753031278831486,-0.3714539322285608,0.10416774491442127,0.22711165186926097,0.014268482038207485,-0.12363866047847635,-0.037380821661427685,0.011001186968442857,0.07603470287835876,-0.002271487062944561,-0.060708911874880034,0.005968055197441844,-0.008221377268476368,0.011632941026795778,-0.06070891187488006,-0.0022714870629444587,0.07603470287835881,0.011001186968442855,-0.03738082166142764,-0.12363866047847627,0.01426848203820746,0.227111651869261,0.10416774491442118,-0.3714539322285607,-0.6753031278831487,0.12019385435916011,1.7277109757667395,1.2212579884583559,-0.0008056030539803383,1.4025761532152399,1.401991517400802,-1.0420190807377179,0.0,7.994844884731465
328,8.5152982534524,-1.0468991829017447,1.4534154676606792,1.5157856760189734,-0.0047792903677076415,1.151265288146391,1.7326873594391563,0.1711141805885017,-0.6338953335552409,-0.3995147100662449,0.07733968584639742,0.23826475237115988,0.0272038541431788,-0.11401973522654377,-0.04932723278944947,0.003675051457635161,0.0813060510039536,0.001140444861916523,-0.05838347186608138,0.002156134524355848,-0.00914614346007532,0.012937331946222399,-0.05838347186608141,0.0011404448619166134,0.08130605100395365,0.0036750514576351506,-0.04932723278944944,-0.1140197352265437,0.0272038541431788,0.23826475237115993,0.07733968584639726,-0.39951471006624506,-0.6338953335552409,0.1711141805885021,1.7326873594391559,1.1512652881463907,-0.004779290367707659,1.5157856760189734,1.45341546766068,-1.0468991829017447,0.0,8.298705032540362
329,8.805386200234793,-1.0517185618725884,1.5045022135368562,1.6282039496756884,-0.008748542599456456,1.0796033632286652,1.7340463227836267,0.22154828878929742,-0.5901351184042775,-0.42569919951593105,0.0500632487607016,0.24774659682816352,0.03991216529177022,-0.10328403987479304,-0.06071339222084316,-0.0036989939691896615,0.08537159376974793,0.00453328629042496,-0.054962546648239595,-0.0017008550478405115,-0.00985911743511954,0.013911498432333377,-0.054962546648239644,0.004533286290425048,0.08537159376974797,-0.0036989939691896897,-0.060713392220843154,-0.10328403987479302,0.039912165291770156,0.24774659682816352,0.05006324876070144,-0.4256991995159309,-0.5901351184042771,0.2215482887892977,1.734046322783627,1.0796033632286648,-0.008748542599456503,1.6282039496756895,1.504502213536856,-1.0517185618725884,0.0,8.595492793648623
330,9.087754464922373,-1.0564769381122707,1.5552399024826635,1.7397722911772606,-0.01270967636577717,1.0063761166453615,1.7317850286226288,0.27135287130243574,-0.5441848790214512,-0.44988442724957284,0.02249656922067102,0.2554906769141018,0.05228734370208682,-0.09153672554943733,-0.07140997757568235,-0.011024817352743903,0.08817103734524626,0.007850242695217821,-0.050510325158010995,-0.005522292262942932,-0.010343789247184109,0.014530574958204898,-0.05051032515801105,0.007850242695217889,0.08817103734524627,-0.011024817352743894,-0.07140997757568232,-0.09153672554943727,0.05228734370208682,0.2554906769141018,0.022496569220670885,-0.4498844272495728,-0.5441848790214513,0.2713528713024358,1.731785028622629,1.0063761166453615,-0.012709676365777167,1.7397722911772608,1.5552399024826633,-1.0564769381122712,0.0,8.884833120893536
331,9.362173506534578,-1.061174035621151,1.6056167629355234,1.850432461185212,-0.016659015816987085,0.9316897209034327,1.7259081979760398,0.32038640925532,-0.49621513929963,-0.47195680930939793,-0.005200534525266159,0.26144267347128575,0.06422609813346736,-0.07889285171246932,-0.08129549855835774,-0.018206915381819972,0.0896628647212454,0.011035789827589942,-0.045110347182154384,-0.009228299002792024,-0.010588935617536646,0.014778759641672636,-0.04511034718215443,0.011035789827589997,0.08966286472124543,-0.01820691538181997,-0.0812954985583577,-0.07889285171246926,0.06422609813346734,0.26144267347128575,-0.005200534525266296,-0.47195680930939793,-0.49621513929963007,0.3203864092553201,1.7259081979760398,0.9316897209034328,-0.01665901581698707,1.850432461185212,1.6056167629355227,-1.061174035621151,0.0,9.166341187025107
332,9.628413784090885,-1.0658095819539306,1.655621107048043,1.9601266944319875,-0.02059289604828248,0.8556524641366133,1.7164281002048214,0.3685095746853346,-0.4464039176097101,-0.4918126845457391,-0.032867488092342995,0.2655608375203704,0.07562878002196544,-0.06547625920792313,-0.09025767682708123,-0.025151658425005535,0.08982495142578224,0.01403660316660874,-0.03886393584881937,-0.012741409950649046,-0.010588879826433577,0.014649717587195812,-0.038863935848819454,0.01403660316660878,0.08982495142578228,-0.025151658425005535,-0.09025767682708125,-0.0654762592079231,0.07562878002196542,0.26556083752037035,-0.03286748809234317,-0.4918126845457391,-0.44640391760971027,0.3685095746853347,1.7164281002048218,0.8556524641366132,-0.020592896048282468,1.960126694431988,1.6556211070480422,-1.0658095819539306,0.0,9.439625455975499
333,9.886245756610755,-1.0703833082354592,1.7052413333996976,2.0687977298747775,-0.024507666500693866,0.7783745930979815,1.7033645273956421,0.4155856264378752,-0.394936066164545,-0.5093588014532059,-0.06034389189191798,0.267816283099448,0.08640021521169589,-0.05141835729859658,-0.09819472123532802,-0.031768511136117,0.08865489364001833,0.016802450545848183,-0.03188829643899657,-0.015988191820657298,-0.010343623165798814,0.014146742583593525,-0.031888296438996655,0.016802450545848203,0.08865489364001836,-0.03176851113611699,-0.098194721235328,-0.05141835729859655,0.08640021521169589,0.267816283099448,-0.060343891891918085,-0.5093588014532058,-0.394936066164545,0.4155856264378752,1.7033645273956421,0.7783745930979821,-0.024507666500693855,2.068797729874779,1.7052413333996965,-1.070383308235459,0.0,9.704290992293384
334,10.135439883113676,-1.0748949491763289,1.7544659296884526,2.176388840586112,-0.02839969434872884,0.6999681533127065,1.686744753039924,0.46148079871401104,-0.3420025850221071,-0.5245127561188042,-0.08747045105055601,0.26819318987831703,0.09645049833987848,-0.036856836573643526,-0.10501648396120597,-0.03797121272089298,0.08617004384795612,0.0192870330156014,-0.024314317191306094,-0.018900778307222334,-0.009858844909307364,0.013282673030330747,-0.024314317191306188,0.019287033015601408,0.08617004384795615,-0.037971212720892954,-0.10501648396120593,-0.036856836573643526,0.09645049833987844,0.268193189878317,-0.0874704510505561,-0.5245127561188042,-0.3420025850221071,0.46148079871401104,1.6867447530399244,0.6999681533127066,-0.028399694348728827,2.176388840586113,1.7544659296884515,-1.0748949491763289,0.0,9.95994295833257
335,10.375766622619071,-1.0793442430882614,1.8032834754017126,2.282843863365664,-0.03226536787155844,0.6205468266227465,1.6666034750935765,0.506064681163722,-0.28779991327365445,-0.537203379225223,-0.11408989892450623,0.2666889141267307,0.1056957432451272,-0.021934320333505775,-0.11064548439359952,-0.04367890147836638,0.082407253491285,0.021448759864944444,-0.016284113364985607,-0.021418288669819645,-0.009145770800566687,0.012079564238329201,-0.016284113364985715,0.021448759864944433,0.08240725349128507,-0.04367890147836638,-0.11064548439359947,-0.02193432033350581,0.10569574324512723,0.2666889141267306,-0.1140898989245064,-0.5372033792252229,-0.2877999132736547,0.5060646811637223,1.6666034750935768,0.6205468266227465,-0.0322653678715584,2.2828438633656645,1.8032834754017117,-1.0793442430882614,0.0,10.206190245611639
336,10.606996434146435,-1.0837309318992874,1.8516826444659744,2.38810722805777,-0.03610109980461887,0.5402257663590476,1.6429827435362887,0.5492105894446877,-0.23252920004734243,-0.547371070291751,-0.14004790885548693,0.2633140072582657,0.11405878313559327,-0.006796967661239649,-0.1150177891459343,-0.048817168956798634,0.07742232644590177,0.02325144483015613,-0.007948360643343484,-0.023488100301065722,-0.008220913104742667,0.01056812546980054,-0.007948360643343578,0.02325144483015609,0.07742232644590183,-0.048817168956798614,-0.11501778914593429,-0.006796967661239649,0.11405878313559327,0.26331400725826565,-0.14004790885548699,-0.5473710702917509,-0.23252920004734237,0.5492105894446878,1.6429827435362887,0.5402257663590478,-0.036101099804618834,2.3881072280577706,1.8516826444659744,-1.0837309318992874,0.0,10.442649184519757
337,10.828899776715222,-1.0880547611687157,1.8996522078745726,2.492123986559379,-0.03990333066851849,0.45912143038022296,1.615931872581632,0.5907959251936855,-0.17639555803262622,-0.5549680775830952,-0.16519398888185902,0.2580921418197373,0.12146981467290488,0.008406958137498102,-0.11808373820249199,-0.053319029981640946,0.07128919142529472,0.024664911835301027,0.00053653208732201,-0.02506694867802274,-0.007105688243111806,0.008786936086618102,0.0005365320873219218,0.024664911835300993,0.07128919142529476,-0.053319029981640974,-0.11808373820249196,0.008406958137498132,0.12146981467290488,0.2580921418197372,-0.1651939888818591,-0.5549680775830954,-0.17639555803262594,0.5907959251936858,1.6159318725816323,0.4591214303802235,-0.03990333066851845,2.4921239865593794,1.8996522078745723,-1.0880547611687157,0.0,10.668947275262688
338,11.041247109344916,-1.0923154801018904,1.9471810362928976,2.5948398415032963,-0.04366853207216048,0.3773514122197909,1.585507337721246,0.6307025243877531,-0.11960730229566803,-0.5599587223715261,-0.18938235421808786,0.25105994544529137,0.1278669805959634,0.02352854170434309,-0.11980850894980777,-0.05712579590972544,0.0640988055844223,0.025665500125170902,0.009011357534438734,-0.026121831704853046,-0.005825920864766125,0.006781460814981547,0.009011357534438637,0.02566550012517085,0.06409880558442234,-0.05712579590972544,-0.11980850894980774,0.023528541704343073,0.1278669805959634,0.2510599454452912,-0.18938235421808788,-0.5599587223715261,-0.11960730229566796,0.6307025243877534,1.5855073377212465,0.3773514122197908,-0.04366853207216042,2.5948398415032976,1.9471810362928972,-1.0923154801018904,0.0,10.88472688263686
339,11.243808891054933,-1.0965128415647387,1.9942581026404946,2.696201174601732,-0.047393209987016245,0.2950342705867924,1.5517726578180526,0.6688169931052446,-0.06237517721054487,-0.5623195664991256,-0.21247277244427806,0.24226674393986866,0.13319688602164062,0.038419674184667615,-0.12017251168696323,-0.060187839725481335,0.05595780558413449,0.02623646033490288,0.017317097304105147,-0.026630699543676677,-0.004411245839409721,0.004602889261670516,0.01731709730410505,0.026236460334902813,0.05595780558413457,-0.06018783972548133,-0.12017251168696323,0.03841967418466756,0.13319688602164068,0.24226674393986852,-0.21247277244427815,-0.5623195664991256,-0.06237517721054494,0.6688169931052449,1.5517726578180533,0.29503427058679266,-0.047393209987016204,2.696201174601732,1.9942581026404946,-1.096512841564739,0.0,11.089648837885562
340,11.436355580864813,-1.1006466020981054,2.0408724846494404,2.7961550746353576,-0.05107390798951146,0.21228935746699873,1.5147982624946692,0.7050310297327277,-0.004911574375161529,-0.5620395224531918,-0.23433137650578403,0.2317742152941231,0.13741504411299799,0.052934503884697594,-0.11917161212262406,-0.062465243004977744,0.046986926121459036,0.026368234866260165,0.02529790566161227,-0.0265829155143471,-0.002894422018971027,0.002306829303148267,0.025297905661612174,0.026368234866260085,0.046986926121459105,-0.06246524300497775,-0.1191716121226241,0.05293450388469756,0.137415044112998,0.231774215294123,-0.2343313765057841,-0.5620395224531918,-0.004911574375161322,0.7050310297327279,1.5147982624946699,0.212289357466999,-0.051073907989511426,2.7961550746353576,2.0408724846494404,-1.1006466020981056,0.0,11.283395892511807
341,11.61865763779397,-1.1047165219318733,2.0870133673983933,2.894649365073285,-0.05470721046851483,0.1292366450739414,1.4746613450938693,0.7392417327021722,0.0525702555857779,-0.5591199054378416,-0.25483144080951725,0.21965595705763327,0.14048624739519225,0.0669308648207923,-0.11681717833173313,-0.06392831631362704,0.03731920937966087,0.026058617877211938,0.032804033761397934,-0.025979478429124236,-0.0013105736588759568,-4.8112301338899244e-05,0.032804033761397844,0.026058617877211847,0.03731920937966092,-0.06392831631362704,-0.11681717833173318,0.06693086482079223,0.1404862473951923,0.2196559570576331,-0.25483144080951725,-0.5591199054378417,0.052570255585777693,0.7392417327021725,1.47466134509387,0.12923664507394153,-0.05470721046851477,2.8946493650732856,2.087013367398393,-1.1047165219318733,0.0,11.465675971463103
342,11.790485520861868,-1.1087223649988716,2.1326700458217505,2.9916326313095287,-0.05828974579495442,0.045996551900672616,1.431445701518079,0.771351892884003,0.10985699440569306,-0.553574427197262,-0.27385411591752007,0.20599697010497148,0.14238486161982528,0.08027166916891279,-0.11313595163853173,-0.0645579862533687,0.027098031952736995,0.025312792206663888,0.0396946394772974,-0.024833001714863485,0.0003036229350275186,-0.002401825842921655,0.03969463947729733,0.025312792206663794,0.027098031952737044,-0.0645579862533687,-0.11313595163853174,0.08027166916891279,0.1423848616198253,0.20599697010497128,-0.27385411591752007,-0.553574427197262,0.10985699440569292,0.7713518928840032,1.4314457015180793,0.045996551900672894,-0.05828974579495436,2.9916326313095296,2.13267004582175,-1.1087223649988716,0.0,11.636225176516497
343,11.951609689087988,-1.1126638989485682,2.177831927193308,3.087054247501728,-0.06181818945061909,-0.03731023187553822,1.3852415552843713,0.801270269805185,0.1667360478120731,-0.5454291316196167,-0.29128911757840986,0.19089306241564216,0.14309503972495602,0.09282624997588741,-0.1081697428924007,-0.06434604411358215,0.016474978505945113,0.02414324261623738,0.04584043011050663,-0.023167449759122154,0.0019107886995232716,-0.004694232958944753,0.04584043011050658,0.024143242616237275,0.016474978505945145,-0.06434604411358215,-0.1081697428924007,0.09282624997588734,0.14309503972495602,0.19089306241564197,-0.29128911757840986,-0.5454291316196167,0.16673604781207324,0.8012702698051853,1.3852415552843713,-0.03731023187553795,-0.06181818945061905,3.087054247501728,2.1778319271933078,-1.1126638989485682,0.0,11.794810494915666
344,12.10180060149181,-1.1165408951605458,2.222488533583862,3.1808644029981434,-0.0652892671132423,-0.12056291938242297,1.336145369160198,0.8289118509074723,0.22299633447564218,-0.5347222724240405,-0.3070353661020216,0.17445017704994323,0.142610854104926,0.10447164098124258,-0.10197495758617821,-0.0632952528841832,0.005607593706938101,0.022569546801387775,0.05112608838849343,-0.02101763699124521,0.0034737073804469894,-0.00686682012869433,0.05112608838849336,0.022569546801387664,0.005607593706938126,-0.06329525288418317,-0.10197495758617821,0.10447164098124258,0.14261085410492608,0.17445017704994298,-0.3070353661020216,-0.5347222724240404,0.22299633447564213,0.8289118509074728,1.3361453691601988,-0.12056291938242283,-0.06528926711324226,3.180864402998144,2.2224885335838613,-1.1165408951605464,0.0,11.941232173271734
345,12.240828717092782,-1.1203531287577648,2.266629504292172,3.273014128339114,-0.06869975769500486,-0.2036408021821324,1.2842596437731217,0.8541980931091455,0.2784290693449057,-0.5215041335051546,-0.32100157237046545,0.15678364903451816,0.140936346085989,0.1150937810143431,-0.09462195521059168,-0.06141931123582514,-0.005342954232621401,0.020618047670235243,0.05545243623433778,-0.018428500168956755,0.004956187329026426,-0.008864132226651318,0.05545243623433773,0.020618047670235125,-0.005342954232621379,-0.061419311235825134,-0.09462195521059169,0.11509378101434305,0.14093634608598904,0.15678364903451794,-0.3210015723704655,-0.5215041335051545,0.2784290693449057,0.8541980931091459,1.284259643773122,-0.20364080218213185,-0.06869975769500479,3.2730141283391143,2.2666295042921716,-1.1203531287577648,0.0,12.07532572235006
346,12.368464494910366,-1.124100378619604,2.310244598248735,3.3634553208194036,-0.07204649633163755,-0.28642342528693143,1.229692703614991,0.8770571459838373,0.332828538459084,-0.5058367927788394,-0.3331067670881914,0.1380173963700124,0.13808549219478866,0.12458863117033195,-0.08619425012116586,-0.058742674936777345,-0.016214263754236444,0.018321412376001756,0.05873829570635836,-0.01545415908158744,0.006323899571997801,-0.010635188010435623,0.05873829570635833,0.01832141237600164,-0.016214263754236433,-0.058742674936777345,-0.08619425012116587,0.12458863117033186,0.13808549219478866,0.1380173963700122,-0.3331067670881915,-0.5058367927788395,0.33282853845908406,0.8770571459838375,1.2296927036149912,-0.28642342528693077,-0.07204649633163748,3.3634553208194045,2.310244598248734,-1.1241003786196038,0.0,12.196963524532295
347,12.484478393964029,-1.1277824273946877,2.353323696391792,3.452140769598101,-0.07532637731934917,-0.3687907618074151,1.1725584708873427,0.8974240559222971,0.3859928623640567,-0.48779383063834425,-0.3432807702027251,0.11828305083533347,0.13408208750123055,0.13286319382265444,-0.07678756299404708,-0.055300238034585565,-0.026845108440840298,0.01571808548463875,0.060922012190063414,-0.012156785303717693,0.007545172748769363,-0.01213478141321664,0.060922012190063414,0.015718085484638624,-0.026845108440840298,-0.05530023803458555,-0.0767875629940471,0.13286319382265438,0.13408208750123055,0.11828305083533323,-0.3432807702027251,-0.48779383063834425,0.38599286236405655,0.8974240559222975,1.1725584708873433,-0.36879076180741466,-0.0753263773193491,3.4521407695981026,2.3533236963917905,-1.1277824273946877,0.0,12.306056022362867
348,12.588640873273253,-1.1313990615134932,2.3958568040150356,3.539024180342962,-0.07853635699685513,-0.4506233869800242,1.1129762276601738,0.9152409506969649,0.4377247452982415,-0.4674599843899469,-0.3514645977746004,0.09771903468529941,0.12895954700944268,0.1398364234914134,-0.06650873364417317,-0.05113687795879857,-0.037077828077184155,0.01285164543135507,0.06196261126183306,-0.008605302645269985,0.008591726507709152,-0.01332463542519855,0.061962611261833056,0.012851645431354952,-0.03707782807718413,-0.051136877958798566,-0.06650873364417322,0.13983642349141331,0.1289595470094427,0.0977190346852992,-0.35146459777460043,-0.467459984389947,0.4377247452982415,0.9152409506969652,1.1129762276601738,-0.4506233869800237,-0.07853635699685506,3.539024180342962,2.395856804015035,-1.1313990615134928,0.0,12.402552473552534
349,12.68072239185748,-1.1349500712007379,2.4378340530864695,3.6240601993963195,-0.08167345656983153,-0.5318026513215345,1.0510703668406403,0.9304572039049185,0.4878322073681311,-0.4449307502910764,-0.3576108039376556,0.07646958971797756,0.12276062675454576,0.1454400206460253,-0.05547450755384587,-0.046306870475042915,-0.04676066682184558,0.0097700750386524,0.06184056751738364,-0.004873946462071005,0.009439326378702291,-0.014174379111441421,0.06184056751738364,0.00977007503865229,-0.04676066682184557,-0.046306870475042894,-0.05547450755384589,0.14544002064602518,0.12276062675454577,0.07646958971797733,-0.35761080393765565,-0.4449307502910763,0.4878322073681311,0.9304572039049185,1.0510703668406405,-0.5318026513215343,-0.08167345656983147,3.62406019939632,2.437834053086469,-1.1349500712007374,0.0,12.486441265004174
350,12.760493408736181,-1.138435250487546,2.479245704537865,3.7072044374499744,-0.08473476487517466,-0.6122108526594662,0.9869701324716038,0.943029578821935,0.5361292969963533,-0.42031193505989634,-0.36168375596717245,0.0546837655221085,0.11553706693313799,0.14961910066725057,-0.043810209894142034,-0.040873182117413774,-0.05575002381471355,0.0065249583070438695,0.06055817093901026,-0.0010407119410934377,0.010068344957453979,-0.014662322827711075,0.060558170939010274,0.006524958307043757,-0.05575002381471356,-0.040873182117413746,-0.04381020989414207,0.14961910066725048,0.11553706693313806,0.054683765522108276,-0.36168375596717234,-0.42031193505989645,0.5361292969963531,0.9430295788219352,0.9869701324716039,-0.6122108526594656,-0.08473476487517456,3.7072044374499753,2.4792457045378637,-1.1384352504875457,0.0,12.557749785730167
351,12.827724382928835,-1.1418543972233968,2.52008215052431,3.788413492716666,-0.08771744108249932,-0.6917314067889787,0.9208093499022069,0.9529223512589077,0.5824367809983106,-0.39371915896264653,-0.36365984086114395,0.03251437400133315,0.10734916004616012,0.15233273141642767,-0.03164832209943928,-0.034906649323408215,-0.0639125828424274,0.0031706169237915517,0.05813948392723199,0.002814276204691035,0.010464216406501746,-0.014776011847030965,0.05813948392723201,0.0031706169237914624,-0.06391258284242743,-0.034906649323408215,-0.03164832209943932,0.1523327314164276,0.10734916004616019,0.03251437400133291,-0.363659840861144,-0.3937191589626465,0.5824367809983109,0.9529223512589078,0.9208093499022072,-0.6917314067889787,-0.08771744108249926,3.7884134927166673,2.52008215052431,-1.1418543972233968,0.0,12.616543865826973
352,12.882185773454903,-1.1452073130878495,2.5603339166533075,3.8676449735860743,-0.09061871733037075,-0.770249016508825,0.8527261463938253,0.9601074110715184,0.6265828097264937,-0.36527731281245285,-0.36352760223701847,0.010116917508483994,0.09826524765869775,0.15355433414667033,-0.01912697716212064,-0.028485054972632,-0.07112728947787161,-0.0002367990559103838,0.05462988980308162,0.0066104385541696075,0.01061777374830685,-0.014512544265659644,0.05462988980308168,-0.0002367990559104699,-0.07112728947787164,-0.02848505497263201,-0.01912697716212064,0.15355433414667025,0.09826524765869776,0.010116917508483736,-0.36352760223701847,-0.36527731281245274,0.626582809726494,0.9601074110715186,0.8527261463938256,-0.7702490165088247,-0.09061871733037065,3.8676449735860743,2.5603339166533066,-1.1452073130878493,0.0,12.662926795843017
353,12.92364803933383,-1.1484938036020456,2.5999916641829137,3.9448575207534833,-0.09343590129482199,-0.847649838791269,0.7828626627446943,0.9645643420347353,0.6684035548140759,-0.3351199714297667,-0.36128780675025235,-0.012351501891692034,0.08836114997709045,0.15327194382929038,-0.006388390737687049,-0.02169211436801038,-0.0772871463718577,-0.003640251133749003,0.05009524125277097,0.010268425300545616,0.010525461139914162,-0.013878645073967385,0.05009524125277102,-0.0036402511337490836,-0.07728714637185771,-0.021692114368010367,-0.006388390737687075,0.1532719438292903,0.08836114997709046,-0.012351501891692327,-0.3612878067502523,-0.3351199714297667,0.6684035548140759,0.9645643420347353,0.7828626627446947,-0.847649838791269,-0.09343590129482186,3.9448575207534833,2.5999916641829137,-1.1484938036020453,0.0,12.697037947802299
354,12.951881639585103,-1.15171367813999,2.639046192188401,4.0200108288095935,-0.09616637868777475,-0.9238216498435929,0.7113647565352692,0.9662804798551672,0.7077438171510902,-0.30338876631906964,-0.35695343964961324,-0.034733284380639745,0.07771953300446532,0.1514883263456707,0.00642275412043755,-0.014616383878788343,-0.0823008000720084,-0.006982767165214661,0.04462062469299116,0.013711774871613262,0.010189416213652847,-0.0128904945015584,0.044620624692991225,-0.006982767165214731,-0.08230080007200843,-0.014616383878788337,0.006422754120437498,0.15148832634567064,0.0777195330044654,-0.034733284380639884,-0.35695343964961324,-0.30338876631906964,0.7077438171510905,0.9662804798551676,0.7113647565352695,-0.9238216498435928,-0.09616637868777467,4.0200108288095935,2.639046192188401,-1.15171367813999,0.0,12.719051025716496
355,12.966839322069788,-1.1548667499396081,2.6774884396969534,4.093065667280179,-0.09880761568304434,-0.9986540078218687,0.6383816976138693,0.9652509481564389,0.7444576028369557,-0.270232720508016,-0.35054962949500146,-0.056871437835487613,0.06642921855682371,0.1482209513967473,0.01916095025045565,-0.00735010647282804,-0.0860938958356056,-0.010208395045792554,0.038308763741826776,0.016868512178310573,0.00961742057715955,-0.011573315018116608,0.03830876374182686,-0.01020839504579261,-0.08609389583560564,-0.007350106472828031,0.019160950250455624,0.14822095139674724,0.06642921855682375,-0.056871437835487766,-0.35054962949500135,-0.27023272050801606,0.744457602836956,0.965250948156439,0.6383816976138701,-0.998654007821868,-0.09880761568304428,4.09306566728018,2.6774884396969525,-1.1548667499396081,0.0,12.729171979523352
356,12.968901331908377,-1.1579528361135776,2.7153094877898765,4.163983901104628,-0.10135716126767748,-1.0720384129610716,0.5640658564583539,0.9614786723353301,0.7784086649719572,-0.23580754867288606,-0.34211350247423683,-0.0786106790159912,0.05458444289873382,0.14350182139544104,0.03168151903185187,1.1990811544718537e-05,-0.08861018034391711,-0.013263139322177124,0.03127809175194648,0.01967265308393995,0.008822719618967865,-0.009960727531747522,0.031278091751946555,-0.013263139322177172,-0.08861018034391717,1.1990811544722844e-05,0.031681519031851874,0.14350182139544101,0.05458444289873382,-0.0786106790159914,-0.3421135024742368,-0.23580754867288609,0.7784086649719572,0.9614786723353304,0.5640658564583544,-1.0720384129610714,-0.10135716126767737,4.163983901104628,2.715309487789875,-1.1579528361135778,0.0,12.72763662192742
357,12.958479374009432,-1.1609717576599377,2.7525005616718734,4.232728510542679,-0.10381264951644133,-1.1438684648893687,0.4885723860644544,0.9549743712493111,0.809471009277066,-0.20027492583725612,-0.33169396716341465,-0.09979852276489262,0.042284070186534524,0.137377158017957,0.04384225362459381,0.007373931777351408,-0.08981233596425212,-0.01609586505009007,0.023660529572322956,0.02206558364668124,0.007823715792326883,-0.008093893217805669,0.023660529572323053,-0.016095865050090093,-0.08981233596425219,0.007373931777351417,0.0438422536245938,0.1373771580179569,0.04228407018653453,-0.09979852276489279,-0.33169396716341465,-0.20027492583725612,0.8094710092770662,0.9549743712493111,0.48857238606445436,-1.1438684648893678,-0.10381264951644122,4.232728510542681,2.752500561671873,-1.1609717576599377,0.0,12.714707992498187
358,12.935985153281504,-1.1639233394724702,2.7890530327068617,4.29926361049894,-0.10617180178735294,-1.2140400168984842,0.41205889802490475,0.9457565267590915,0.8375293616657119,-0.16380172807838156,-0.3193514309786836,-0.12028635158173796,0.029630767284162203,0.1299069494840347,0.055505034134202394,0.014639742265465074,-0.08968253418726334,-0.018659153768558298,0.015599010235713988,0.02399728530559029,0.006643542479706991,-0.006020462882962639,0.015599010235714066,-0.01865915376855832,-0.08968253418726338,0.01463974226546507,0.055505034134202345,0.1299069494840346,0.029630767284162213,-0.12028635158173814,-0.31935143097868357,-0.16380172807838161,0.837529361665712,0.9457565267590917,0.41205889802490536,-1.214040016898484,-0.10617180178735283,4.29926361049894,2.789053032706861,-1.1639233394724697,0.0,12.690673517514648
359,12.901830374633118,-1.1668074103508577,2.82495842041989,4.363554469255117,-0.10843242883621158,-1.2824513269464728,0.3346851334756278,0.9338513312127286,0.862479596032329,-0.12655924880725292,-0.30515744996332206,-0.13993045806786178,0.016730146839120972,0.1211643630003293,0.06653739635787502,0.02171470132454809,-0.08822270003177128,-0.02091009726205576,0.00724479701772475,0.025427380400463957,0.005309528305778205,-0.0037933606819196613,0.007244797017724858,-0.020910097262055755,-0.08822270003177135,0.021714701324548107,0.06653739635787499,0.12116436300032926,0.016730146839121007,-0.13993045806786195,-0.3051574499633219,-0.126559248807253,0.8624795960323289,0.9338513312127288,0.3346851334756284,-1.2824513269464726,-0.1084324288362115,4.363554469255117,2.8249584204198883,-1.1668074103508577,0.0,12.655842017363291
360,12.856426742972886,-1.169623803010613,2.860208394464675,4.425567526600193,-0.11059243284817168,-1.3490032051739507,0.2566126295959688,0.9192926130205161,0.8842291206701212,-0.0887223943030034,-0.28919431394047673,-0.15859305293053497,0.0036898857710388304,0.11123502812176554,0.07681403629406736,0.028506576043509934,-0.08545448349586812,-0.022811015823314178,-0.001245354809630539,0.026325976171448433,0.003852564303470976,-0.0014694332323048885,-0.0012453548096304312,-0.022811015823314164,-0.08545448349586816,0.028506576043509927,0.07681403629406734,0.11123502812176551,0.003689885771038882,-0.15859305293053508,-0.2891943139404766,-0.08872239430300341,0.8842291206701212,0.9192926130205161,0.25661262959596876,-1.3490032051739502,-0.11059243284817154,4.425567526600193,2.860208394464674,-1.169623803010613,0.0,12.610540615735198
361,12.800185963209358,-1.1723723540927817,2.894794776556319,4.485270411349038,-0.11264980938447144,-1.4135991577199103,0.1780043823592338,0.9021217405321325,0.9026972218840328,-0.05046886227977459,-0.2715545694366486,-0.17614323147585176,-0.009381173469526327,0.10021619805000569,0.08621823332752687,0.03492682394855523,-0.08141893847769374,-0.024330088993430008,-0.009712139274094304,0.02667428959657268,0.0023063885873071364,0.000892001391003044,-0.009712139274094207,-0.024330088993429977,-0.0814189384776938,0.03492682394855522,0.08621823332752687,0.10021619805000566,-0.009381173469526266,-0.17614323147585187,-0.27155456943664846,-0.05046886227977459,0.902697221884033,0.9021217405321327,0.1780043823592344,-1.4135991577199096,-0.11264980938447129,4.485270411349038,2.8947947765563184,-1.1723723540927815,0.0,12.555111606380208
362,12.733519740251065,-1.1750529041734186,2.9287095423687304,4.542631958240377,-0.11460264924251021,-1.4761455266285946,0.09902450623763316,0.8823875044891814,0.9178153635237598,-0.011978307343834255,-0.2523404831417822,-0.19245789181110268,-0.02237393137055534,0.08821579708372185,0.09464317592544556,0.04089174728973797,-0.07617591392763436,-0.025441888220982745,-0.017996688859698146,0.026465040006454343,0.0007068050984274368,0.0032306677453135405,-0.017996688859698053,-0.025441888220982693,-0.07617591392763443,0.04089174728973796,0.09464317592544558,0.08821579708372186,-0.022373931370555333,-0.19245789181110273,-0.25234048314178215,-0.01197830734383429,0.9178153635237595,0.8823875044891814,0.09902450623763343,-1.4761455266285939,-0.1146026492425101,4.542631958240377,2.928709542368729,-1.1750529041734186,0.0,12.489909333727143
363,12.656839779006607,-1.1776652977728337,2.9619448233963386,4.597622224205235,-0.11644914022754886,-1.5365516256445775,0.019837891572071907,0.8601459793871289,0.9295274413252118,0.026568502739691087,-0.23166344901655878,-0.2074225983161031,-0.03517994197363755,0.07535136355045322,0.10199317478766287,0.04632358416913126,-0.06980316626142982,-0.02612780252370814,-0.025943555436268667,0.02570260126949513,-0.0009091454875923383,0.005486871546304544,-0.025943555436268577,-0.026127802523708082,-0.06980316626142988,0.04632358416913126,0.10199317478766286,0.07535136355045319,-0.03517994197363752,-0.20742259831610318,-0.2316634490165587,0.026568502739691,0.9295274413252117,0.860145979387129,0.019837891572071907,-1.536551625644577,-0.11644914022754871,4.597622224205237,2.9619448233963372,-1.1776652977728332,0.0,12.41529714324873
364,12.570557784384516,-1.1802093833646106,2.994492908779649,4.650212503997399,-0.11818756883438865,-1.5947298716991665,-0.05939013967787532,0.8354603641405817,0.9377899911165563,0.06499053600794287,-0.20964334248419655,-0.22093238432684742,-0.047692318034059614,0.061748898573536,0.10818474967213178,0.051151522286088345,-0.06239520619750367,-0.026376350027355503,-0.033403627028881853,0.024402910366493658,-0.00250404349130478,0.007603023360179052,-0.03340362702888176,-0.026376350027355434,-0.062395206197503696,0.05115152228608834,0.10818474967213176,0.06174889857353599,-0.04769231803405958,-0.2209323843268475,-0.20964334248419647,0.06499053600794287,0.9377899911165565,0.8354603641405814,-0.05939013967787518,-1.5947298716991662,-0.11818756883438848,4.650212503997399,2.9944929087796477,-1.1802093833646103,0.0,12.331644456033368
365,12.475085461293354,-1.182685013384396,3.0263462470942315,4.700375345177723,-0.11981632183746847,-1.6505959118974778,-0.1384941790851045,0.8084008025046475,0.9425723501161768,0.10310734650224156,-0.1864078254508418,-0.23289248840123797,-0.05980662317086201,0.04754163194989844,0.11314757755163872,0.05531262208387492,-0.054061897120437595,-0.02618337016671882,-0.04023692569811579,0.022593134265707377,-0.00404095673633856,0.009525108569668891,-0.04023692569811571,-0.02618337016671873,-0.054061897120437644,0.05531262208387491,0.11314757755163872,0.047541631949898494,-0.059806623170861974,-0.23289248840123808,-0.18640782545084159,0.10310734650224139,0.9425723501161768,0.8084008025046474,-0.13849417908510475,-1.6505959118974776,-0.1198163218374683,4.700375345177722,3.0263462470942306,-1.1826850133843956,0.0,12.239324019634582
366,12.370834514641679,-1.1850920442384587,3.057497448102708,4.748084562444467,-0.12133388778790456,-1.7040687458220702,-0.21730907708664682,0.7790441837626495,0.9438567707239595,0.14073992171787575,-0.16209160618370516,-0.2432190190025159,-0.07142174356040176,0.03286871722637087,0.116825291332748,0.05875263726304485,-0.0449268257574915,-0.025552093331489566,-0.04631523403274337,0.0203111020615538,-0.005484295767505384,0.011204066093113122,-0.04631523403274331,-0.025552093331489476,-0.04492682575749155,0.05875263726304485,0.11682529133274801,0.03286871722637085,-0.07142174356040176,-0.24321901900251594,-0.16209160618370516,0.14073992171787575,0.9438567707239595,0.7790441837626495,-0.21730907708664668,-1.7040687458220705,-0.12133388778790442,4.748084562444467,3.0574974481027075,-1.1850920442384585,0.0,12.138709383927957
367,12.258216649338081,-1.1874303363120189,3.0879392844693485,4.793315251302187,-0.12273885841608363,-1.755070842975807,-0.29567028777488447,0.7474739242465391,0.9416384863836235,0.17771152332179174,-0.13683565833781228,-0.2518395429381153,-0.08244073189770385,0.017873868755629685,0.11917612006523476,0.06142672196491247,-0.035125469331769806,-0.02449308679109293,-0.05152450097235726,0.017604514246749782,-0.006800637976250601,0.012597040664909461,-0.051524500972357216,-0.024493086791092845,-0.035125469331769854,0.06142672196491248,0.11917612006523473,0.017873868755629668,-0.08244073189770382,-0.25183954293811533,-0.13683565833781217,0.17771152332179183,0.9416384863836238,0.7474739242465394,-0.2956702877748841,-1.7550708429758064,-0.12273885841608348,4.793315251302186,3.087939284469348,-1.1874303363120184,0.0,12.03017264645865
368,12.137643570291086,-1.1896997539773437,3.1176646934368777,4.836043801062019,-0.12402992993850775,-1.8035282551936636,-0.37341421242848893,0.7137797303108092,0.9359257292716776,0.21384851718982015,-0.11078640365907039,-0.25869359342646564,-0.09277161658135319,0.002703954081176434,0.12017336337059849,0.06330001540590342,-0.024803186373978582,-0.023024077803699815,-0.05576698181798867,0.014529945646187176,-0.007959501549627403,0.013668476712973441,-0.05576698181798863,-0.023024077803699708,-0.024803186373978606,0.06330001540590344,0.12017336337059846,0.0027039540811764685,-0.09277161658135318,-0.2586935934264657,-0.11078640365907018,0.2138485171898202,0.9359257292716775,0.7137797303108094,-0.373414212428489,-1.8035282551936633,-0.12402992993850755,4.8360438010620195,3.1176646934368772,-1.1896997539773435,0.0,11.914082506666178
369,12.009526982409259,-1.1919001656016188,3.1466667784650864,4.876247907166609,-0.12520590426767814,-1.8493707238604988,-0.4503785410658683,0.6780573434334165,0.9267396997473542,0.24898118886523812,-0.08409486310194626,-0.2637330942280198,-0.10232816936794825,-0.01249244456171559,0.11980569470116595,0.06434809634118135,-0.014113060989940128,-0.021169656870484208,-0.05896307227637631,0.011151662853856933,-0.008934051320883658,0.014391025912064837,-0.05896307227637629,-0.021169656870484103,-0.014113060989940186,0.06434809634118134,0.11980569470116598,-0.012492444561715542,-0.10232816936794824,-0.26373309422801977,-0.08409486310194621,0.24898118886523807,0.926739699747354,0.6780573434334164,-0.4503785410658682,-1.8493707238604982,-0.12520590426767797,4.87624790716661,3.1466667784650864,-1.1919001656016188,0.0,11.790802662500957
370,11.874278590601186,-1.1940314435545787,3.1749388108308927,4.913906582833216,-0.1262656901238958,-1.892531781779329,-0.526402591308044,0.6404082681680028,0.9141144876768978,0.2829445406089307,-0.0569157812831609,-0.2669226968655312,-0.11103062508877432,-0.0275664855396609,0.11807728998540905,0.06455730143292167,-0.0032136325543485507,-0.018960866102506465,-0.06105280212457835,0.007540280891509276,-0.009701720176667357,0.014746245247750363,-0.06105280212457835,-0.018960866102506347,-0.0032136325543485936,0.06455730143292164,0.11807728998540909,-0.0275664855396609,-0.11103062508877429,-0.26692269686553116,-0.056915781283160806,0.2829445406089307,0.9141144876768978,0.6404082681680029,-0.5264025913080435,-1.8925317817793281,-0.12626569012389563,4.913906582833216,3.1749388108308922,-1.1940314435545787,0.0,11.660690576386319
371,11.732310099775383,-1.196093464215912,3.202474231189452,4.949000170008944,-0.12720830404794592,-1.93294884954241,-0.6013276438435022,0.6009394837204368,0.8980969459241778,0.31557906629787297,-0.029406729347394786,-0.26824002856822393,-0.11880634742147705,-0.04237052565550467,0.11500778019834311,0.06392490337281555,0.007733455499569271,-0.016434679590762058,-0.061996960468373684,0.0037712871684275583,-0.010244731631265568,0.014725067772971905,-0.06199696046837369,-0.016434679590761937,0.007733455499569241,0.06392490337281553,0.11500778019834315,-0.042370525655504615,-0.11880634742147705,-0.2682400285682239,-0.029406729347394613,0.3155790662978729,0.8980969459241777,0.6009394837204365,-0.6013276438435019,-1.932948849542409,-0.1272083040479458,4.949000170008944,3.2024742311894507,-1.1960934642159116,0.0,11.524096630330343
372,11.584033214840439,-1.198086107982431,3.2292666510959913,4.981510349632359,-0.12803287131372787,-1.9705633262653952,-0.674997273794646,0.5597631399692218,0.8787465164771037,0.34673150053268126,-0.0017271914461543653,-0.26767584920070525,-0.1255904351597746,-0.056759566244541655,0.1106320283957037,0.06245914643670469,0.018565852924978945,-0.013633384477750367,-0.06177783148053311,-7.653640454992424e-05,-0.01055051146691252,0.014328034041194182,-0.06177783148053311,-0.013633384477750254,0.018565852924978914,0.06245914643670469,0.1106320283957037,-0.05675956624454164,-0.12559043515977458,-0.26767584920070514,-0.0017271914461542276,0.3467315005326812,0.8787465164771038,0.5597631399692216,-0.6749972737946464,-1.9705633262653943,-0.1280328713137277,4.981510349632359,3.2292666510959904,-1.1980861079824308,0.0,11.381363682367901
373,11.429859640704922,-1.2000092592750107,3.2553098544879706,5.011420151196152,-0.12873862673998268,-2.005320674553016,-0.7472576772940407,0.5169962387935274,0.8561350098551047,0.37625553843611326,0.02596235987404801,-0.2652341160758758,-0.1313262639208895,-0.07059267336877445,0.10499973374431644,0.060179139007837675,0.029122910388727944,-0.010603873091126568,-0.060399526813847686,-0.003922760164781044,-0.010611978908038468,0.013565278308817864,-0.060399526813847706,-0.010603873091126457,0.029122910388727923,0.06017913900783766,0.10499973374431644,-0.07059267336877442,-0.1313262639208895,-0.26523411607587577,0.025962359874048147,0.37625553843611326,0.8561350098551046,0.5169962387935272,-0.7472576772940401,-2.005320674553015,-0.12873862673998251,5.011420151196152,3.2553098544879697,-1.2000092592750102,0.0,11.232827028538466
374,11.27020108227737,-1.20186280654529,3.280597799127264,5.038713961605838,-0.1293249154003653,-2.0371704995730906,-0.8179579925886405,0.4727603016143438,0.8303463386162998,0.404012522762042,0.05350139401374963,-0.2609319561972237,-0.1359659587692603,-0.0837343581990698,0.09817486704602665,0.05711460446987168,0.03924806197331907,-0.00739685798877743,-0.05788790845164332,-0.007686987889930142,-0.01042771058689735,0.012456269859040536,-0.05788790845164338,-0.00739685798877732,0.03924806197331907,0.05711460446987166,0.09817486704602667,-0.0837343581990698,-0.13596595876926032,-0.2609319561972236,0.05350139401374983,0.40401252276204186,0.8303463386162995,0.47276030161434374,-0.8179579925886405,-2.0371704995730897,-0.12932491540036514,5.038713961605838,3.280597799127263,-1.20186280654529,0.0,11.078814766412993
375,11.10546924446636,-1.2036466422821441,3.3051246180020133,5.063377533329893,-0.12979119323120278,-2.066066622124213,-0.8869506150016145,0.42718102409343456,0.8014762059533294,0.4298720950879505,0.08073025299915586,-0.2547995461251999,-0.1394707938117088,-0.09605590406501499,0.09023494416642722,0.05330549371711069,0.04879114711999022,-0.004066023055087681,-0.054290103443384766,-0.011290537291087676,-0.010001973503711245,0.011029316049854734,-0.05429010344338482,-0.004066023055087578,0.048791147119990226,0.05330549371711069,0.09023494416642726,-0.09605590406501494,-0.13947079381170882,-0.2547995461251997,0.08073025299915593,0.42987209508795043,0.8014762059533294,0.42718102409343445,-0.8869506150016144,-2.0660666221242128,-0.12979119323120264,5.063377533329893,3.3051246180020124,-1.2036466422821441,0.0,10.919648547914523
376,10.936075832180428,-1.2053606630179197,3.328884620687815,5.085397991837045,-0.13013702753637385,-2.0919671455911817,-0.9540915050942058,0.38038791897125473,0.7696317505334868,0.4537128080326755,0.10749107710169732,-0.24687990031032905,-0.1418115154287845,-0.10743662717463931,0.08127014562067862,0.04880146433350107,0.05761063757743905,-0.0006671248586353001,-0.0496736196306853,-0.01465808468016027,-0.009344626218091763,0.009320839770845787,-0.04967361963068537,-0.0006671248586352059,0.05761063757743907,0.048801464333501084,0.08127014562067864,-0.10743662717463927,-0.1418115154287845,-0.24687990031032891,0.10749107710169739,0.4537128080326755,0.7696317505334869,0.3803879189712547,-0.9540915050942057,-2.0919671455911812,-0.13013702753637368,5.085397991837043,3.3288846206878135,-1.2053606630179197,0.0,10.755644700978266
377,10.762432550328157,-1.2070047693344355,3.351872294667952,5.104763842316851,-0.1303620973888419,-2.114834516691084,-1.0192404893842606,0.3325139480587066,0.7349311489011687,0.4754226956241696,0.13362872003223356,-0.23722856937774495,-0.14296858644438745,-0.11776505865584022,0.07138229231603957,0.04366123323008335,0.06557573632953959,0.002742940685845757,-0.044125078955902154,-0.017719239433644122,-0.008470890559794287,0.007374449751650844,-0.04412507895590224,0.0027429406858458442,0.06557573632953961,0.04366123323008335,0.0713822923160396,-0.11776505865584018,-0.14296858644438748,-0.23722856937774478,0.1336287200322336,0.4754226956241695,0.7349311489011687,0.33251394805870654,-1.0192404893842604,-2.114834516691083,-0.13036209738884177,5.104763842316851,3.3518722946679507,-1.2070047693344355,0.0,10.5871156916184
378,10.584951103818092,-1.2085788658687502,3.374082306612341,5.121464975680072,-0.13046619392846887,-2.1346355799219663,-1.082261552993599,0.28369514442841853,0.6975031769181479,0.4948997991385955,0.15899164840404909,-0.22591325047946784,-0.14293234919567255,-0.12694003634196907,0.06068368908447948,0.03795181118026092,0.07256831737400754,0.006107090727607409,-0.03774859212103232,-0.02041001534233589,-0.007400999145173627,0.00523982745238639,-0.0377485921210324,0.00610709072760748,0.07256831737400755,0.03795181118026092,0.06068368908447951,-0.12694003634196901,-0.14293234919567258,-0.2259132504794677,0.1589916484040492,0.49489979913859533,0.697503176918148,0.2836951444284186,-1.082261552993599,-2.1346355799219663,-0.1304661939284687,5.121464975680073,3.3740823066123404,-1.2085788658687497,0.0,10.414371890358984
379,10.404043197558824,-1.2100828613186931,3.3955095036149108,5.135492673835663,-0.1304492205558327,-2.151341625635145,-1.1430231236132609,0.23407022587908796,0.6574867318691918,0.5120526459411909,0.18343282024999275,-0.2130133124475238,-0.14170310614214815,-0.13487169560804657,0.04929584914036444,0.03174762923188889,0.07848467758422259,0.009369011019247933,-0.030663805094189523,-0.02267416809189085,-0.006159726861608768,0.0029714589480830155,-0.030663805094189617,0.009369011019247996,0.07848467758422262,0.031747629231888896,0.04929584914036448,-0.1348716956080465,-0.14170310614214818,-0.21301331244752364,0.18343282024999283,0.5120526459411908,0.6574867318691919,0.23407022587908796,-1.1430231236132609,-2.151341625635145,-0.13044922055583255,5.135492673835661,3.39550950361491,-1.210082861318693,0.0,10.237723599896427
380,10.220120536458875,-1.2115166684481598,3.416148914389115,5.146839614241672,-0.13031119302186991,-2.1649284316614503,-1.2013983461937645,0.18378020077121915,0.6150303170065172,0.5268006790800693,0.20681053750054276,-0.19861923907861423,-0.1392911173411535,-0.14148234955282968,0.037348113950645453,0.025129568384737764,0.08323707467330817,0.012474098590023502,-0.023003654118270222,-0.0244643709173565,-0.0047758171690543555,0.0006272441756827645,-0.02300365411827032,0.01247409859002355,0.08323707467330821,0.025129568384737754,0.03734811395064548,-0.14148234955282962,-0.13929111734115351,-0.19861923907861406,0.2068105375005428,0.5268006790800691,0.6150303170065173,0.18378020077121912,-1.2013983461937647,-2.16492843166145,-0.13031119302186975,5.146839614241671,3.416148914389113,-1.2115166684481595,0.0,10.057483294432743
381,10.033594825426825,-1.2128802040921727,3.435995750421313,5.155499873727654,-0.13005223941325894,-2.1753762984310545,-1.2572653477869051,0.13296796735426958,0.5702914904459647,0.5390746356154011,0.22898926748054285,-0.18283199445529452,-0.135716514810786,-0.14670724990575712,0.02497618419286663,0.018183905182969768,0.08675502845176848,0.015370375773214734,-0.014911871345970032,-0.025743203857400834,-0.003281316503538552,-0.001732980957534258,-0.014911871345970122,0.015370375773214762,0.08675502845176854,0.018183905182969782,0.024976184192866655,-0.14670724990575706,-0.13571651481078606,-0.1828319944552943,0.2289892674805429,0.539074635615401,0.5702914904459646,0.13296796735426947,-1.2572653477869051,-2.175376298431055,-0.13005223941325883,5.155499873727654,3.435995750421313,-1.2128802040921727,0.0,9.873968015491059
382,9.844877769371216,-1.2141733891617041,3.4550454070817493,5.161468931586599,-0.1296726000335584,-2.182670077535968,-1.3105074919861652,0.08177790772370962,0.5234362804600724,0.5488168719071858,0.24984042866197054,-0.16576231475547779,-0.1310091344950613,-0.15049522120604494,0.012320578486163641,0.011001186968442857,0.08898636608044548,0.018009360287171428,-0.006540287904464448,-0.026483935930212286,-0.0017108321954595563,-0.00404897188102184,-0.006540287904464543,0.01800936028717145,0.08898636608044552,0.011001186968442865,0.01232057848616365,-0.15049522120604492,-0.13100913449506132,-0.16576231475547756,0.2498404286619706,0.5488168719071858,0.5234362804600723,0.08177790772370964,-1.310507491986165,-2.182670077535968,-0.12967260003355824,5.161468931586597,3.455045407081749,-1.214173389161704,0.0,9.687501864323437
383,9.654381073200625,-1.2153961486482643,3.473293464692859,5.164743671934768,-0.12917262718021025,-2.1867991936937816,-1.3610136224345242,0.030355477561757778,0.4746385693379262,0.5559816343339249,0.2692431361173225,-0.14752993151771013,-0.1252082672338327,-0.15280916204244427,-0.0004749625992332343,0.003675051457635163,0.08989799581722456,0.020346876805298914,0.0019540150059802084,-0.026671083881531783,-0.00010073108665889222,-0.006261613099139006,0.001954015005980114,0.020346876805298918,0.08989799581722459,0.0036750514576351593,-0.0004749625992332085,-0.1528091620424442,-0.12520826723383272,-0.14752993151770985,0.2692431361173225,0.5559816343339248,0.47463856933792614,0.03035547756175771,-1.3610136224345242,-2.1867991936937816,-0.12917262718021005,5.164743671934766,3.4732934646928575,-1.2153961486482643,0.0,9.498418527362059
384,9.462516441823613,-1.2165484116282512,3.4907356895546715,5.165322385338204,-0.12855278481761528,-2.187757660080813,-1.4086782948912926,-0.021153207172462083,0.4240794480983182,0.5605352741707895,0.2870849023518395,-0.12826273181045522,-0.11836233081603678,-0.15362640844425118,-0.013265109126958684,-0.003698993969189655,0.08947639778247572,0.022343796429696278,0.010411653523765768,-0.026300735825509236,0.0015117025965445878,-0.008314427109768553,0.01041165352376567,0.02234379642969627,0.08947639778247578,-0.0036989939691896463,-0.01326510912695865,-0.15362640844425113,-0.11836233081603685,-0.12826273181045506,0.28708490235183953,0.5605352741707895,0.4240794480983184,-0.02115320717246222,-1.4086782948912926,-2.187757660080813,-0.12855278481761512,5.165322385338204,3.4907356895546715,-1.2165484116282517,0.0,9.307063768646138
385,9.269695580148731,-1.2176301112670664,3.5073680349270684,5.1632047697050645,-0.12781364814658377,-2.185544087012432,-1.4534019973734609,-0.0726017854289288,0.37194654445090924,0.5624564056181242,0.3032622894514878,-0.1080958611961957,-0.11052846585352073,-0.15293895586432388,-0.025904592431266363,-0.011024817352743894,0.08772782446495851,0.023966691690014794,0.01867393174398064,-0.02538063301343674,0.0030891306136887806,-0.010155015988347654,0.018673931743980535,0.023966691690014773,0.08772782446495857,-0.011024817352743889,-0.02590459243126633,-0.15293895586432382,-0.11052846585352075,-0.10809586119619553,0.3032622894514878,0.5624564056181242,0.3719465444509093,-0.07260178542892894,-1.4534019973734607,-2.1855440870124316,-0.1278136481465836,5.163204769705064,3.507368034927068,-1.2176301112670667,0.0,9.113797821862079
386,9.07633019308454,-1.2186411848229883,3.523186641968653,5.158391930443316,-0.12695590307056098,-2.1801616839579676,-1.4950913579119804,-0.12384406694915297,0.3184333264993666,0.5617360062381168,0.31768150876585494,-0.087170775782414,-0.10177205884854919,-0.15075353757988647,-0.03824985505788017,-0.01820691538181996,0.0846782079945972,0.02518839610317191,0.026585819427861247,-0.02393000802117634,0.004595025331278228,-0.011736398840985481,0.026585819427861167,0.02518839610317187,0.08467820799459727,-0.018206915381819958,-0.03824985505788016,-0.15075353757988647,-0.10177205884854922,-0.08717077578241376,0.31768150876585494,0.5617360062381167,0.3184333264993668,-0.12384406694915324,-1.4950913579119804,-2.1801616839579667,-0.12695590307056084,5.158391930443318,3.5231866419686515,-1.2186411848229883,0.0,8.91899761462459
387,8.88283198553961,-1.2195815736508144,3.5381878406320397,5.15088637988371,-0.12598034555912327,-2.171618254887286,-1.5336593394892086,-0.17473444766330679,0.26373838477047606,0.5583774593279461,0.3302589646492927,-0.0656342500086346,-0.09216619643577825,-0.14709155874322083,-0.05016068126914857,-0.025151658425005538,0.08037277555731327,0.02598845892716139,0.033998860931091335,-0.021979182737591946,0.005994515573114073,-0.013018210988276864,0.033998860931091245,0.025988458927161333,0.08037277555731334,-0.025151658425005538,-0.050160681269148535,-0.14709155874322077,-0.09216619643577831,-0.06563425000863436,0.3302589646492927,0.558377459327946,0.26373838477047623,-0.17473444766330706,-1.533659339489209,-2.171618254887285,-0.1259803455591231,5.150886379883709,3.5381878406320384,-1.2195815736508144,0.0,8.723058758942251
388,8.68961266242249,-1.2204512232052616,3.552368150515332,5.1406920359683195,-0.12488788090933456,-2.1599261869557793,-1.5690254217505613,-0.22512832342170655,0.20806469523365753,0.5523965380304011,0.34092173910795825,-0.04363734712918823,-0.08179105535394574,-0.14198888672818835,-0.06150178959445698,-0.03176851113611699,0.07487537865548613,0.02635348749660038,0.04077396076891723,-0.01956893455708758,0.007255194112952923,-0.013967734270734538,0.040773960768917164,0.02635348749660031,0.07487537865548617,-0.03176851113611699,-0.06150178959445693,-0.1419888867281883,-0.08179105535394576,-0.043637347129187994,0.34092173910795825,0.5523965380304011,0.20806469523365745,-0.22512832342170683,-1.569025421750561,-2.1599261869557784,-0.12488788090933439,5.1406920359683195,3.5523681505153304,-1.2204512232052611,0.0,8.526397244469399
389,8.497083928641747,-1.2212500830441293,3.565724281669605,5.127814220205359,-0.1236795229056498,-2.145102432544176,-1.6011157691109894,-0.2748825008850406,0.15161886604585698,0.5438213312565967,0.3496080145430038,-0.021334359613021256,-0.07073323323896814,-0.13549549982604053,-0.07214436933793646,-0.03797121272089297,0.06826754616141148,0.02627737140948155,0.04678399355079774,-0.01674964402449987,0.008347868110831035,-0.014560732177370523,0.04678399355079768,0.02627737140948147,0.06826754616141152,-0.037971212720892975,-0.07214436933793646,-0.13549549982604048,-0.0707332332389682,-0.021334359613020996,0.3496080145430038,0.5438213312565965,0.15161886604585692,-0.2748825008850408,-1.6011157691109894,-2.1451024325441757,-0.12367952290564965,5.127814220205359,3.565724281669604,-1.2212500830441295,0.0,8.329450775139492
390,8.305657489105922,-1.2219781068312277,3.5782531353622007,5.112259654891326,-0.12235639287914406,-2.127168484679208,-1.629863384905318,-0.3238556044058029,0.09461037081719138,0.5326921117686837,0.35626743213905654,0.0011182731071148807,-0.059085025824078444,-0.1276749977313781,-0.08196754359203301,-0.04367890147836638,0.0606472752074016,0.02576138481235251,0.05191618931276913,-0.013580241748814788,0.009247235115612304,-0.014782068480832057,0.05191618931276909,0.025761384812352413,0.06064727520740164,-0.04367890147836638,-0.08196754359203304,-0.12767499773137808,-0.059085025824078506,0.00111827310711507,0.35626743213905665,0.5326921117686836,0.09461037081719138,-0.3238556044058031,-1.6298633849053177,-2.127168484679208,-0.1223563928791439,5.112259654891324,3.5782531353622002,-1.2219781068312277,0.0,8.132679695069044
391,8.1157450487236,-1.222635252339062,3.5899518047956627,5.0940364596019165,-0.12091971866694044,-2.106150345870777,-1.6552082512606239,-0.3719084777447864,0.037250771242735424,0.5190611470420932,0.36086138382022537,0.023563061944882665,-0.04694365657995898,-0.1186039786128211,-0.09085974214023726,-0.048817168956798614,0.05212757784417123,0.024814165071717697,0.05607424949005867,-0.010126976597989997,0.009932468979940713,-0.014626093588476193,0.05607424949005863,0.024814165071717596,0.05212757784417129,-0.048817168956798634,-0.09085974214023723,-0.11860397861282107,-0.04694365657995902,0.023563061944882863,0.3608613838202253,0.5190611470420929,0.03725077124273549,-0.3719084777447866,-1.6552082512606239,-2.1061503458707764,-0.12091971866694026,5.094036459601916,3.5899518047956613,-1.2226352523390618,0.0,7.9365674561563875
392,7.927758312403327,-1.2232214814512845,3.600817575782129,5.073154146953563,-0.11937083347280295,-2.082078490410801,-1.677097454398629,-0.4189045794811664,-0.020247068014689514,0.5029924537955823,0.36336323608101373,0.04584257283314378,-0.03441046522479167,-0.10837128886969105,-0.09871996865574016,-0.053319029981640946,0.042834805021220605,0.023451568188693518,0.05918015382664285,-0.006462030922860185,0.010387702119886709,-0.01409678874780077,0.05918015382664285,0.023451568188693407,0.04283480502122064,-0.05331902998164096,-0.09871996865574016,-0.108371288869691,-0.03441046522479171,0.04584257283314399,0.36336323608101373,0.5029924537955822,-0.020247068014689305,-0.4189045794811666,-1.6770974543986292,-2.082078490410801,-0.11937083347280279,5.07315414695356,3.600817575782128,-1.2232214814512845,0.0,7.741620587490727
393,7.742108985053669,-1.2237367601649038,3.610847927373056,5.049623617637787,-0.11771117462995118,-2.0549878201884053,-1.695485295106511,-0.4647103709926201,-0.0776697692771138,0.48456149734191467,0.36375848439447767,0.06780053101082349,-0.02159006187744497,-0.09707715292298967,-0.1054589478033534,-0.05712579590972544,0.03290677274534087,0.021696403377205305,0.06117562431758848,-0.0026620117555987057,0.010602392951865994,-0.013207664425398889,0.061175624317588474,0.02169640337720519,0.03290677274534091,-0.05712579590972544,-0.1054589478033534,-0.09707715292298963,-0.021590061877445027,0.06780053101082367,0.36375848439447767,0.48456149734191456,-0.07766976927711373,-0.4647103709926202,-1.695485295106511,-2.0549878201884058,-0.11771117462995098,5.049623617637787,3.6108479273730545,-1.2237367601649034,0.0,7.548368135421218
394,7.559208771583187,-1.2241810585922581,3.6200405324440914,5.023457154730983,-0.11594228226724482,-2.0249176140855183,-1.7103333841454944,-0.5091956959030479,-0.13480423370784447,0.46385483717114734,0.36204483730244336,0.08928291717807664,-0.008589453913781995,-0.08483219156396415,-0.11100013921607306,-0.06018783972548132,0.022490718207155716,0.01957805124875907,0.06202321871532025,0.0011936504793324677,0.010571569998295989,-0.011981415453306466,0.062023218715320266,0.01957805124875896,0.022490718207155758,-0.06018783972548133,-0.11100013921607305,-0.08483219156396411,-0.008589453913782047,0.0892829171780768,0.3620448373024434,0.4638548371711472,-0.13480423370784456,-0.5091956959030479,-1.7103333841454944,-2.0249176140855183,-0.11594228226724464,5.023457154730982,3.620040532444091,-1.224181058592258,0.0,7.357360552778857
395,7.379469376900435,-1.2245543509627481,3.628393258234994,4.994668417282565,-0.11406579787997631,-1.9919114710262495,-1.721610722398037,-0.5522341499196971,-0.19143843213309455,0.44096972043101684,0.358232229700272,0.11013904783101304,0.004482847186088075,-0.0717563384750776,-0.11528060682968551,-0.06246524300497775,0.011741116187263029,0.017131971995190638,0.061707033081680615,0.0050243622705791755,0.010295947009369416,-0.010449341745106632,0.061707033081680615,0.01713197199519051,0.011741116187263038,-0.062465243004977744,-0.11528060682968547,-0.07175633847507756,0.0044828471860880155,0.11013904783101322,0.35823222970027185,0.4409697204310168,-0.19143843213309428,-0.5522341499196973,-1.7216107223980373,-1.991911471026249,-0.11406579787997613,4.994668417282564,3.6283932582349934,-1.224554350962748,0.0,7.169168026135919
396,7.203302505913978,-1.2248566156243323,3.635904166844442,4.963272433184875,-0.11208346280659733,-1.9560172467626147,-1.7292937655862755,-0.5937034400088074,-0.24736219189403522,0.41601362521360724,0.3523427652391494,0.13022263219821156,0.017517731544785316,-0.057977665535555736,-0.11825173370163643,-0.06392831631362704,0.0008173881256572285,0.014399111802175325,0.060233000203362294,0.008750051636875703,0.009781906435133452,-0.008650549367969263,0.06023300020336231,0.014399111802175202,0.0008173881256572285,-0.06392831631362704,-0.11825173370163643,-0.0579776655355557,0.01751773154478528,0.13022263219821173,0.35234276523914954,0.416013625213607,-0.24736219189403535,-0.5937034400088076,-1.7292937655862755,-1.9560172467626153,-0.1120834628065972,4.963272433184875,3.6359041668444423,-1.2248566156243323,0.0,6.9843782409496065
397,7.031119863532378,-1.2250878350447825,3.6425715156796508,4.9292855913285285,-0.10999711661279295,-1.9172869844882763,-1.7333664734266248,-0.6334857318891807,-0.30236797680921607,0.38910375579322043,0.34441058817983095,0.14939279836537178,0.030406401589244902,-0.04363112841709401,-0.11987977419535197,-0.0645579862533687,-0.010118462170035519,0.011425217429849682,0.05762877827136061,0.01229284184267083,0.00904135163060234,-0.0066309523632022685,0.05762877827136065,0.011425217429849565,-0.010118462170035496,-0.06455798625336873,-0.11987977419535195,-0.043631128417093976,0.03040640158924487,0.14939279836537195,0.3444105881798309,0.38910375579322026,-0.30236797680921634,-0.633485731889181,-1.7333664734266243,-1.9172869844882763,-0.10999711661279281,4.929285591328526,3.6425715156796494,-1.2250878350447822,0.0,6.803593595770735
398,6.863333154664183,-1.2252479958127003,3.6483937578606622,4.8927256330473075,-0.10780869538440291,-1.8757768393808816,-1.7338203431179,-0.6714679848562857,-0.35625165735287256,0.3603664921860204,0.33448168544076273,0.16751508139057644,0.0430412801456091,-0.028857244756029576,-0.12014623725838085,-0.06434604411358215,-0.020904251113997182,0.008260070434134455,0.05394323191322151,0.015578679227327637,0.0080914312163085,-0.004442100793770493,0.05394323191322155,0.00826007043413434,-0.020904251113997175,-0.06434604411358215,-0.12014623725838086,-0.02885724475602954,0.04304128014560909,0.16751508139057664,0.33448168544076257,0.36036649218602035,-0.3562516573528724,-0.6714679848562858,-1.7338203431179007,-1.8757768393808814,-0.10780869538440274,4.892725633047305,3.648393757860662,-1.2252479958127003,0.0,6.627427888192385
399,6.700354084217963,-1.2253370886382962,3.65336954257924,4.853611642857095,-0.10552022993077437,-1.8315469971824268,-1.7306544270930546,-0.7075422729854911,-0.4088132681909442,0.3299367966165525,0.3226136199882157,0.18446236647924616,0.05531690834787854,-0.013800717848665408,-0.11904809644113921,-0.0632952528841832,-0.03138002059784944,0.004956653847524308,0.04924551531579847,0.018538881121973036,0.006954141977123298,-0.002139864932782213,0.04924551531579852,0.004956653847524201,-0.03138002059784943,-0.0632952528841832,-0.11904809644113926,-0.013800717848665399,0.05531690834787853,0.18446236647924624,0.3226136199882155,0.32993679661655245,-0.4088132681909441,-0.7075422729854915,-1.7306544270930548,-1.8315469971824268,-0.10552022993077423,4.853611642857094,3.65336954257924,-1.2253370886382966,0.0,6.456502506643763
400,6.542594357102278,-1.2253551083539285,3.657497715412266,4.811964038493634,-0.10313384390021306,-1.7846615869356852,-1.7238753349974576,-0.7416060918017446,-0.45985775026354586,0.2979575796786166,0.30887519711410416,0.20011578060309138,0.06713082586579623,0.0013909806499920695,-0.11659782427089457,-0.06141931123582515,-0.0413904102414522,0.001570265268705376,0.04362377464245361,0.021111571498451567,0.005655819494801193,0.00021699082106630847,0.04362377464245366,0.0015702652687052765,-0.04139041024145221,-0.06141931123582515,-0.11659782427089457,0.001390980649992121,0.06713082586579622,0.2001157806030915,0.3088751971141041,0.29795757967861647,-0.4598577502635459,-0.7416060918017451,-1.7238753349974578,-1.784661586935685,-0.10313384390021292,4.811964038493634,3.6574977154122648,-1.2253551083539285,0.0,6.291442173270141
401,6.390465678225663,-1.2253020539144,3.660777318589568,4.767804560254346,-0.10065175180928178,-1.735188588003225,-1.7134972198896048,-0.773562649544289,-0.509195674659983,0.26457902916727016,0.2933460655362478,0.21436552630899589,0.07838442610501374,0.016569055142276946,-0.11282325059057444,-0.05874267493677736,-0.050786961457321485,-0.001842408792547598,0.037183494092051454,0.023242974341533194,0.004226528309389497,0.00256830790038602,0.03718349409205153,-0.0018424087925476935,-0.0507869614573215,-0.058742674936777366,-0.11282325059057445,0.016569055142276884,0.07838442610501374,0.214365526308996,0.2933460655362476,0.2645790291672701,-0.5091956746599827,-0.7735626495442893,-1.713497219889605,-1.7351885880032238,-0.10065175180928164,4.767804560254347,3.6607773185895676,-1.2253020539143997,0.0,6.1328702937468424
402,6.244379752496723,-1.2251779283970228,3.6632075912161444,4.721156259649777,-0.09807625698777528,-1.683199731503832,-1.6995417486930486,-0.8033211421988029,-0.5566439455999705,0.22995790473404704,0.27611625563370534,0.22711165186926097,0.08898377924148532,0.03158484347130791,-0.10776724647136726,-0.05530023803458556,-0.05943031915835331,-0.005224241820175235,0.030045516633664462,0.024888537709484567,0.002699365731200676,0.004854069112042248,0.03004551663366454,-0.005224241820175317,-0.05943031915835334,-0.05530023803458556,-0.10776724647136725,0.03158484347130794,0.0889837792414853,0.227111651869261,0.27611625563370523,0.22995790473404684,-0.5566439455999704,-0.803321142198803,-1.6995417486930489,-1.683199731503832,-0.09807625698777513,4.721156259649777,3.6632075912161444,-1.2251779283970226,0.0,5.981403979721645
403,6.104748284823991,-1.2249827390014374,3.6647879694486893,4.672043487370558,-0.09540974944127797,-1.6287703963092477,-1.6820380569612499,-0.8307970115154607,-0.6020264799122516,0.19425680167798573,0.25728565749426846,0.23826475237115988,0.0988404162205133,0.04629127299744297,-0.10148723728919137,-0.051136877958798566,-0.06719229845653643,-0.008518623562130215,0.022343776555169222,0.026013864987172383,0.0011096954245907468,0.007015930571534573,0.022343776555169295,-0.008518623562130283,-0.06719229845653646,-0.051136877958798566,-0.10148723728919136,0.046291272997443,0.09884041622051333,0.23826475237115993,0.2572856574942683,0.19425680167798554,-0.6020264799122514,-0.8307970115154611,-1.6820380569612499,-1.628770396309247,-0.09540974944127784,4.672043487370557,3.66478796944869,-1.2249827390014372,0.0,5.837648818439707
404,5.971982980116032,-1.2247164970491955,3.66551808662641,4.620491880576206,-0.09265470363328869,-1.5719794997520071,-1.6610226880497887,-0.8559121852797573,-0.6451748604890357,0.1576433873300131,0.2369634418001416,0.24774659682816352,0.10787206717668223,0.0605443011061537,-0.09405455049544004,-0.046306870475042894,-0.07395778570258106,-0.011670407658663649,0.014222786371327407,0.026595433866052644,-0.0005056714889771479,0.008998710926298545,0.01422278637132749,-0.011670407658663708,-0.07395778570258109,-0.04630687047504288,-0.09405455049544008,0.060544301106153706,0.1078720671766822,0.24774659682816352,0.23696344180014142,0.1576433873300131,-0.6451748604890354,-0.8559121852797575,-1.6610226880497891,-1.5719794997520065,-0.09265470363328854,4.620491880576205,3.665518086626409,-1.2247164970491957,0.0,5.702193471763966
405,5.846495543281399,-1.224379217983104,3.6653977733560934,4.566528349512381,-0.08981367618896997,-1.5129093832028546,-1.6365395168229246,-0.8785952991533763,-0.6859289612912485,0.12028961361694235,0.2152674269092339,0.2554906769141018,0.11600334811134948,0.07420432603821793,-0.08555360548993003,-0.04087318211741375,-0.07962644567318944,-0.014626834765761251,0.005834925246050168,0.02662108802246748,-0.0021093288458377264,0.010751799855615566,0.005834925246050271,-0.014626834765761291,-0.07962644567318944,-0.04087318211741376,-0.08555360548993003,0.0742043260382179,0.11600334811134949,0.2554906769141018,0.21526742690923378,0.12028961361694239,-0.6859289612912485,-0.8785952991533762,-1.6365395168229253,-1.5129093832028546,-0.08981367618896986,4.56652834951238,3.6653977733560916,-1.2243792179831043,0.0,5.575604193063435
406,5.72869767922867,-1.2239709213663283,3.664427057551412,4.510181063463564,-0.08688930352265309,-1.4516456926836288,-1.608639658053791,-0.8987818994547404,-0.7241375415851644,0.08237090950321417,0.19232339580141797,0.26144267347128575,0.12316639009624113,0.0871375542238067,-0.0760809547973611,-0.034906649323408194,-0.08411420958761212,-0.017338415721088546,-0.0026624201921432553,0.026090291216876102,-0.0036641416340937438,0.012230449895275693,-0.0026624201921431603,-0.01733841572108857,-0.08411420958761215,-0.034906649323408215,-0.0760809547973611,0.08713755422380667,0.12316639009624113,0.26144267347128575,0.19232339580141786,0.08237090950321417,-0.7241375415851645,-0.8987818994547405,-1.608639658053791,-1.4516456926836288,-0.08688930352265296,4.5101810634635635,3.6644270575514106,-1.2239709213663283,0.0,5.458419355124099
407,5.619001092866387,-1.2234916308812576,3.6626061644264443,4.451479436048535,-0.08388429939130042,-1.3882772546887145,-1.5773813597094595,-0.9164146263030509,-0.7596588072051779,0.04406535710301341,0.16826436684977014,0.2655608375203704,0.1293014057514103,0.09921731072806704,-0.06574418743746874,-0.028485054972632,-0.08735452188553464,-0.019759759968673726,-0.011109808992823919,0.02501413850267573,-0.005134105908673722,0.013396918613265238,-0.011109808992823824,-0.019759759968673733,-0.08735452188553466,-0.028485054972631995,-0.06574418743746875,0.099217310728067,0.12930140575141033,0.26556083752037035,0.16826436684976995,0.044065357103013444,-0.7596588072051779,-0.9164146263030511,-1.57738135970946,-1.3882772546887143,-0.0838842993913003,4.451479436048534,3.662606164426443,-1.2234916308812576,0.0,5.351144085190297
408,5.517817489103116,-1.222941374328132,3.659935516443422,4.390454109866279,-0.08080145237619565,-1.3228959473951216,-1.54282988134367,-0.9314433766054108,-0.7923609367598347,0.005552855332083068,0.14322982264450776,0.267816283099448,0.1343571882693679,0.11032527997299615,-0.05466070694423484,-0.021692114368010364,-0.08929932727601593,-0.021850335374898923,-0.019348737572864576,0.023415124310318516,-0.00648518251489694,0.014221431982529797,-0.019348737572864483,-0.02185033537489891,-0.08929932727601594,-0.021692114368010374,-0.054660706944234874,0.1103252799729961,0.13435718826936793,0.267816283099448,0.14322982264450765,0.005552855332083137,-0.7923609367598347,-0.9314433766054109,-1.54282988134367,-1.3228959473951223,-0.08080145237619554,4.39045410986628,3.6599355164434213,-1.222941374328132,0.0,5.2542451043453795
409,5.425558572847422,-1.2223201836234305,3.656415733214721,4.327136940500377,-0.07764362329519815,-1.255596567447912,-1.5050573578511106,-0.9438254464239088,-0.8221225708283425,-0.03298572497292198,0.11736490134052802,0.26819318987831703,0.13829153882020798,0.12035266458331702,-0.04295639791324136,-0.014616383878788325,-0.08991978341909909,-0.023575146716847,-0.027224613817248496,0.02132667225437829,-0.0076860853144673676,0.014682944360794882,-0.027224613817248406,-0.023575146716846972,-0.08991978341909912,-0.014616383878788334,-0.042956397913241406,0.1203526645833169,0.13829153882020798,0.268193189878317,0.11736490134052789,-0.03298572497292191,-0.8221225708283427,-0.9438254464239088,-1.5050573578511108,-1.255596567447912,-0.07764362329519806,4.327136940500375,3.6564157332147196,-1.2223201836234305,0.0,5.168145867599538
410,5.342636049007844,-1.2216280947980174,3.6520476313590975,4.261560979890188,-0.07441374254796368,-1.186476692514124,-1.4641426488676972,-0.9535256523181321,-0.848833262332131,-0.07136939049962979,0.09081955521672376,0.2666889141267307,0.1410716187703271,0.1292012510059992,-0.030764196222332205,-0.007350106472828034,-0.08920668867070457,-0.02490532148543662,-0.034589657786581754,0.018792436491839582,-0.008709005661380482,0.01476967567901579,-0.034589657786581664,-0.024905321485436574,-0.08920668867070462,-0.007350106472828025,-0.03076419622233224,0.12920125100599908,0.14107161877032712,0.2666889141267306,0.09081955521672355,-0.07136939049962965,-0.848833262332131,-0.9535256523181324,-1.4641426488676974,-1.1864766925141237,-0.07441374254796357,4.261560979890187,3.652047631359096,-1.2216280947980174,0.0,5.093222098216449
411,5.26946162249298,-1.2208651479950547,3.646832224312233,4.193760459077557,-0.07111480739659454,-1.1156365398044854,-1.420171174131261,-0.9605164313183139,-0.8723938864100987,-0.10941787548034275,0.06374768132534099,0.2633140072582657,0.1426742237748936,0.1367843714661801,-0.018222579164813495,1.1990811544724997e-05,-0.08717061854715671,-0.025818593197283864,-0.04130567460353906,0.0158653892350637,-0.009530256351452644,0.014479412126761643,-0.041305674603538976,-0.025818593197283798,-0.08717061854715677,1.1990811544716384e-05,-0.018222579164813513,0.13678437146618005,0.14267422377489367,0.26331400725826565,0.06374768132534088,-0.10941787548034268,-0.8723938864100989,-0.9605164313183139,-1.420171174131261,-1.1156365398044856,-0.07111480739659447,4.193760459077557,3.646832224312233,-1.220865147995055,0.0,5.029797804964512
412,5.206446998211344,-1.2200313874676734,3.6407707220916055,4.123770770337993,-0.06774987918424262,-1.0431788207680404,-1.3732347351463812,-0.9647779192450392,-0.8927170082764825,-0.14695248829557486,0.03630622927145318,0.2580921418197373,0.14308597745631346,0.1430277528375766,-0.0054739926440450235,0.007373931777351404,-0.083841768885513,-0.02629967412488325,-0.047246647488859005,0.012606713492817823,-0.01013082013388774,0.013819562659561592,-0.04724664748885894,-0.026299674124883196,-0.08384176888551305,0.007373931777351413,-0.0054739926440449975,0.1430277528375766,0.14308597745631352,0.2580921418197372,0.036306229271453064,-0.1469524882955749,-0.8927170082764831,-0.9647779192450394,-1.3732347351463818,-1.0431788207680408,-0.06774987918424254,4.123770770337991,3.6407707220916046,-1.2200313874676736,0.0,4.978141864149079
413,5.154003881071535,-1.219126861576405,3.6338645310157562,4.051628448705696,-0.0643220804942467,-0.9692085921703653,-1.3234313235256716,-0.9662980071529761,-0.9097272076962106,-0.18379695068472932,0.00865429129521224,0.25105994544529137,0.14230344305212625,0.14787024411309788,0.007336766706876849,0.014639742265465067,-0.07926950802569915,-0.026340511205784897,-0.052301102292149834,0.009084524184000417,-0.010496790083300258,0.012806969885867318,-0.05230110229214979,-0.02634051120578482,-0.07926950802569918,0.01463974226546507,0.007336766706876832,0.14787024411309782,0.14230344305212628,0.2510599454452912,0.008654291295212103,-0.18379695068472934,-0.9097272076962106,-0.9662980071529762,-1.323431323525672,-0.969208592170365,-0.06432208049424662,4.051628448705695,3.6338645310157562,-1.2191268615764053,0.0,4.938465239537131
414,5.112543975982099,-1.2181516227863785,3.626115253378013,3.9773711529020535,-0.06083459225244026,-0.8938331037713023,-1.2708649164076589,-0.9650723757382343,-0.923361358873586,-0.2197782256226333,-0.01904782006785896,0.24226674393986866,0.14033315210044706,0.15126441535042398,0.020064196104690735,0.02171470132454809,-0.07352164465579056,-0.025940420846971717,-0.05637419915035093,0.0053724443561595486,-0.010619691634741944,0.011467480160728124,-0.0563741991503509,-0.02594042084697163,-0.07352164465579063,0.02171470132454809,0.0200641961046907,0.1512644153504239,0.1403331521004471,0.24226674393986852,-0.019047820067859083,-0.21977822562263327,-0.923361358873586,-0.9650723757382347,-1.2708649164076593,-0.8938331037713027,-0.06083459225244019,3.9773711529020535,3.626115253378013,-1.218151622786379,0.0,4.910918902735823
415,5.08247898785158,-1.2171057276642765,3.617524687074744,3.9010376456775644,-0.05729065077531827,-0.8171616428230623,-1.215645259378378,-0.9611045076115958,-0.9335688647156235,-0.25472732997387143,-0.04663950140125613,0.2317742152941231,0.13719154992352625,0.15317702222615784,0.032563739215894644,0.028506576043509934,-0.06668342217862448,-0.025106100367876406,-0.05938951202676832,0.0015480662695928516,-0.010496678824543903,0.0098352838595054,-0.05938951202676829,-0.02510610036787631,-0.06668342217862454,0.028506576043509927,0.032563739215894616,0.15317702222615778,0.13719154992352628,0.231774215294123,-0.046639501401256195,-0.25472732997387143,-0.9335688647156238,-0.961104507611596,-1.2156452593783786,-0.8171616428230625,-0.05729065077531819,3.9010376456775626,3.617524687074744,-1.2171057276642765,0.0,4.895592504382291
416,5.064220621588575,-1.215989236875053,3.6080948251882288,3.8226677735774417,-0.05369354476680309,-0.7393053756141559,-1.1578876373498768,-0.9544056774027343,-0.9403118446006767,-0.2884801281083585,-0.07396078950826973,0.21965595705763327,0.13290485836445645,0.1535893316484599,0.04469342800702889,0.03492682394855522,-0.05885625451373902,-0.023851515890487833,-0.06129046274009185,-0.002308670485569104,-0.010130600192732883,0.007952042671090767,-0.06129046274009184,-0.023851515890487722,-0.05885625451373907,0.034926823948555216,0.04469342800702889,0.15358933164845986,0.1329048583644565,0.2196559570576331,-0.07396078950826981,-0.2884801281083584,-0.9403118446006765,-0.9544056774027343,-1.1578876373498774,-0.7393053756141557,-0.05369354476680304,3.8226677735774417,3.6080948251882274,-1.2159892368750531,0.0,4.892513832835903
417,5.058180582101603,-1.214802215178417,3.597827855524252,3.7423024461414958,-0.05004661226639548,-0.6603771862889029,-1.09771263387399,-0.9449949197235474,-0.9435652749555287,-0.320878102750994,-0.10085328880107694,0.20599697010497148,0.1275088569227154,0.15249730523894084,0.056315495197414855,0.04089174728973797,-0.050156222083265575,-0.022197668553212122,-0.06204138257582062,-0.006117149937664933,-0.009529932820955723,0.005865826186403433,-0.06204138257582062,-0.022197668553212008,-0.050156222083265624,0.04089174728973797,0.05631549519741485,0.15249730523894076,0.12750885692271544,0.20599697010497128,-0.10085328880107702,-0.320878102750994,-0.9435652749555287,-0.9449949197235472,-1.0977126338739902,-0.6603771862889029,-0.0500466122663954,3.7423024461414944,3.5978278555242507,-1.2148022151784172,0.0,4.901649082164534
418,5.066314474087282,-1.2135447314250747,3.5867261601045097,3.6599836145490974,-0.04635323755154357,-0.5804915131762155,-1.035245879393868,-0.9328989750816314,-0.9433170821192637,-0.35176909944517115,-0.12716108960159744,0.19089306241564216,0.12104858411532861,0.14991163888669332,0.0672979390003411,0.04632358416913128,-0.04071235028698152,-0.020172242961955647,-0.061628181560423996,-0.00979776481996267,-0.008708586033359361,0.0036298849256660624,-0.061628181560424,-0.020172242961955536,-0.04071235028698156,0.04632358416913126,0.06729793900034103,0.1499116388866932,0.12104858411532865,0.19089306241564197,-0.12716108960159753,-0.3517690994451712,-0.9433170821192639,-0.9328989750816318,-1.0352458793938684,-0.5804915131762155,-0.04635323755154349,3.6599836145490974,3.586726160104509,-1.2135447314250745,0.0,4.922903935346376
419,5.089881904890333,-1.2122168585527353,3.5747923146139633,3.5757542497204162,-0.04261684799710374,-0.4997641828649611,-0.9706177889588539,-0.9181522138975855,-0.9395681871492955,-0.3810080411338238,-0.15273167203024865,0.17445017704994323,0.11357796155628518,0.1458576579870496,0.07751602238058858,0.051151522286088366,-0.030664695997513383,-0.017809143763188942,-0.06005861284023364,-0.013273580572526207,-0.00768557930601747,0.0013012911228464628,-0.060058612840233665,-0.017809143763188824,-0.030664695997513425,0.05115152228608835,0.07751602238058855,0.14585765798704953,0.11357796155628525,0.17445017704994298,-0.15273167203024873,-0.3810080411338236,-0.939568187149295,-0.9181522138975858,-0.9706177889588546,-0.49976418286496116,-0.042616847997103656,3.5757542497204153,3.574792314613962,-1.2122168585527358,0.0,4.956125452061881
420,5.128250583391434,-1.2108186735818824,3.562029087803257,3.4896583198853492,-0.038840910894808206,-0.41831224226648167,-0.9039632899502914,-0.9007965388420455,-0.93233250240327,-0.4084576095020425,-0.17741679024229248,0.15678364903451816,0.10515934389188195,0.1403750693911523,0.08685368979994161,0.055312622083874934,-0.020162270453828797,-0.015147928096534868,-0.057362127204361416,-0.01647194347745949,-0.006484601843377794,-0.0010605180388590957,-0.05736212720436146,-0.015147928096534747,-0.02016227045382883,0.05531262208387492,0.0868536897999416,0.14037506939115227,0.105159343891882,0.15678364903451794,-0.1774167902422926,-0.4084576095020425,-0.93233250240327,-0.9007965388420456,-0.9039632899502917,-0.41831224226648206,-0.038840910894808144,3.4896583198853492,3.5620290878032557,-1.2108186735818824,0.0,5.001104733544573
421,5.180788218471335,-1.2093502576113053,3.5484394408463484,3.4017407676318356,-0.035028930235690335,-0.3362537889077626,-0.835421540386705,-0.8808812657699598,-0.9216368799095347,-0.4339888898813882,-0.20107333188539936,0.1380173963700124,0.0958629983485279,0.13351757249587637,0.09520488535948997,0.05875263726304487,-0.009360829357442087,-0.012233143427350464,-0.05358932048131972,-0.019325999313259897,-0.005133464020376505,-0.0033952575566953518,-0.05358932048131978,-0.012233143427350353,-0.009360829357442115,0.05875263726304487,0.09520488535948995,0.13351757249587629,0.0958629983485279,0.1380173963700122,-0.20107333188539947,-0.43398888988138823,-0.9216368799095347,-0.88088126576996,-0.8354215403867056,-0.33625378890776314,-0.03502893023569027,3.401740767631835,3.548439440846348,-1.2093502576113053,0.0,5.05758032003222
422,5.246862519010744,-1.2078116958133949,3.5340265266534874,3.312047486445564,-0.031184443458454007,-0.25370779970130775,-0.765135638396464,-0.858462983590429,-0.9075210117177664,-0.45748197668716123,-0.22356414779571082,0.11828305083533347,0.08576651823703857,0.12535233328329506,0.10247475736744945,0.061426721964912466,0.0015794370547976095,-0.009113581843665583,-0.04881098417818355,-0.021776090784398763,-0.003663453392872913,-0.005643333378548469,-0.04881098417818362,-0.009113581843665465,0.0015794370547975902,0.061426721964912466,0.10247475736744945,0.12535233328329506,0.08576651823703861,0.11828305083533323,-0.22356414779571093,-0.45748197668716123,-0.9075210117177663,-0.858462983590429,-0.7651356383964648,-0.25370779970130797,-0.031184443458453937,3.312047486445564,3.5340265266534865,-1.2078116958133949,0.0,5.125242259762861
423,5.3258411938903585,-1.2062030774292039,3.518793689139719,3.220625296753298,-0.027311018166804046,-0.17079395843999196,-0.693252323464475,-0.8336053934702836,-0.890037282599571,-0.47882653654524243,-0.24475884712222548,0.09771903468529941,0.07495417530869306,0.11595932646122871,0.10858073565119122,0.06330001540590345,0.012496279704074692,-0.005841463300187274,-0.04311677717573902,-0.023771004516164738,-0.0021086101889169163,-0.007747363536682905,-0.0431167771757391,-0.005841463300187169,0.012496279704074662,0.06330001540590342,0.10858073565119121,0.11595932646122864,0.07495417530869312,0.0977190346852992,-0.24475884712222556,-0.4788265365452424,-0.890037282599571,-0.8336053934702836,-0.6932523234644751,-0.1707939584399926,-0.027311018166803994,3.2206252967532962,3.518793689139718,-1.2062030774292034,0.0,5.2037367725496
424,5.417091951990908,-1.2045244957632706,3.5027444624490642,3.127521921482331,-0.02341224881878436,-0.08763248226700264,-0.6199216700766265,-0.806379127828304,-0.8692505756456808,-0.497922326463823,-0.2645345532697623,0.07646958971797756,0.06351621636870865,0.10543055214830079,0.11345346937752256,0.06434809634118137,0.023227796896529287,-0.0024715614814711613,-0.03661354340342417,-0.025269041549288267,-0.0005049390578996338,-0.009653642818189458,-0.03661354340342426,-0.002471561481471064,0.02322779689652927,0.06434809634118134,0.11345346937752251,0.10543055214830072,0.06351621636870868,0.07646958971797733,-0.2645345532697624,-0.49792232646382284,-0.8692505756456809,-0.806379127828304,-0.6199216700766268,-0.08763248226700308,-0.02341224881878428,3.1275219214823293,3.502744462449063,-1.2045244957632704,0.0,5.292671416101551
425,5.519982502193116,-1.202776048178207,3.485882570134572,3.0327859611488424,-0.019491753391195493,-0.004343947372474201,-0.5452967744015856,-0.7768615496344065,-0.8452380314812002,-0.5146796646164741,-0.2827766162779103,0.0546837655221085,0.05154811001805184,0.09386913477570777,0.11703761472958979,0.06455730143292164,0.033614835398304004,0.0009397130831119209,-0.02942330706056825,-0.026238888958185713,0.0011104246693211142,-0.01131351358654048,-0.02942330706056833,0.0009397130831120129,0.033614835398304,0.06455730143292163,0.11703761472958979,0.09386913477570775,0.05154811001805191,0.054683765522108276,-0.28277661627791034,-0.514679664616474,-0.8452380314812004,-0.7768615496344065,-0.5452967744015859,-0.004343947372474683,-0.01949175339119544,3.032785961148841,3.485882570134571,-1.2027760481782068,0.0,5.391620649782968
426,5.633880553377686,-1.2009578360890512,3.468211924294422,2.9364668684881288,-0.015553170022187741,0.07895088583045873,-0.46953343466406683,-0.7451365325840823,-0.8180887619924567,-0.5290198515255612,-0.29937927750593624,0.03251437400133315,0.03914974981076595,0.081388313031538,0.11929246349408155,0.06392490337281555,0.04350335074969088,0.004335257304401134,-0.021680983000833792,-0.0266602743737028,0.0027000749028645364,-0.012684607764134308,-0.021680983000833865,0.004335257304401203,0.04350335074969089,0.06392490337281553,0.11929246349408155,0.08138831303153794,0.03914974981076602,0.03251437400133291,-0.29937927750593635,-0.5290198515255612,-0.8180887619924567,-0.7451365325840822,-0.46953343466406716,0.07895088583045856,-0.015553170022187715,2.9364668684881283,3.468211924294422,-1.2009578360890512,0.0,5.500131678751947
427,5.758153814425352,-1.199069964957385,3.449736624664286,2.8386149226399895,-0.01160015363514443,0.16213124779671717,-0.39278982587688255,-0.7112942227727206,-0.7879035196278359,-0.5408755396679484,-0.3142462827701306,0.010116917508483994,0.026424620477778927,0.06811033074066404,0.12019240541932731,0.06245914643670469,0.052746691813856376,0.007658231411587358,-0.013531845241334956,-0.02652438972910528,0.004227200986088451,-0.013731928274317098,-0.013531845241335055,0.007658231411587421,0.05274669181385639,0.062459146436704714,0.12019240541932728,0.068110330740664,0.02642462047777895,0.010116917508483736,-0.3142462827701307,-0.5408755396679484,-0.7879035196278357,-0.7112942227727207,-0.39278982587688316,0.16213124779671667,-0.011600153635144415,2.8386149226399886,3.4497366246642858,-1.199069964957385,0.0,5.617730451702689
428,5.892169994216804,-1.197112544285217,3.4304609576661593,2.739281202902714,-0.0076363725469892245,0.24507653495357087,-0.3152261696108516,-0.6754307825470154,-0.7547943234998452,-0.5501910497671717,-0.3272914403789173,-0.012351501891692034,0.013478934176426904,0.054165239543522474,0.1197272190928947,0.060179139007837675,0.061207775679258135,0.010853010422532882,-0.005128801096362085,-0.02583407537190805,0.005656440099730693,-0.01442874233915498,-0.005128801096362173,0.010853010422532935,0.06120777567925814,0.060179139007837675,0.11972721909289469,0.054165239543522474,0.013478934176426939,-0.012351501891692327,-0.3272914403789173,-0.5501910497671719,-0.7547943234998451,-0.6754307825470154,-0.31522616961085204,0.24507653495357068,-0.007636372546989207,2.739281202902713,3.4304609576661593,-1.197112544285217,0.0,5.743927678030378
429,6.035296801632764,-1.1950856876086313,3.4103893954138678,2.63851756206938,-0.003665505064064388,0.32766648456429087,-0.23700439949200147,-0.6376481172612946,-0.7188840436759597,-0.5569226322866382,-0.3384391208305101,-0.034733284380639745,0.00042074397511375613,0.039689625100983936,0.11790218803493879,0.057114604469871696,0.06876112066097055,0.013866115279115175,0.0033704779171721787,-0.024603760693119644,0.00695469613927613,-0.014757263831597658,0.00337047791717208,0.013866115279115214,0.06876112066097056,0.05711460446987168,0.11790218803493879,0.039689625100983936,0.0004207439751137992,-0.034733284380639884,-0.33843912083051014,-0.5569226322866383,-0.7188840436759599,-0.6376481172612946,-0.23700439949200172,0.32766648456429054,-0.0036655050640643618,2.63851756206938,3.4103893954138678,-1.1950856876086315,0.0,5.878224725386488
430,6.186901945553963,-1.1929895124912024,3.3895265946755084,2.5363765993603957,0.00030876393126106044,0.4097813490976191,-0.15828782312442766,-0.5980535857151925,-0.6803059452009715,-0.5610386728957715,-0.3476246952761128,-0.056871437835487613,-0.012640958027463933,0.024825269301541678,0.11473804068873106,0.05330549371711071,0.07529470725059408,0.016647108060838873,0.01180651456796825,-0.02285916251490769,0.008091906103256307,-0.0147091072650452,0.011806514567968154,0.016647108060838897,0.07529470725059409,0.05330549371711071,0.11473804068873106,0.02482526930154166,-0.01264095802746389,-0.056871437835487766,-0.3476246952761128,-0.5610386728957716,-0.6803059452009717,-0.5980535857151924,-0.15828782312442846,0.40978134909761854,0.00030876393126109486,2.536376599360395,3.389526594675507,-1.1929895124912024,0.0,6.020119256493178
431,6.346353134861118,-1.1908241405171744,3.3678773957930335,2.4329116329663822,0.00428274640008536,0.4913020698502408,-0.079240781144626,-0.556759695095451,-0.6392031935429985,-0.5625198409441478,-0.3547949102066631,-0.0786106790159912,-0.025597150420845507,0.009717761573875633,0.11027071498994816,0.04880146433350107,0.08071163941602273,0.01914943629127208,0.02002101828031166,-0.020636747541178533,0.009041736245649116,-0.014285501832268295,0.020021018280311567,0.019149436291272096,0.08071163941602277,0.04880146433350106,0.11027071498994821,0.009717761573875676,-0.025597150420845507,-0.0786106790159914,-0.3547949102066631,-0.5625198409441478,-0.6392031935429985,-0.5567596950954509,-0.07924078114462656,0.49130206985024055,0.004282746400085369,2.4329116329663814,3.3678773957930317,-1.1908241405171744,0.0,6.169110464885751
432,6.513018078434918,-1.188589697284411,3.345446821559258,2.3281766722157706,0.008252754569397315,0.5721104495705228,-2.8304119111288112e-05,-0.5138837812886636,-0.5957283232984747,-0.5613591802463256,-0.3599081961908701,-0.09979852276489262,-0.038339692445990003,-0.005484927093662749,0.1045509501887082,0.043661233230083356,0.084931581613246,0.02133121220402518,0.027859855238091865,-0.017982970107272067,0.009782191871959977,-0.013497260030354404,0.02785985523809177,0.021331212204025174,0.08493158161324607,0.04366123323008334,0.10455095018870819,-0.005484927093662775,-0.03833969244598998,-0.09979852276489279,-0.3599081961908701,-0.5613591802463255,-0.5957283232984748,-0.5138837812886633,-2.830411911121921e-05,0.5721104495705224,0.008252754569397324,2.3281766722157693,3.345446821559257,-1.1885896972844112,0.0,6.324703773047733
433,6.686264485156126,-1.18628631239711,3.322240076052527,2.222226389381606,0.012215104354253032,0.6520893238332284,0.07918423199836545,-0.4695476754733543,-0.5500426721277821,-0.5575621417510054,-0.3629349088746317,-0.12028635158173796,-0.050762226607973554,-0.020633893459831902,0.09764371056038175,0.03795181118026091,0.08789195019865277,0.023155913923735706,0.03517594049296856,-0.014953301161813742,0.010296126658271997,-0.012364501672525823,0.035175940492968495,0.02315591392373569,0.08789195019865283,0.037951811180260905,0.09764371056038175,-0.020633893459831895,-0.05076222660797353,-0.12028635158173814,-0.3629349088746317,-0.5575621417510055,-0.5500426721277819,-0.4695476754733541,0.07918423199836483,0.6520893238332278,0.012215104354253058,2.222226389381606,3.3222400760525255,-1.1862863123971092,0.0,6.486414863229036
434,6.865460063905399,-1.1839141194582834,3.2982625434293245,2.115116091142297,0.016166118776529972,0.7311227309167325,0.15823145113068443,-0.4238773579387592,-0.5023157820222238,-0.5511465579410926,-0.3638575008446327,-0.13993045806786178,-0.06276106640441179,-0.035580760468262765,0.0896274475505893,0.031747629231888896,0.08954884157265612,0.024592996824628174,0.04183199781027042,-0.011611068777564435,0.010571639699243742,-0.010916140331407287,0.04183199781027034,0.024592996824628132,0.08954884157265618,0.03174762923188887,0.08962744755058931,-0.03558076046826278,-0.06276106640441176,-0.13993045806786195,-0.36385750084463264,-0.5511465579410925,-0.5023157820222237,-0.42387735793875925,0.15823145113068385,0.7311227309167322,0.016166118776530014,2.1151160911422946,3.2982625434293236,-1.1839141194582836,0.0,6.653772921070414
435,7.049972523563486,-1.1814732560620127,3.2735197866751102,2.006901689711198,0.02010213137708609,0.8090960799364334,0.23694832234147967,-0.37700260011398135,-0.4527247701242694,-0.5421425590848886,-0.36267062335974365,-0.15859305293053497,-0.07423606176005097,-0.050179130531486774,0.08059320873483586,0.025129568384737764,0.08987768328985124,0.02561840483280188,0.0477031354679297,-0.008026134427650043,0.010602351090832388,-0.009189145322240556,0.04770313546792965,0.025618404832801842,0.0898776832898513,0.02512956838473777,0.08059320873483589,-0.05017913053148677,-0.07423606176005094,-0.15859305293053508,-0.36267062335974365,-0.5421425590848885,-0.45272477012426937,-0.3770026001139812,0.23694832234147983,0.8090960799364328,0.02010213137708609,2.0069016897111966,3.273519786675109,-1.1814732560620127,0.0,6.826322984909931
436,7.239169573011111,-1.1789638637854634,3.2480175463136556,1.8976396736501038,0.024019489618157638,0.8858963169905778,0.31517050437869665,-0.329056595824686,-0.40145367143599203,-0.5305924317317339,-0.35938115736042947,-0.17614323147585176,-0.08509143494405219,-0.06428601942698932,0.07064360371309383,0.018183905182969768,0.08887359847944892,0.02621497311329314,0.05267918967714375,-0.004273432696489337,0.010387549666224688,-0.007227598063869301,0.052679189677143703,0.026214973113293082,0.08887359847944898,0.018183905182969785,0.07064360371309385,-0.06428601942698925,-0.08509143494405214,-0.17614323147585187,-0.3593811573604294,-0.5305924317317339,-0.40145367143599203,-0.3290565958246859,0.31517050437869604,0.885896316990577,0.024019489618157624,1.8976396736501033,3.248017546313654,-1.1789638637854631,0.0,7.0036273091697465
437,7.432418921128978,-1.176386088180676,3.2217617390751956,1.7873870783818842,0.027914558272838168,0.9614120890776128,0.39273468877825657,-0.2801755828251144,-0.34869275585494564,-0.516550420116663,-0.3540081735763919,-0.19245789181110268,-0.09523657999286166,-0.07776325676094639,0.059891638684555555,0.011001186968442848,0.0865514781714664,0.02637271540112487,0.05666679165371118,-0.0004314049493136796,0.009932209463935922,-0.005081566903809847,0.05666679165371115,0.026372715401124798,0.08655147817146645,0.011001186968442862,0.05989163868455559,-0.07776325676094634,-0.09523657999286163,-0.19245789181110273,-0.35400817357639186,-0.5165504201166629,-0.34869275585494547,-0.2801755828251143,0.39273468877825624,0.9614120890776122,0.02791455827283816,1.7873870783818822,3.2217617390751943,-1.1763860881806756,0.0,7.1852656683035825
438,7.629088276797805,-1.1737400787661216,3.1947584565237035,1.6762014564176488,0.03178372279849345,1.0355339055473916,0.46947894081152025,-0.23049845568082641,-0.29463782207199607,-0.5000824714067607,-0.34658282196371976,-0.2074225983161031,-0.10458681896616717,-0.09047883928275575,0.048459432939290156,0.003675051457635163,0.08294576045604443,0.026088991166560768,0.05959111955430448,0.0034196402992825517,0.009246874546734216,-0.0028058291274139294,0.05959111955430445,0.02608899116656068,0.0829457604560445,0.0036750514576351675,0.048459432939290226,-0.09047883928275569,-0.10458681896616716,-0.20742259831610318,-0.34658282196371976,-0.5000824714067607,-0.2946378220719961,-0.23049845568082641,0.46947894081152036,1.035533905547391,0.03178372279849343,1.6762014564176477,3.1947584565237026,-1.1737400787661214,0.0,7.370834548154884
439,7.828545348898299,-1.1710259890180326,3.167013963643592,1.5641408473140024,0.03562339269098178,1.1081542968521485,0.5452430375647315,-0.18016637110215963,-0.2394894709514956,-0.4812659259856475,-0.337148151112541,-0.22093238432684742,-0.11306410872374,-0.10230822379527779,0.03647683184471015,-0.0036989939691896637,0.07810991975105848,0.02536854981629816,0.061397302405014446,0.007199206045138512,0.008347414838574955,-0.0004584727717443078,0.06139730240501444,0.02536854981629807,0.07810991975105849,-0.0036989939691896507,0.03647683184471021,-0.10230822379527772,-0.11306410872373998,-0.2209323843268475,-0.337148151112541,-0.4812659259856475,-0.2394894709514955,-0.18016637110215952,0.5452430375647316,1.108154296852148,0.035623392690981755,1.564140847314,3.167013963643591,-1.1710259890180321,0.0,7.559945193907177
440,8.030157846311187,-1.1682439763614958,3.138534697386188,1.4512637473760424,0.03943000481656711,1.1791679703670703,0.6198688024446168,-0.12932234684984126,-0.18345236109032234,-0.46018915423064916,-0.32575885867215887,-0.23289248840123797,-0.1205976923239448,-0.11313554699733411,0.024079932080349736,-0.011024817352743903,0.07211567375241434,0.02422345119069299,0.06205144967938662,0.010828289394252559,0.007254658633495331,0.0019005860672402142,0.06205144967938664,0.02422345119069289,0.0721156737524144,-0.011024817352743892,0.024079932080349798,-0.11313554699733402,-0.1205976923239448,-0.23289248840123808,-0.3257588586721587,-0.4601891542306492,-0.1834523610903224,-0.12932234684984112,0.6198688024446174,1.1791679703670699,0.03943000481656709,1.4512637473760408,3.138534697386187,-1.1682439763614954,0.0,7.7522205077221855
441,8.23329347791718,-1.1653942021613253,3.109327265176305,1.3376290791219414,0.043200026718432906,1.2484719630545345,0.6932004354117788,-0.07811085535245837,-0.1267344493184502,-0.43695114148849795,-0.3124809742405887,-0.2432190190025159,-0.12712468960692525,-0.12285476031067545,0.011409535871129185,-0.018206915381819976,0.0650519198283139,0.022672863687855094,0.0615412872073399,0.014231032931664387,0.0059939102862584135,0.0042111325885667425,0.06154128720733993,0.02267286368785499,0.06505191982831396,-0.01820691538181996,0.011409535871129185,-0.12285476031067538,-0.12712468960692527,-0.24321901900251594,-0.3124809742405887,-0.4369511414884978,-0.12673444931845002,-0.07811085535245825,0.6932004354117788,1.2484719630545351,0.04320002671843285,1.3376290791219405,3.1093272651763044,-1.1653942021613253,0.0,7.947290814235236
442,8.437319952597008,-1.1624768317127028,3.079398443379268,1.2232961605250476,0.04692995989472868,1.3159657907506723,0.7650848382524322,-0.02667741319051381,-0.06954621895959104,-0.4116610231986897,-0.2973914765569498,-0.2518395429381153,-0.1325906220330758,-0.13137066857631882,-0.001390448224296685,-0.025151658425005535,0.057023416631241386,0.020742743393918822,0.0598763874830147,0.017336310341527883,0.0045943642533195035,0.00641419026455352,0.05987638748301474,0.02074274339391872,0.05702341663124145,-0.025151658425005538,-0.001390448224296668,-0.1313706685763188,-0.1325906220330758,-0.25183954293811533,-0.2973914765569497,-0.41166102319868964,-0.06954621895959076,-0.02667741319051388,0.7650848382524319,1.315965790750672,0.04692995989472862,1.2232961605250452,3.0793984433792674,-1.1624768317127026,0.0,8.144788537849529
443,8.641604979231346,-1.159492034231586,3.0487551757287408,1.1083246740495407,0.050616343045106794,1.3815515938577974,0.8353719342094047,0.024831832386457996,-0.012099898715880361,-0.3844375723477573,-0.2805778472160404,-0.25869359342646564,-0.13694986739615841,-0.13859986244670724,-0.01417463980648625,-0.03176851113611698,0.048149230479959886,0.018465399590693415,0.05708799005014222,0.020079213134732595,0.003088429052845891,0.008453526212281688,0.05708799005014227,0.018465399590693297,0.04814923047995992,-0.031768511136117,-0.014174639806486233,-0.13859986244670716,-0.13694986739615844,-0.2586935934264657,-0.28057784721604023,-0.3844375723477573,-0.012099898715880224,0.02483183238645793,0.835371934209405,1.381551593857797,0.05061634304510672,1.1083246740495385,3.0487551757287403,-1.1594920342315858,0.0,8.34434186174915
444,8.845516266700965,-1.1564399828448984,3.0174045717157205,0.9927746354958367,0.054255755282737066,1.4451342792314692,0.9039149813050856,0.0762705187348104,0.04539132492463654,-0.3554086416615847,-0.2621375634924477,-0.2637330942280198,-0.1401660406157346,-0.1444715353413466,-0.02679783784511801,-0.03797121272089296,0.03856096955237197,0.015878953913885236,0.05322841533515497,0.02240240740754474,0.0015109767984763287,0.010277086533739023,0.05322841533515503,0.015878953913885125,0.03856096955237203,-0.03797121272089295,-0.026797837845117994,-0.14447153534134655,-0.14016604061573462,-0.26373309422801977,-0.2621375634924477,-0.3554086416615846,0.045391324924636746,0.07627051873481075,0.9039149813050856,1.4451342792314692,0.054255755282737,0.9927746354958361,3.0174045717157205,-1.1564399828448984,0.0,8.545567464223094
445,9.04842152388655,-1.153320854580485,2.9853539049390787,0.8767063626719821,0.05784481930881878,1.5066216580564615,0.9705708787021804,0.1274924837037431,0.1027140988349117,-0.32471056315546515,-0.2421775332145503,-0.2669226968655312,-0.14221229743057295,-0.14892817696422,-0.039116669851647815,-0.043678901478366394,0.02840083207695989,0.013026702215322185,0.04837008292665098,0.024257332271433327,-0.00010146431504561491,0.011838324987685594,0.04837008292665104,0.013026702215322067,0.028400832076959943,-0.04367890147836638,-0.0391166698516478,-0.14892817696421995,-0.14221229743057293,-0.26692269686553116,-0.2421775332145502,-0.32471056315546515,0.10271409883491198,0.1274924837037434,0.97057087870218,1.5066216580564606,0.05784481930881873,0.8767063626719808,2.9853539049390774,-1.1533208545804847,0.0,8.748062452734608
446,9.249688459668818,-1.1501348303568433,2.9526106114180224,0.7601804439073947,0.061380204546643426,1.5659245795117298,1.0352004654626772,0.17835218095256206,0.1596556950142114,-0.2924875078618626,-0.22081347496473844,-0.26824002856822393,-0.14307155845821057,-0.15192613659030038,-0.05099122028364923,-0.04881716895679863,0.01781949746900565,0.009956389811298401,0.042604152721841204,0.025605214903736493,-0.001711555875198044,0.013097391078990859,0.04260415272184128,0.009956389811298285,0.0178194974690057,-0.048817168956798614,-0.05099122028364922,-0.15192613659030035,-0.14307155845821057,-0.2682400285682239,-0.2208134749647383,-0.29248750786186256,0.15965569501421126,0.17835218095256242,1.035200465462677,1.565924579511729,0.061380204546643384,0.7601804439073947,2.952610611418022,-1.150134830356843,0.0,8.95139563965705
447,9.448684782928481,-1.1468820949726322,2.919182287866886,0.6432577064254006,0.06485863023230062,1.6229570600305783,1.0976688110812767,0.22870509351812787,0.21600480003355166,-0.25889080874286796,-0.19816924719915463,-0.26767584920070525,-0.14273665175052241,-0.15343605060403284,-0.06228661968565078,-0.05331902998164095,0.006973891686990405,0.006719412249032184,0.03603881443699043,0.026417881001932004,-0.0032820138767749012,0.01402214723955061,0.03603881443699051,0.006719412249032077,0.006973891686990444,-0.05331902998164095,-0.06228661968565077,-0.1534360506040328,-0.14273665175052241,-0.26767584920070514,-0.1981692471991545,-0.2588908087428679,0.21600480003355174,0.22870509351812823,1.0976688110812771,1.6229570600305776,0.06485863023230057,0.6432577064253995,2.919182287866886,-1.1468820949726322,0.0,9.155098325212562
448,9.644778202546284,-1.1435628370959514,2.8850766899326206,0.5259991845910575,0.06827686845915885,1.6776364079686148,1.1578454971867347,0.278408144457343,0.27155229923158225,-0.22407824996723347,-0.17437613017638973,-0.2652341160758758,-0.14121037265543773,-0.15344313010224647,-0.07287457651723556,-0.05712579590972545,-0.003975140050055321,0.0033699549700206216,0.028797257576825545,0.02667834370087937,-0.004776472087099868,0.014588989137316705,0.028797257576825632,0.0033699549700205245,-0.003975140050055288,-0.05712579590972544,-0.0728745765172355,-0.15344313010224642,-0.14121037265543773,-0.26523411607587577,-0.17437613017638962,-0.22407824996723355,0.27155229923158253,0.27840814445734335,1.1578454971867345,1.6776364079686137,0.0682768684591588,0.5259991845910568,2.8850766899326197,-1.143562837095951,0.0,9.358654772398708
449,9.837336427402892,-1.1401772492533973,2.8503017303954237,0.40846608805085455,0.07163174717329547,1.729883343498726,1.2156048898229883,0.3273201033978487,0.3260920527507194,-0.18821332588983886,-0.1495720648581654,-0.2609319561972237,-0.1385054604851587,-0.15194730574455986,-0.08263483427011653,-0.060187839725481335,-0.014865218669600843,-3.591372808895473e-05,0.021015359953631362,0.026381158643110036,-0.006160324158886266,0.014783448175112571,0.021015359953631463,-3.5913728089049466e-05,-0.014865218669600824,-0.06018783972548132,-0.08263483427011652,-0.15194730574455986,-0.13850546048515872,-0.2609319561972236,-0.1495720648581652,-0.18821332588983888,0.3260920527507193,0.327320103397849,1.2156048898229888,1.7298833434987255,0.0716317471732954,0.40846608805085205,2.850301730395423,-1.1401772492533973,0.0,9.561492575103044
450,10.025727166379074,-1.1367255278188981,2.8148654773329094,0.2907197697809109,0.07492015311709681,1.7796221135592503,1.2708264017416147,0.3753019878417214,0.3794216605336177,-0.15146447321373221,-0.1239008531944878,-0.2547995461251999,-0.13464449218562374,-0.14896322843253787,-0.0914565373244595,-0.06246524300497775,-0.02553483940040276,-0.003441181247730384,0.012839138127780508,0.025532537780259858,-0.00740152499039839,0.014600560800497398,0.01283913812778061,-0.003441181247730467,-0.02553483940040275,-0.06246524300497775,-0.09145653732445948,-0.14896322843253781,-0.1346444921856238,-0.2547995461251997,-0.12390085319448774,-0.15146447321373221,0.3794216605336177,0.3753019878417216,1.2708264017416147,1.7796221135592498,0.07492015311709674,0.2907197697809109,2.814865477332909,-1.1367255278188981,0.0,9.762973133764064
451,10.209318128355509,-1.1332078730023225,2.778776152248248,0.17282169406035958,0.07813903471829645,1.8267806016886734,1.3233947441580172,0.42221745808187133,0.43134321344103393,-0.11400427994083488,-0.09751132442963227,-0.24687990031032905,-0.1296596938947187,-0.14452012581094728,-0.09923949003125167,-0.06392831631362705,-0.03582576696101056,-0.0067888450547748,0.0044220076086592865,0.02415021952689377,-0.008471332776257494,0.014044995200072094,0.004422007608659385,-0.006788845054774871,-0.03582576696101056,-0.06392831631362705,-0.09923949003125165,-0.1445201258109472,-0.12965969389471874,-0.24687990031032891,-0.0975113244296322,-0.11400427994083488,0.43134321344103393,0.42221745808187156,1.3233947441580172,1.8267806016886727,0.07813903471829635,0.17282169406035902,2.778776152248247,-1.1332078730023225,0.0,9.962382462462127
452,10.387477022212941,-1.129624488837866,2.7420421281627085,0.05483340438662487,0.08128540492177067,1.8712904325876039,1.3732001674457408,0.4679332046089991,0.4816640277036466,-0.07600867482640707,-0.07055647226231095,-0.23722856937774495,-0.12359267196209307,-0.13866151599661544,-0.10589529472023719,-0.0645579862533687,-0.045585382260265865,-0.010022866873429667,-0.004078095775465137,0.022263097980850095,-0.009344974565629856,0.01313093214436436,-0.004078095775465037,-0.010022866873429728,-0.04558538226026587,-0.0645579862533687,-0.1058952947202372,-0.1386615159966154,-0.12359267196209313,-0.23722856937774478,-0.07055647226231085,-0.07600867482640714,0.4816640277036464,0.4679332046089992,1.373200167445741,1.8712904325876034,0.08128540492177057,0.05483340438662487,2.7420421281627076,-1.129624488837866,0.0,10.158922556902166
453,10.559571556832061,-1.1259755831722176,2.704671927673048,-0.06318350865064669,0.0843563439614635,1.9130870712564196,1.4201386902663964,0.5123193269082933,0.5301973599822354,-0.03765610114393749,-0.04319256786235281,-0.22591325047946784,-0.11649406567566355,-0.13144478133878348,-0.11134835570808742,-0.06434604411358215,-0.05466894580716992,-0.013089110739918839,-0.012501679325117731,0.01991061896037761,-0.010002219915831771,0.011881703024718302,-0.012501679325117636,-0.01308911073991888,-0.05466894580716992,-0.06434604411358215,-0.11134835570808739,-0.13144478133878346,-0.1164940656756636,-0.2259132504794677,-0.0431925678623527,-0.037656101143937595,0.5301973599822353,0.5123193269082935,1.4201386902663964,1.9130870712564196,0.08435634396146341,-0.06318350865064724,2.7046719276730475,-1.1259755831722174,0.0,10.351703554131086
454,10.724969441093592,-1.1222613676525035,2.666674220974202,-0.181167439520243,0.08734900206986887,1.9521099165648494,1.4641123166568404,0.555249702569531,0.5767631003825936,0.0008733213591973033,-0.01557825388619411,-0.2130133124475238,-0.1084231245933743,-0.12294060638577264,-0.11553673790342386,-0.0632952528841832,-0.06294174426273133,-0.015936249212377965,-0.020690686129826465,0.017141955482482096,-0.010427849357570289,0.010329194321269958,-0.02069068612982636,-0.015936249212377993,-0.06294174426273134,-0.06329525288418318,-0.11553673790342386,-0.12294060638577259,-0.10842312459337436,-0.21301331244752364,-0.015578253886193988,0.0008733213591972689,0.5767631003825937,0.555249702569531,1.4641123166568404,1.9521099165648488,0.08734900206986879,-0.18116743952024383,2.666674220974201,-1.1222613676525035,0.0,10.539736911844036
455,10.883038383878262,-1.1184820577140118,2.628057823847723,-0.299056799907841,0.09026060212255552,1.9883023891178175,1.5050292406203756,0.5966023456617566,0.6211884408533602,0.03939864237949815,0.012126375256361205,-0.19861923907861423,-0.0994472140080763,-0.11323228556281784,-0.11841287025678025,-0.061419311235825134,-0.07028108829946349,-0.018516622567449074,-0.028491460787735658,0.01401497991716008,-0.010612006823827617,0.008513033702919287,-0.02849146078773557,-0.018516622567449088,-0.07028108829946351,-0.06141931123582513,-0.11841287025678024,-0.11323228556281782,-0.09944721400807637,-0.19861923907861406,0.012126375256361361,0.03939864237949795,0.6211884408533601,0.5966023456617568,1.5050292406203758,1.9883023891178169,0.09026060212255542,-0.29905679990784184,2.6280578238477226,-1.1184820577140115,0.0,10.721929827677915
456,11.033146094066769,-1.1146378725676946,2.588831695616451,-0.41679005086547116,0.09308844221528051,2.021612013290156,1.542804037794842,0.636259753354227,0.663308516486304,0.07773893087574672,0.03976070155194365,-0.18283199445529452,-0.08964125267323561,-0.10241490734204173,-0.1199440860658185,-0.058742674936777345,-0.07657813213937534,-0.020787036601038294,-0.035757632536989645,0.010595054302207509,-0.010550427881387296,0.006479578534036164,-0.035757632536989575,-0.020787036601038283,-0.07657813213937538,-0.058742674936777345,-0.1199440860658185,-0.10241490734204171,-0.0896412526732357,-0.1828319944552943,0.03976070155194372,0.07773893087574679,0.663308516486304,0.636259753354227,1.542804037794842,2.0216120132901563,0.09308844221528038,-0.4167900508654717,2.588831695616451,-1.1146378725676946,0.0,10.897081106957286
457,11.174660280539847,-1.110729035187456,2.5490049370658716,-0.5343057349352159,0.0958298981713004,2.0519904933112465,1.577357843797442,0.6741092397987019,0.7029670173391636,0.11571412479694614,0.06716451456901969,-0.16576231475547779,-0.0790870874825753,-0.09059442289524271,-0.12011299399908927,-0.05530023803458555,-0.08173948778588712,-0.022709485678437072,-0.04235286170090846,0.006953664104214761,-0.010244538479970037,0.004280732606191257,-0.04235286170090839,-0.022709485678437065,-0.08173948778588715,-0.055300238034585565,-0.12011299399908924,-0.09059442289524267,-0.07908708748257531,-0.16576231475547756,0.06716451456901978,0.1157141247969462,0.7029670173391638,0.674109239798702,1.5773578437974416,2.0519904933112465,0.0958298981713003,-0.5343057349352159,2.549004937065872,-1.110729035187456,0.0,11.06387867102007
458,11.3069486521782,-1.1067557722972163,2.5085867883326656,-0.6515425082303665,0.0984824259765524,2.0793937832892713,1.6086185188739601,0.7100432563243628,0.7400167685105336,0.15314587672911856,0.09417894028033191,-0.14752993151771013,-0.06787281032297902,-0.07788660835160849,-0.11891767562430197,-0.05113687795879857,-0.08568861000988548,-0.02425178893029717,-0.04815339791370546,0.003166923983747293,-0.009701421932299897,0.0019726212977461298,-0.048153397913705404,-0.02425178893029713,-0.08568861000988551,-0.051136877958798566,-0.11891767562430197,-0.07788660835160845,-0.06787281032297908,-0.14752993151770985,0.09417894028033198,0.1531458767291186,0.7400167685105336,0.710043256324363,1.6086185188739606,2.0793937832892713,0.09848242597655228,-0.6515425082303674,2.5085867883326656,-1.1067557722972163,0.0,11.22089887766905
459,11.429378917862557,-1.1027183143577632,2.467586626760913,-0.7684391724573049,0.10104356414044662,2.1037821510735415,1.6365207985086319,0.7439596970355281,0.774320276314105,0.18985839148945086,0.12064736213751409,-0.12826273181045522,-0.05609202280264426,-0.0644159308245574,-0.11637170719760594,-0.04630687047504291,-0.08836693154995008,-0.025388128944845743,-0.05305040212517452,-0.0006860132018389744,-0.008933654889725142,-0.0003858410222446772,-0.05305040212517447,-0.025388128944845698,-0.08836693154995014,-0.04630687047504291,-0.11637170719760594,-0.0644159308245574,-0.056092022802644304,-0.12826273181045506,0.12064736213751419,0.18985839148945077,0.7743202763141053,0.7439596970355284,1.6365207985086319,2.1037821510735415,0.10104356414044649,-0.7684391724573045,2.467586626760913,-1.1027183143577635,0.0,11.366607800715766
460,11.541318786473607,-1.0986168955533837,2.4260139647264776,-0.884934706861364,0.10351093598007799,2.125120235862321,1.6610064296802187,0.7757621889438151,0.8057502385253791,0.22567925173409153,0.14641632905793847,-0.1080958611961957,-0.04384305499153813,-0.05031432931444423,-0.11250400546640325,-0.040873182117413774,-0.08973473169122145,-0.02609948393889318,-0.056951988815136405,-0.004524610901909477,-0.007959016111616254,-0.0027344547789111212,-0.05695198881513636,-0.026099483938893123,-0.08973473169122151,-0.04087318211741378,-0.11250400546640327,-0.05031432931444421,-0.04384305499153816,-0.10809586119619553,0.14641632905793853,0.22567925173409153,0.8057502385253792,0.7757621889438153,1.6610064296802185,2.1251202358623202,0.10351093598007786,-0.8849347068613646,2.426013964726477,-1.0986168955533837,0.0,11.499364587336213
461,11.642135966892088,-1.0944517537782796,2.3838784474300554,-1.000968300080037,0.10588225182573861,2.143377099472608,1.6820242924798354,0.8053603658103461,0.8341900168072993,0.2604402277022043,0.17133644505972603,-0.087170775782414,-0.031228144695054652,-0.035719922427620295,-0.1073584992370433,-0.034906649323408215,-0.0897717253414941,-0.026373946173299433,-0.05978495009831054,-0.008268632298902266,-0.006800074772408001,-0.005013271781227702,-0.05978495009831051,-0.026373946173299363,-0.08977172534149416,-0.034906649323408215,-0.10735849923704333,-0.035719922427620336,-0.031228144695054683,-0.08717077578241376,0.17133644505972612,0.2604402277022042,0.8341900168072993,0.8053603658103464,1.6820242924798354,2.143377099472607,0.10588225182573852,-1.0009683000800373,2.383878447430055,-1.0944517537782799,0.0,11.617426980449165
462,11.731198167998716,-1.0902231306227717,2.3411898506594087,-1.1164793818868657,0.10815531114568354,2.1585262711975397,1.699530506836604,0.8326701249198747,0.8595340695616052,0.2939780672933756,0.19526323538724838,-0.0656342500086346,-0.018352584111185007,-0.020775655569136842,-0.10099363043768603,-0.028485054972632002,-0.08847736386827103,-0.026206921282777896,-0.06149612936916604,-0.01183981746946747,-0.00548366783963313,-0.0071641253951196145,-0.06149612936916603,-0.026206921282777813,-0.0884773638682711,-0.028485054972632002,-0.10099363043768604,-0.020775655569136825,-0.01835258411118506,-0.06563425000863436,0.1952632353872484,0.29397806729337556,0.8595340695616052,0.8326701249198748,1.6995305068366044,2.158526271197539,0.10815531114568341,-1.1164793818868661,2.3411898506594087,-1.0902231306227717,0.0,11.718959059040202
463,11.807873098674193,-1.0859312713592844,2.2979580785213027,-1.2314076548094584,0.11032800458817842,2.170545786186391,1.7134885241283306,0.8576138660572189,0.8816883435995698,0.32613526276784516,0.21805798410574453,-0.04363734712918823,-0.005323840993752429,-0.0056279008592070075,-0.09348169034319119,-0.021692114368010374,-0.08587084323523103,-0.025601205183352047,-0.06205341871220341,-0.015163519223302948,-0.0040402786250172225,-0.009132115242460626,-0.06205341871220341,-0.02560120518335196,-0.08587084323523109,-0.021692114368010378,-0.09348169034319119,-0.005627900859206999,-0.005323840993752463,-0.043637347129187994,0.2180579841057446,0.32613526276784516,0.8816883435995698,0.8576138660572192,1.7134885241283304,2.1705457861863904,0.11032800458817829,-1.2314076548094584,2.297958078521302,-1.0859312713592841,0.0,11.802041212832625
464,11.871528467799251,-1.0815764249281195,2.2541931611436694,-1.3456931256051303,0.11239831593893405,2.1794182172915053,1.723869203485941,0.8801207120069512,0.9005706231786126,0.3567607904688137,0.23958853830908525,-0.021334359613021256,0.007749338342948721,0.009574976513407617,-0.08490799850109705,-0.01461638387878833,-0.08199081931744046,-0.02456693727007109,-0.061446361362640756,-0.018170263426339397,-0.002503330899185477,-0.010867008529131313,-0.06144636136264076,-0.024566937270070983,-0.0819908193174405,-0.014616383878788311,-0.08490799850109709,0.009574976513407617,0.007749338342948691,-0.021334359613020996,0.23958853830908527,0.35676079046881354,0.9005706231786123,0.8801207120069514,1.723869203485941,2.179418217291505,0.11239831593893393,-1.345693125605131,2.2541931611436685,-1.0815764249281197,0.0,11.864682329552464
465,11.921531984254603,-1.0771588439230189,2.2099052523485367,-1.459276136577735,0.11436432399211123,2.1851307003359923,1.7306508726323662,0.9001267099497969,0.9161108351094907,0.3857108200927808,0.2597300742782777,0.0011182731071148807,0.020757836691206056,0.024684071459187197,-0.07536993368433019,-0.007350106472828034,-0.07689483461731404,-0.023121430688432455,-0.059686347913161755,-0.020797201193404495,-0.0009084149157790725,-0.012324522233343618,-0.05968634791316178,-0.023121430688432344,-0.07689483461731408,-0.00735010647282803,-0.07536993368433022,0.02468407145918724,0.020757836691206028,0.00111827310711507,0.25973007427827777,0.3857108200927808,0.9161108351094907,0.9001267099497973,1.7306508726323666,2.1851307003359923,0.1143643239921111,-1.4592761365777347,2.209905252348536,-1.0771588439230189,0.0,11.904834133897557
466,11.95725135692096,-1.0726787845765104,2.16510462729626,-1.5720973967193357,0.11622420433315984,2.187674952765557,1.7338193731288716,0.9175750131834814,0.9282513088017991,0.4128493901768843,0.27836582114889585,0.023563061944882665,0.03359307671265877,0.03955139744371968,-0.064975827876948,1.1990811544716384e-05,-0.07065846488338459,-0.021288882520685358,-0.05680640258517693,-0.022989422595708707,0.0007075367324847763,-0.013467453426470216,-0.056806402585176975,-0.021288882520685243,-0.07065846488338466,1.199081154472069e-05,-0.06497582787694801,0.03955139744371968,0.033593076712658744,0.023563061944882863,0.27836582114889585,0.4128493901768842,0.9282513088017993,0.9175750131834813,1.7338193731288716,2.1876749527655566,0.1162242043331597,-1.5720973967193361,2.165104627296259,-1.0726787845765104,0.0,11.920407577881653
467,11.97805429467903,-1.0681365067450486,2.1198016801015944,-1.6840980126604639,0.11797623103183744,2.187047285657409,1.7333680899343502,0.932416042651666,0.9369469902827391,0.43804904663086724,0.2953877378919616,0.04584257283314378,0.04614792719496842,0.054031335946748076,-0.05384373585486653,0.0073739317773514,-0.06337419828791015,-0.01909996873835693,-0.05286056357492269,-0.024701104423200917,0.002307104341560853,-0.014266628875023874,-0.05286056357492276,-0.019099968738356808,-0.06337419828791019,0.007373931777351413,-0.05384373585486654,0.05403133594674809,0.046147927194968394,0.04584257283314399,0.29538773789196165,0.43804904663086713,0.9369469902827388,0.9324160426516661,1.7333680899343504,2.187047285657408,0.11797623103183728,-1.684098012660464,2.119801680101593,-1.0681365067450486,0.0,11.90929114318947
468,11.98330850640955,-1.0635322738939392,2.0740069214221797,-1.7952195194128104,0.11961877824383678,2.1832486090688494,1.72929796521589,0.9446076278219913,0.9421656093949142,0.4611914413148619,0.3106971396834715,0.06780053101082349,0.058317597238186886,0.06798206272762446,-0.0421000943365008,0.01463974226546506,-0.055150063785618944,-0.016591330701300006,-0.04792286910134762,-0.025896468010533073,0.003853247603593265,-0.01470164968526704,-0.04792286910134768,-0.016591330701299884,-0.05515006378561898,0.01463974226546506,-0.04210009433650081,0.06798206272762446,0.058317597238186844,0.06780053101082367,0.3106971396834716,0.46119144131486184,0.9421656093949142,0.9446076278219915,1.72929796521589,2.18324860906885,0.11961877824383663,-1.7952195194128107,2.0740069214221797,-1.063532273893939,0.0,11.869370878260947
469,11.972381700993218,-1.058866353082061,2.0277309760199795,-1.9054039108882939,0.12115032171953534,2.1762844307177756,1.7216174963817579,0.9541151265129272,0.9438877995526797,0.4821678878518165,0.324205270031181,0.08928291717807664,0.07000051090736399,0.0812669369275654,-0.029878285932493896,0.02171470132454808,-0.04610802899565041,-0.01380496179902054,-0.04208596818119707,-0.026550527105544623,0.005310163328963736,-0.014761411983453553,-0.042085968181197156,-0.013804961799020429,-0.04610802899565047,0.02171470132454809,-0.029878285932493937,0.08126693692756536,0.07000051090736395,0.0892829171780768,0.32420527003118105,0.48216788785181647,0.94388779955268,0.9541151265129272,1.7216174963817579,2.1762844307177756,0.1211503217195352,-1.9054039108882943,2.0277309760199795,-1.0588663530820608,0.0,11.798551956732942
470,11.944641587310755,-1.0541390149463714,1.9809845802962485,-2.0145936701785883,0.12256944021846733,2.1661648479970133,1.7103427183409288,0.9609115233289405,0.9421071696126186,0.5008798720642373,0.33583381534173296,0.11013904783101304,0.08109915505097841,0.093755839403101,-0.017317124204989803,0.028506576043509934,-0.036382191366824405,-0.010787504501612808,-0.035459382198182954,-0.026649610147842485,0.006644114521072921,-0.014444390341378097,-0.03545938219818302,-0.010787504501612685,-0.03638219136682443,0.028506576043509927,-0.017317124204989848,0.09375583940310095,0.08109915505097837,0.11013904783101322,0.3358338153417329,0.5008798720642371,0.9421071696126185,0.9609115233289406,1.710342718340929,2.166164847997013,0.12256944021846718,-2.0145936701785896,1.980984580296249,-1.0541390149463714,0.0,11.694781510296291
471,11.899455874242893,-1.0493505336862132,1.9337785798005969,-2.122731799579291,0.12387481682820518,2.1529045333340657,1.6954971700261792,0.9649775064242815,0.9368303275914293,0.5172395146380225,0.3455153589449183,0.13022263219821156,0.09152089320875115,0.10532644718236578,-0.004559277042931232,0.03492682394855522,-0.026116789452072478,-0.007589469587330118,-0.02816744988549149,-0.026191646040476826,0.00782421160542575,-0.013758676712817403,-0.02816744988549156,-0.007589469587330008,-0.026116789452072495,0.03492682394855522,-0.004559277042931232,0.10532644718236578,0.09152089320875115,0.13022263219821173,0.34551535894491836,0.5172395146380225,0.9368303275914293,0.9649775064242815,1.6954971700261792,2.152904533334066,0.12387481682820506,-2.122731799579292,1.9337785798005973,-1.0493505336862137,0.0,11.556072458636638
472,11.80944702984338,-1.0445011870474068,1.8861239267147363,-2.2297618503430607,0.12506524018642706,2.136522712917497,1.6771118452506517,0.9663015223772646,0.928076856143208,0.5311699838405238,0.35319377194285917,0.14939279836537178,0.10117873881544075,0.11586543156152682,0.0082503537395385,0.040891747289737955,-0.015464063785727197,-0.00426439061654483,-0.020346994281194505,-0.02518620744133046,0.008823127722528282,-0.012721773887013474,-0.020346994281194592,-0.004264390616544725,-0.015464063785727228,0.04089174728973797,0.008250353739538483,0.11586543156152682,0.10117873881544075,0.14939279836537195,0.3531937719428591,0.5311699838405237,0.928076856143208,0.966301522377265,1.6771118452506522,2.136522712917497,0.1250652401864269,-2.22976185034306,1.8861239267147352,-1.0445011870474066,0.0,11.380528032535882
473,11.649478678732592,-1.0395912563061407,1.8380316773114809,-2.3356279521461993,0.12613960560503554,2.117043138820793,1.6552251280004806,0.9648798090191196,0.9158792398871327,0.5426058563545376,0.35882453861815633,0.16751508139057644,0.10999208124696126,0.1252695681065533,0.020966278177277958,0.04632358416913127,-0.004581999087823015,-0.0008679278057950322,-0.012144755432922897,-0.02365431066931798,0.0096177315209517,-0.011360148731283114,-0.012144755432922988,-0.000867927805794932,-0.0045819990878230325,0.04632358416913128,0.02096627817727794,0.1252695681065533,0.10999208124696125,0.16751508139057664,0.35882453861815616,0.5426058563545376,0.9158792398871325,0.9648798090191197,1.655225128000481,2.1170431388207924,0.12613960560503534,-2.3356279521462,1.838031677311481,-1.0395912563061407,0.0,11.16636666397706
474,11.42228026464111,-1.034621026252659,1.7895129893896047,-2.440274842253303,0.1270969160952855,2.0944940545641275,1.6298827122985735,0.9607164061241288,0.9002827448552329,0.5514934245336021,0.3623750145144452,0.18446236647924616,0.11788735864877274,0.1334467476883789,0.03344407060848597,0.05115152228608835,0.006368018720464423,0.00254306369736611,-0.003714637023553409,-0.02162797640788256,0.010189622797322252,-0.009708556626203148,-0.0037146370235534953,0.0025430636973661986,0.006368018720464395,0.05115152228608835,0.033444070608485935,0.13344674768837886,0.1178873586487728,0.18446236647924624,0.3623750145144452,0.551493424533602,0.9002827448552331,0.9607164061241289,1.6298827122985737,2.0944940545641275,0.1270969160952853,-2.4402748422533014,1.7895129893896047,-1.0346210262526594,0.0,10.911946899711811
475,11.130581231299537,-1.0295907851747403,1.7405791196851361,-2.543647894364723,0.12793628329296877,2.06890815416396,1.6011375068068525,0.9538231439306787,0.8813452505076305,0.5577909486355953,0.36382461569313423,0.20011578060309138,0.12479867193068364,0.14031687864883863,0.04554201004083358,0.055312622083874934,0.01722359594272374,0.0059114855420893,0.004785181418825438,-0.0191495603882464,0.010525558579716352,-0.007809154337112488,0.0047851814188253515,0.00591148554208938,0.01722359594272373,0.055312622083874934,0.04554201004083356,0.14031687864883854,0.12479867193068363,0.2001157806030915,0.3638246156931342,0.5577909486355953,0.8813452505076307,0.9538231439306788,1.601137506806853,2.068908154163959,0.12793628329296863,-2.5436478943647236,1.740579119685135,-1.0295907851747403,0.0,10.615791982629263
476,10.77711102243845,-1.024500824840976,1.6912414212597011,-2.645693147131834,0.12865692828279768,2.0403225347298335,1.5690495243661289,0.9442196095258386,0.8591370349386444,0.5614688528500457,0.36316493806910466,0.21436552630899589,0.130668334803267,0.14581267126108619,0.05712268979834524,0.05875263726304485,0.027823739478974062,0.009180951973053766,0.013195212541276903,-0.016270868042900233,0.010617759787881887,-0.00571042396582012,0.013195212541276815,0.009180951973053837,0.027823739478974062,0.05875263726304487,0.05712268979834522,0.14581267126108613,0.13066833480326706,0.214365526308996,0.3631649380691045,0.5614688528500456,0.8591370349386441,0.9442196095258386,1.569049524366129,2.040322534729832,0.12865692828279754,-2.6456931471318343,1.6912414212597005,-1.0245008248409757,0.0,10.276613738733817
477,10.364599081788437,-1.0193514404838486,1.6415113408665252,-2.7463573323251707,0.1292581823212221,2.008778642677115,1.5336857567042124,0.9319330911889859,0.8337405140708749,0.5625098641985222,0.36039980613352307,0.22711165186926097,0.13544735526493137,0.1498802968010682,0.06805457816688747,0.06142672196491247,0.03801124442585534,0.012296733700786863,0.02135765372590648,-0.013052071635409555,0.010464091369123518,-0.0034659354485712664,0.0213576537259064,0.012296733700786915,0.038011244425855344,0.06142672196491247,0.06805457816688743,0.14988029680106812,0.1354473552649314,0.227111651869261,0.360399806133523,0.562509864198522,0.8337405140708749,0.9319330911889858,1.5336857567042126,2.008778642677115,0.12925818232122194,-2.746357332325171,1.6415113408665252,-1.0193514404838488,0.0,9.893335406828282
478,9.895774853080095,-1.014142930782607,1.5914004162946893,-2.8455879026407653,0.12973948745700972,1.974322213633656,1.4951200345738458,0.9169985008526264,0.8052499358051353,0.5609090936557757,0.35554525078129584,0.23826475237115988,0.13909584452084364,0.15247991477475709,0.07821351231267704,0.06330001540590345,0.047635025496156294,0.015206674043545162,0.029119348038026245,-0.009560452501380873,0.01006811173854432,-0.001132979187418905,0.02911934803802618,0.015206674043545202,0.0476350254961563,0.06330001540590345,0.078213512312677,0.152479914774757,0.13909584452084364,0.23826475237115993,0.3555452507812957,0.5609090936557756,0.8052499358051353,0.9169985008526265,1.4951200345738458,1.9743222136336553,0.12973948745700958,-2.845587902640765,1.591400416294689,-1.0141429307826069,0.0,9.465113053237205
479,9.373367780044013,-1.0088755978459412,1.540920273692264,-2.9433330591301483,0.13010039704901308,1.9370032061275015,1.4534328736124487,0.8994582749007318,0.7737710302612502,0.5566740591106487,0.34862941637170863,0.24774659682816352,0.14158334992060262,0.15358606313719897,0.08748410850609332,0.06434809634118135,0.05655235768167859,0.017862062004984216,0.03633465800449067,-0.005868994691069755,0.00943899037878329,0.001228896283017027,0.03633465800449061,0.017862062004984244,0.05655235768167861,0.06434809634118135,0.08748410850609332,0.15358606313719894,0.14158334992060267,0.24774659682816352,0.3486294163717085,0.5566740591106485,0.7737710302612498,0.899458274900732,1.4534328736124489,1.9370032061275009,0.13010039704901294,-2.9433330591301488,1.540920273692263,-1.0088755978459414,0.0,8.991355225118472
480,8.800107306410773,-1.0035497471944594,1.4900826248689505,-3.039541778239713,0.13034057618064326,1.896875729151803,1.4087113062454932,0.8793622535864789,0.7394206174077042,0.5498246500589209,0.3396923975610711,0.2554906769141018,0.14288910913574931,0.15318790768136237,0.09576107263367402,0.06455730143292165,0.06463099292939728,0.020218447672718527,0.04286819829972242,-0.0020548594102097633,0.008591295507346244,0.0035594042674558586,0.04286819829972235,0.02021844767271853,0.06463099292939728,0.06455730143292164,0.09576107263367398,0.15318790768136228,0.14288910913574934,0.2554906769141018,0.33969239756107106,0.5498246500589209,0.7394206174077042,0.8793622535864787,1.4087113062454932,1.896875729151803,0.13034057618064313,-3.039541778239713,1.4900826248689496,-1.0035497471944597,0.0,8.471740513017672
481,8.178722875910964,-0.998165687742968,1.4388992645788454,-3.1341638384453123,0.13045980197066556,1.8539979637119512,1.3610486999844407,0.8567675394120176,0.7023261735362439,0.5403930341939077,0.328786006853331,0.26144267347128575,0.14300222345558516,0.1512893481541398,0.10295039611368487,0.06392490337281553,0.07175112143965663,0.022236386288393254,0.04859737606434973,0.0018022278527267544,0.007544656728401033,0.005799058723358217,0.048597376064349676,0.022236386288393244,0.07175112143965665,0.06392490337281555,0.10295039611368483,0.15128934815413975,0.14300222345558516,0.26144267347128575,0.3287860068533309,0.5403930341939077,0.702326173536244,0.8567675394120173,1.3610486999844407,1.8539979637119512,0.1304598019706654,-3.134163838445312,1.4388992645788445,-0.9981656877429682,0.0,7.9062327161305515
482,7.511943932275162,-0.9927237317825522,1.3873820677839583,-3.227149846468192,0.13045796378002852,1.808432078468678,1.3105445624985954,0.8317383348726858,0.6626253581902732,0.5284235063335013,0.315973474216285,0.2655608375203704,0.14192174875485844,0.1479089800601475,0.10897042363222506,0.06245914643670469,0.07780714849946638,0.02388209853389418,0.05341469119088458,0.005621643799541341,0.006323310480824063,0.007890692637726567,0.05341469119088453,0.02388209853389415,0.07780714849946639,0.0624591464367047,0.10897042363222507,0.1479089800601474,0.14192174875485847,0.26556083752037035,0.3159734742162849,0.5284235063335013,0.6626253581902732,0.8317383348726858,1.3105445624985959,1.8084320784686778,0.13045796378002833,-3.227149846468191,1.3873820677839583,-0.9927237317825522,0.0,7.295093331961718
483,6.802499919233991,-0.9872241949624632,1.3355429868991229,-3.318451263058577,0.13033506331453482,1.7602441395994446,1.257304333867838,0.8043457600267123,0.6204655033026342,0.5139722803931556,0.3013290805048693,0.267816283099448,0.13965670337404387,0.1430799125274345,0.11375278057267246,0.06017913900783766,0.08270926049965911,0.025128035980823436,0.057229753414758194,0.009323552561913605,0.0049555388083077755,0.009780917210849557,0.05722975341475816,0.025128035980823388,0.08270926049965913,0.060179139007837675,0.11375278057267246,0.1430799125274344,0.13965670337404393,0.267816283099448,0.30132908050486923,0.5139722803931556,0.6204655033026343,0.8043457600267125,1.257304333867838,1.7602441395994453,0.13033506331453465,-3.3184512630585776,1.3355429868991229,-0.9872241949624632,0.0,6.6388911253089695
484,6.0531202805180016,-0.9816673962718093,1.2833940490189382,-3.4080204283334496,0.13009121462325823,1.7095040150087992,1.201439166449957,0.7746676504087833,0.576003066438613,0.4971072253817982,0.28493772681676044,0.26819318987831703,0.1362259928464423,0.13684944401902413,0.11724314960485763,0.05711460446987168,0.08638475691116981,0.025953342237889768,0.0599709783627867,0.012830574481643925,0.0034730144476212248,0.011421484601433982,0.05997097836278666,0.025953342237889705,0.08638475691116985,0.057114604469871676,0.11724314960485761,0.13684944401902407,0.13622599284644235,0.268193189878317,0.2849377268167604,0.4971072253817982,0.5760030664386131,0.7746676504087833,1.2014391664499575,1.7095040150087992,0.13009121462325807,-3.408020428333451,1.2833940490189382,-0.9816673962718094,0.0,5.938508569274713
485,5.266534459857809,-0.9760536580210534,1.2309473531273833,-3.4958105866552933,0.12972664399270842,1.6562852730265942,1.1430656928221707,0.7427883358616955,0.5294030501732189,0.47790754666054214,0.266894442276957,0.2666889141267307,0.13165825210037524,0.12927859906654005,0.11940188761357715,0.053305493717110686,0.08877912846662903,0.026344202076828784,0.06158693073505994,0.01606940354962538,0.001910067400454936,0.012770519449156414,0.061586930735059935,0.026344202076828707,0.08877912846662908,0.053305493717110686,0.1194018876135771,0.12927859906654002,0.13165825210037532,0.2666889141267306,0.2668944422769568,0.47790754666054214,0.5294030501732192,0.7427883358616955,1.143065692822171,1.656285273026594,0.12972664399270822,-3.4958105866552933,1.2309473531273831,-0.9760536580210531,0.0,5.195144992734787
486,4.445471900983989,-0.9703833058233181,1.1782150672907548,-3.581775911038811,0.12924168973684186,1.600665075740941,1.082305782281303,0.7087984009145463,0.4808383897574543,0.4564634139611404,0.24730383310496576,0.2633140072582657,0.12599160645355825,0.1204415305633958,0.12020447595945946,0.04880146433350107,0.08985686555735113,0.026294072692653728,0.06204728941730089,0.018972339694804108,0.0003028899724426454,0.013793587740113218,0.062047289417300894,0.026294072692653638,0.08985686555735119,0.048801464333501084,0.12020447595945942,0.12044153056339572,0.12599160645355834,0.26331400725826565,0.24730383310496562,0.4564634139611402,0.48083838975745424,0.7087984009145463,1.0823057822813031,1.6006650757409413,0.12924168973684172,-3.5817759110388114,1.1782150672907548,-0.9703833058233184,0.0,4.410316313729967
487,3.5926620476271474,-0.9646566685755001,1.1252094258345706,-3.6658715270728828,0.12863680188311352,1.5427240671205606,1.0192862864110042,0.6727944273883371,0.4304893113459834,0.4328755379111637,0.22627947615863667,0.2580921418197373,0.11927335339454805,0.11042479347180686,0.11964179895818482,0.04366123323008334,0.08960198485682591,0.02580379322705195,0.06134341641469472,0.02147870389424672,-0.0013113013121656908,0.014464575732458022,0.06134341641469473,0.025803793227051865,0.08960198485682597,0.043661233230083356,0.1196417989581848,0.11042479347180681,0.11927335339454807,0.2580921418197372,0.22627947615863653,0.43287553791116373,0.4304893113459833,0.6727944273883373,1.0192862864110048,1.5427240671205613,0.12863680188311338,-3.6658715270728823,1.1252094258345706,-0.9646566685755003,0.0,3.5858512858703797
488,2.710834343517835,-0.9588740784391918,1.0719427265051114,-3.7480535363452807,0.1279125417548607,1.482546256088738,0.954138774247187,0.6348787199603753,0.37854266316785495,0.40725469705471823,0.2039432604705827,0.25105994544529137,0.11155956780732061,0.09932649705732625,0.11772024741513176,0.03795181118026091,0.08801826636065037,0.024881570721558187,0.05948851893193062,0.023536106524781514,-0.0028951275130983723,0.014766356507715314,0.05948851893193064,0.024881570721558083,0.0880182663606504,0.03795181118026091,0.11772024741513175,0.09932649705732621,0.11155956780732065,0.2510599454452912,0.20394326047058253,0.40725469705471823,0.37854266316785495,0.6348787199603754,0.9541387742471877,1.482546256088738,0.1279125417548605,-3.7480535363452816,1.0719427265051114,-0.9588740784391921,0.0,2.7238842342882488
489,1.802718232386681,-0.9530358708214158,1.0184273276162374,-3.8282790393579025,0.12706958145040664,1.4202188947184125,0.886999257594596,0.5951590154672756,0.3251912221223352,0.3797212175900101,0.18042468059464,0.24226674393986866,0.10291463393403252,0.08725534395437062,0.11446164603951815,0.0317476292318889,0.08512919732749129,0.02354284273564191,0.05651740155824781,0.025101542444318534,-0.0044119128376349775,0.014691227134097515,0.056517401558247846,0.023542842735641806,0.08512919732749134,0.0317476292318889,0.11446164603951815,0.08725534395437061,0.10291463393403259,0.24226674393986852,0.1804246805946399,0.37972121759001015,0.3251912221223353,0.5951590154672756,0.8869992575945962,1.420218894718413,0.12706958145040648,-3.8282790393579025,1.0184273276162374,-0.9530358708214163,0.0,1.8268443081320922
490,0.8710431579642659,-0.9471423843551706,0.9646756451821596,-3.906506157920557,0.12610870321936735,1.355832351725017,0.8180079070679843,0.5537481767725753,0.2706329783731182,0.3504044082671285,0.15586008585920091,0.2317742152941231,0.09341070798250567,0.0743295654746416,0.10990300556245712,0.025129568384737764,0.08097762395245962,0.02181001892941536,0.052485813207391395,0.026142289912760238,-0.005826533921778035,0.01424110528326456,0.05248581320739145,0.021810018929415243,0.08097762395245968,0.02512956838473777,0.10990300556245713,0.0743295654746416,0.09341070798250571,0.231774215294123,0.15586008585920086,0.35040440826712854,0.2706329783731182,0.5537481767725753,0.818007907067985,1.355832351725017,0.12610870321936718,-3.9065061579205564,0.9646756451821594,-0.947142384355171,0.0,0.8974413272313593
491,-0.08146143601884859,-0.9411939608797876,0.9107001500368213,-3.9826940570116314,0.12503079873674022,1.289479981440477,0.7473087594507267,0.5107638720688308,0.21507040059582158,0.31944195310000245,0.1303918898798867,0.21965595705763327,0.08312711586386128,0.060675763586599735,0.10409610237433507,0.018183905182969785,0.07562511593873739,0.019712105936743277,0.04746940106624746,0.026636594562684385,-0.007106233162686132,0.013427480281897719,0.04746940106624753,0.019712105936743156,0.07562511593873746,0.018183905182969785,0.10409610237433513,0.06067576358659979,0.0831271158638613,0.2196559570576331,0.13039188987988656,0.3194419531000025,0.21507040059582172,0.5107638720688306,0.7473087594507276,1.2894799814404767,0.1250307987367401,-3.9826940570116314,0.9107001500368207,-0.9411939608797876,0.0,-0.06135164946807459
492,-1.0520661058320506,-0.9351909454211048,0.856513364940562,-4.056802966094221,0.12383686827544814,1.2212579884583559,0.6750494169818344,0.4663282405254528,0.15870968460547472,0.28697926474461244,0.1041677449144213,0.20599697010497148,0.07214969108717459,0.046427670908261706,0.09710689045593161,0.011001186968442862,0.06915105339114622,0.017284221808197144,0.0415622911798668,0.026574124123007928,-0.00822137726847637,0.012271119847492741,0.041562291179866886,0.017284221808197022,0.06915105339114629,0.011001186968442862,0.09710689045593161,0.046427670908261644,0.07214969108717463,0.20599697010497128,0.10416774491442114,0.2869792647446124,0.15870968460547485,0.46632824052545263,0.6750494169818343,1.2212579884583556,0.12383686827544796,-4.056802966094222,0.8565133649405616,-0.935190945421105,0.0,-1.046318857628322
493,-2.038041407744746,-0.929133686171454,0.8021278616747338,-4.128794199876585,0.12252801977810703,1.1512652881463907,0.6013807391991841,0.4205675452323378,0.10175998815238733,0.25316880158026145,0.07733968584639739,0.19089306241564216,0.060570058337509204,0.031724840858612206,0.0890147522824828,0.003675051457635155,0.061651449573436774,0.014567008151844502,0.034875322306238445,0.025956184390707498,-0.009146143460075322,0.010801539993919201,0.03487532230623852,0.014567008151844385,0.06165144957343681,0.0036750514576351593,0.0890147522824828,0.03172484085861217,0.06057005833750924,0.19089306241564197,0.07733968584639724,0.2531688015802614,0.10175998815238727,0.4205675452323378,0.6013807391991848,1.1512652881463905,0.12252801977810687,-4.128794199876585,0.8021278616747333,-0.9291336861714536,0.0,-2.054025241185124
494,-3.036657898026366,-0.9230225344694636,0.7475562581249448,-4.19863017850609,0.12110546782887831,1.0796033632286648,0.5264565279823207,0.3736118144254499,0.044432654726109154,0.21816935170117918,0.0500632487607016,0.17445017704994323,0.048484868717051946,0.016711280796987242,0.07991159720881459,-0.003698993969189668,0.053237526988339286,0.011605949812352703,0.027533966180088815,0.02479569193621818,-0.009859117435119543,0.009056251637367212,0.027533966180088913,0.011605949812352584,0.05323752698833933,-0.003698993969189681,0.07991159720881459,0.01671128079698719,0.04848486871705198,0.17445017704994298,0.05006324876070144,0.2181693517011792,0.04443265472610922,0.3736118144254499,0.5264565279823213,1.0796033632286648,0.12110546782887815,-4.19863017850609,0.7475562581249442,-0.9230225344694639,0.0,-3.0808424806873704
495,-4.045186132946299,-0.916857844779682,0.6928112153536031,-4.266274447186129,0.11957053252635991,1.0063761166453615,0.45043320645237683,0.32559447201380326,-0.013059570752008464,0.1821452871811337,0.022496569220670986,0.15678364903451816,0.03599499303252056,0.0015340415381893818,0.06990081757595813,-0.011024817352743892,0.04403406789774923,0.008450613476650421,0.019675973209084065,0.023116904113039436,-0.010343789247184113,0.007079803133008498,0.019675973209084156,0.00845061347665031,0.044034067897749274,-0.011024817352743892,0.06990081757595816,0.0015340415381893818,0.03599499303252062,0.15678364903451794,0.022496569220670868,0.1821452871811336,-0.013059570752008464,0.3255944720138031,0.4504332064523771,1.006376116645362,0.11957053252635977,-4.266274447186129,0.6928112153536029,-0.9168578447796821,0.0,-4.122977331826306
496,-5.060896668773978,-0.9106399746720155,0.6379054346624501,-4.331691695205734,0.11792463825856227,0.9316897209034326,0.3734694923994964,0.27665195845769797,-0.07050333143704289,0.14526579211333718,-0.005200534525266193,0.1380173963700124,0.02320467986218889,-0.013658222941622378,0.05909611439564093,-0.01820691538181997,0.03417756374557643,0.0051538179515205305,0.011448787777693906,0.02095491201505984,-0.010588935617536646,0.004922643181552166,0.011448787777694008,0.005153817951520428,0.03417756374557647,-0.01820691538181997,0.05909611439564094,-0.013658222941622363,0.023204679862188916,0.1380173963700122,-0.005200534525266296,0.14526579211333718,-0.07050333143704296,0.27665195845769786,0.3734694923994969,0.9316897209034328,0.11792463825856213,-4.331691695205735,0.6379054346624501,-0.9106399746720154,0.0,-5.176501934952708
497,-6.08106006177881,-0.9043692848009891,0.5828516546457484,-4.394847774371983,0.11616931238110606,0.8556524641366132,0.2957260669195577,0.226923343075478,-0.12768545033961262,0.1077040680510927,-0.03286748809234303,0.11828305083533347,0.010220685429846735,-0.028716711501260785,0.0476202059503617,-0.02515165842500552,0.023814190928150937,0.0017707500022768195,0.003006781656970542,0.018354906980129863,-0.010588879826433577,0.0026398331299205906,0.0030067816569706407,0.0017707500022767194,0.02381419092815097,-0.025151658425005528,0.0476202059503617,-0.028716711501260754,0.010220685429846775,0.11828305083533323,-0.03286748809234318,0.10770406805109274,-0.12768545033961257,0.22692334307547773,0.29572606691955833,0.8556524641366132,0.1161693123811059,-4.394847774371984,0.5828516546457487,-0.9043692848009891,0.0,-6.2373857267537
498,-7.102946868230195,-0.8980461388848276,0.5276626482348286,-4.455709716835554,0.11430618379986775,0.7783745930979818,0.2173652389520032,0.17654992888043106,-0.18439372143753735,0.06963652058076666,-0.06034389189191798,0.09771903468529941,-0.00284861745167122,-0.04349393327225079,0.03560343397658597,-0.03176851113611699,0.01309764293242192,-0.001641959447041784,-0.005491642568513527,0.015371235971893016,-0.010343623165798814,0.00028964153447461386,-0.005491642568513428,-0.001641959447041868,0.013097642932421955,-0.03176851113611698,0.035603433976585996,-0.04349393327225072,-0.0028486174516711552,0.0977190346852992,-0.060343891891918064,0.06963652058076678,-0.18439372143753727,0.17654992888043097,0.21736523895200333,0.7783745930979825,0.11430618379986761,-4.455709716835554,0.5276626482348286,-0.8980461388848275,0.0,-7.301528561229922
499,-8.123827644397544,-0.8916709036843593,0.4723512197346573,-4.514245752300143,0.11233698145938906,0.6999681533127067,0.13855060641913516,0.12567485107068546,-0.2404176971841809,0.031241930847279352,-0.08747045105055601,0.07646958971797756,-0.015894143930054058,-0.057845152263060425,0.023182283261835412,-0.037971212720892975,0.0021868509923166075,-0.005027183287996767,-0.013887023706375842,0.01206626558488677,-0.009858844909307364,-0.0020679431395430603,-0.013887023706375741,-0.00502718328799684,0.002186850992316642,-0.03797121272089295,0.023182283261835447,-0.057845152263060355,-0.015894143930054005,0.07646958971797733,-0.08747045105055615,0.031241930847279352,-0.24041769718418105,0.12567485107068546,0.13855060641913552,0.6999681533127072,0.11233698145938888,-4.514245752300144,0.4723512197346579,-0.8916709036843592,0.0,-8.364794629087234
500,-9.140972946550288,-0.8852439489817414,0.4169302018531396,-4.570425324606748,0.11026353273845223,0.6205468266227465,0.05944671467433857,0.07444267031298275,-0.2955494694909993,-0.00729938407702193,-0.11408989892450629,0.0546837655221085,-0.02880700760622498,-0.07162980498059762,0.010497831469876782,-0.04367890147836638,-0.008756372933047608,-0.008328254507962879,-0.022021834025447835,0.008509078418203213,-0.009145770800566689,-0.004372743719110416,-0.022021834025447745,-0.008328254507962941,-0.008756372933047582,-0.04367890147836638,0.010497831469876824,-0.07162980498059757,-0.02880700760622493,0.054683765522108276,-0.11408989892450641,-0.007299384077021724,-0.2955494694909992,0.07444267031298261,0.059446714674338846,0.620546826622747,0.11026353273845206,-4.570425324606749,0.4169302018531399,-0.8852439489817413,0.0,-9.423046752939511
501,-10.151653330957817,-0.8787656475590129,0.36141245272381994,-4.624219107684163,0.10808776175431069,0.5402257663590476,-0.01978128702769933,0.022998961976006187,-0.3495844412860136,-0.045806418036847464,-0.1400479088554869,0.03251437400133315,-0.041479429370632655,-0.08471287718403174,-0.0023058531993247,-0.048817168956798634,-0.019569735903603357,-0.011489914768559182,-0.029743435046069456,0.004774029066938808,-0.008220913104742666,-0.0065659303412806715,-0.02974343504606939,-0.011489914768559225,-0.019569735903603346,-0.04881716895679861,-0.0023058531993246567,-0.08471287718403173,-0.0414794293706326,0.03251437400133291,-0.14004790885548707,-0.0458064180368475,-0.34958444128601374,0.022998961976005844,-0.01978128702769895,0.540225766359048,0.10808776175431058,-4.624219107684164,0.36141245272381994,-0.8787656475590131,0.0,-10.472180630506536
502,-11.15313935388955,-0.8722363751764719,0.305810852922689,-4.675599020857362,0.10581168757714825,0.459121430380223,-0.09896799032156386,-0.028510097519548583,-0.4023220857849186,-0.08409832587467342,-0.16519398888185902,0.010116917508483994,-0.053805636997388356,-0.09696622628627884,-0.015083348315736737,-0.05331902998164094,-0.03009287087573744,-0.014459239403553426,-0.03690694159033237,0.0009391899150208013,-0.0071056882431118065,-0.00859152208104764,-0.036906941590332296,-0.014459239403553462,-0.030092870875737428,-0.05331902998164095,-0.015083348315736728,-0.09696622628627878,-0.05380563699738833,0.010116917508483736,-0.16519398888185913,-0.08409832587467353,-0.4023220857849188,-0.02851009751954872,-0.09896799032156321,0.4591214303802235,0.10581168757714811,-4.675599020857362,0.3058108529226893,-0.8722363751764721,0.0,-11.508158599366181
503,-12.142701571614904,-0.8656565105508798,0.25013830247978863,-4.7245382435057826,0.10343742235642397,0.3773514122197909,-0.17794807306264646,-0.07993814605878177,-0.4535666906571276,-0.12199527275533575,-0.18938235421808786,-0.012351501891692034,-0.06568274798765429,-0.10826983645084502,-0.027689528906543925,-0.05712579590972544,-0.04016971501778332,-0.01718652335222141,-0.043377940352324854,-0.002915280783559709,-0.005825920864766127,-0.010397815860282553,-0.04337794035232479,-0.01718652335222143,-0.040169715017783304,-0.057125795909725455,-0.0276895289065439,-0.10826983645084495,-0.06568274798765426,-0.012351501891692327,-0.1893823542180879,-0.12199527275533582,-0.4535666906571277,-0.07993814605878187,-0.17794807306264618,0.3773514122197912,0.10343742235642384,-4.7245382435057826,0.25013830247978863,-0.8656565105508801,0.0,-12.527042504751465
504,-13.117610540403273,-0.8590264353334952,0.19440771788629305,-4.771011229063847,0.10096716936084149,0.29503427058679255,-0.2565566444786718,-0.1311390517180462,-0.5031280843251115,-0.15931927874572763,-0.21247277244427806,-0.034733284380639745,-0.07701162829350157,-0.1185129940909402,-0.03998121576495508,-0.06018783972548133,-0.04965082419211138,-0.01962611319806461,-0.04903501197816266,-0.006708814423701399,-0.004411245839409721,-0.011938706164948285,-0.04903501197816259,-0.019626113198064614,-0.04965082419211136,-0.06018783972548132,-0.039981215764955044,-0.11851299409094013,-0.07701162829350154,-0.034733284380639884,-0.21247277244427812,-0.15931927874572768,-0.5031280843251115,-0.1311390517180465,-0.25655664447867155,0.2950342705867929,0.10096716936084135,-4.771011229063847,0.19440771788629305,-0.8590264353334954,0.0,-13.525025266226274
505,-14.075136816524102,-0.852346534087937,0.138632029097779,-4.814993718356418,0.09840322093376144,0.21228935746699873,-0.334629589420624,-0.18196732799631812,-0.5508223417016945,-0.1958950546831,-0.2343313765057841,-0.056871437835487613,-0.08769771975477314,-0.12759537225739678,-0.051818801659276395,-0.062465243004977765,-0.05839558927900551,-0.02173717138495977,-0.05377200933245755,-0.01036211614556691,-0.002894422018971025,-0.01317486188490753,-0.053772009332457515,-0.021737171384959758,-0.058395589279005525,-0.062465243004977765,-0.05181880165927637,-0.1275953722573967,-0.08769771975477311,-0.056871437835487766,-0.2343313765057841,-0.19589505468310003,-0.5508223417016946,-0.18196732799631837,-0.33462958942062326,0.21228935746699912,0.09840322093376133,-4.814993718356419,0.13863202909777872,-0.8523465340879371,0.0,-14.498460759572792
506,-15.01255095624676,-0.845617194267878,0.08282417653436823,-4.856462752262238,0.09574795636595462,0.12923664507394153,-0.4120039109943682,-0.23227854721260982,-0.5964724667462789,-0.2315508254063784,-0.25483144080951725,-0.0786106790159912,-0.0976518293426287,-0.1354280132943195,-0.06306783697199984,-0.06392831631362705,-0.06627432147324434,-0.02348435981813092,-0.057500049202700194,-0.013798822306321075,-0.0013105736588759566,-0.01407473023757651,-0.05750004920270016,-0.0234843598181309,-0.06627432147324436,-0.06392831631362704,-0.06306783697199987,-0.13542801329431944,-0.0976518293426287,-0.0786106790159914,-0.2548314408095173,-0.2315508254063784,-0.5964724667462789,-0.23227854721261024,-0.41200391099436773,0.12923664507394164,0.09574795636595451,-4.856462752262238,0.08282417653436795,-0.8456171942678782,0.0,-15.443891656518066
507,-15.927123515840686,-0.8388388061945724,0.026997108078443986,-4.895396683698725,0.09300383968766968,0.04599655190067272,-0.4885180708576311,-0.28192975089476585,-0.6399090493069904,-0.26611913648425517,-0.27385411591752,-0.09979852276489262,-0.10679087362223462,-0.14193420013781363,-0.07360055675944241,-0.06455798625336871,-0.07317017562749946,-0.024838431406793888,-0.060149180069975425,-0.01694709668170175,0.00030362293502751806,-0.014615342150347807,-0.0601491800699754,-0.024838431406793846,-0.0731701756274995,-0.06455798625336871,-0.07360055675944238,-0.14193420013781355,-0.10679087362223458,-0.09979852276489279,-0.2738541159175201,-0.266119136484255,-0.6399090493069907,-0.28192975089476624,-0.4885180708576312,0.04599655190067296,0.09300383968766954,-4.895396683698725,0.026997108078443986,-0.8388388061945727,0.0,-16.358074896556413
508,-16.816125051575288,-0.8320117630342155,-0.028836223929365037,-4.931775188921879,0.09017341738206418,-0.03731023187553798,-0.5640123264718886,-0.3307798559935249,-0.6809708938111699,-0.29943764065132555,-0.2912891175784098,-0.12028635158173796,-0.11503857222083168,-0.14705020772382593,-0.08329733188781079,-0.06434604411358215,-0.07898088311850202,-0.02577671964633473,-0.061669694652596106,-0.01974113203259979,0.0019107886995232712,-0.014782898544456153,-0.0616696946525961,-0.025776719646334687,-0.07898088311850203,-0.06434604411358215,-0.08329733188781072,-0.14705020772382582,-0.11503857222083166,-0.12028635158173814,-0.29128911757840986,-0.29943764065132555,-0.6809708938111703,-0.3307798559935253,-0.5640123264718879,-0.03731023187553753,0.09017341738206404,-4.931775188921879,-0.02883622392936476,-0.8320117630342151,0.0,-17.23800450153848
509,-17.676826119719962,-0.8251364607751384,-0.08466286569523342,-4.965579278135395,0.08725931602212142,-0.12056291938242267,-0.6383290646050626,-0.37869005576760023,-0.7195056174711061,-0.33134986025883495,-0.3070353661020215,-0.13993045806786178,-0.12232608451304851,-0.15072592714541008,-0.09204802776389392,-0.0632952528841832,-0.08362026853679141,-0.026283518044652992,-0.06203306259458724,-0.022122525649945813,0.0034737073804469907,-0.014573122555434984,-0.06203306259458724,-0.026283518044652922,-0.08362026853679147,-0.06329525288418317,-0.09204802776389391,-0.15072592714541003,-0.1223260845130485,-0.13993045806786195,-0.3070353661020215,-0.3313498602588348,-0.719505617471106,-0.37869005576760056,-0.6383290646050621,-0.12056291938242235,0.08725931602212131,-4.965579278135395,-0.08466286569523288,-0.8251364607751386,0.0,-18.080931484267175
510,-18.506497276544145,-0.818213298204841,-0.1404698649775282,-4.996791305403457,0.0842642398332454,-0.2036408021821322,-0.7113131303887544,-0.4255242142006708,-0.7553702157850299,-0.3617059221592465,-0.32100157237046545,-0.15859305293053497,-0.12859258420927208,-0.15292535644608743,-0.09975325522811392,-0.06141931123582515,-0.08701952770685467,-0.026350343041256007,-0.061232465798409075,-0.024041500125387107,0.004956187329026427,-0.013991368699763092,-0.06123246579840911,-0.026350343041255934,-0.0870195277068547,-0.06141931123582514,-0.0997532552281139,-0.15292535644608737,-0.12859258420927208,-0.15859305293053508,-0.32100157237046545,-0.36170592215924646,-0.7553702157850299,-0.425524214200671,-0.7113131303887545,-0.20364080218213185,0.08426423983324527,-4.996791305403457,-0.14046986497752792,-0.818213298204841,0.0,-18.884380646366587
511,-19.302409078317226,-0.8112426768868594,-0.19624427409183448,-5.025394977862007,0.0811909681837957,-0.28642342528693127,-0.782812151243027,-0.47114925282955084,-0.7884315932347733,-0.3903632615733069,-0.33310676708819137,-0.17614323147585176,-0.13378576705119075,-0.15362695324221026,-0.10632549940246887,-0.058742674936777345,-0.08912824808404092,-0.025976076017965463,-0.05928292635714018,-0.025457943830427387,0.006323899571997803,-0.013052486201230755,-0.05928292635714022,-0.025976076017965376,-0.08912824808404093,-0.058742674936777366,-0.10632549940246885,-0.15362695324221018,-0.13378576705119072,-0.17614323147585187,-0.3331067670881914,-0.3903632615733069,-0.7884315932347735,-0.4711492528295511,-0.7828121512430265,-0.2864234252869307,0.0811909681837956,-5.025394977862007,-0.19624427409183476,-0.811242676886859,0.0,-19.646164107420322
512,-20.061832081308637,-0.8042250011374753,-0.2519731529149249,-5.051375364223732,0.07804235300589174,-0.368790761807415,-0.8526768549924602,-0.5154355288843766,-0.8185670572106344,-0.41718729163395274,-0.3432807702027251,-0.19245789181110268,-0.13786228737695316,-0.152823845720557,-0.11169011367207465,-0.05530023803458555,-0.08991515639530673,-0.02516698202404557,-0.05622102468564956,-0.0263422493552706,0.0075451727487693635,-0.01178043996560962,-0.05622102468564962,-0.02516698202404547,-0.08991515639530677,-0.05530023803458555,-0.1116901136720747,-0.15282384572055696,-0.13786228737695316,-0.19245789181110273,-0.3432807702027252,-0.4171872916339526,-0.818567057210634,-0.5154355288843767,-0.85267685499246,-0.3687907618074147,0.07804235300589164,-5.051375364223732,-0.2519731529149246,-0.8042250011374753,0.0,-20.36439145601626
513,-20.782036841787757,-0.7971606780022641,-0.3076435718869765,-5.074718902572281,0.07482131614887903,-0.45062338698002413,-0.9207613815093323,-0.5582572036663274,-0.8456647733304735,-0.44205203546260113,-0.3514645977746003,-0.2074225983161031,-0.14078811991208912,-0.15052389994453638,-0.11578616751080324,-0.05113687795879857,-0.0893685824359419,-0.023936604902303354,-0.05210421313963746,-0.026675932381785544,0.008591726507709152,-0.010207698878219741,-0.052104213139637506,-0.02393660490230325,-0.08936858243594197,-0.051136877958798566,-0.11578616751080324,-0.1505238999445363,-0.14078811991208912,-0.20742259831610318,-0.35146459777460043,-0.44205203546260097,-0.8456647733304735,-0.5582572036663275,-0.9207613815093325,-0.45062338698002363,0.07482131614887894,-5.074718902572283,-0.30764357188697544,-0.7971606780022639,0.0,-21.03747646306472
514,-21.460293916024018,-0.7900501172324852,-0.36324261501133176,-5.095413407441663,0.07153084666791379,-0.5318026513215346,-0.9869235872332954,-0.599492600116144,-0.8696241804633228,-0.4648407178093281,-0.35761080393765565,-0.22093238432684742,-0.14253884376645046,-0.14674964280976646,-0.11856713852153528,-0.04630687047504291,-0.08749663214396204,-0.02230554057169937,-0.04700973800153489,-0.026452018054513544,0.009439326378702291,-0.008374407038052657,-0.047009738001534976,-0.022305540571699263,-0.08749663214396206,-0.04630687047504291,-0.11856713852153528,-0.1467496428097664,-0.14253884376645048,-0.2209323843268475,-0.35761080393765565,-0.4648407178093281,-0.8696241804633229,-0.599492600116144,-0.9869235872332957,-0.5318026513215341,0.07153084666791365,-5.0954134074416615,-0.363242615011331,-0.7900501172324851,0.0,-21.664140347745228
515,-22.093873860286838,-0.7828937312613145,-0.4187573828511221,-5.1134480761771295,0.06817399805018196,-0.6122108526594661,-1.0510253419317812,-0.63902454855742,-0.8903563639173336,-0.48544631347834605,-0.3616837559671724,-0.23289248840123797,-0.14309984626675076,-0.1415380414036446,-0.12000144083093205,-0.04087318211741375,-0.08432706738539641,-0.020301092261608495,-0.04103319006070831,-0.025675186773546143,0.010068344957453979,-0.00632735908263779,-0.0410331900607084,-0.020301092261608374,-0.08432706738539647,-0.04087318211741376,-0.12000144083093205,-0.14153804140364457,-0.1430998462667508,-0.23289248840123808,-0.36168375596717234,-0.4854463134783458,-0.8903563639173336,-0.63902454855742,-1.0510253419317819,-0.6122108526594656,0.06817399805018183,-5.113448076177128,-0.4187573828511218,-0.782893731261314,0.0,-22.24341163585592
516,-22.68004723084563,-0.775691935179923,-0.4741749955220384,-5.128813494574232,0.06475388538132677,-0.6917314067889785,-1.112932817081577,-0.6767407196322399,-0.9077843854071415,-0.5037720499631427,-0.3636598408611439,-0.2432190190025159,-0.14246644492338464,-0.13494014092997664,-0.12007278383729399,-0.0349066493234082,-0.07990689423331007,-0.017956813468942928,-0.03428671098432902,-0.024361676361817027,0.010464216406501746,-0.004118805758408545,-0.034286710984329095,-0.017956813468942814,-0.07990689423331014,-0.034906649323408215,-0.12007278383729399,-0.13494014092997658,-0.1424664449233847,-0.24321901900251594,-0.363659840861144,-0.5037720499631426,-0.9077843854071415,-0.6767407196322399,-1.112932817081577,-0.6917314067889788,0.0647538853813267,-5.128813494574232,-0.4741749955220384,-0.775691935179923,0.0,-22.774622698378238
517,-23.216084583969767,-0.7684451467134007,-0.5294825956805739,-5.141501641793092,0.061273682454714005,-0.7702490165088253,-1.1725167652695014,-0.7125339434831361,-0.921843568576118,-0.5197318619306989,-0.36352760223701847,-0.2518395429381153,-0.14064392651351393,-0.12702056474502568,-0.11878035723689842,-0.028485054972632,-0.07430166584656657,-0.015311946288814363,-0.026896889133881316,-0.022538942651769825,0.01061777374830685,-0.0018051202242954268,-0.02689688913388141,-0.01531194628881425,-0.07430166584656661,-0.028485054972632012,-0.11878035723689842,-0.12702056474502565,-0.14064392651351393,-0.25183954293811533,-0.36352760223701847,-0.5197318619306989,-0.9218435685761184,-0.7125339434831361,-1.1725167652695012,-0.7702490165088247,0.06127368245471393,-5.141501641793091,-0.5294825956805741,-0.7684451467134007,0.0,-23.25740310395396
518,-23.69925647592872,-0.7611537861965255,-0.5846673515070308,-5.1515058945453225,0.057736618826217834,-0.847649838791269,-1.2296527900288634,-0.7463025142744134,-0.9324817390139304,-0.5332507954203347,-0.36128780675025235,-0.25869359342646564,-0.13764750295420694,-0.11785688140189357,-0.11613884022731416,-0.021692114368010378,-0.06759451028695443,-0.012410764520808875,-0.01900238430940586,-0.02024508558603576,0.010525461139914162,0.0005546408689524884,-0.019002384309405956,-0.012410764520808758,-0.06759451028695447,-0.021692114368010367,-0.11613884022731415,-0.11785688140189352,-0.13764750295420697,-0.2586935934264657,-0.36128780675025224,-0.5332507954203347,-0.9324817390139302,-0.7463025142744137,-1.2296527900288639,-0.8476498387912687,0.05773661882621774,-5.1515058945453225,-0.5846673515070305,-0.7611537861965253,0.0,-23.691669961970735
519,-24.12683346299186,-0.7538182765493837,-0.6397164596826113,-5.158821030551428,0.05414597681726021,-0.9238216498435929,-1.2842216055483506,-0.7779504791875477,-0.9396594178786737,-0.544265359858898,-0.3569534396496131,-0.2637330942280198,-0.13350218433394287,-0.1075388449027404,-0.11217823478316256,-0.01461638387878833,-0.05988489769258682,-0.009301832546958407,-0.010751325989871786,-0.017528052828130882,0.010189416213652845,0.002900244795374586,-0.010751325989871885,-0.009301832546958296,-0.059884897692586876,-0.014616383878788343,-0.11217823478316259,-0.10753884490274042,-0.13350218433394292,-0.26373309422801977,-0.3569534396496131,-0.544265359858898,-0.9396594178786737,-0.7779504791875479,-1.2842216055483506,-0.9238216498435928,0.05414597681726011,-5.158821030551429,-0.6397164596826116,-0.7538182765493838,0.0,-24.077615472396925
520,-24.49608610142861,-0.7464390432528409,-0.694617148359893,-5.1634432312668626,0.050505088468884865,-0.9986540078218685,-1.3361092857111376,-0.8073879110694839,-0.9433499684050513,-0.5527238262390856,-0.35054962949500135,-0.2669226968655312,-0.12824257016224208,-0.09616751560021648,-0.10694352489795557,-0.007350106472828038,-0.051287165090947946,-0.0060371923874336245,-0.002298533888103566,-0.014444637529810022,0.00961742057715955,0.00517182018963795,-0.002298533888103665,-0.006037192387433514,-0.051287165090948,-0.007350106472828038,-0.10694352489795561,-0.09616751560021647,-0.1282425701622421,-0.26692269686553116,-0.35054962949500135,-0.5527238262390856,-0.9433499684050515,-0.8073879110694843,-1.3361092857111372,-0.998654007821868,0.05050508846888478,-5.163443231266862,-0.6946171483598935,-0.746439043252841,0.0,-24.41569193379821
521,-24.80428494750835,-0.7390165143238595,-0.7493566801260011,-5.165370083875334,0.04681733244969264,-1.0720384129610718,-1.3852075019442895,-0.8345311639591111,-0.9435396947548906,-0.5585864700605231,-0.34211350247423683,-0.26824002856822393,-0.12191256057978792,-0.08385427035846735,-0.1004941656622931,1.1990811544716384e-05,-0.04192882072927375,-0.0026714925422535213,0.006197387027289803,-0.011059291204383495,0.008822719618967866,0.007311385259173405,0.006197387027289706,-0.0026714925422534185,-0.041928820729273814,1.1990811544707771e-05,-0.10049416566229315,-0.08385427035846738,-0.12191256057978797,-0.2682400285682239,-0.3421135024742368,-0.558586470060523,-0.9435396947548904,-0.8345311639591113,-1.3852075019442895,-1.0720384129610712,0.046817332449692585,-5.165370083875334,-0.7493566801260005,-0.7390165143238594,0.0,-24.70659449158842
522,-25.048700557500542,-0.7315511202906755,-0.8039223549577926,-5.164600582548308,0.043086130920507386,-1.1438684648893687,-1.4314137493818822,-0.8593031107658343,-0.9402278928431601,-0.561825757892656,-0.33169396716341465,-0.26767584920070525,-0.11456498993946738,-0.07071971166872315,-0.09290340798139768,0.007373931777351408,-0.03194865306981064,0.0007389267982192329,0.01457702253508214,-0.007442776520075767,0.007823715792326883,0.009264327765107713,0.014577022535082038,0.0007389267982193222,-0.031948653069810685,0.007373931777351408,-0.09290340798139768,-0.07071971166872314,-0.11456498993946743,-0.26767584920070514,-0.33169396716341454,-0.5618257578926559,-0.9402278928431603,-0.8593031107658344,-1.4314137493818824,-1.143868464889368,0.043086130920507296,-5.164600582548308,-0.8039223549577924,-0.7315511202906751,0.0,-24.95124193408671
523,-25.226603487674602,-0.7240432941678245,-0.8583015131683719,-5.161135128970064,0.03931494635868178,-1.2140400168984846,-1.4746315608696716,-0.8816333624248887,-0.9334268529508675,-0.5624264766832697,-0.31935143097868357,-0.2652341160758758,-0.10626118581669974,-0.05689248640417529,-0.08425746660174742,0.014639742265465069,-0.02149467249440462,0.004136976860862483,0.02268314034910489,-0.0036706881735984807,0.006643542479706989,0.010980798995588948,0.0226831403491048,0.004136976860862562,-0.021494672494404662,0.014639742265465066,-0.0842574666017474,-0.056892486404175255,-0.10626118581669977,-0.26523411607587577,-0.31935143097868357,-0.5624264766832698,-0.9334268529508675,-0.8816333624248888,-1.4746315608696716,-1.2140400168984837,0.03931494635868169,-5.161135128970064,-0.858301513168372,-0.7240432941678241,0.0,-25.150755864040114
524,-25.335264294299886,-0.7164934714310273,-0.9124815383442355,-5.154975532127995,0.03550727834499058,-1.2824513269464728,-1.514770708364525,-0.9014584679066675,-0.9231618141151443,-0.5603858052053534,-0.30515744996332206,-0.2609319561972237,-0.09707045712983833,-0.04250802578388611,-0.07465454089624395,0.021714701324548086,-0.010721916243868961,0.007465775928292738,0.030363640364924553,0.0001781272384179741,0.005309528305778204,0.012416986150439721,0.030363640364924473,0.007465775928292809,-0.010721916243868989,0.021714701324548096,-0.07465454089624396,-0.0425080257838861,-0.09707045712983839,-0.2609319561972236,-0.3051574499633219,-0.5603858052053533,-0.9231618141151439,-0.9014584679066678,-1.5147707083645252,-1.2824513269464723,0.0355072783449905,-5.154975532127994,-0.9124815383442356,-0.7164934714310274,0.0,-25.30643858769146
525,-25.371953533645826,-0.7089020899919304,-0.9664498602723892,-5.146125007368326,0.03166666031609248,-1.3490032051739507,-1.5517473913081328,-0.9187220945117428,-0.9094708704657753,-0.5557133273067634,-0.28919431394047673,-0.2547995461251999,-0.08706951564312389,-0.027707218887196412,-0.06420369952969698,0.028506576043509934,0.00020985085413191958,0.010669601511350229,0.037474408608218296,0.004023219321279228,0.003852564303470977,0.013536230659615055,0.03747440860821822,0.010669601511350284,0.00020985085413189805,0.02850657604350993,-0.06420369952969701,-0.027707218887196412,-0.08706951564312393,-0.2547995461251997,-0.2891943139404767,-0.5557133273067634,-0.9094708704657755,-0.9187220945117429,-1.5517473913081328,-1.3490032051739504,0.03166666031609243,-5.146125007368326,-0.966449860272389,-0.7089020899919305,0.0,-25.419750072098438
526,-25.359599824069377,-0.7012695901727051,-1.0201939578567387,-5.134588174717674,0.027796656285574407,-1.41359915771991,-1.5854844115817401,-0.9333751879392687,-0.8924048298557664,-0.5484309869004608,-0.2715545694366486,-0.24687990031032905,-0.07634183568069881,-0.012635032710938536,-0.053023641672436866,0.03492682394855522,0.011138505769441025,0.013694823116663198,0.04388202133444879,0.007784215507691832,0.002306388587307136,0.014309963890469474,0.04388202133444872,0.01369482311666324,0.011138505769441013,0.03492682394855522,-0.053023641672436894,-0.012635032710938536,-0.07634183568069887,-0.24687990031032891,-0.2715545694366485,-0.5484309869004608,-0.8924048298557666,-0.9333751879392688,-1.58548441158174,-1.4135991577199096,0.02779665628557437,-5.134588174717674,-1.0201939578567385,-0.7012695901727051,0.0,-25.4922843242158
527,-25.323374061691656,-0.6935964146805086,-1.0737013620230882,-5.120371056471363,0.023900857536621082,-1.476145526628594,-1.6159113346766185,-0.9453761116739432,-0.8720270253105759,-0.5385729849067058,-0.2523404831417822,-0.23722856937774495,-0.06497695739592471,0.0025609077146496635,-0.041241348832014725,0.04089174728973796,0.021901971626972522,0.01649079999521279,0.049466248541142684,0.011382501056430157,0.0007068050984274371,0.014718436359975226,0.049466248541142635,0.016490799995212815,0.02190197162697252,0.04089174728973796,-0.04124134883201474,0.002560907714649638,-0.06497695739592477,-0.23722856937774478,-0.25234048314178215,-0.5385729849067057,-0.8720270253105759,-0.9453761116739435,-1.6159113346766185,-1.4761455266285937,0.023900857536621033,-5.120371056471363,-1.0737013620230875,-0.6935964146805086,0.0,-25.525745542314226
528,-25.263910219428407,-0.6858830085818047,-1.1269596586120685,-5.103481074049761,0.019982879289379057,-1.5365516256445775,-1.6429646367438053,-0.9546907652954574,-0.8484130799957371,-0.5261856186312138,-0.23166344901655878,-0.22591325047946784,-0.05306973941136666,0.017731765244207335,-0.0289906426152941,0.04632358416913126,0.03234062137977501,0.01901072884402095,0.0541223099178227,0.014742862307801603,-0.0009091454875923383,0.014751221838804018,0.05412230991782265,0.019010728844020962,0.032340621379774996,0.04632358416913126,-0.02899064261529414,0.017731765244207318,-0.05306973941136673,-0.2259132504794677,-0.23166344901655872,-0.5261856186312138,-0.8484130799957372,-0.9546907652954575,-1.6429646367438053,-1.5365516256445773,0.01998287928937902,-5.103481074049761,-1.1269596586120676,-0.6858830085818047,0.0,-25.521924381806535
529,-25.18184227019533,-0.6781298192765505,-1.1799564912593241,-5.083927044124246,0.016046357346107574,-1.5947298716991662,-1.6665878372161038,-0.9612926813742566,-0.8216506265750865,-0.5113270643336194,-0.20964334248419653,-0.2130133124475238,-0.04071956706739476,0.03272894840763549,-0.01641066480166703,0.05115152228608835,0.04229964515004004,0.02121242727084452,0.0577628409038089,0.017795058847536266,-0.0025040434913047808,0.014407483480053239,0.057762840903808864,0.021212427270844512,0.04229964515004004,0.05115152228608834,-0.016410664801667082,0.03272894840763545,-0.0407195670673948,-0.21301331244752364,-0.20964334248419647,-0.5113270643336194,-0.8216506265750867,-0.9612926813742566,-1.666587837216104,-1.5947298716991658,0.016046357346107536,-5.083927044124245,-1.1799564912593232,-0.6781298192765504,0.0,-25.48267466375293
530,-25.077804186908146,-0.6703372964722429,-1.2326795642622923,-5.061719174014851,0.012094944717229808,-1.6505959118974778,-1.6867316167254616,-0.9651631006782923,-0.7918389820010775,-0.49406710400739745,-0.18640782545084175,-0.19861923907861423,-0.028029522887871954,0.04740556679420711,-0.0036442969905070904,0.05531262208387492,0.05163134612932241,0.023059039907054543,0.06031953196352999,0.020475291716728548,-0.004040956736338559,0.01369599517970076,0.060319531963529974,0.023059039907054518,0.051631346129322415,0.05531262208387492,-0.0036442969905071333,0.047405566794207064,-0.028029522887872024,-0.19861923907861406,-0.18640782545084159,-0.4940671040073975,-0.7918389820010775,-0.9651631006782924,-1.686731616725462,-1.6505959118974773,0.01209494471722977,-5.061719174014849,-1.2326795642622912,-0.6703372964722428,0.0,-25.409890835583315
531,-24.952429942482617,-0.6625058921578374,-1.2851166454329062,-5.036869056361985,0.008132308231415255,-1.70406874582207,-1.7033539200695476,-0.9662910254770599,-0.7590887789440468,-0.474486797654399,-0.1620916061837052,-0.18283199445529452,-0.015105526186758044,0.06161786977559459,0.009163462227721275,0.058752637263044846,0.06019733098873783,0.024519655348712515,0.061744410320607714,0.02272753697837016,-0.005484295767505385,0.012634917623564276,0.061744410320607714,0.024519655348712477,0.06019733098873786,0.058752637263044846,0.009163462227721257,0.06161786977559457,-0.015105526186758105,-0.1828319944552943,-0.16209160618370513,-0.47448679765439894,-0.7590887789440468,-0.9662910254770599,-1.7033539200695476,-1.7040687458220705,0.008132308231415258,-5.036869056361986,-1.285116645432906,-0.6625058921578375,0.0,-25.305486470345134
532,-24.80635350983444,-0.6546360605775292,-1.3372555689355654,-5.009389663075011,0.004162125132838973,-1.755070842975807,-1.7164200440125537,-0.9646732507914619,-0.7235215552282258,-0.4526781025931352,-0.13683565833781225,-0.16576231475547779,-0.0020554489970289734,0.07522665447619366,0.021867144144837276,0.06142672196491247,0.06787056231436794,0.02556982359854743,0.062010740100744595,0.02450471676541614,-0.006800637976250602,0.01125133473714989,0.062010740100744595,0.02556982359854739,0.06787056231436796,0.06142672196491248,0.02186714414483727,0.07522665447619364,-0.0020554489970290076,-0.16576231475547756,-0.13683565833781217,-0.4526781025931352,-0.7235215552282257,-0.964673250791462,-1.7164200440125537,-1.7550708429758066,0.004162125132838965,-5.009389663075009,-1.3372555689355652,-0.6546360605775293,0.0,-25.171374063568017
533,-24.640208861879337,-0.6467282582044068,-1.389084238109709,-4.979295338560816,0.00018807966877559603,-1.8035282551936633,-1.725902709736925,-0.9603143735007026,-0.6852693027981176,-0.4287434415887007,-0.11078640365907036,-0.14752993151771013,0.01101178429905914,0.08809862920033174,0.03432246214784828,0.06330001540590345,0.07453724262933144,0.02619196534710504,0.06111352399347681,0.025769683332390218,-0.007959501549627403,0.009580562370472927,0.06111352399347684,0.026191965347104978,0.07453724262933147,0.06330001540590345,0.034322462147848246,0.08809862920033167,0.011011784299059088,-0.14752993151770985,-0.11078640365907023,-0.4287434415887006,-0.6852693027981174,-0.9603143735007027,-1.7259027097369257,-1.8035282551936633,0.00018807966877559172,-4.979295338560815,-1.3890842381097084,-0.6467282582044069,0.0,-25.009446356202748
534,-24.45462997153304,-0.6387829437139753,-1.4405906282763403,-4.946601792235966,-0.003786140329305434,-1.8493707238604984,-1.7317821197947454,-0.9532267792803335,-0.6444739778890529,-0.40279522183257466,-0.08409486310194625,-0.12826273181045522,0.023987106123293488,0.10010771896222691,0.04638795050578545,0.06434809634118135,0.080098502061625,0.02637566624190039,0.05906959701980282,0.02649599554125534,-0.00893405132088366,0.007665246863619496,0.059069597019802855,0.02637566624190031,0.08009850206162501,0.06434809634118134,0.046387950505785425,0.10010771896222687,0.023987106123293453,-0.12826273181045506,-0.08409486310194618,-0.40279522183257466,-0.644473977889053,-0.9532267792803336,-1.7317821197947458,-1.8493707238604984,-0.0037861403293054426,-4.946601792235967,-1.4405906282763399,-0.6387829437139755,0.0,-24.82155937865477
535,-24.25025081171128,-0.630800577957551,-1.491762789527853,-4.9113260903262805,-0.007756846867970809,-1.8925317817793288,-1.7340459994398842,-0.9434306074085664,-0.6012869742197098,-0.37495530703137686,-0.056915781283160854,-0.1080958611961957,0.036762216050034324,0.11113630033164179,0.05792657111736231,0.06455730143292165,0.08447186462885979,0.026117851218650068,0.05591731064626715,0.02666847155094632,-0.009701720176667358,0.005554276502095479,0.05591731064626718,0.026117851218649988,0.08447186462885985,0.06455730143292165,0.057926571117362276,0.11113630033164175,0.0367622160500343,-0.10809586119619553,-0.056915781283160806,-0.37495530703137686,-0.6012869742197099,-0.9434306074085668,-1.7340459994398842,-1.8925317817793281,-0.007756846867970818,-4.91132609032628,-1.4917627895278527,-0.6308005779575512,0.0,-24.609517375347902
536,-24.027705355329758,-0.6227816239355313,-1.5425888495005062,-4.873486646958166,-0.011720355214204376,-1.9329488495424099,-1.732689622254616,-0.9309536935408599,-0.5558685611616062,-0.3453544450838658,-0.029406729347394717,-0.087170775782414,0.04923048475159311,0.12107635350049396,0.06880726997024501,0.06392490337281553,0.08759247139423097,0.025422835976363623,0.05171581317266251,0.026283506157895414,-0.010244731631265568,0.0033015336469841366,0.05171581317266256,0.02542283597636353,0.08759247139423104,0.06392490337281553,0.06880726997024501,0.12107635350049391,0.049230484751593105,-0.08717077578241376,-0.029406729347394613,-0.3453544450838658,-0.5558685611616063,-0.93095369354086,-1.7326896222546164,-1.9329488495424092,-0.011720355214204382,-4.873486646958166,-1.5425888495005058,-0.6227816239355314,0.0,-24.375059732192724
537,-23.78762757530421,-0.6147265467705396,-1.5930570161289137,-4.833103214546337,-0.015672987314762712,-1.970563326265395,-1.7277158200172051,-0.9158314906153757,-0.5083872889705529,-0.314131654034052,-0.0017271914461543308,-0.0656342500086346,0.06128784399554668,0.12983052028646944,0.07890646563389099,0.0624591464367047,0.08941404235376525,0.024302254734625856,0.046543939895881216,0.0253491461542969,-0.01055051146691252,0.0009645193916969513,0.046543939895881285,0.02430225473462576,0.08941404235376532,0.0624591464367047,0.07890646563389096,0.1298305202864694,0.06128784399554665,-0.06563425000863436,-0.0017271914461542276,-0.31413165403405197,-0.5083872889705531,-0.9158314906153756,-1.7277158200172056,-1.9705633262653943,-0.01567298731476272,-4.833103214546336,-1.5930570161289133,-0.6147265467705398,0.0,-24.11984999148299
538,-23.53065144455036,-0.6066358136804466,-1.643155580381898,-4.790196873482932,-0.019611075209332036,-2.005320674553016,-1.7191349767898552,-0.8981069681140611,-0.4590193632872844,-0.281433569184245,0.025962359874048043,-0.04363734712918823,0.07283365526549433,0.13731305771098676,0.08810945287986613,0.06017913900783766,0.08990956278962621,0.022774865482378306,0.040498733874458,0.023884922128923996,-0.010611978908038468,-0.0013971141491484207,0.04049873387445807,0.022774865482378195,0.08990956278962627,0.06017913900783766,0.08810945287986607,0.13731305771098667,0.0728336552654943,-0.043637347129187994,0.025962359874048112,-0.281433569184245,-0.45901936328728427,-0.8981069681140611,-1.7191349767898552,-2.005320674553015,-0.019611075209332033,-4.790196873482932,-1.6431555803818978,-0.6066358136804463,0.0,-23.84546700078338
539,-23.25741093598394,-0.5985098939512694,-1.6928729189790834,-4.744790021133427,-0.023530964434318947,-2.03717049957309,-1.7069650072393718,-0.8778304899655972,-0.4079479912285287,-0.2474137544342656,0.053501394013749676,-0.021334359613021256,0.08377154975518765,0.1434506778116605,0.09631170548752038,0.05711460446987168,0.08907168391054834,0.02086623597824111,0.03369362504961451,0.02192144022630483,-0.010427710586897353,-0.0037230864555060673,0.0336936250496146,0.020866235978240995,0.0890716839105484,0.05711460446987167,0.09631170548752038,0.14345067781166043,0.08377154975518764,-0.021334359613020996,0.053501394013749815,-0.24741375443426564,-0.40794799122852854,-0.8778304899655975,-1.7069650072393718,-2.0371704995730897,-0.02353096443431895,-4.744790021133426,-1.692872918979083,-0.5985098939512694,0.0,-23.553398204967255
540,-22.968540022520674,-0.5903492589099533,-1.7421974970875922,-4.696906360145076,-0.027429017414116616,-2.066066622124213,-1.6912313192357904,-0.8550596714371546,-0.355362701495214,-0.21223198108106206,0.08073025299915586,0.0011182731071148807,0.09401023272489807,0.1481832654636936,0.10342006343794037,0.05330549371711069,0.0869128318377217,0.018608315758578596,0.026256301889084337,0.019499742397567455,-0.010001973503711245,-0.005954027257681458,0.026256301889084413,0.018608315758578478,0.08691283183772172,0.053305493717110686,0.1034200634379404,0.1481832654636936,0.09401023272489809,0.00111827310711507,0.08073025299915602,-0.212231981081062,-0.355362701495214,-0.8550596714371546,-1.6912313192357906,-2.0660666221242128,-0.027429017414116613,-4.696906360145076,-1.7421974970875918,-0.5903492589099533,0.0,-23.24503505435356
541,-22.664672677076265,-0.5821543818970318,-1.791117870998222,-4.646570886073986,-0.031301616836699214,-2.0919671455911817,-1.6719667608070656,-0.829859215421592,-0.30145864102092196,-0.17605347746579064,0.10749107710169736,0.023563061944882665,0.10346424550634511,0.1514644671794723,0.10935379101219858,0.04880146433350107,0.08346502331981723,0.016038901317686486,0.01832631548938194,0.016670448515398978,-0.009344626218091762,-0.008032991958038738,0.01832631548938203,0.016038901317686365,0.08346502331981731,0.048801464333501084,0.1093537910121986,0.15146446717947223,0.10346424550634511,0.023563061944882863,0.1074910771016974,-0.1760534774657905,-0.3014586410209221,-0.8298592154215919,-1.6719667608070656,-2.0919671455911817,-0.0313016168366992,-4.646570886073985,-1.791117870998222,-0.5821543818970321,0.0,-22.92167046747575
542,-22.346442872566463,-0.5739257382391731,-1.8396226907804796,-4.593809874337293,-0.03514516901041221,-2.114834516691084,-1.6492115515605534,-0.8023007285852899,-0.24643585077076902,-0.13904815299233098,0.13362872003223358,0.04584257283314378,0.11205467879599834,0.15326214511934633,0.11404549377616979,0.04366123323008335,0.07877939091018278,0.013201003412726545,0.010052461092227695,0.013492698285178921,-0.008470890559794287,-0.00990691513760958,0.010052461092227783,0.013201003412726415,0.07877939091018284,0.04366123323008334,0.11404549377616979,0.1532621451193463,0.11205467879599836,0.04584257283314399,0.13362872003223364,-0.13904815299233098,-0.24643585077076915,-0.8023007285852899,-1.649211551560554,-2.114834516691083,-0.03514516901041218,-4.593809874337291,-1.8396226907804796,-0.5739257382391731,0.0,-22.584498254942776
543,-22.014484581906984,-0.565663805221608,-1.8877007029158608,-4.538650866497229,-0.03895610719884332,-2.1346355799219663,-1.623013198714477,-0.7724625178990275,-0.19049852337826292,-0.1013898001615704,0.15899164840404914,0.06780053101082349,0.11970983128314629,0.153558691866772,0.1174418840369317,0.03795181118026092,0.07292542464804457,0.010142127084418388,0.001589986147356155,0.01003291506913534,-0.007400999145173628,-0.01152796504695575,0.0015899861473562455,0.010142127084418268,0.07292542464804462,0.03795181118026092,0.11744188403693172,0.15355869186677198,0.11970983128314627,0.06780053101082367,0.15899164840404928,-0.10138980016157037,-0.19049852337826298,-0.7724625178990276,-1.6230131987144771,-2.1346355799219667,-0.038956107198843286,-4.538650866497229,-1.8877007029158603,-0.565663805221608,0.0,-22.234614381617078
544,-21.669431778013543,-0.557369062060447,-1.935340752908756,-4.481122655884278,-0.04273089493067982,-2.1513416256351454,-1.5934263979146635,-0.7404293681300601,-0.1338542453750887,-0.06325527836903841,0.18343282024999277,0.08928291717807664,0.1263658081153972,0.1523512028847403,0.11950438607680473,0.031747629231888896,0.06598994148992444,0.006913476445594451,-0.006902322691446998,0.006363417462859646,-0.006159726861608769,-0.012854764508007202,-0.0069023226914468935,0.0069134764455943435,0.06598994148992451,0.031747629231888896,0.1195043860768047,0.15235120288474022,0.12636580811539716,0.0892829171780768,0.18343282024999288,-0.06325527836903838,-0.13385424537508878,-0.74042936813006,-1.5934263979146635,-2.151341625635145,-0.0427308949306798,-4.481122655884276,-1.9353407529087554,-0.5573690620604471,0.0,-21.873019918361127
545,-21.311918433801868,-0.5490419898748845,-1.9825317878743884,-4.4212552725668655,-0.0464660292814802,-2.1649284316614503,-1.5605129190436438,-0.7062923009276465,-0.07671322682594985,-0.024823683299120127,0.20681053750054282,0.11013904783101304,0.1319670542064306,0.14965150496436155,0.12020957429086855,0.025129568384737754,0.05807579777506906,0.0035690975490738626,-0.015265118978583677,0.0025609076458934293,-0.004775817169054357,-0.0138534470634472,-0.0152651189785836,0.0035690975490737537,0.0580757977750691,0.02512956838473775,0.12020957429086851,0.1496515049643615,0.13196705420643057,0.11013904783101322,0.20681053750054282,-0.024823683299120266,-0.07671322682595019,-0.7062923009276465,-1.560512919043644,-2.16492843166145,-0.04646602928148016,-4.421255272566865,-1.9825317878743876,-0.5490419898748844,0.0,-21.50062551225043
546,-20.942578522187688,-0.5406830716592922,-2.0292628591031727,-4.359079967675503,-0.05015804412431507,-2.175376298431054,-1.524341477260492,-0.6701483161865847,-0.019287521227330753,0.013724494183279895,0.22898926748054288,0.13022263219821156,0.13646681793466903,0.1454860403869657,0.11954943925165215,0.018183905182969785,0.0493003638196083,0.00016497368283301247,-0.023341486392602306,-0.001295131896152526,-0.0032813165035385523,-0.014498521415510227,-0.023341486392602237,0.00016497368283291988,0.04930036381960833,0.01818390518296978,0.11954943925165215,0.14548604038696566,0.13646681793466905,0.13022263219821173,0.22898926748054296,0.013724494183279999,-0.019287521227330618,-0.6701483161865845,-1.524341477260492,-2.175376298431055,-0.050158044124315015,-4.359079967675504,-2.029262859103173,-0.5406830716592926,0.0,-21.11825718569443
547,-20.562046016086715,-0.5322927922552041,-2.075523124600908,-4.294629197089501,-0.053803513346261,-2.1826700775359686,-1.4849875895406648,-0.6321001164236629,0.03820976143481699,0.05220821569342561,0.24984042866197056,0.14939279836537178,0.13982754136254089,0.13989560793429567,0.11753147867907232,0.011001186968442867,0.03979378326189882,-0.003241911763204961,-0.030979883054233513,-0.0051240997652101175,-0.0017108321954595578,-0.014773522089456835,-0.03097988305423343,-0.0032419117632050474,0.039793783261898856,0.011001186968442862,0.11753147867907232,0.13989560793429565,0.1398275413625409,0.14939279836537195,0.2498404286619706,0.05220821569342568,0.03820976143481713,-0.6321001164236629,-1.484987589540665,-2.1826700775359686,-0.05380351334626095,-4.294629197089499,-2.075523124600908,-0.5322927922552042,0.0,-20.726663260545664
548,-20.170954888414684,-0.5238716383231934,-2.121301851604206,-4.227936604494806,-0.057399054027761805,-2.186799193693782,-1.4425334170153365,-0.5922558149502086,0.09556524554807931,0.09044674555881942,0.2692431361173225,0.16751508139057644,0.14202117371931183,0.13293496328347865,0.1141786122823968,0.0036750514576351654,0.02969704297374562,-0.006594529171604494,-0.03803698500044175,-0.008845960432587573,-0.00010073108665889356,-0.01467142971358867,-0.038036985000441684,-0.006594529171604569,0.02969704297374565,0.0036750514576351485,0.11417861228239683,0.13293496328347862,0.14202117371931183,0.16751508139057664,0.2692431361173225,0.09044674555881956,0.09556524554807924,-0.5922558149502086,-1.4425334170153372,-2.1867991936937816,-0.05739905402776174,-4.227936604494804,-2.1213018516042057,-0.5238716383231935,0.0,-20.32652219313278
549,-19.769939112087314,-0.5154200983146469,-2.1665884190705857,-4.159037003821805,-0.06094132958190756,-2.187757660080813,-1.3970675934393868,-0.5507286286699559,0.15256608172234076,0.1282604996296098,0.28708490235183953,0.18446236647924616,0.1430294055309546,0.12467228270072016,0.10952892144144522,-0.003698993969189653,0.01915988216158705,-0.009836757345678081,-0.04438037546062943,-0.012382917192640572,0.0015117025965445858,-0.014194850188187735,-0.04438037546062938,-0.009836757345678144,0.019159882161587094,-0.003698993969189657,0.10952892144144523,0.12467228270072012,0.14302940553095472,0.18446236647924624,0.2870849023518395,0.1282604996296098,0.15256608172234068,-0.5507286286699558,-1.397067593439387,-2.187757660080813,-0.060941329581907504,-4.159037003821805,-2.1665884190705857,-0.5154200983146472,0.0,-19.918451100257993
550,-19.359632660020345,-0.5069386624434314,-2.21137232014264,-4.0879663610722385,-0.06442705285071783,-2.185544087012432,-1.3486850401461614,-0.5076365563751423,0.20900073668570301,0.16547188868096416,0.3032622894514878,0.20011578060309138,0.14284382144285815,0.11518849528659075,0.10363521668369147,-0.011024817352743887,0.008338571666615016,-0.012914322951222123,-0.04989102947444033,-0.01566103831913598,0.003089130613688777,-0.013355948170105953,-0.04989102947444028,-0.012914322951222173,0.008338571666615042,-0.011024817352743896,0.10363521668369148,0.11518849528659067,0.14284382144285815,0.2001157806030915,0.3032622894514878,0.1654718886809643,0.20900073668570307,-0.5076365563751422,-1.3486850401461619,-2.1855440870124316,-0.06442705285071779,-4.0879663610722385,-2.21137232014264,-0.5069386624434316,0.0,-19.503014754515892
551,-18.94066950512948,-0.4984278226574602,-2.2556431645857122,-4.014761775544735,-0.0678529891555558,-2.1801616839579676,-1.2974867678753348,-0.46310204345495326,0.26465977829621734,0.20190615244644178,0.317681508765855,0.21436552630899589,0.1414659704598182,0.10457649031325085,0.09656443786980135,-0.018206915381819955,-0.002606403602190348,-0.01577570902592689,-0.054465547230740693,-0.018611802433350574,0.004595025331278226,-0.012176136570806061,-0.05446554723074065,-0.015775709025926933,-0.002606403602190327,-0.018206915381819965,0.09656443786980139,0.10457649031325089,0.14146597045981824,0.214365526308996,0.31768150876585494,0.2019061524464417,0.26465977829621706,-0.46310204345495304,-1.2974867678753348,-2.1801616839579667,-0.06785298915555575,-4.014761775544735,-2.2556431645857122,-0.4984278226574602,0.0,-19.08073482969691
552,-18.51368362033046,-0.48988807261015976,-2.299390681198521,-3.939461460468762,-0.07121595929884268,-2.1716182548872855,-1.2435796658876024,-0.41725163396903214,0.31933665275620626,0.23739218036538995,0.33025896464929283,0.22711165186926097,0.13890735301704193,0.09294020741737677,0.0883968939002128,-0.025151658425005538,-0.013512724731549549,-0.018373017348451946,-0.0580180942222572,-0.021173530781635284,0.005994515573114072,-0.010685529993393053,-0.05801809422225717,-0.018373017348451967,-0.013512724731549536,-0.02515165842500554,0.0883968939002128,0.09294020741737671,0.13890735301704196,0.227111651869261,0.3302589646492927,0.2373921803653899,0.3193366527562061,-0.4172516339690318,-1.2435796658876026,-2.1716182548872855,-0.07121595929884264,-3.939461460468762,-2.2993906811985205,-0.4898880726101598,0.0,-18.652099183347296
553,-18.079308978538993,-0.4813199076318353,-2.342604720196158,-3.8621047230570835,-0.07451284251428701,-2.1599261869557793,-1.1870762788064884,-0.3702156110746933,0.37282845114488944,0.27176331518979496,0.3409217391079583,0.23826475237115988,0.1351893249900795,0.08039361855992151,0.07922535057806292,-0.03176851113611699,-0.024218646066482368,-0.020662770231524862,-0.06048201181154934,-0.023292676484065498,0.007255194112952921,-0.008922176059615284,-0.06048201181154933,-0.020662770231524873,-0.024218646066482368,-0.031768511136117006,0.0792253505780629,0.08039361855992144,0.13518932499007952,0.23826475237115993,0.34092173910795825,0.27176331518979513,0.37282845114488944,-0.37021561107469303,-1.1870762788064888,-2.1599261869557784,-0.07451284251428694,-3.862104723057082,-2.3426047201961584,-0.48131990763183513,0.0,-18.21757097351098
554,-17.638179552670803,-0.4727238247009403,-2.3852752555649257,-3.782731943987165,-0.07774057936289071,-2.145102432544176,-1.1280945716531556,-0.32212762682954926,0.4249366624246696,0.3048581356765129,0.34960801454300383,0.24774659682816352,0.13034291944487836,0.06705961172394242,0.06915397698838564,-0.03797121272089297,-0.03456539397122787,-0.022606638317434025,-0.06181106798827078,-0.024924943805479924,0.00834786811083103,-0.006931084247156182,-0.06181106798827078,-0.02260663831743402,-0.03456539397122786,-0.03797121272089298,0.06915397698838567,0.06705961172394241,0.1303429194448784,0.24774659682816352,0.34960801454300383,0.3048581356765128,0.4249366624246693,-0.3221276268295491,-1.128094571653156,-2.1451024325441757,-0.07774057936289065,-3.782731943987164,-2.3852752555649253,-0.4727238247009405,0.0,-17.777597419963946
555,-17.190929315641622,-0.46410032241525134,-2.427392387388453,-3.7013845563222243,-0.0808961745720448,-2.1271684846792085,-1.0667576835647774,-0.2731243224214665,0.47546791012662837,0.3365212146890262,0.35626743213905654,0.2554906769141018,0.12440858761574917,0.05306878728415192,0.058297162360454756,-0.043678901478366394,-0.044399521513780446,-0.024172082192970373,-0.06198032484898666,-0.026036214053190797,0.009247235115612302,-0.004763077026072319,-0.06198032484898666,-0.024172082192970346,-0.044399521513780446,-0.04367890147836638,0.05829716236045478,0.05306878728415189,0.12440858761574922,0.2554906769141018,0.35626743213905654,0.3365212146890261,0.4754679101266283,-0.27312432242146634,-1.0667576835647778,-2.127168484679208,-0.0808961745720447,-3.701384556322223,-2.427392387388452,-0.4641003224152515,0.0,-17.33261803650037
556,-16.73819224036719,-0.45544990096294674,-2.4689463441445603,-3.618105023882918,-0.08397669981508013,-2.1061503458707773,-1.0031936707106426,-0.22334493990495888,0.5242346699813529,0.36660384914836797,0.36086138382022537,0.26144267347128575,0.11743586127320892,0.03855817883719111,0.04677821685118169,-0.048817168956798614,-0.053575184153009985,-0.02533289708349361,-0.06098660652248694,-0.026603258747660938,0.009932468979940713,-0.0024734926190345323,-0.06098660652248694,-0.02533289708349357,-0.05357518415301,-0.04881716895679863,0.04677821685118169,0.038558178837191086,0.11743586127320894,0.26144267347128575,0.36086138382022537,0.36660384914836797,0.524234669981353,-0.22334493990495882,-1.0031936707106426,-2.1061503458707773,-0.08397669981508,-3.6181050238829173,-2.46894634414456,-0.4554499009629468,0.0,-16.88307217963647
557,-16.280602299763196,-0.44677306209359446,-2.5099274849723296,-3.53293681908098,-0.08697929642869337,-2.0820784904108014,-0.937535238942716,-0.17293092654726153,0.5710559658319252,0.39496475840505424,0.3633632360810138,0.2655608375203704,0.10948293929979758,0.02366991102149681,0.034727971005885774,-0.05331902998164095,-0.061956302678900926,-0.02606965150820739,-0.058848558760622935,-0.02661422515899921,0.010387702119886709,-0.00012077249732030389,-0.05884855876062297,-0.02606965150820732,-0.061956302678900926,-0.05331902998164095,0.0347279710058858,0.023669911021496803,0.10948293929979762,0.26556083752037035,0.3633632360810137,0.39496475840505424,0.5710559658319251,-0.17293092654726142,-0.9375352389427164,-2.082078490410801,-0.08697929642869326,-3.532936819080978,-2.509927484972329,-0.4467730620935944,0.0,-16.42940578001684
558,-15.818793466745392,-0.43807030908904965,-2.5503263019088678,-3.4459244002263585,-0.0899011780657273,-2.0549878201884053,-0.8699194667388231,-0.12202553290833133,0.6157580412465009,0.42147074775218085,0.3637584843944777,0.267816283099448,0.10061620192457363,0.008549807472789793,0.022283289803562086,-0.05712579590972544,-0.0694185813285321,-0.0263700125537658,-0.055606299076527886,-0.02606888406028093,0.010602392951865994,0.0022350303333831876,-0.05560629907652794,-0.026370012553765726,-0.0694185813285321,-0.05712579590972545,0.022283289803562124,0.008549807472789788,0.1006162019245737,0.267816283099448,0.36375848439447767,0.4214707477521808,0.6157580412465009,-0.1220255329083314,-0.8699194667388231,-2.0549878201884058,-0.0899011780657272,-3.4459244002263585,-2.5503263019088664,-0.43807030908904987,0.0,-15.972077145376195
559,-15.353399714229484,-0.4293421467342629,-2.5901334220952292,-3.3571131883197216,-0.09273963328084281,-2.0249176140855183,-0.8004875190168746,-0.07077340579682197,0.6581750043380874,0.4459973339635447,0.3620448373024434,0.26819318987831703,0.09090965667080164,-0.006654037450389318,0.009585518163909582,-0.060187839725481335,-0.07585135114822858,-0.026228952321288176,-0.05132066399489411,-0.02497863451899528,0.010571569998295989,0.004533784181471661,-0.051320663994894156,-0.026228952321288093,-0.07585135114822858,-0.06018783972548132,0.009585518163909634,-0.006654037450389287,0.09090965667080171,0.268193189878317,0.3620448373024434,0.44599733396354463,0.6581750043380875,-0.07077340579682197,-0.800487519016875,-2.0249176140855183,-0.09273963328084271,-3.357113188319721,-2.590133422095228,-0.42934214673426296,0.0,-15.511561747644125
560,-14.885055015131204,-0.42058908128799993,-2.6293396099509985,-3.2665495433424154,-0.09549202804668377,-1.9919114710262495,-0.7293843524176232,-0.019320177258641363,0.69814944339856,0.46842932991900726,0.35823222970027196,0.2666889141267307,0.08044432064131084,-0.021792709181814376,-0.0032211244281702043,-0.062465243004977744,-0.08115921126399415,-0.025648832090958713,-0.04607206753861583,-0.023366265626465762,0.010295947009369415,0.006716813526368498,-0.0460720675386159,-0.025648832090958612,-0.0811592112639942,-0.062465243004977744,-0.003221124428170161,-0.021792709181814324,0.08044432064131089,0.2666889141267306,0.35823222970027185,0.46842932991900715,0.6981494433985599,-0.019320177258641224,-0.7293843524176232,-1.9919114710262489,-0.09549202804668364,-3.266549543342414,-2.6293396099509967,-0.4205890812879998,0.0,-15.048355931197246
561,-14.414393342366285,-0.4118116204534791,-2.6679357693170185,-3.174280740056283,-0.0981558081981996,-1.9560172467626151,-0.6567584126712432,0.032187949234025494,0.7355330110622609,0.48866138557144784,0.3523427652391496,0.2633140072582657,0.06930754429736985,-0.03671793149625978,-0.015991181946977424,-0.06392831631362705,-0.08526344371944518,-0.0246393627953363,-0.03995899237071931,-0.02126548014572745,0.009781906435133448,0.008728396706812584,-0.039958992370719384,-0.02463936279533619,-0.08526344371944522,-0.06392831631362705,-0.015991181946977417,-0.03671793149625976,0.06930754429736992,0.26331400725826565,0.35234276523914954,0.4886613855714477,0.7355330110622609,0.03218794923402563,-0.6567584126712432,-1.9560172467626151,-0.0981558081981995,-3.1742807400562825,-2.6679357693170185,-0.4118116204534793,0.0,-14.58297950388115
562,-13.942048668850427,-0.40301027334892153,-2.7059129455657787,-3.0803549433259563,-0.10072850180285726,-1.9172869844882763,-0.5827613246795642,0.08360461421739077,0.7701869748313195,0.5065984827147041,0.34441058817983106,0.2580921418197373,0.05759228237525752,-0.051283518805934056,-0.02857961389487291,-0.0645579862533687,-0.08810318089856113,-0.02321744246303215,-0.03309614190321746,-0.018720190034876828,0.009041351630602336,0.010517188212107372,-0.03309614190321754,-0.023217442463032045,-0.08810318089856115,-0.06455798625336873,-0.028579613894872923,-0.05128351880593407,0.057592282375257556,0.2580921418197372,0.34441058817983095,0.5065984827147042,0.77018697483132,0.08360461421739084,-0.5827613246795647,-1.9172869844882767,-0.10072850180285717,-3.0803549433259545,-2.7059129455657778,-0.40301027334892164,0.0,-14.115977196776367
563,-13.468654967499376,-0.39418555047802173,-2.7432623276789596,-2.984821182976509,-0.10320772145454325,-1.8757768393808814,-0.5075475759609785,0.13478371811398712,0.8019827319196667,0.5221563812288595,0.33448168544076273,0.25105994544529137,0.04539631802593011,-0.06534680798009583,-0.04084344265162802,-0.06434604411358215,-0.08963630821984747,-0.021406873353869666,-0.025612288046014297,-0.015783598571314603,0.008091431216308499,0.012037529272453103,-0.02561228804601439,-0.021406873353869545,-0.0896363082198475,-0.06434604411358215,-0.04084344265162801,-0.0653468079800958,0.045396318025930145,0.2510599454452912,0.33448168544076257,0.5221563812288595,0.8019827319196666,0.1347837181139873,-0.5075475759609792,-1.8757768393808814,-0.10320772145454314,-2.984821182976508,-2.7432623276789596,-0.39418555047802184,0.0,-13.647919002323421
564,-12.994846211228857,-0.3853379637003362,-2.779975250291662,-2.887729328199599,-0.10559116648902667,-1.831546997182427,-0.4312741941189218,0.18557983637212777,0.8308022865051217,0.5352620147071258,0.3226136199882157,0.24226674393986866,0.03282144665361821,-0.07877005566384607,-0.05264337739390681,-0.0632952528841832,-0.08984008871454932,-0.019237963520547335,-0.017647854979878183,-0.012517088262905937,0.006954141977123297,0.013250613295641565,-0.01764785497987828,-0.019237963520547217,-0.08984008871454938,-0.0632952528841832,-0.05264337739390677,-0.078770055663846,0.032821446653618226,0.24226674393986852,0.3226136199882157,0.5352620147071258,0.8308022865051217,0.18557983637212794,-0.4312741941189221,-1.831546997182427,-0.10559116648902653,-2.887729328199599,-2.779975250291662,-0.38533796370033646,0.0,-13.179399422935752
565,-12.521256372954578,-0.3764680262015951,-2.8160431957028442,-2.7891300615214507,-0.10787662511892776,-1.7846615869356852,-0.35410041900728545,0.23584863268729164,0.856538687618448,0.5458538336062865,0.30887519711410416,0.2317742152941231,0.01997262626556317,-0.0914217874100122,-0.06384539614063273,-0.061419311235825134,-0.08871150022613958,-0.016747019466470038,-0.009352284290646617,-0.008988937791648464,0.005655819494801192,0.014125476402428817,-0.009352284290646723,-0.016747019466469917,-0.08871150022613962,-0.06141931123582514,-0.06384539614063271,-0.09142178741001217,0.019972626265563186,0.231774215294123,0.30887519711410416,0.5458538336062865,0.8565386876184482,0.2358486326872918,-0.35410041900728617,-1.7846615869356852,-0.10787662511892766,-2.78913006152145,-2.8160431957028442,-0.37646802620159553,0.0,-12.711035683237817
566,-12.048519425592268,-0.36757625246393444,-2.8514577958514966,-2.6890748523462737,-0.11006197648621074,-1.735188588003225,-0.27618737027720097,0.2854472691312738,0.8790964260443467,0.5538820943091296,0.2933460655362478,0.21965595705763327,0.0069571014246239725,-0.10317808541000646,-0.07432226795559456,-0.05874267493677736,-0.08626728023026152,-0.013975738392411759,-0.000881230904279971,-0.005272894809109887,0.0042265283093894926,0.014639787777244196,-0.00088123090428007,-0.01397573839241163,-0.08626728023026159,-0.058742674936777345,-0.07432226795559456,-0.10317808541000639,0.00695710142462398,0.2196559570576331,0.29334606553624765,0.5538820943091295,0.8790964260443466,0.28544726913127405,-0.2761873702772018,-1.7351885880032243,-0.11006197648621062,-2.6890748523462733,-2.851457795851496,-0.3675762524639346,0.0,-12.243464978231309
567,-11.577269342057662,-0.3586631582360563,-2.886210834258106,-2.5876159300889303,-0.1121451926302956,-1.683199731503832,-0.197697710999276,0.3342348120237244,0.8983917887614641,0.5593090927413039,0.2761162556337054,0.20599697010497148,-0.006116491883187361,-0.11392380221093516,-0.08395499801832991,-0.05530023803458556,-0.08254367761042593,-0.010970510205507121,0.007606357562830161,-0.0014466344159752233,0.0026993657312006734,0.014780419660592755,0.007606357562830062,-0.010970510205507005,-0.08254367761042601,-0.05530023803458556,-0.0839549980183299,-0.11392380221093512,-0.0061164918831873435,0.20599697010497128,0.27611625563370523,0.5593090927413039,0.8983917887614641,0.33423481202372457,-0.19769771099927594,-1.6831997315038316,-0.11214519263029547,-2.58761593008893,-2.886210834258105,-0.35866315823605643,0.0,-11.777340846727114
568,-11.108140095266474,-0.3497292605033125,-2.9202942479309395,-2.4848062569108693,-0.11412434036996359,-1.6287703963092475,-0.11879530806355171,0.38207263239280026,0.9143531696060668,0.5621093414454438,0.25728565749426846,0.19089306241564216,-0.01913903299488791,-0.12355368853116698,-0.09263417915037725,-0.05113687795879857,-0.07759591507074064,-0.007781640974604167,0.015951223236340628,0.0024098644524524556,0.0011096954245907436,0.014543782434137585,0.01595122323634055,-0.007781640974604053,-0.07759591507074068,-0.051136877958798566,-0.09263417915037721,-0.12355368853116691,-0.01913903299488788,0.19089306241564197,0.2572856574942683,0.5621093414454438,0.914353169606067,0.38207263239280054,-0.1187953080635524,-1.628770396309247,-0.11412434036996347,-2.4848062569108693,-2.920294247930939,-0.34972926050331227,0.0,-11.313328774044614
569,-10.641765658134428,-0.3407750774577186,-2.9537001292367324,-2.3806995000735585,-0.11599758309730898,-1.571979499752007,-0.03964489006618764,0.42882479988702593,0.9269213350064975,0.5622696892809407,0.23696344180014162,0.17445017704994323,-0.03200182736213322,-0.13197342412793234,-0.10026123444645328,-0.04630687047504291,-0.07149737015833406,-0.004462510830960884,0.023996786237998398,0.006215990796972027,-0.0005056714889771495,0.01393591624544021,0.023996786237998294,-0.004462510830960774,-0.07149737015833411,-0.04630687047504288,-0.10026123444645328,-0.1319734241279323,-0.03200182736213322,0.17445017704994298,0.23696344180014142,0.5622696892809406,0.9269213350064971,0.4288247998870263,-0.03964489006618833,-1.5719794997520065,-0.11599758309730887,-2.380699500073558,-2.953700129236731,-0.3407750774577188,0.0,-10.852101140090209
570,-10.178780003577248,-0.331801128467898,-2.9864207277353167,-2.2753500039238634,-0.11776318248207306,-1.5129093832028548,0.03958829660288371,0.47435846901907186,0.9360496438022512,0.5597893831872085,0.21526742690923387,0.15678364903451816,-0.04459751378619861,-0.13910054162008756,-0.1067495368969274,-0.040873182117413774,-0.06433848704127938,-0.0010686804106212532,0.0315920826907843,0.009892186537006993,-0.0021093288458377273,0.012972336833644424,0.03159208269078422,-0.0010686804106211584,-0.06433848704127942,-0.04087318211741376,-0.10674953689692737,-0.1391005416200875,-0.044597513786198556,0.15678364903451794,0.21526742690923378,0.5597893831872085,0.9360496438022512,0.4743584690190723,0.03958829660288343,-1.5129093832028548,-0.11776318248207292,-2.2753500039238634,-2.9864207277353163,-0.3318011284678981,0.0,-10.394331638352352
571,-9.71981710451066,-0.32280793404895547,-3.018448451977797,-2.1688127615259627,-0.11941950008477834,-1.4516456926836288,0.1187388327533257,0.5185442566439427,0.9417042203319157,0.5546800717203707,0.1923233958014179,0.1380173963700124,-0.05682096052396197,-0.14486523421762978,-0.11202539328508036,-0.034906649323408215,-0.05622543518084225,0.002343039203806043,0.03859459734755084,0.013361609484351573,-0.0036641416340937425,0.01167763949139152,0.03859459734755077,0.002343039203806125,-0.0562254351808423,-0.034906649323408215,-0.11202539328508034,-0.1448652342176297,-0.05682096052396192,0.1380173963700122,0.19232339580141786,0.5546800717203708,0.941704220331916,0.5185442566439429,0.11873883275332515,-1.4516456926836288,-0.1194195000847782,-2.1688127615259623,-3.0184484519777968,-0.3228079340489554,0.0,-9.940689298017753
572,-9.265510933850393,-0.3137960158322866,-3.0497758712678182,-2.0611433859546526,-0.12096499887716639,-1.3882772546887143,0.19764147174853164,0.5612566095989786,0.9438640801476336,0.5469657503467628,0.16826436684977011,0.11828305083533347,-0.0685701427854091,-0.14921103944663042,-0.11602888118418195,-0.028485054972632012,-0.047278534790547465,0.005715537473240655,0.044872937692789654,0.01655173954760201,-0.005134105908673721,0.010084871271809452,0.044872937692789605,0.00571553747324073,-0.047278534790547506,-0.028485054972631995,-0.11602888118418195,-0.14921103944663036,-0.06857014278540906,0.11828305083533323,0.16826436684976998,0.5469657503467628,0.9438640801476335,0.5612566095989789,0.19764147174853108,-1.3882772546887143,-0.12096499887716625,-2.061143385954652,-3.049775871267817,-0.3137960158322866,0.0,-9.491832245303257
573,-8.816495464512165,-0.30476589653532205,-3.080395717385556,-1.952398081264984,-0.12239824466852806,-1.322895947395122,0.27613148449950836,0.6023741614610296,0.9425212078895556,0.536682648750173,0.14322982264450773,0.09771903468529941,-0.07974699429849899,-0.15209539217281917,-0.11871452954789406,-0.02169211436801038,-0.03763047243321552,0.008992360404980347,0.0503092993417029,0.019395894593363824,-0.006485182514896939,0.00823468746494573,0.050309299341702834,0.008992360404980405,-0.03763047243321556,-0.02169211436801038,-0.11871452954789406,-0.1520953921728191,-0.07974699429849896,0.0977190346852992,0.14322982264450765,0.5366826487501731,0.9425212078895556,0.6023741614610298,0.2761314844995082,-1.3228959473951225,-0.12239824466852792,-1.9523980812649824,-3.0803957173855556,-0.3047658965353219,0.0,-9.048401341242968
574,-8.373404669411702,-0.29571809993120757,-3.110300886274005,-1.8426336131534122,-0.12371790743660244,-1.255596567447912,0.3540450033782507,0.6417800774070769,0.9376805870312855,0.5238790606820761,0.11736490134052797,0.07646958971797756,-0.09025822583367916,-0.15349004150721146,-0.12005183516394972,-0.014616383878788336,-0.027424333219468647,0.012118655565281407,0.05480167647676988,0.021834624278736933,-0.0076860853144673676,0.006174313874520251,0.054801676476769826,0.012118655565281456,-0.027424333219468685,-0.014616383878788334,-0.12005183516394971,-0.15349004150721135,-0.09025822583367911,0.07646958971797733,0.11736490134052788,0.5238790606820759,0.9376805870312855,0.6417800774070769,0.3540450033782504,-1.2555965674479124,-0.12371790743660227,-1.8426336131534107,-3.110300886274004,-0.2957180999312078,0.0,-8.61101383165519
575,-7.936872521464725,-0.2866531508184247,-3.1394844396871693,-1.7319072793257697,-0.12492276256181009,-1.186476692514124,0.4312193643325983,0.6793623861983928,0.9293601813859339,0.5086151171539505,0.09081955521672375,0.0546837655221085,-0.1000161038561148,-0.15338132751038286,-0.12002560910530123,-0.00735010647282804,-0.01681147879108931,0.015042090282615368,0.058265775846020294,0.023816952720303132,-0.008709005661380482,0.003956341382806488,0.05826577584602026,0.015042090282615397,-0.016811478791089355,-0.007350106472828021,-0.12002560910530123,-0.1533813275103828,-0.10001610385611476,0.054683765522108276,0.09081955521672354,0.5086151171539505,0.929360181385934,0.6793623861983932,0.43121936433259805,-1.1864766925141241,-0.12492276256180992,-1.7319072793257686,-3.1394844396871684,-0.2866531508184248,0.0,-8.180257140967612
576,-7.507532993586953,-0.2775715749903495,-3.167939606799803,-1.6202768795875153,-0.12601169196367426,-1.1156365398044854,0.5074934464883251,0.7150142983449079,0.9175908684414082,0.4909625040368674,0.06374768132534096,0.03251437400133315,-0.10893918280649831,-0.1517703149852015,-0.1186361492437939,1.199081154472069e-05,-0.00594930255969333,0.017713727671322822,0.0606365984094797,0.02530144402455608,-0.009530256351452644,0.0016373835722826922,0.06063659840947969,0.017713727671322836,-0.005949302559693359,1.1990811544714231e-05,-0.1186361492437939,-0.15177031498520144,-0.10893918280649831,0.03251437400133291,0.06374768132534087,0.4909625040368675,0.9175908684414084,0.7150142983449084,0.5074934464883246,-1.1156365398044858,-0.12601169196367415,-1.6202768795875142,-3.1679396067998042,-0.2775715749903496,0.0,-7.756682935175584
577,-7.086020058694128,-0.2684738992047564,-3.1956597857782927,-1.5078006856718975,-0.12698368513837657,-1.0431788207680404,0.5827080085294588,0.748634509545727,0.9024163247723387,0.4710041253946197,0.03630622927145313,0.010116917508483994,-0.11695298489834904,-0.1486727830475808,-0.11589923686697992,0.0073739317773514,0.005001104508460467,0.020088845811451417,0.061869658956376604,0.02625706840737711,-0.010130820133887738,-0.0007233683318397607,0.061869658956376604,0.020088845811451428,0.005001104508460437,0.007373931777351402,-0.11589923686697988,-0.14867278304758072,-0.11695298489834903,0.010116917508483736,0.036306229271452994,0.4710041253946197,0.9024163247723387,0.7486345095457273,0.5827080085294581,-1.0431788207680408,-0.12698368513837643,-1.5078006856718964,-3.1956597857782922,-0.26847389920475656,0.0,-7.340801570655452
578,-6.672967689701952,-0.2593606511532638,-3.222638545312337,-1.3945374108217616,-0.12783784009648327,-0.9692085921703653,0.6567060211545486,0.7801274885435737,0.8838928639538818,0.4488337141315188,0.00865429129521217,-0.012351501891692034,-0.12399062175777556,-0.14411907057740228,-0.1118459574364982,0.014639742265465062,0.015877342944061536,0.022127686372102964,0.061941820808678584,0.026663850798375084,-0.010496790083300256,-0.00306565631322659,0.0619418208086786,0.022127686372102946,0.015877342944061523,0.01463974226546508,-0.11184595743649821,-0.1441190705774022,-0.12399062175777555,-0.012351501891692327,0.008654291295212068,0.4488337141315188,0.8838928639538818,0.780127488543574,0.6567060211545485,-0.9692085921703656,-0.12783784009648308,-1.3945374108217603,-3.222638545312336,-0.25936065115326395,0.0,-6.933077035095222
579,-6.269009859526172,-0.2502323594307267,-3.2488696261070644,-1.2805461791408828,-0.12857336419997273,-0.8938331037713024,0.7293329949147979,0.8094037485752315,0.8620892275789118,0.424555391783423,-0.01904782006785898,-0.034733284380639745,-0.12999335271709367,-0.13815377906334478,-0.106522347523821,0.021714701324548086,0.026518113232028587,0.023796120146696312,0.0608517299488987,0.02651328837254874,-0.010619691634741942,-0.005329693645794638,0.060851729948898724,0.023796120146696288,0.02651811323202856,0.02171470132454808,-0.106522347523821,-0.13815377906334472,-0.12999335271709367,-0.034733284380639884,-0.019047820067859118,0.4245553917834231,0.8620892275789119,0.8094037485752318,0.7293329949147976,-0.8938331037713029,-0.12857336419997256,-1.2805461791408828,-3.2488696261070644,-0.2502323594307269,0.0,-6.5339224747043305
580,-5.87478054108249,-0.24108955350457723,-3.274346942335244,-1.165886494730841,-0.12918957489778718,-0.8171616428230623,0.8004373027496133,0.8363801016466551,0.8370863301541492,0.39828317951940095,-0.046639501401256195,-0.056871437835487613,-0.13491107510241962,-0.1308353357521157,-0.09998887193342035,0.028506576043509927,0.03676560795597365,0.02506621835940714,0.05861984042636349,0.025808528281758395,-0.010496678824543897,-0.007457690945437469,0.058619840426363534,0.025066218359407103,0.036765607955973646,0.028506576043509934,-0.09998887193342036,-0.13083533575211562,-0.1349110751024196,-0.056871437835487766,-0.04663950140125623,0.398283179519401,0.8370863301541495,0.8363801016466553,0.8004373027496128,-0.8171616428230624,-0.12918957489778704,-1.1658864947308398,-3.2743469423352436,-0.24108955350457736,0.0,-6.1436963884105
581,-5.490913707286651,-0.23193276368411295,-3.2990645830492427,-1.050618210629515,-0.12968590035922573,-0.7393053756141559,0.8698704965462044,0.8609798949102395,0.8089769588219268,0.37014046265057127,-0.07396078950826972,-0.0786106790159912,-0.13870274242298247,-0.12223542138083439,-0.09231973695211602,0.03492682394855522,0.04646785215326998,0.025916720179390423,0.05528803056522885,0.024564301870950295,-0.010130600192732883,-0.009395331239745883,0.05528803056522889,0.025916720179390375,0.04646785215326996,0.03492682394855522,-0.09231973695211605,-0.12223542138083439,-0.13870274242298247,-0.0786106790159914,-0.07396078950826986,0.3701404626505714,0.8089769588219268,0.8609798949102399,0.8698704965462039,-0.7393053756141559,-0.1296859003592256,-1.0506182106295143,-3.2990645830492418,-0.23193276368411317,0.0,-5.762699555243647
582,-5.118043331054366,-0.22276252108973804,-3.323016813552418,-0.9348014975674497,-0.1300618800045913,-0.6603771862889029,0.9374876170623238,0.8831332284725792,0.7778654290219467,0.3402594111610103,-0.10085328880107695,-0.09979852276489262,-0.1413367069716761,-0.11243826809766166,-0.08360204752462061,0.04089174728973797,0.05548095717220296,0.0263333886168236,0.05091881717557057,0.02280661675418829,-0.009529932820955721,-0.011093156404678726,0.050918817175570626,0.02633338861682353,0.05548095717220297,0.04089174728973797,-0.08360204752462061,-0.11243826809766157,-0.1413367069716761,-0.09979852276489279,-0.10085328880107705,0.3402594111610102,0.7778654290219469,0.8831332284725792,0.9374876170623239,-0.660377186288903,-0.13006188000459112,-0.9348014975674488,-3.3230168135524174,-0.22276252108973846,0.0,-5.391172745853112
583,-4.756803385301357,-0.21357935762215696,-3.346198076729611,-0.8184968125583714,-0.13031716493259915,-0.5804915131762155,1.0031474965651206,0.9027771540138251,0.7438671973708842,0.3087803589821562,-0.12716108960159744,-0.12028635158173796,-0.14279098397728573,-0.10153983444721458,-0.07393481792796186,0.04632358416913128,0.06367125460548831,0.026309248843242188,0.045594182511792855,0.02057221318691576,-0.008708586033359363,-0.012507829579491508,0.04559418251179292,0.026309248843242115,0.06367125460548832,0.04632358416913127,-0.07393481792796186,-0.10153983444721451,-0.1427909839772857,-0.12028635158173814,-0.12716108960159753,0.30878035898215633,0.743867197370884,0.9027771540138255,1.0031474965651201,-0.5804915131762161,-0.130317164932599,-0.8184968125583714,-3.34619807672961,-0.21357935762215668,0.0,-5.029295253412156
584,-4.407827842943355,-0.2043838059315217,-3.3686029943364497,-0.7017648673402673,-0.13045151824415,-0.4997641828649612,1.0667130535542597,0.9198558536542625,0.7071084331964652,0.27585114492589824,-0.15273167203024865,-0.13993045806786178,-0.1430534351036036,-0.08964686550140105,-0.06342784718140244,0.05115152228608835,0.07091727865296146,0.02584470494680063,0.039414035988859994,0.01790779609770172,-0.007685579306017471,-0.013603241336875611,0.03941403598886008,0.025844704946800533,0.0709172786529615,0.05115152228608835,-0.06342784718140246,-0.089646865501401,-0.1430534351036036,-0.13993045806786195,-0.15273167203024876,0.2758511449258983,0.7071084331964648,0.9198558536542627,1.0667130535542595,-0.4997641828649616,-0.13045151824414986,-0.7017648673402654,-3.368602994336448,-0.20438380593152183,0.0,-4.677184263337729
585,-4.071750676896077,-0.19517639938653777,-3.3902263682471365,-0.5846665966834972,-0.1304648152621673,-0.418312242266482,1.1280515789540058,0.9343207985598655,0.6677255503160756,0.24162641837160312,-0.17741679024229254,-0.15859305293053497,-0.14212186976383165,-0.07687584734125227,-0.05220047196479033,0.05531262208387493,0.07711156751410701,0.02494753316803172,0.032494339520121755,0.014869058832033303,-0.0064846018433777925,-0.014351431373398067,0.03249433952012186,0.02494753316803163,0.07711156751410704,0.05531262208387492,-0.052200471964790336,-0.07687584734125223,-0.1421218697638317,-0.15859305293053508,-0.1774167902422926,0.24162641837160312,0.6677255503160756,0.9343207985598655,1.128051578954006,-0.41831224226648206,-0.1304648152621671,-0.5846665966834957,-3.390226368247135,-0.19517639938653783,0.0,-4.334895065586413
586,-3.7492058600752536,-0.18595767204352637,-3.4110631816604653,-0.467263126582482,-0.13035704364729514,-0.3362537889077627,1.1870350131767706,0.9461308868361505,0.6258647007975027,0.20626691296786567,-0.20107333188539936,-0.17614323147585176,-0.1400040634046351,-0.06335186613011663,-0.04038021120951658,0.058752637263044846,0.08216225709496518,0.023632751729334687,0.024964931652178453,0.011519519014484636,-0.005133464020376505,-0.01473330219416193,0.024964931652178547,0.02363275172933458,0.08216225709496519,0.05875263726304485,-0.04038021120951659,-0.06335186613011663,-0.14000406340463512,-0.17614323147585187,-0.20107333188539944,0.20626691296786567,0.6258647007975027,0.9461308868361507,1.1870350131767704,-0.33625378890776314,-0.13035704364729497,-0.4672631265824814,-3.411063181660465,-0.1859576720435261,0.0,-4.002422098058529
587,-3.4408273653966113,-0.17672815861544788,-3.431108600263756,-0.3496157423475691,-0.13012830340934875,-0.25370779970130775,1.24354021347969,0.9552525603185125,0.5816812325804863,0.16993869175998255,-0.22356414779571085,-0.19245789181110268,-0.13671769260723715,-0.04920738295306054,-0.02810131775662328,0.06142672196491247,0.0859944433940245,0.021922369437183294,0.01696709132388975,0.00792919086281345,-0.003663453392872913,-0.014739106574939617,0.016967091323889856,0.021922369437183183,0.08599444339402455,0.061426721964912466,-0.028101317756623296,-0.049207382953060576,-0.13671769260723718,-0.19245789181110273,-0.22356414779571093,0.16993869175998252,0.5816812325804862,0.9552525603185125,1.2435402134796893,-0.253707799701308,-0.13012830340934858,-0.3496157423475674,-3.4311086002637547,-0.17672815861544774,0.0,-3.679700795109962
588,-3.1472491657758717,-0.16748839444088687,-3.450357973354454,-0.23178585661373427,-0.1297788068145077,-0.17079395843999215,1.2974492110560436,0.9616598999271736,0.5353391129718774,0.13281236728834714,-0.24475884712222545,-0.2074225983161031,-0.13229018754724267,-0.034580936422352694,-0.01550325353212324,0.06330001540590345,0.08855129336230405,0.01984501726533203,0.008650886962224612,0.004173121706123247,-0.0021086101889169163,-0.014368696359344556,0.008650886962224717,0.01984501726533192,0.08855129336230409,0.06330001540590342,-0.015503253532123283,-0.034580936422352694,-0.1322901875472427,-0.20742259831610318,-0.24475884712222562,0.1328123672883472,0.5353391129718774,0.9616598999271738,1.2974492110560436,-0.1707939584399927,-0.12977880681450757,-0.23178585661373263,-3.4503579733544525,-0.16748839444088692,0.0,-3.3666102015709676
589,-2.869105234128746,-0.15823891545300148,-3.4688068349191354,-0.1138349772828243,-0.1293088781883371,-0.08763248226700274,1.3486494573247916,0.9653346993158103,0.4870103201538475,0.09506230032051088,-0.26453455326976233,-0.22093238432684742,-0.12675850304465652,-0.019615785756404845,-0.0027291055582731767,0.06434809634118135,0.08979488776306943,0.017435469086139126,0.00017236065550696065,0.0003298232977217151,-0.0005049390578996329,-0.013631526240511904,0.00017236065550706614,0.01743546908613901,0.08979488776306946,0.06434809634118134,-0.0027291055582732283,-0.019615785756404866,-0.12675850304465655,-0.2209323843268475,-0.26453455326976244,0.09506230032051088,0.4870103201538475,0.9653346993158102,1.3486494573247918,-0.08763248226700288,-0.12930887818833692,-0.11383497728282237,-3.468806834919134,-0.15823891545300153,0.0,-3.0629763002114636
590,-2.6006985451737883,-0.14898025814843652,-3.486450904669657,0.004175324583936041,-0.12871895361482028,-0.00434394737247451,1.3970340589040207,0.9662665166045741,0.4368742049632935,0.056865780979999246,-0.28277661627791034,-0.23289248840123797,-0.12016881011506117,-0.004458507622579023,0.010076039208480853,0.06455730143292164,0.08970678353119386,0.014734059572732999,-0.008309399760842981,-0.003520369287625342,0.0011104246693211155,-0.01254641243076122,-0.008309399760842879,0.014734059572732874,0.08970678353119392,0.06455730143292164,0.010076039208480785,-0.004458507622579083,-0.12016881011506124,-0.23289248840123808,-0.28277661627791034,0.05686578097999941,0.4368742049632935,0.9662665166045742,1.3970340589040213,-0.004343947372474648,-0.12871895361482008,0.0041753245839374195,-3.486450904669656,-0.14898025814843632,0.0,-2.768575989452796
591,-2.3359237199957477,-0.13971295955620613,-3.5032860890362194,0.1221834469064073,-0.12800958053168193,0.07895088583045849,1.442502000777745,0.9644527040505162,0.3851168253109119,0.018402196117646107,-0.2993792775059362,-0.2432190190025159,-0.1125761105964672,0.010742439512870185,0.02276674175452606,0.06392490337281553,0.08828828729212174,0.011786009016058717,-0.016635245767804768,-0.007296976868668177,0.0027000749028645364,-0.011141052379179946,-0.01663524576780469,0.011786009016058606,0.0882882872921218,0.06392490337281553,0.02276674175452606,0.010742439512870185,-0.11257611059646727,-0.24321901900251594,-0.29937927750593635,0.018402196117646055,0.3851168253109116,0.9644527040505162,1.4425020007777452,0.07895088583045863,-0.12800958053168177,0.12218344690640813,-3.5032860890362185,-0.13971295955620636,0.0,-2.4831416384544913
592,-2.0748022010596614,-0.13043755720654465,-3.5193084821171037,0.24012778874218024,-0.12718141722237739,0.1621312477967171,1.484958357190139,0.9598984155711033,0.33193025570994766,-0.020147813164182092,-0.31424628277013067,-0.2518395429381153,-0.10404377806840943,0.025838169466195222,0.035198862884721155,0.06245914643670469,0.08556043598402441,0.008640666359041092,-0.02464895436489774,-0.010921058384852939,0.004227200986088452,-0.009451317796300603,-0.024648954364897654,0.008640666359040984,0.08556043598402444,0.06245914643670472,0.03519886288472113,0.025838169466195222,-0.10404377806840946,-0.25183954293811533,-0.3142462827701307,-0.020147813164182193,0.33193025570994744,0.9598984155711034,1.4849583571901388,0.16213124779671667,-0.12718141722237722,0.24012778874218219,-3.5193084821171032,-0.1304375572065447,0.0,-2.206366138617037
593,-1.8173554308305242,-0.121154589099727,-3.5345143665848844,0.3579467824426444,-0.12623523220521912,0.24507653495357057,1.5243144898269096,0.95261659209945,0.2775118744769987,-0.05860319987785191,-0.32729144037891733,-0.25869359342646564,-0.09464302889507564,0.04068082660684845,0.047231200334880485,0.060179139007837654,0.08156368487053138,0.005350683119107011,-0.032200159379006436,-0.014316860972721602,0.005656440099730693,-0.007520339031364014,-0.03220015937900635,0.005350683119106904,0.08156368487053144,0.06017913900783766,0.047231200334880465,0.040680826606848394,-0.0946430288950757,-0.2586935934264657,-0.32729144037891733,-0.05860319987785198,0.27751187447699854,0.9526165920994503,1.5243144898269105,0.24507653495357068,-0.12623523220521893,0.3579467824426468,-3.5345143665848835,-0.121154589099727,0.0,-1.9379083641210892
594,-1.5636048517733663,-0.11186459367486447,-3.5489002145488655,0.47557892579166067,-0.12517190352020788,0.3276664845642907,1.5604882328700567,0.9426279248128768,0.22206363125010883,-0.09678336142293643,-0.3384391208305101,-0.2637330942280198,-0.08445232780748343,0.0551250340343871,0.05872709252701479,0.057114604469871676,0.07635730757094819,0.0019711320272052324,-0.039147172877930056,-0.01741340340058265,0.006954696139276129,-0.00539740417337079,-0.03914717287792999,0.0019711320272051344,0.07635730757094826,0.05711460446987168,0.05872709252701479,0.05512503403438705,-0.08445232780748349,-0.26373309422801977,-0.33843912083051014,-0.09678336142293638,0.22206363125010864,0.9426279248128769,1.5604882328700567,0.3276664845642907,-0.1251719035202077,0.47557892579166117,-3.5489002145488655,-0.11186459367486475,0.0,-1.6773989494194708
595,-1.3135719063532107,-0.10256810977867382,-3.562462688373595,0.5929628141100828,-0.12399241791422977,0.409781349097619,1.5934040645396623,0.9299607963392823,0.16579129754243538,-0.13450898777165912,-0.3476246952761128,-0.2669226968655312,-0.07355673298610059,0.06902931747737391,0.06955597075210299,0.05330549371711071,0.07001851700578268,-0.001441414863119196,-0.045359643748727745,-0.020145959763491043,0.008091906103256306,-0.0031367009762844856,-0.045359643748727696,-0.0014414148631192896,0.07001851700578274,0.05330549371711071,0.06955597075210299,0.0690293174773739,-0.07355673298610063,-0.26692269686553116,-0.34762469527611295,-0.13450898777165912,0.1657912975424351,0.9299607963392827,1.5934040645396623,0.40978134909761854,-0.1239924179142296,0.5929628141100839,-3.562462688373594,-0.1025681097786739,0.0,-1.4244462886291118
596,-1.0672780370350843,-0.09326567663422083,-3.5751986414532086,0.7100371723093722,-0.1226978699253757,0.491302069850241,1.6229932647645948,0.9146512001083907,0.10890370311272288,-0.17160290358387745,-0.3547949102066631,-0.26824002856822393,-0.06204718611027341,0.08225749096784755,0.07959484215092516,0.04880146433350107,0.06264132029435446,-0.004829833164586834,-0.05072100355630918,-0.022457412425398483,0.009041736245649114,-0.0007959337206519616,-0.05072100355630912,-0.004829833164586916,0.06264132029435453,0.048801464333501084,0.07959484215092516,0.08225749096784749,-0.06204718611027345,-0.2682400285682239,-0.3547949102066631,-0.1716029035838774,0.10890370311272295,0.9146512001083907,1.6229932647645948,0.49130206985024044,-0.12269786992537557,0.7100371723093725,-3.5751986414532073,-0.09326567663422083,0.0,-1.1786426605219784
597,-0.8247446862840064,-0.08395783380964586,-3.587105118941483,0.826740886877553,-0.12128946086723284,0.5721104495705227,1.6491940586529212,0.8967426380770339,0.05161196098646032,-0.20789090029667684,-0.3599081961908701,-0.26767584920070525,-0.05001975330016893,0.09467999071932826,0.08872968664947008,0.04366123323008335,0.05433512458687069,-0.008137402390845806,-0.055130653789112125,-0.02429944592841443,0.009782191871959974,0.0015651496838551193,-0.05513065378911207,-0.008137402390845873,0.05433512458687074,0.04366123323008335,0.08872968664947004,0.09467999071932823,-0.050019753300168966,-0.26767584920070514,-0.35990819619087006,-0.2078909002966768,0.05161196098646032,0.8967426380770339,1.6491940586529217,0.5721104495705224,-0.12128946086723266,0.8267408868775541,-3.5871051189414835,-0.08395783380964572,0.0,-0.9395703832455921
598,-0.5859932965649826,-0.07464512118686564,-3.5981793584373767,0.943013037780833,-0.11976849771409058,0.6520893238332284,1.6719517454625235,0.8762859971190811,-0.005871315996293809,-0.24320255428073792,-0.3629349088746317,-0.2652341160758758,-0.03757482328682078,0.10617514414364622,0.09685675198272438,0.03795181118026092,0.045223114507107386,-0.011308755430027248,-0.05850585345122302,-0.02563355691332471,0.010296126658271993,0.0038862827593798698,-0.058505853451223,-0.011308755430027302,0.04522311450710744,0.03795181118026091,0.09685675198272434,0.10617514414364619,-0.03757482328682081,-0.26523411607587577,-0.3629349088746317,-0.2432025542807379,-0.005871315996294015,0.8762859971190811,1.6719517454625235,0.6520893238332277,-0.1197684977140904,0.9430130377808338,-3.598179358437376,-0.07464512118686571,0.0,-0.7068079049447493
599,-0.35104531034305353,-0.06532807893026026,-3.6084187906259273,1.058792930264221,-0.11813639188809558,0.7311227309167324,1.6912188128026449,0.8533394044312562,-0.06333280419898088,-0.27737202722107007,-0.36385750084463286,-0.2609319561972237,-0.02481626950286976,0.11663036157716475,0.10388373209814715,0.0317476292318889,0.035440425268951664,-0.014290805363465314,-0.0607832715828817,-0.02643185894136508,0.010571639699243738,0.006108218757233958,-0.06078327158288171,-0.014290805363465355,0.035440425268951706,0.031747629231888876,0.10388373209814714,0.1166303615771647,-0.024816269502869807,-0.2609319561972236,-0.3638575008446327,-0.27737202722106996,-0.06333280419898088,0.8533394044312563,1.6912188128026455,0.7311227309167324,-0.11813639188809541,1.058792930264223,-3.6084187906259264,-0.0653280789302604,0.0,-0.47993574001368455
600,-0.11992217008323536,-0.056007247455340387,-3.617821039874361,1.1740201265345522,-0.11639465794948152,0.8090960799364333,1.7069550358279444,0.8279680623656975,-0.12055926084441632,-0.3102388449631891,-0.36267062335974365,-0.2547995461251999,-0.011850583087731775,0.12594323904399624,0.10973081555469032,0.02512956838473776,0.025132138560309603,-0.017033634115083948,-0.0619201755784672,-0.026677665394351482,0.010602351090832388,0.00817424292674043,-0.06192017557846719,-0.01703363411508397,0.025132138560309637,0.025129568384737764,0.10973081555469032,0.1259432390439962,-0.011850583087731828,-0.2547995461251997,-0.36267062335974365,-0.3102388449631891,-0.12055926084441625,0.8279680623656974,1.7069550358279444,0.8090960799364327,-0.11639465794948138,1.1740201265345522,-3.61782103987436,-0.05600724745534049,0.0,-0.2585421656660848
601,0.10735468174946305,-0.04668316739740283,-3.626383924783254,1.2886344773093772,-0.11454491219108859,0.8858963169905777,1.7191275612179737,0.8002440631585843,-0.17733831537058997,-0.3416486511669497,-0.3593811573604296,-0.24687990031032905,0.0012140159563079301,0.13402256125515968,0.11433159200979862,0.01818390518296978,0.014451130916324157,-0.01949132805588866,-0.061895233004818875,-0.02636583826901689,0.010387549666224688,0.010031620155016064,-0.06189523300481889,-0.01949132805588867,0.014451130916324183,0.018183905182969785,0.11433159200979862,0.13402256125515963,0.0012140159563078826,-0.24687990031032891,-0.35938115736042947,-0.3416486511669497,-0.17733831537058997,0.8002440631585843,1.7191275612179737,0.885896316990577,-0.11454491219108845,1.2886344773093774,-3.6263839247832528,-0.04668316739740288,0.0,-0.042228599735131066
602,0.3307638026899866,-0.03735637958017134,-3.6341054586926367,1.4025761532152394,-0.11258887113847743,0.9614120890776128,1.7277109757667393,0.7702461840812775,-0.23345925754962957,-0.3714539322285608,-0.35400817357639186,-0.23722856937774495,0.014268482038207464,0.14078919501977105,0.11763380649863782,0.011001186968442857,0.003555806491497435,-0.02162274657594765,-0.06070891187488004,-0.025502895574832807,0.009932209463935924,0.011632941026795782,-0.06070891187488007,-0.02162274657594764,0.0035558064914974524,0.011001186968442857,0.11763380649863782,0.14078919501977102,0.01426848203820743,-0.23722856937774478,-0.35400817357639175,-0.3714539322285607,-0.23345925754962935,0.7702461840812777,1.7277109757667395,0.9614120890776122,-0.11258887113847726,1.4025761532152394,-3.6341054586926353,-0.03735637958017135,0.0,0.16938541204187085
603,0.5502837502733513,-0.028027424984427708,-3.6409838501429155,1.5157856760189734,-0.1105283499570291,1.0355339055473916,1.7326873594391567,0.7380596635960448,-0.2887138194451693,-0.3995147100662451,-0.34658282196371976,-0.22591325047946784,0.027203854143178805,0.1461768643177211,0.11959995293855578,0.003675051457635163,-0.0073922521452719145,-0.023392210758338285,-0.05838347186608138,-0.0241068750904178,0.009246874546734216,0.012937331946222402,-0.05838347186608141,-0.023392210758338264,-0.007392252145271881,0.003675051457635163,0.11959995293855578,0.146176864317721,0.027203854143178757,-0.2259132504794677,-0.34658282196371976,-0.39951471006624506,-0.2887138194451692,0.738059663596045,1.7326873594391567,1.035533905547391,-0.11052834995702898,1.5157856760189734,-3.640983850142915,-0.028027424984427812,0.0,0.37665766270252166
604,0.7658930820345162,-0.018696844716633198,-3.647017503290506,1.6282039496756886,-0.10836526076750953,1.1081542968521485,1.7340463227836262,0.7037759591524225,-0.34289694830624,-0.42569919951593116,-0.337148151112541,-0.2130133124475238,0.03991216529177019,0.15013279944236457,0.12020770011783655,-0.0036989939691896637,-0.01823068035296862,-0.02477010062698976,-0.0549625466482396,-0.022206957326383527,0.008347414838574957,0.013911498432333377,-0.05496254664823965,-0.024770100626989724,-0.0182306803529686,-0.003698993969189655,0.12020770011783652,0.1501327994423645,0.03991216529177014,-0.21301331244752364,-0.337148151112541,-0.42569919951593105,-0.34289694830624,0.7037759591524225,1.7340463227836267,1.108154296852148,-0.1083652607675094,1.6282039496756893,-3.6470175032905052,-0.018696844716633337,0.0,0.579919259067696
605,0.977570355508476,-0.009365179977542704,-3.6522050182780825,1.7397722911772608,-0.10610161087166103,1.1791679703670703,1.7317850286226286,0.6674924873124304,-0.39580756752942814,-0.449884427249573,-0.3257588586721588,-0.19861923907861423,0.05228734370208683,0.1526182538551725,0.11945014533042793,-0.011024817352743896,-0.02879873935922235,-0.02573335097078118,-0.05051032515801101,-0.0198428555756892,0.0072546586334953315,0.0145305749582049,-0.050510325158011064,-0.02573335097078112,-0.028798739359222347,-0.011024817352743892,0.11945014533042793,0.15261825385517247,0.05228734370208679,-0.19861923907861406,-0.3257588586721587,-0.4498844272495728,-0.395807567529428,0.6674924873124305,1.7317850286226288,1.1791679703670699,-0.1061016108716609,1.7397722911772613,-3.652205018278081,-0.00936517997754267,0.0,0.7794711497545304
606,1.1852941282301792,-3.2972030813639186e-05,-3.656545191559353,1.8504324611852123,-0.10373950088946826,1.2484719630545345,1.7259081979760402,0.6293123469430721,-0.4472493228653289,-0.47195680930939793,-0.3124809742405887,-0.18283199445529452,0.06422609813346737,0.15360888368999606,0.11733589277589546,-0.018206915381819976,-0.038939700088705044,-0.026265837444039285,-0.04511034718215438,-0.017063985801061225,0.005993910286258415,0.014778759641672634,-0.04511034718215443,-0.026265837444039215,-0.03893970008870507,-0.01820691538181996,0.11733589277589546,0.153608883689996,0.06422609813346734,-0.1828319944552943,-0.3124809742405887,-0.47195680930939793,-0.4472493228653291,0.6293123469430721,1.7259081979760402,1.2484719630545351,-0.10373950088946816,1.8504324611852123,-3.656545191559353,-3.297203081391479e-05,0.0,0.9755812407493794
607,1.389042957734631,0.009299237828389,-3.6600370161782974,1.9601266944319886,-0.1012811228098265,1.3159657907506723,1.7164281002048214,0.5893440262626596,-0.4970313111000822,-0.4918126845457392,-0.2973914765569498,-0.16576231475547779,0.07562878002196542,0.15309498618987552,0.11388895583414699,-0.025151658425005535,-0.048503167525914784,-0.02635864648029977,-0.038863935848819385,-0.013928433711020474,0.004594364253319505,0.01464971758719581,-0.038863935848819454,-0.026358646480299702,-0.048503167525914784,-0.025151658425005535,0.11388895583414699,0.15309498618987546,0.0756287800219654,-0.16576231475547756,-0.2973914765569497,-0.49181268454573923,-0.4970313111000825,0.5893440262626597,1.7164281002048214,1.315965790750672,-0.10128112280982636,1.9601266944319886,-3.660037016178297,0.009299237828388724,0.0,1.168482122725708
608,1.5887954015567942,0.018630908304789195,-3.6626796820027856,2.068797729874777,-0.09872875795642154,1.3815515938577974,1.703364527395642,0.5477010945733906,-0.5449687885078117,-0.5093588014532058,-0.2805778472160404,-0.14752993151771013,0.08640021521169589,0.15108159474101682,0.10914848432487802,-0.031768511136116985,-0.05734731114099954,-0.026010224501106214,-0.03188829643899658,-0.010501740615353064,0.00308842905284589,0.014146742583593523,-0.03188829643899667,-0.02601022450110612,-0.05734731114099955,-0.031768511136117,0.10914848432487802,0.15108159474101673,0.08640021521169587,-0.14752993151770985,-0.28057784721604023,-0.5093588014532058,-0.5449687885078116,0.5477010945733907,1.7033645273956426,1.381551593857797,-0.09872875795642143,2.068797729874778,-3.662679682002785,0.01863090830478906,0.0,1.358369423846673
609,1.784530017231667,0.02796149813439687,-3.6644725759125354,2.1763888405861125,-0.096084774870709,1.4451342792314692,1.6867447530399244,0.5045018795561109,-0.5908838564448625,-0.5245127561188042,-0.2621375634924477,-0.12826273181045522,0.09645049833987844,0.1475884295731228,0.1031683198494859,-0.03797121272089297,-0.06534096830040093,-0.02522640392216329,-0.024314317191306084,-0.006855533438847902,0.0015109767984763298,0.013282673030330741,-0.02431431719130618,-0.025226403922163198,-0.06534096830040095,-0.037971212720892954,0.10316831984948592,0.14758842957312274,0.09645049833987844,-0.12826273181045506,-0.26213756349244766,-0.5245127561188042,-0.5908838564448624,0.5045018795561108,1.6867447530399244,1.4451342792314692,-0.09608477487070889,2.176388840586112,-3.6644725759125354,0.027961498134396627,0.0,1.5454007914418064
610,1.9762253622942154,0.03729046611590234,-3.665415281941365,2.282843863365665,-0.09335162711395688,1.5066216580564615,1.6666034750935763,0.459869131044225,-0.634606121541557,-0.537203379225223,-0.24217753321455027,-0.1080958611961957,0.10569574324512719,0.14264970460894527,0.0960163842658165,-0.04367890147836638,-0.07236558946779048,-0.024020305521513977,-0.016284113364985607,-0.003066027529627785,-0.000101464315045616,0.012079564238329194,-0.016284113364985708,-0.024020305521513876,-0.07236558946779051,-0.04367890147836638,0.09601638426581655,0.14264970460894522,0.10569574324512718,-0.10809586119619553,-0.24217753321455024,-0.537203379225223,-0.6346061215415572,0.45986913104422483,1.6666034750935765,1.5066216580564609,-0.09335162711395678,2.282843863365665,-3.6654152819413635,0.0372904661159022,0.0,1.729695495854085
611,2.1638599942794023,0.046617271142068074,-3.6655075813736904,2.388107228057769,-0.09053185099039195,1.5659245795117294,1.6429827435362887,0.41392967223213706,-0.6759733280414639,-0.547371070291751,-0.22081347496473847,-0.087170775782414,0.11405878313559324,0.13631379235487764,0.08777390824135992,-0.04881716895679863,-0.07831699634709288,-0.02241211880405008,-0.007948360643343486,0.0007875664426707061,-0.0017115558751980447,0.010568125469800538,-0.00794836064334359,-0.02241211880404997,-0.07831699634709292,-0.048817168956798614,0.08777390824135994,0.13631379235487767,0.11405878313559324,-0.08717077578241376,-0.2208134749647383,-0.5473710702917509,-0.6759733280414638,0.41392967223213695,1.642982743536289,1.565924579511729,-0.09053185099039185,2.3881072280577693,-3.66550758137369,0.046617271142067936,0.0,1.911334640069451
612,2.3474124707222437,0.055941372231114055,-3.6647494527952866,2.4921239865593785,-0.08762806319356223,1.6229570600305783,1.6159318725816323,0.36681403930930434,-0.7148319599415288,-0.5549680775830952,-0.19816924719915469,-0.0656342500086346,0.12146981467290487,0.1286427501148276,0.07853450864687857,-0.05331902998164096,-0.08310692689354264,-0.02042876403894843,0.0005365320873220144,0.004624698198838209,-0.0032820138767749025,0.008786936086618099,0.0005365320873219153,-0.020428764038948315,-0.08310692689354268,-0.05331902998164096,0.07853450864687857,0.12864275011482754,0.12146981467290487,-0.06563425000863436,-0.19816924719915455,-0.554968077583095,-0.7148319599415288,0.36681403930930406,1.6159318725816323,1.6229570600305774,-0.08762806319356209,2.4921239865593794,-3.664749452795286,0.05594137223111395,0.0,2.090361949605775
613,2.5268613491576737,0.06526222855809664,-3.6631410720982394,2.594839841503297,-0.0846429583780997,1.6776364079686146,1.585507337721246,0.3186561105438786,-0.7510378106984974,-0.559958722371526,-0.17437613017638975,-0.04363734712918823,0.12786698059596335,0.11971171216788369,0.06840312526929962,-0.05712579590972545,-0.08666434427956463,-0.018103441627362615,0.009011357534438725,0.00836516156340729,-0.004776472087099868,0.006781460814981547,0.009011357534438635,-0.018103441627362504,-0.08666434427956465,-0.05712579590972545,0.06840312526929963,0.11971171216788364,0.12786698059596335,-0.043637347129187994,-0.17437613017638962,-0.559958722371526,-0.7510378106984974,0.31865611054387843,1.5855073377212459,1.6776364079686141,-0.08464295837809957,2.594839841503297,-3.6631410720982385,0.06526222855809669,0.0,2.26678510867954
614,2.702185187120712,0.07457929948627773,-3.660682812440144,2.696201174601731,-0.08157930665913703,1.729883343498726,1.5517726578180524,0.2695927258698892,-0.7844565183874133,-0.5623195664991256,-0.14957206485816538,-0.021334359613021256,0.13319688602164062,0.10960815386311311,0.05749482892053558,-0.060187839725481335,-0.08893649040292478,-0.01547507634373766,0.01731709730410514,0.01193077098529128,-0.006160324158886266,0.004602889261670516,0.017317097304105047,-0.01547507634373754,-0.08893649040292484,-0.06018783972548132,0.05749482892053561,0.10960815386311307,0.13319688602164065,-0.021334359613020996,-0.1495720648581652,-0.5623195664991255,-0.784456518387413,0.2695927258698892,1.551772657818053,1.7298833434987257,-0.08157930665913689,2.696201174601732,-3.6606828124401423,0.07457929948627769,0.0,2.44057760099792
615,2.8733625421463103,0.08389204459848322,-3.6573752441575285,2.7961550746353567,-0.0784399510416984,1.7796221135592505,1.5147982624946692,0.2197632980589018,-0.8149640643261925,-0.5620395224531919,-0.12390085319448783,0.0011182731071148807,0.13741504411299799,0.09843103483933732,0.04593351447956344,-0.062465243004977765,-0.08988966831315064,-0.012587665753879724,0.025297905661612257,0.015246995822043427,-0.007401524990398389,0.002306829303148267,0.025297905661612184,-0.012587665753879606,-0.08988966831315069,-0.062465243004977744,0.04593351447956346,0.09843103483933727,0.13741504411299804,0.00111827310711507,-0.12390085319448772,-0.5620395224531918,-0.8149640643261925,0.21976329805890166,1.5147982624946694,1.7796221135592503,-0.0784399510416983,2.796155074635356,-3.657375244157528,0.08389204459848308,0.0,2.6116810067391536
616,3.0403719717694457,0.09319992372844908,-3.6532191346335345,2.894649365073285,-0.07522780478244995,1.8267806016886734,1.4746613450938695,0.16930941658100299,-0.8424472333158453,-0.5591199054378417,-0.09751132442963227,0.023563061944882665,0.1404862473951922,0.08628982976164887,0.03385049371200465,-0.06392831631362705,-0.089509741952485,-0.009489543716947615,0.03280403376139792,0.018244518226884443,-0.008471332776257492,-4.811230133889682e-05,0.03280403376139785,-0.009489543716947497,-0.08950974195248508,-0.06392831631362707,0.03385049371200468,0.08628982976164883,0.14048624739519225,0.023563061944882863,-0.0975113244296322,-0.5591199054378416,-0.8424472333158456,0.16930941658100293,1.4746613450938697,1.8267806016886732,-0.07522780478244982,2.894649365073285,-3.653219134633534,0.09319992372844892,0.0,2.780007701465375
617,3.2031920335251236,0.10250239699215223,-3.64821544811987,2.9916326313095283,-0.07194584868625818,1.8712904325876039,1.431445701518079,0.11837444528073396,-0.8668040337883761,-0.5535744271972621,-0.07055647226231096,0.04584257283314378,0.14238486161982528,0.07330345606815244,0.02138300384976143,-0.06455798625336871,-0.08780234579999022,-0.006232571299987309,0.03969463947729739,0.020860682074549976,-0.009344974565629854,-0.002401825842921657,0.03969463947729734,-0.006232571299987195,-0.08780234579999029,-0.06455798625336871,0.02138300384976144,0.0733034560681524,0.1423848616198253,0.04584257283314399,-0.07055647226231085,-0.553574427197262,-0.8668040337883758,0.11837444528073382,1.4314457015180795,1.8712904325876034,-0.07194584868625806,2.991632631309528,-3.648215448119869,0.1025023969921522,0.0,2.9454438979237074
618,3.361801284948296,0.11179892481912579,-3.642365345513104,3.0870542475017273,-0.06859712834006527,1.9130870712564196,1.3852415552843713,0.06710311501116896,-0.8879440763031599,-0.5454291316196168,-0.04319256786235281,0.06780053101082349,0.14309503972495602,0.059599109229151064,0.008672648870049107,-0.06434604411358215,-0.08479280130968557,-0.0028712686487094583,0.04584043011050663,0.023040802639585873,-0.010002219915831771,-0.004694232958944754,0.045840430110506585,-0.002871268648709353,-0.08479280130968561,-0.06434604411358215,0.00867264887004913,0.05959910922915104,0.14309503972495602,0.06780053101082367,-0.0431925678623527,-0.5454291316196167,-0.8879440763031601,0.0671031150111689,1.3852415552843713,1.9130870712564199,-0.06859712834006518,3.0870542475017277,-3.6423653455131038,0.11179892481912561,0.0,3.107852967980856
619,3.5161782835739537,0.12108896798375512,-3.635670184085323,3.1808644029981434,-0.06518475128664762,1.9521099165648494,1.336145369160198,0.0156411123836625,-0.905788908987183,-0.5347222724240405,-0.015578253886194118,0.08928291717807664,0.14261085410492605,0.04531101692686944,-0.004136208822443493,-0.06329525288418318,-0.0805257413819782,0.0005380976534261308,0.051126088388493425,0.02473930965136008,-0.010427849357570287,-0.006866820128694327,0.051126088388493376,0.0005380976534262233,-0.08052574138197827,-0.0632952528841832,-0.00413620882244345,0.045311016926869424,0.14261085410492605,0.0892829171780768,-0.015578253886194006,-0.5347222724240405,-0.9057889089871831,0.01564111238366243,1.3361453691601985,1.9521099165648494,-0.06518475128664751,3.1808644029981434,-3.635670184085322,0.12108896798375496,0.0,3.267078979333911
620,3.6663015869370668,0.13037198763655516,-3.6281315171692334,3.2730141283391134,-0.06171188414088087,1.9883023891178175,1.284259643773122,-0.035865334198174836,-0.9202723086743049,-0.5215041335051547,0.01212637525636123,0.11013904783101304,0.14093634608598898,0.03057912435794325,-0.016898088043221023,-0.06141931123582514,-0.07506444843764605,0.003938456460650618,0.05545243623433778,0.025920699832926202,-0.010612006823827617,-0.008864132226651323,0.055452436234337744,0.003938456460650704,-0.0750644484376461,-0.06141931123582513,-0.016898088043220964,0.03057912435794324,0.14093634608598904,0.11013904783101322,0.012126375256361335,-0.5215041335051547,-0.9202723086743045,-0.035865334198174975,1.2842596437731217,1.9883023891178169,-0.061711884140880746,3.2730141283391143,-3.6281315171692325,0.13037198763655516,0.0,3.4229503801593726
621,3.81214975257263,0.13964744533542475,-3.6197510937977766,3.3634553208194036,-0.05818174965118726,2.0216120132901554,1.2296927036149912,-0.08726987004399393,-0.931340526663109,-0.5058367927788395,0.03976070155194368,0.13022263219821156,0.13808549219478866,0.015547723535522879,-0.02946804118259037,-0.05874267493677736,-0.06848991591103261,0.007272887408310957,0.05873829570635835,0.026560279013163865,-0.010550427881387294,-0.010635188010435623,0.05873829570635833,0.007272887408311022,-0.06848991591103266,-0.058742674936777345,-0.02946804118259037,0.015547723535522858,0.13808549219478872,0.13022263219821173,0.03976070155194372,-0.5058367927788394,-0.931340526663109,-0.08726987004399413,1.2296927036149914,2.0216120132901563,-0.0581817496511872,3.3634553208194045,-3.619751093797777,0.13964744533542445,0.0,3.5752837645009516
622,3.9537013380156054,0.14891480307687804,-3.6105308582983398,3.452140769598102,-0.0545976237088922,2.0519904933112465,1.1725584708873429,-0.13842643004106453,-0.9389524881813216,-0.4877938306383444,0.0671645145690197,0.14939279836537178,0.13408208750123052,0.00036404001633769665,-0.041703300500002975,-0.055300238034585565,-0.060899647080933025,0.010485573732291524,0.06092201219006342,0.026644678300094576,-0.010244538479970037,-0.012134781413216639,0.06092201219006341,0.010485573732291587,-0.060899647080933074,-0.055300238034585565,-0.041703300500002954,0.0003640400163376622,0.13408208750123055,0.14939279836537195,0.06716451456901976,-0.48779383063834425,-0.9389524881813216,-0.13842643004106467,1.1725584708873433,2.0519904933112465,-0.05459762370889212,3.452140769598101,-3.610530858298339,0.1489148030768777,0.0,3.723887651935708
623,4.090934900800978,0.15817352332725018,-3.600472949841655,3.5390241803429605,-0.05096283230826518,2.0793937832892713,1.1129762276601733,-0.18918965369580643,-0.9430799448165759,-0.4674599843899469,0.09417894028033193,0.16751508139057644,0.1289595470094427,-0.014823209104930136,-0.053464899659752825,-0.05113687795879857,-0.052406209053050386,0.013522736614695718,0.06196261126183308,0.026172133525989145,-0.009701421932299897,-0.013324635425198551,0.06196261126183306,0.013522736614695762,-0.05240620905305043,-0.05113687795879856,-0.05346489965975281,-0.01482320910493017,0.12895954700944273,0.16751508139057664,0.09417894028033198,-0.4674599843899469,-0.9430799448165758,-0.18918965369580654,1.112976227660174,2.0793937832892713,-0.0509628323082651,3.5390241803429605,-3.600472949841654,0.15817352332725004,0.0,3.8685662168639996
624,4.223828998463727,0.1674230690538762,-3.589579701945492,3.6240601993963195,-0.047280748460066496,2.1037821510735415,1.0510703668406405,-0.23941529817315352,-0.9437075793478402,-0.4449307502910763,0.12064736213751409,0.18446236647924616,0.12276062675454573,-0.029865271810189845,-0.06461925209085922,-0.04630687047504291,-0.04313556333911346,0.016333535415291717,0.061840567517383635,0.02515252212312681,-0.008933654889725142,-0.014174379111441423,0.061840567517383635,0.01633353541529175,-0.04313556333911353,-0.04630687047504291,-0.0646192520908592,-0.029865271810189834,0.12276062675454584,0.18446236647924624,0.12064736213751413,-0.44493075029107626,-0.9437075793478404,-0.2394152981731538,1.0510703668406407,2.1037821510735415,-0.04728074846006641,3.6240601993963186,-3.589579701945492,0.16742306905387602,0.0,4.009122905593009
625,4.352362188538834,0.1766629037562396,-3.5778536419332694,3.7072044374499744,-0.04355478906146328,2.1251202358623216,0.9869701324716036,-0.288960648160113,-0.9408330625884771,-0.42031193505989645,0.14641632905793847,0.20011578060309138,0.11553706693313803,-0.04461481811454494,-0.07503966824434641,-0.04087318211741378,-0.033225197790919814,0.018870918719282828,0.06055817093901026,0.023607156659405517,-0.007959016111616252,-0.014662322827711075,0.060558170939010274,0.01887091871928285,-0.03322519779091985,-0.040873182117413774,-0.07503966824434638,-0.044614818114544964,0.11553706693313803,0.2001157806030915,0.1464163290579385,-0.42031193505989634,-0.9408330625884772,-0.28896064816011335,0.9869701324716044,2.1251202358623202,-0.04355478906146319,3.707204437449975,-3.577853641933268,0.17666290375623947,0.0,4.145363883164391
626,4.476513028561257,0.18589249149709217,-3.565297490347681,3.788413492716666,-0.03978841172522019,2.143377099472608,0.9208093499022069,-0.3376849213888946,-0.9344670620299836,-0.3937191589626467,0.17133644505972603,0.21436552630899589,0.10734916004616012,-0.058927383094744656,-0.08460779451512818,-0.03490664932340822,-0.02282208759356376,0.021092411955273553,0.05813948392723198,0.02156833934945348,-0.0068000747724080044,-0.014776011847030965,0.058139483927232026,0.02109241195527356,-0.022822087593563793,-0.034906649323408215,-0.08460779451512816,-0.058927383094744594,0.10734916004616014,0.214365526308996,0.1713364450597261,-0.3937191589626466,-0.9344670620299833,-0.337684921388895,0.9208093499022073,2.1433770994726067,-0.03978841172522011,3.788413492716667,-3.56529749034768,0.185892491497092,0.0,4.277101256539396
627,4.596260076065995,0.1951112969335385,-3.5519141603195252,3.867644973586074,-0.035985111571106766,2.1585262711975397,0.852726146393825,-0.38544966866732616,-0.9246332022543384,-0.365277312812453,0.1952632353872484,0.22711165186926097,0.09826524765869771,-0.07266278185569301,-0.09321495748542652,-0.028485054972632,-0.01208051555723807,0.02296082839908695,0.05462988980308162,0.019078686853135254,-0.0054836678396331315,-0.014512544265659642,0.05462988980308168,0.022960828399086933,-0.0120805155572381,-0.028485054972632,-0.09321495748542649,-0.07266278185569301,0.09826524765869775,0.227111651869261,0.1952632353872484,-0.36527731281245274,-0.9246332022543384,-0.38544966866732644,0.852726146393825,2.1585262711975393,-0.035985111571106676,3.867644973586074,-3.551914160319525,0.1951112969335384,0.0,4.4041560262130695
628,4.711581888588032,0.20431878534808878,-3.5377067568918243,3.9448575207534846,-0.03214841798249885,2.1705457861863913,0.7828626627446942,-0.4321191672798746,-0.9113679772618639,-0.3351199714297667,0.21805798410574453,0.23826475237115988,0.08836114997709046,-0.08568648257608007,-0.10076339822199971,-0.021692114368010374,-0.0011597840336638615,0.024444891661572658,0.05009524125277097,0.01619023947494434,-0.004040278625017224,-0.013878645073967383,0.05009524125277102,0.02444489166157263,-0.00115978403366387,-0.021692114368010364,-0.1007633982219997,-0.08568648257608007,0.08836114997709048,0.23826475237115993,0.2180579841057446,-0.33511997142976657,-0.911367977261864,-0.432119167279875,0.7828626627446947,2.1705457861863904,-0.03214841798249879,3.9448575207534833,-3.5377067568918243,0.20431878534808878,0.0,4.52636072448679
629,4.822457023662341,0.21351442267967302,-3.522678576299427,4.0200108288095935,-0.028281891331184503,2.1794182172915053,0.7113647565352692,-0.4775608066414288,-0.8947206150399629,-0.30338876631906975,0.23958853830908527,0.24774659682816352,0.07771953300446532,-0.09787092418479298,-0.1071673826082065,-0.014616383878788327,0.00977814760954149,0.025519759240260204,0.04462062469299117,0.012963373384364945,-0.0025033308991854793,-0.012890494501558401,0.044620624692991225,0.025519759240260162,0.009778147609541463,-0.014616383878788301,-0.1071673826082065,-0.09787092418479298,0.07771953300446541,0.24774659682816352,0.2395885383090853,-0.3033887663190697,-0.8947206150399628,-0.47756080664142914,0.7113647565352698,2.179418217291505,-0.02828189133118441,4.020010828809594,-3.5226785762994255,0.21351442267967297,0.0,4.643561705378998
630,4.928864038823878,0.22269767555461847,-3.506833105204259,4.093065667280178,-0.02438911967341293,2.1851307003359928,0.6383816976138698,-0.5216454651080183,-0.87475289487532,-0.27023272050801606,0.2597300742782777,0.2554906769141018,0.06642921855682372,-0.10909676576208173,-0.11235417509991315,-0.007350106472828025,0.020571064919238845,0.026167438370855847,0.03830876374182677,0.009465538594666728,-0.0009084149157790725,-0.011573315018116606,0.03830876374182685,0.026167438370855788,0.02057106491923883,-0.00735010647282803,-0.1123541750999131,-0.10909676576208167,0.06642921855682375,0.2554906769141018,0.2597300742782777,-0.27023272050801606,-0.8747528948753202,-0.5216454651080183,0.63838169761387,2.1851307003359923,-0.02438911967341289,4.093065667280178,-3.5068331052042576,0.22269767555461847,0.0,4.755621058384641
631,5.030781491607648,0.23186801131758702,-3.4901740198863904,4.163983901104629,-0.020473715420253065,2.1876749527655575,0.5640658564583539,-0.5642478768737634,-0.8515389180875345,-0.23580754867288603,0.27836582114889585,0.26144267347128575,0.05458444289873382,-0.11925405542817819,-0.11626486484546204,1.1990811544729303e-05,0.031058904070175086,0.026377087217429374,0.03127809175194648,0.005769849079704696,0.0007075367324847769,-0.009960727531747522,0.031278091751946555,0.026377087217429304,0.031058904070175076,1.199081154472069e-05,-0.11626486484546199,-0.11925405542817812,0.054584442898733834,0.26144267347128575,0.2783658211488959,-0.23580754867288603,-0.8515389180875346,-0.5642478768737634,0.564065856458354,2.1876749527655575,-0.020473715420253037,4.163983901104627,-3.4901740198863886,0.23186801131758691,0.0,4.8624181258837815
632,5.128187939548631,0.24102489806247027,-3.472705185391103,4.23272851054268,-0.016539311985351222,2.1870472856574095,0.4885723860644546,-0.60524698791153,-0.8251648330350034,-0.20027492583725612,0.2953877378919616,0.2655608375203704,0.04228407018653453,-0.12824330727065028,-0.118855034786749,0.007373931777351408,0.04108612568361062,0.02614519635951296,0.023660529572322963,0.001953554499002197,0.002307104341560856,-0.008093893217805667,0.02366052957232305,0.02614519635951287,0.04108612568361061,0.007373931777351417,-0.11885503478674904,-0.12824330727065023,0.04228407018653455,0.26556083752037035,0.2953877378919616,-0.2002749258372562,-0.8251648330350035,-0.6052469879115302,0.48857238606445497,2.1870472856574086,-0.016539311985351177,4.232728510542679,-3.4727051853911024,0.24102489806247032,0.0,4.963850611824828
633,5.221061940181794,0.2501678046632421,-3.4544306546321732,4.299263610498939,-0.012589560413198937,2.18324860906885,0.412058898024905,-0.6445262999458836,-0.7957285154135754,-0.1638017280783816,0.3106971396834715,0.267816283099448,0.029630767284162196,-0.13597647576248928,-0.12009526614185381,0.014639742265465066,0.05050402154636707,0.025475647538105314,0.015599010235713973,-0.0019035745239058017,0.0038532476035932667,-0.006020462882962636,0.015599010235714068,0.025475647538105214,0.050504021546367066,0.01463974226546506,-0.12009526614185381,-0.13597647576248922,0.029630767284162238,0.267816283099448,0.31069713968347157,-0.1638017280783817,-0.7957285154135754,-0.6445262999458837,0.412058898024905,2.1832486090688503,-0.012589560413198902,4.299263610498941,-3.454430654632172,0.2501678046632419,0.0,5.059835277238954
634,5.309382051042096,0.25929620080476545,-3.4353546674515587,4.363554469255117,-0.008628125991039601,2.1762844307177756,0.334685133475628,-0.6819742014809546,-0.7633392050344003,-0.12655924880725292,0.32420527003118105,0.26819318987831703,0.016730146839120972,-0.14237781812696118,-0.11997147253938248,0.021714701324548107,0.05917292002061269,0.024379648677201562,0.00724479701772475,-0.005720913817927305,0.005310163328963736,-0.0037933606819196605,0.007244797017724858,0.02437964867720146,0.05917292002061269,0.02171470132454808,-0.11997147253938248,-0.14237781812696107,0.016730146839121024,0.268193189878317,0.3242052700311811,-0.12655924880725297,-0.7633392050344006,-0.6819742014809546,0.3346851334756283,2.1762844307177756,-0.008628125991039575,4.363554469255117,-3.435354667451557,0.25929620080476534,0.0,5.150308226050003
635,5.393126829664556,0.26840955701355185,-3.4154816496357214,4.425567526600192,-0.0046586848475582325,2.1661648479970133,0.25661262959596887,-0.7174842849426017,-0.7281171004289191,-0.08872239430300341,0.33583381534173296,0.2666889141267307,0.0036898857710388412,-0.14738463620275954,-0.11848506000947082,0.02850657604350993,0.06696425743716489,0.022875546268557062,-0.001245354809630539,-0.009418670922263188,0.006644114521072922,-0.0014694332323048889,-0.0012453548096304228,0.02287554626855694,0.06696425743716491,0.028506576043509934,-0.11848506000947079,-0.14738463620275946,0.00368988577103888,0.2666889141267306,0.3358338153417329,-0.08872239430300352,-0.7281171004289194,-0.717484284942602,0.25661262959596903,2.166164847997013,-0.0046586848475582065,4.425567526600192,-3.4154816496357197,0.26840955701355207,0.0,5.235224792398096
636,5.472274833584137,0.2775073446884729,-3.3948162118888088,4.485270411349039,-0.0006849205415106109,2.152904533334066,0.178004382359234,-0.7509556490337213,-0.6901929127854305,-0.050468862279774575,0.3455153589449183,0.2633140072582657,-0.009381173469526327,-0.15094789054323804,-0.1156529110142939,0.03492682394855523,0.07376248475261447,0.020988518260273554,-0.009712139274094301,-0.01291955295931819,0.00782421160542575,0.0008920013910030476,-0.009712139274094209,0.020988518260273432,0.0737624847526145,0.03492682394855523,-0.1156529110142939,-0.15094789054323796,-0.009381173469526279,0.26331400725826565,0.3455153589449183,-0.05046886227977459,-0.6901929127854303,-0.7509556490337214,0.178004382359234,2.1529045333340666,-0.0006849205415106109,4.485270411349039,-3.3948162118888088,0.2775073446884726,0.0,5.314559048167193
637,5.546804620335799,0.2865890361314199,-3.373363148762932,4.542631958240378,0.003289479356542648,2.136522712917497,0.09902450623763302,-0.782293185443563,-0.6497073808726034,-0.011978307343834151,0.35319377194285917,0.2580921418197373,-0.022373931370555326,-0.15303268073490603,-0.11150719269946129,0.04089174728973796,0.07946678119368689,0.018750152590104485,-0.01799668885969814,-0.0161503822597294,0.008823127722528282,0.0032306677453135396,-0.017996688859698053,0.018750152590104378,0.07946678119368691,0.040891747289737976,-0.11150719269946124,-0.153032680734906,-0.022373931370555315,0.2580921418197372,0.35319377194285917,-0.011978307343834151,-0.6497073808726034,-0.7822931854435632,0.09902450623763356,2.1365227129174977,0.003289479356542656,4.542631958240378,-3.3733631487629316,0.2865890361314198,0.0,5.3883029564722
638,5.616694747454545,0.29565410457791264,-3.3511274375457916,4.597622224205235,0.0072608266862248215,2.117043138820793,0.019837891572071772,-0.8114078490963753,-0.6068107487500846,0.026568502739691035,0.35882453861815633,0.25105994544529137,-0.035179941973637545,-0.15361858723069283,-0.10609499154415047,0.04632358416913128,0.08399254947472376,0.016197918418628512,-0.025943555436268667,-0.019043625968687326,0.0096177315209517,0.005486871546304548,-0.02594355543626858,0.01619791841862839,0.08399254947472379,0.04632358416913128,-0.10609499154415047,-0.15361858723069277,-0.03517994197363751,0.2510599454452912,0.35882453861815616,0.026568502739691087,-0.6068107487500843,-0.8114078490963756,0.019837891572072323,2.117043138820793,0.007260826686224813,4.597622224205237,-3.3511274375457916,0.29565410457791264,0.0,5.456465203400287
639,5.681923772475333,0.3047020242276533,-3.3281142371059036,4.650212503997399,0.011225436119878949,2.0944940545641275,-0.05939013967787532,-0.8382169111714705,-0.5616622082044389,0.06499053600794298,0.3623750145144452,0.24226674393986866,-0.04769231803405961,-0.15269987134988247,-0.09947777855957142,0.05115152228608835,0.08727267041353509,0.01337453891359246,-0.03340362702888185,-0.021538807660742745,0.010189622797322254,0.007603023360179057,-0.03340362702888176,0.013374538913592344,0.08727267041353512,0.051151522286088345,-0.09947777855957145,-0.15269987134988242,-0.047692318034059614,0.24226674393986852,0.36237501451444526,0.06499053600794297,-0.5616622082044389,-0.8382169111714708,-0.05939013967787518,2.094494054564128,0.011225436119878949,4.650212503997399,-3.3281142371059036,0.30470202422765325,0.0,5.519069746201655
640,5.74247025293317,0.3137322702750235,-3.3043288866957012,4.700375345177723,0.015179628582475504,2.06890815416396,-0.1384941790851046,-0.8626441941757588,-0.5144293079795809,0.10310734650224156,0.36382461569313423,0.2317742152941231,-0.05980662317086196,-0.15028553148581345,-0.09173071110996117,0.05531262208387493,0.08925849833910401,0.010327276084711054,-0.04023692569811579,-0.02358377145662609,0.010525558579716356,0.009525108569668895,-0.04023692569811571,0.010327276084710938,0.08925849833910406,0.05531262208387493,-0.0917307111099612,-0.1502855314858134,-0.05980662317086196,0.231774215294123,0.36382461569313423,0.10310734650224156,-0.514429307979581,-0.862644194175759,-0.13849417908510409,2.0689081541639593,0.015179628582475513,4.700375345177722,-3.304328886695701,0.31373227027502326,0.0,5.576154121283705
641,5.798312746362999,0.32274431893952543,-3.2797769047127807,4.748084562444467,0.019119734665717134,2.0403225347298335,-0.2173090770866469,-0.8846202884007972,-0.46528733199406985,0.14073992171787575,0.3631649380691046,0.21965595705763327,-0.07142174356040173,-0.14639921497081487,-0.08294177928592666,0.05875263726304485,0.08992058252880014,0.007107139640443631,-0.04631523403274337,-0.025135772218703348,0.010617759787881887,0.01120406609311313,-0.0463152340327433,0.007107139640443512,0.08992058252880018,0.058752637263044846,-0.08294177928592672,-0.14639921497081487,-0.07142174356040176,0.2196559570576331,0.3631649380691045,0.14073992171787572,-0.46528733199406996,-0.8846202884007975,-0.2173090770866462,2.0403225347298326,0.019119734665717116,4.748084562444467,-3.27977690471278,0.32274431893952543,0.0,5.62776755968682
642,5.8494298102998386,0.3317376474961622,-3.254463987419595,4.793315251302186,0.023042098033173395,2.008778642677115,-0.2956702877748844,-0.9040827491492939,-0.41441864885274493,0.17771152332179174,0.36039980613352307,0.20599697010497148,-0.08244073189770383,-0.14107898646162165,-0.07321080652550642,0.06142672196491247,0.08924910397586178,0.003768033110103294,-0.051524500972357265,-0.02616236903710776,0.010464091369123516,0.012597040664909463,-0.051524500972357216,0.0037680331101031888,0.08924910397586183,0.06142672196491247,-0.07321080652550642,-0.14107898646162156,-0.08244073189770383,0.20599697010497128,0.3603998061335229,0.17771152332179174,-0.41441864885274504,-0.9040827491492939,-0.2956702877748847,2.008778642677114,0.023042098033173385,4.793315251302187,-3.2544639874195944,0.3317376474961621,0.0,5.673968961129111
643,5.895800002278634,0.3407117343057577,-3.228396007621865,4.8360438010620195,0.026943078813284723,1.974322213633656,-0.3734142124284893,-0.9209762741706505,-0.3620120350666935,0.2138485171898202,0.35554525078129584,0.19089306241564216,-0.09277161658135319,-0.13437695511382372,-0.06264831583375388,0.06330001540590345,0.0872540210096891,0.0003658515248022314,-0.05576698181798867,-0.026642103330330114,0.010068111738544319,0.013668476712973438,-0.055766981817988635,0.00036585152480213447,0.08725402100968914,0.06330001540590345,-0.06264831583375388,-0.1343769551138236,-0.09277161658135318,0.19089306241564197,0.3555452507812956,0.21384851718982026,-0.3620120350666935,-0.9209762741706508,-0.3734142124284885,1.9743222136336553,0.026943078813284723,4.8360438010620195,-3.2283960076218636,0.3407117343057579,0.0,5.714824780135695
644,5.937401879834372,0.3496660588452132,-3.201579013306046,4.876247907166609,0.030819056977087606,1.9370032061275015,-0.45037854106586833,-0.9352528608013657,-0.30826197449312365,0.24898118886523807,0.34862941637170863,0.17445017704994323,-0.10232816936794822,-0.1263587641970042,-0.051374274478160724,0.06434809634118137,0.08396492160933346,-0.0030424542383815853,-0.058963072276376316,-0.026564947386176787,0.00943899037878329,0.01439102591206484,-0.058963072276376274,-0.0030424542383816733,0.08396492160933353,0.06434809634118134,-0.05137427447816075,-0.12635876419700412,-0.10232816936794827,0.17445017704994298,0.3486294163717085,0.24898118886523796,-0.30826197449312365,-0.9352528608013659,-0.4503785410658678,1.937003206127501,0.030819056977087596,4.876247907166609,-3.2015790133060444,0.3496660588452132,0.0,5.750406879163756
645,5.974214000502034,0.35860010173769846,-3.174019226236143,4.913906582833215,0.03466643569752589,1.8968757291518032,-0.526402591308044,-0.9468719423637856,-0.25336793659495865,0.2829445406089307,0.3396923975610711,0.15678364903451816,-0.11103062508877434,-0.11710294814954561,-0.039516731417489515,0.06455730143292167,0.07943058460044068,-0.006399830786589325,-0.06105280212457835,-0.025932513967406076,0.008591295507346244,0.014746245247750362,-0.06105280212457834,-0.006399830786589396,0.07943058460044074,0.06455730143292164,-0.03951673141748954,-0.11710294814954555,-0.1110306250887743,0.15678364903451794,0.3396923975610711,0.28294454060893076,-0.25336793659495865,-0.9468719423637859,-0.5264025913080438,1.8968757291518032,0.03466643569752586,4.913906582833215,-3.174019226236142,0.3586001017376984,0.0,5.780790403964122
646,6.006214921816603,0.36751334478277814,-3.145723040510211,4.949000170008943,0.03848164468723167,1.853997963711951,-0.6013276438435023,-0.9558005034356272,-0.19753363619857042,0.3155790662978731,0.3287860068533309,0.1380173963700124,-0.11880634742147705,-0.10670016337045363,-0.027210362939906182,0.06392490337281555,0.07371825624329457,-0.00965007725743094,-0.0619969604683737,-0.024758022600732416,0.007544656728401034,0.014725067772971905,-0.0619969604683737,-0.009650077257430995,0.07371825624329464,0.06392490337281555,-0.027210362939906207,-0.10670016337045357,-0.11880634742147703,0.1380173963700122,0.328786006853331,0.31557906629787313,-0.19753363619857042,-0.9558005034356273,-0.6013276438435017,1.8539979637119508,0.03848164468723165,4.949000170008944,-3.1457230405102106,0.367513344782778,0.0,5.806051735665997
647,6.033383201313065,0.3764052709864685,-3.116697021076869,4.981510349632358,0.04226114351167749,1.8084320784686778,-0.6749972737946462,-0.962013173662737,-0.14096627749673438,0.34673150053268126,0.315973474216285,0.11828305083533347,-0.12559043515977458,-0.09525230028223315,-0.014594943028847543,0.0624591464367047,0.06691265294048677,-0.012738786094286353,-0.061777831480533105,-0.0230660232538469,0.006323310480824065,0.014328034041194187,-0.06177783148053314,-0.012738786094286397,0.06691265294048683,0.062459146436704686,-0.014594943028847552,-0.09525230028223314,-0.12559043515977455,0.11828305083533323,0.31597347421628497,0.3467315005326812,-0.14096627749673443,-0.9620131736627371,-0.6749972737946458,1.8084320784686778,0.04226114351167746,4.98151034963236,-3.116697021076868,0.3764052709864683,0.0,5.826266572236196
648,6.055697396526362,0.38527536459122397,-3.086947902212181,5.011420151196152,0.04600142487462595,1.7602441395994446,-0.7472576772940407,-0.9654922998485221,-0.08387578510234961,0.3762555384361133,0.3013290805048693,0.09771903468529941,-0.13132626392088947,-0.0828714853617466,-0.0018137558299906255,0.060179139007837675,0.05911470485450674,-0.015614253802533937,-0.06039952681384769,-0.020891883176333535,0.0049555388083077755,0.013565278308817865,-0.060399526813847706,-0.015614253802533964,0.059114704854506775,0.06017913900783766,-0.0018137558299906515,-0.08287148536174659,-0.13132626392088947,0.0977190346852992,0.3013290805048693,0.37625553843611326,-0.08387578510234968,-0.9654922998485223,-0.7472576772940406,1.7602441395994455,0.04600142487462592,5.01142015119615,-3.0869479022121804,0.3852753645912239,0.0,5.841508189068734
649,6.073136064991509,0.39412311110585396,-3.056482585957246,5.038713961605838,0.049699017872827586,1.7095040150087992,-0.8179579925886402,-0.9662279961152059,-0.026474025006531947,0.4040125227620421,0.2849377268167604,0.07646958971797756,-0.13596595876926026,-0.06967898291369626,0.010988031749701775,0.057114604469871696,0.05044005906796902,-0.018228346441086705,-0.05788790845164334,-0.018281047630859554,0.0034730144476212243,0.012456269859040536,-0.05788790845164337,-0.018228346441086722,0.05044005906796906,0.057114604469871676,0.010988031749701732,-0.06967898291369622,-0.13596595876926024,0.07646958971797733,0.2849377268167604,0.4040125227620419,-0.026474025006531877,-0.9662279961152059,-0.81795799258864,1.7095040150088,0.04969901787282755,5.038713961605836,-3.0564825859572458,0.3941231111058537,0.0,5.851845924544463
650,6.085677764243467,0.4029479973353632,-3.025308140516871,5.063377533329893,0.05335049121694685,1.6562852730265942,-0.8869506150016148,-0.9642181719943823,0.031025981667859068,0.42987209508795055,0.266894442276957,0.0546837655221085,-0.1394707938117088,-0.05580400734334698,0.023665018827070197,0.05330549371711071,0.041017364485286284,-0.020537305361325833,-0.054290103443384786,-0.015288089967308049,0.001910067400454937,0.011029316049854736,-0.05429010344338483,-0.02053730536132583,0.041017364485286346,0.053305493717110686,0.023665018827070155,-0.05580400734334698,-0.1394707938117088,0.054683765522108276,0.2668944422769568,0.42987209508795043,0.031025981667858932,-0.9642181719943824,-0.8869506150016144,1.6562852730265942,0.05335049121694679,5.063377533329893,-3.0253081405168705,0.40294799733536296,0.0,5.857343931524013
651,6.093301051817225,0.4117495114107197,-2.993431798619682,5.085397991837043,0.05695245641572714,1.600665075740941,-0.9540915050942061,-0.959468538367045,0.08841084919944898,0.4537128080326755,0.24730383310496573,0.03251437400133315,-0.1418115154287845,-0.04138245756172402,0.03607322198531639,0.048801464333501084,0.03098636391146834,-0.022502479705750707,-0.04967361963068532,-0.011975570895809359,0.0003028899724426459,0.00932083977084578,-0.04967361963068537,-0.022502479705750682,0.030986363911468393,0.04880146433350107,0.03607322198531635,-0.04138245756172399,-0.1418115154287845,0.03251437400133291,0.2473038331049657,0.45371280803267555,0.08841084919944912,-0.9594685383670453,-0.9540915050942058,1.6006650757409415,0.05695245641572709,5.085397991837045,-2.9934317986196826,0.4117495114107196,0.0,5.858060229978005
652,6.095984485247762,0.4205271428185447,-2.960860955840079,5.104763842316851,0.06050157092044029,1.542724067120561,-1.0192404893842606,-0.9519925912362182,0.14546761915462308,0.4754226956241696,0.22627947615863658,0.010116917508483994,-0.14296858644438748,-0.026555585919196,0.048071710617179554,0.04366123323008334,0.020495821603378237,-0.024090973404671902,-0.044125078955902154,-0.008412730802873716,-0.001311301312165687,0.0073744497516508465,-0.044125078955902224,-0.024090973404671874,0.02049582160337829,0.043661233230083356,0.04807171061717953,-0.026555585919195993,-0.14296858644438748,0.010116917508483736,0.2262794761586365,0.4754226956241697,0.14546761915462333,-0.9519925912362184,-1.0192404893842602,1.5427240671205613,0.060501570920440235,5.104763842316851,-2.9608609558400785,0.4205271428185443,0.0,5.854046089413084
653,6.092606457515089,0.42928038243072264,-2.9276031688823987,5.121464975680072,0.06399454122670206,1.482546256088738,-1.0822615529935993,-0.9418115733782916,0.20198455068811255,0.4948997991385955,0.20394326047058267,-0.012351501891692034,-0.14293234919567255,-0.0114686147046177,0.05952420759473587,0.03795181118026092,0.00970131702879377,-0.02527619584053471,-0.03774859212103233,-0.0046740424446678,-0.0028951275130983706,0.005239827452386388,-0.037748592121032404,-0.02527619584053466,0.009701317028793796,0.03795181118026091,0.05952420759473586,-0.011468614704617705,-0.14293234919567252,-0.012351501891692327,0.20394326047058256,0.49489979913859555,0.20198455068811264,-0.9418115733782917,-1.0822615529935993,1.4825462560887381,0.06399454122670198,5.121464975680072,-2.927603168882398,0.4292803824307223,0.0,5.845345762533574
654,6.082235577390797,0.4380087225339337,-2.8936661538276933,5.135492673835663,0.06742812593077568,1.4202188947184125,-1.1430231236132615,-0.9289544139820358,0.2577519063250432,0.5120526459411909,0.18042468059463992,-0.034733284380639745,-0.14170310614214812,0.0037306862392219816,0.0703006370856416,0.0317476292318889,-0.0012370624471787401,-0.026038306962018382,-0.030663805094189527,-0.0008376542699630904,-0.004411912837634976,0.002971458948083012,-0.03066380509418961,-0.026038306962018327,-0.0012370624471786885,0.031747629231888896,0.07030063708564156,0.003730686239221956,-0.14170310614214818,-0.034733284380639884,0.18042468059463987,0.512052645941191,0.2577519063250432,-0.9289544139820362,-1.143023123613261,1.4202188947184131,0.06742812593077561,5.135492673835663,-2.8936661538276933,0.4380087225339335,0.0,5.831996583814979
655,6.065135726097221,0.4467116568591017,-2.8590577843435443,5.146839614241672,0.07079913873752713,1.3558323517250168,-1.2013983461937645,-0.9134576464468032,0.3125627303083634,0.5268006790800692,0.15586008585920091,-0.056871437835487613,-0.1392911173411535,0.01889344685225412,0.08027860193594227,0.02512956838473777,-0.012157095729838458,-0.026364549396915973,-0.02300365411827023,0.0030162430885870067,-0.0058265339217780324,0.0006272441756827669,-0.023003654118270322,-0.026364549396915904,-0.012157095729838441,0.025129568384737764,0.08027860193594226,0.01889344685225411,-0.13929111734115346,-0.056871437835487766,0.1558600858592009,0.5268006790800693,0.31256273030836357,-0.9134576464468034,-1.201398346193764,1.3558323517250168,0.07079913873752709,5.146839614241673,-2.8590577843435434,0.4467116568591017,0.0,5.81402943849871
656,6.041570784856663,0.4553886806107591,-2.823786089857297,5.155499873727652,0.07410445141724069,1.2894799814404774,-1.2572653477869056,-0.8953653045734978,0.3662136166231657,0.539074635615401,0.13039188987988673,-0.0786106790159912,-0.13571651481078603,0.03387115496989872,0.08934477383954509,0.018183905182969782,-0.02289683380679532,-0.026249462004385424,-0.014911871345970041,0.006807093010200181,-0.007106233162686132,-0.001732980957534259,-0.014911871345970135,-0.02624946200438534,-0.022896833806795292,0.01818390518296977,0.08934477383954512,0.03387115496989867,-0.13571651481078603,-0.0786106790159914,0.13039188987988656,0.539074635615401,0.3662136166231657,-0.8953653045734978,-1.2572653477869051,1.289479981440477,0.07410445141724062,5.155499873727654,-2.823786089857295,0.455388680610759,0.0,5.791469599100718
657,6.011804634891465,0.4640392904963271,-2.7878592536931732,5.161468931586597,0.07734099670855085,1.221257988458356,-1.3105074919861652,-0.8747287974432788,0.41850546384771453,0.5488168719071858,0.10416774491442127,-0.09979852276489262,-0.13100913449506132,0.048517110930414206,0.09739618050500617,0.011001186968442857,-0.033297001524771705,-0.025694971291810576,-0.006540287904464442,0.010455656731835544,-0.008221377268476368,-0.004048971881021839,-0.0065402879044645455,-0.025694971291810486,-0.0332970015247717,0.011001186968442848,0.09739618050500615,0.04851711093041421,-0.13100913449506132,-0.09979852276489279,0.10416774491442114,0.5488168719071856,0.41850546384771475,-0.8747287974432786,-1.3105074919861655,1.2212579884583556,0.07734099670855077,5.161468931586597,-2.787859253693173,0.4640392904963269,0.0,5.764337918021134
658,5.976101157423955,0.472662984755308,-2.7512856111736728,5.164743671934768,0.08050577116479715,1.1512652881463905,-1.3610136224345242,-0.8516067633395334,0.46924421402989147,0.5559816343339247,0.07733968584639735,-0.12028635158173796,-0.1252082672338327,0.06268786442962783,0.10434137520017614,0.003675051457635155,-0.04320335971186948,-0.024710359165997713,0.0019540150059801954,0.013885669647360868,-0.009146143460075322,-0.006261613099139003,0.001954015005980118,-0.02471035916599762,-0.04320335971186947,0.003675051457635155,0.10434137520017607,0.0626878644296278,-0.1252082672338327,-0.12028635158173814,0.07733968584639724,0.5559816343339248,0.46924421402989164,-0.8516067633395336,-1.361013622434524,1.151265288146391,0.08050577116479708,5.164743671934768,-2.751285611173672,0.472662984755308,0.0,5.732652356415604
659,5.934724233676455,0.4812592631883881,-2.714073647685706,5.165322385338203,0.0835958379411602,1.079603363228665,-1.4086782948912921,-0.8260649031281939,0.5182415728470441,0.5605352741707895,0.050063248760701604,-0.13993045806786178,-0.11836233081603678,0.0762446195497243,0.11010147539118181,-0.0036989939691896593,-0.05246899261396441,-0.0233121075585371,0.010411653523765763,0.01702543543899504,-0.009859117435119545,-0.008314427109768553,0.010411653523765652,-0.023312107558536986,-0.05246899261396442,-0.003698993969189681,0.1101014753911818,0.0762446195497243,-0.11836233081603681,-0.13993045806786195,0.05006324876070144,0.5605352741707894,0.5182415728470439,-0.826064903128194,-1.408678294891292,1.079603363228665,0.08359583794116017,5.1653223853382,-2.7140736476857055,0.4812592631883881,0.0,5.6964298213117885
660,5.88793774487128,0.48982762718645206,-2.6762319967119166,5.163204769705064,0.08660832951999242,1.006376116645362,-1.4534019973734613,-0.7981757935698458,0.5653157083766848,0.5624564056181239,0.02249656922067098,-0.15859305293053497,-0.11052846585352072,0.08905459420049272,0.11461105867903049,-0.011024817352743901,-0.06095648672151657,-0.021523622526226117,0.01867393174398064,0.019809324719473546,-0.010343789247184109,-0.010155015988347655,0.018673931743980545,-0.02152362252622601,-0.06095648672151658,-0.011024817352743892,0.11461105867903049,0.08905459420049268,-0.11052846585352075,-0.15859305293053508,0.022496569220670858,0.5624564056181239,0.5653157083766849,-0.7981757935698456,-1.4534019973734618,1.006376116645362,0.08660832951999232,5.163204769705064,-2.6762319967119157,0.48982762718645195,0.0,5.655688275196118
661,5.836005572230771,0.498367579759502,-2.637769437827642,5.158391930443318,0.0895404503718148,0.9316897209034328,-1.4950913579119807,-0.7680186810940994,0.6102919258848641,0.5617360062381167,-0.005200534525266202,-0.17614323147585176,-0.10177205884854917,0.10099232065793791,0.11781890585791577,-0.018206915381819976,-0.068539968673813,-0.019374842444979525,0.026585819427861264,0.022179146859362557,-0.010588935617536648,-0.011736398840985476,0.026585819427861177,-0.01937484244497941,-0.06853996867381301,-0.018206915381819965,0.11781890585791574,0.10099232065793784,-0.10177205884854922,-0.17614323147585187,-0.005200534525266305,0.5617360062381166,0.6102919258848644,-0.7680186810940994,-1.4950913579119804,0.9316897209034328,0.08954045037181468,5.158391930443316,-2.637769437827641,0.4983675797595022,0.0,5.610449075122364
662,5.779191596977231,0.5068786255654857,-2.59869489466398,5.15088637988371,0.09238947954951,0.8556524641366134,-1.5336593394892086,-0.735679256622211,0.6530033161280402,0.5583774593279461,-0.03286748809234303,-0.19245789181110268,-0.09216619643577825,0.1119408744620881,0.11968858265567474,-0.025151658425005545,-0.07510697201760555,-0.016901736855871582,0.03399886093109132,0.024085366324711987,-0.010588879826433577,-0.013018210988276867,0.03399886093109125,-0.016901736855871468,-0.07510697201760558,-0.025151658425005535,0.11968858265567478,0.11194087446208803,-0.09216619643577831,-0.19245789181110273,-0.03286748809234317,0.5583774593279459,0.65300331612804,-0.7356792566222109,-1.5336593394892086,0.8556524641366132,0.09238947954950989,5.150886379883709,-2.5986948946639785,0.5068786255654858,0.0,5.56073949196411
663,5.717759700333012,0.5153602709390273,-2.559017432837429,5.140692035968318,0.09515277321330474,0.778374593097982,-1.5690254217505615,-0.7012494120777892,0.6932913747625601,0.5523965380304012,-0.06034389189191797,-0.2074225983161031,-0.08179105535394574,0.12179301963751824,0.12019885354907095,-0.031768511136116985,-0.08056010513527173,-0.014145704352385593,0.04077396076891723,0.02548813810038221,-0.010343623165798814,-0.013967734270734536,0.040773960768917164,-0.014145704352385477,-0.08056010513527177,-0.031768511136116985,0.12019885354907098,0.12179301963751818,-0.08179105535394579,-0.20742259831610318,-0.06034389189191813,0.5523965380304011,0.6932913747625601,-0.7012494120777893,-1.569025421750562,0.7783745930979825,0.09515277321330463,5.140692035968318,-2.559017432837429,0.515360270939027,0.0,5.506595354895004
664,5.651973763520431,0.523812023920061,-2.518746257846598,5.127814220205359,0.09782776708419805,0.6999681533127067,-1.6011157691109894,-0.6648269792774614,0.7310065905630916,0.5438213312565966,-0.08747045105055601,-0.22093238432684742,-0.07073323323896817,0.13045225901968815,0.119343922953848,-0.03797121272089297,-0.08481849560637304,-0.011152879587947171,0.04678399355079774,0.02635814055596549,-0.009858844909307362,-0.014560732177370517,0.04678399355079768,-0.011152879587947064,-0.08481849560637303,-0.03797121272089296,0.11934392295384803,0.1304522590196881,-0.0707332332389682,-0.2209323843268475,-0.08747045105055616,0.5438213312565966,0.7310065905630917,-0.6648269792774613,-1.6011157691109899,0.6999681533127071,0.09782776708419791,5.127814220205358,-2.5187462578465976,0.5238120239200608,0.0,5.448063761668712
665,5.5820976677617935,0.5322333942823673,-2.4778907129364467,5.112259654891327,0.10041197882355866,0.620546826622747,-1.629863384905318,-0.626515451943431,0.7660090002670914,0.5326921117686837,-0.11408989892450629,-0.23289248840123797,-0.05908502582407843,0.13783377939963926,0.11713350105015159,-0.043678901478366394,-0.08781898958207804,-0.007973361004100976,0.05191618931276913,0.026677188345207426,-0.009145770800566687,-0.014782068480832057,0.05191618931276909,-0.007973361004100862,-0.08781898958207807,-0.04367890147836638,0.1171335010501516,0.13783377939963917,-0.05908502582407849,-0.23289248840123808,-0.11408989892450642,0.5326921117686836,0.7660090002670914,-0.626515451943431,-1.6298633849053188,0.620546826622747,0.10041197882355855,5.112259654891324,-2.477890712936446,0.5322333942823672,0.0,5.385205791901346
666,5.508395294279449,0.5406238935620064,-2.4364602769305788,5.0940364596019165,0.10290301033668384,0.5402257663590481,-1.655208251260624,-0.586423691627832,0.7981687079862545,0.519061147042093,-0.1400479088554869,-0.2432190190025159,-0.04694365657995897,0.14386528222979852,0.11359269349568395,-0.048817168956798634,-0.08951708838518778,-0.004660372206787985,0.056074249490058674,0.02643861252771386,-0.008220913104742667,-0.014626093588476186,0.056074249490058646,-0.004660372206787883,-0.08951708838518783,-0.04881716895679863,0.11359269349568396,0.14386528222979844,-0.04694365657995902,-0.24321901900251594,-0.140047908855487,0.5190611470420929,0.7981687079862546,-0.5864236916278319,-1.6552082512606243,0.5402257663590478,0.10290301033668373,5.094036459601916,-2.4364602769305788,0.5406238935620061,0.0,5.318099158430038
667,5.431130524295721,0.5489830350856508,-2.3944645620320784,5.073154146953563,0.10529854999818114,0.45912143038022335,-1.6770974543986295,-0.5446656183844819,0.8273663672573752,0.5029924537955822,-0.16519398888185902,-0.2518395429381153,-0.034410465224791666,0.14848769175451454,0.10876171627921316,-0.05331902998164095,-0.08988760844556226,-0.001269371028879821,0.059180153826642865,0.025647399967396727,-0.007105688243111806,-0.014096788747800768,0.059180153826642844,-0.001269371028879722,-0.08988760844556232,-0.05331902998164096,0.10876171627921316,0.14848769175451448,-0.03441046522479171,-0.25183954293811533,-0.1651939888818591,0.5029924537955822,0.8273663672573758,-0.544665618384482,-1.6770974543986292,0.4591214303802236,0.10529854999818103,5.07315414695356,-2.3944645620320775,0.5489830350856506,0.0,5.246840731006297
668,5.350567239032909,0.5573103339988145,-2.351913311593397,5.049623617637787,0.10759637479710875,0.37735141221979135,-1.695485295106511,-0.5013598870669908,0.8534936239437096,0.48456149734191456,-0.18938235421808788,-0.25869359342646564,-0.021590061877444947,0.15165573362951643,0.10269543895309088,-0.05712579590972544,-0.08892505478380949,0.002142878807167121,0.061175624317588495,0.024320089093863722,-0.005825920864766128,-0.013207664425398889,0.061175624317588474,0.0021428788071672046,-0.08892505478380952,-0.05712579590972545,0.10269543895309086,0.15165573362951634,-0.021590061877444996,-0.2586935934264657,-0.18938235421808797,0.48456149734191456,0.8534936239437096,-0.5013598870669909,-1.6954852951065118,0.3773514122197912,0.10759637479710858,5.049623617637787,-2.351913311593397,0.5573103339988144,0.0,5.1715488671318095
669,5.2669693197133824,0.565605307293975,-2.308816397855818,5.023457154730982,0.10979435239988329,0.2950342705867928,-1.710333384145495,-0.45662955017301554,0.8764535183431982,0.4638548371711472,-0.21247277244427806,-0.2637330942280198,-0.008589453913781998,0.15333837836298908,0.09546276143267785,-0.06018783972548132,-0.08664370250430489,0.005519257886618563,0.06202321871532025,0.022484424205613668,-0.00441124583940972,-0.011981415453306462,0.06202321871532026,0.005519257886618641,-0.08664370250430493,-0.06018783972548132,0.09546276143267787,0.15333837836298905,-0.008589453913782038,-0.26373309422801977,-0.21247277244427812,0.46385483717114717,0.8764535183431983,-0.4566295501730154,-1.710333384145495,0.29503427058679266,0.10979435239988315,5.023457154730982,-2.3088163978558174,0.5656053072939748,0.0,5.092365486779679
670,5.180600647559416,0.5738674738385896,-2.2651838196590113,4.994668417282565,0.1118904431290412,0.21228935746699887,-1.721610722398037,-0.4106017081926846,0.8961608450113118,0.4409697204310168,-0.23433137650578403,-0.2669226968655312,0.004482847186088068,0.15351914523496574,0.08714583144090177,-0.062465243004977765,-0.08307738508896344,0.008803247253886365,0.0617070330816806,0.0201787755410127,-0.002894422018971027,-0.010449341745106627,0.06170703308168062,0.008803247253886435,-0.08307738508896347,-0.06246524300497775,0.08714583144090181,0.15351914523496568,0.004482847186088024,-0.26692269686553116,-0.23433137650578417,0.4409697204310168,0.8961608450113119,-0.41060170819268466,-1.7216107223980373,0.21228935746699915,0.11189044312904103,4.994668417282565,-2.2651838196590104,0.5738674738385894,0.0,5.009457831061048
671,5.091725103793376,0.582096354403002,-2.221025700121222,4.963272433184875,0.11388270185601666,0.1292366450739414,-1.7292937655862757,-0.3634071484547222,0.9125424689631927,0.4160136252136072,-0.25483144080951725,-0.26824002856822393,0.017517731544785316,0.15219626371828923,0.07783911148609997,-0.06392831631362705,-0.07827899263146289,0.0119398745125562,0.060233000203362294,0.017451337239097597,-0.001310573658875957,-0.008650549367969263,0.060233000203362315,0.011939874512556252,-0.07827899263146296,-0.06392831631362704,0.07783911148610001,0.15219626371828923,0.017517731544785295,-0.2682400285682239,-0.2548314408095173,0.4160136252136072,0.9125424689631924,-0.36340714845472205,-1.7292937655862757,0.12923664507394153,0.11388270185601655,4.963272433184875,-2.2210257001212215,0.5820963544030019,0.0,4.923019849561609
672,5.000606569637558,0.5902914716882399,-2.176352284290626,4.929285591328527,0.1157692798061807,0.04599655190067303,-1.7333664734266248,-0.3151799734964808,0.9255375970816498,0.3891037557932203,-0.27385411591752,-0.26767584920070525,0.03040640158924492,0.1493826908200996,0.06764830597028047,-0.06455798625336871,-0.07231968745333085,0.014876634036761496,0.05762877827136061,0.014359119954941239,0.0003036229350275175,-0.006630952363202264,0.05762877827136065,0.014876634036761531,-0.07231968745333092,-0.06455798625336871,0.06764830597028049,0.14938269082009956,0.03040640158924487,-0.26767584920070514,-0.27385411591752007,0.3891037557932201,0.9255375970816498,-0.3151799734964804,-1.7333664734266248,0.04599655190067303,0.11576927980618054,4.929285591328526,-2.1763522842906267,0.5902914716882399,0.0,4.833273167021926
673,4.907508926314311,0.5984523503536996,-2.131173936768392,4.892725633047307,0.11754842627446532,-0.037310231875538086,-1.7338203431179005,-0.2660572200138662,0.9350980037237954,0.3603664921860203,-0.2912891175784098,-0.2652341160758758,0.04304128014560912,0.1451059841739952,0.05668916061355319,-0.06434604411358215,-0.06528784873466216,0.017564365890009394,0.05394323191322151,0.010966759186576193,0.0019107886995232712,-0.0044421007937704956,0.05394323191322156,0.017564365890009422,-0.0652878487346622,-0.06434604411358215,0.0566891606135532,0.14510598417399515,0.04304128014560908,-0.26523411607587577,-0.29128911757840986,0.36036649218602035,0.9350980037237953,-0.26605722001386595,-1.7338203431179,-0.03731023187553753,0.1175484262744652,4.892725633047307,-2.1311739367683913,0.5984523503536994,0.0,4.740467587179227
674,4.812696055045947,0.606578517044716,-2.085501139304006,4.853611642857094,0.11921849024998162,-0.12056291938242256,-1.7306544270930544,-0.2161784694739023,0.9411882096890875,0.3299367966165525,-0.30703536610202153,-0.2609319561972237,0.05531690834787857,0.1394080321258713,0.04508614783069776,-0.0632952528841832,-0.05728776181106866,0.019958078738781946,0.049245515315798453,0.007345164222587339,0.0034737073804469894,-0.002139864932782213,0.04924551531579855,0.019958078738781956,-0.0572877618110687,-0.06329525288418317,0.04508614783069778,0.13940803212587125,0.05531690834787856,-0.2609319561972236,-0.3070353661020216,0.3299367966165525,0.941188209689087,-0.21617846947390215,-1.7306544270930548,-0.12056291938242256,0.11921849024998148,4.853611642857094,-2.085501139304005,0.606578517044716,0.0,4.644881099807406
675,4.716431837054799,0.6146695004200199,-2.039344488363423,4.811964038493633,0.12077792194812328,-0.20364080218213226,-1.7238753349974578,-0.16568545149636954,0.9437856138846152,0.2979575796786165,-0.32100157237046545,-0.2547995461251999,0.06713082586579627,0.1323446434571192,0.03297105299117411,-0.06141931123582514,-0.048438071575177995,0.02201770298573626,0.04362377464245359,0.0035700359509326643,0.004956187329026427,0.00021699082106630796,0.043623774642453664,0.022017702985736246,-0.04843807157517803,-0.06141931123582514,0.032971052991174137,0.13234464345711916,0.06713082586579625,-0.2547995461251997,-0.32100157237046545,0.29795757967861647,0.9437856138846152,-0.1656854514963695,-1.7238753349974578,-0.20364080218213185,0.12077792194812315,4.811964038493633,-2.039344488363423,0.6146695004200197,0.0,4.546819366143497
676,4.618980153563179,0.6227248311790761,-1.992714692670596,4.767804560254348,0.12222527424873462,-0.28642342528693115,-1.7134972198896048,-0.11472164113150644,0.9428805771990111,0.26457902916727,-0.3331067670881914,-0.24687990031032905,0.07838442610501377,0.12398500076365511,0.020481477619633443,-0.058742674936777345,-0.03887002291943354,0.023708761515417388,0.03718349409205145,-0.00027971548930236966,0.006323899571997803,0.0025683079003860168,0.03718349409205153,0.02370876151541736,-0.03887002291943358,-0.05874267493677736,0.020481477619633467,0.12398500076365504,0.07838442610501371,-0.24687990031032891,-0.3331067670881914,0.26457902916727,0.9428805771990112,-0.11472164113150637,-1.713497219889605,-0.28642342528693077,0.12222527424873447,4.767804560254347,-1.9927146926705956,0.622724831179076,0.0,4.446614667804762
677,4.5206048857934285,0.630744042089305,-1.9456225707229682,4.721156259649777,0.12355920403900782,-0.368790761807415,-1.6995417486930486,-0.06343185117809777,0.9384764582737294,0.22995790473404684,-0.343280770202725,-0.23722856937774495,0.08898377924148528,0.114410982844677,0.007759276537365607,-0.05530023803458556,-0.028725514315221735,0.02500294682452461,0.030045516633664456,-0.004123620137964537,0.0075451727487693635,0.00485406911204225,0.030045516633664553,0.025002946824524568,-0.02872551431522177,-0.05530023803458556,0.007759276537365624,0.11441098284467696,0.08898377924148526,-0.23722856937774478,-0.3432807702027251,0.22995790473404695,0.9384764582737292,-0.06343185117809769,-1.6995417486930489,-0.3687907618074147,0.12355920403900766,4.721156259649776,-1.9456225707229675,0.630744042089305,0.0,4.344624314794399
678,4.421569914967865,0.6387266680131835,-1.898079048281487,4.672043487370557,0.12477847345986375,-0.4506233869800242,-1.68203805696125,-0.01196182070037487,0.9305896010389404,0.19425680167798556,-0.3514645977746004,-0.22591325047946784,0.09884041622051334,0.10371636273803485,-0.005051053304592064,-0.05113687795879857,-0.018154993394624827,0.025878594875849124,0.022343776555169205,-0.007881330248267412,0.008591726507709152,0.007015930571534573,0.022343776555169295,0.02587859487584906,-0.018154993394624862,-0.05113687795879857,-0.0050510533045920215,0.1037163627380348,0.0988404162205133,-0.2259132504794677,-0.35146459777460043,0.19425680167798562,0.9305896010389404,-0.011961820700374853,-1.68203805696125,-0.45062338698002363,0.12477847345986359,4.672043487370556,-1.8980790482814873,0.6387266680131831,0.0,4.241228519060728
679,4.322139122308805,0.6466722459352231,-1.8500951558357424,4.620491880576206,0.12588195105465944,-0.5318026513215346,-1.6610226880497887,0.03954219908705191,0.9192492740602975,0.1576433873300131,-0.3576108039376556,-0.2130133124475238,0.1078720671766822,0.09200588925708349,-0.0178040140012799,-0.04630687047504291,-0.0073152257442695426,0.026321047743796944,0.014222786371327397,-0.011474299766644233,0.009439326378702291,0.008998710926298545,0.014222786371327505,0.02632104774379688,-0.007315225744269572,-0.04630687047504291,-0.017804014001279855,0.09200588925708346,0.10787206717668217,-0.21301331244752364,-0.35761080393765565,0.15764338733001307,0.9192492740602977,0.03954219908705191,-1.6610226880497891,-0.5318026513215341,0.12588195105465927,4.620491880576205,-1.850095155835742,0.6466722459352228,0.0,4.1368277510973614
680,4.222576389038579,0.6545803149888275,-1.8016820260447972,4.566528349512381,0.12686861281915615,-0.6122108526594662,-1.6365395168229246,0.09093386038952804,0.9044975619216633,0.12028961361694228,-0.3616837559671724,-0.19861923907861423,0.11600334811134948,0.07939426102493628,-0.030354759238333428,-0.04087318211741375,0.003633029998935829,0.026322898980986147,0.0058349252460501745,-0.014827426152459822,0.010068344957453979,0.010751799855615566,0.005834925246050278,0.02632289898098606,0.003633029998935816,-0.04087318211741375,-0.03035475923833338,0.07939426102493628,0.11600334811134948,-0.19861923907861406,-0.3616837559671722,0.12028961361694249,0.9044975619216633,0.09093386038952814,-1.6365395168229253,-0.6122108526594656,0.12686861281915598,4.56652834951238,-1.801682026044797,0.6545803149888275,0.0,4.0318396080246774
681,4.12314559637953,0.662450416483024,-1.7528508911543224,4.5101810634635635,0.1277375431517742,-0.6917314067889785,-1.608639658053791,0.14206713467711962,0.886389209046878,0.08237090950321417,-0.36365984086114395,-0.18283199445529452,0.12316639009624113,0.06600500305497538,-0.042560739435827444,-0.0349066493234082,0.014527406270798803,0.025884117598600008,-0.0026624201921432605,-0.017870620219218838,0.010464216406501746,0.012230449895275693,-0.002662420192143168,0.025884117598599918,0.014527406270798798,-0.034906649323408215,-0.042560739435827416,0.06600500305497536,0.12316639009624117,-0.1828319944552943,-0.36365984086114395,0.08237090950321417,0.8863892090468778,0.14206713467711976,-1.6086396580537914,-0.6917314067889787,0.12773754315177407,4.510181063463564,-1.7528508911543224,0.6624504164830238,0.0,3.926695232245118
682,4.024110625553963,0.6702820939290683,-1.7036130803906206,4.451479436048536,0.1284879357032521,-0.770249016508825,-1.5773813597094595,0.1927967276221926,0.8649914165401599,0.04406535710301334,-0.36352760223701847,-0.16576231475547779,0.1293014057514103,0.05196925688098785,-0.05428332080613716,-0.028485054972632,0.025206334563956247,0.025012048585124836,-0.011109808992823919,-0.020540271183448037,0.010617773748306851,0.013396918613265236,-0.011109808992823829,0.025012048585124746,0.025206334563956233,-0.028485054972632012,-0.054283320806137146,0.051969256880987844,0.1293014057514103,-0.16576231475547756,-0.36352760223701847,0.044065357103013306,0.8649914165401599,0.19279672762219266,-1.5773813597094595,-0.7702490165088247,0.12848793570325193,4.451479436048534,-1.7036130803906206,0.6702820939290681,0.0,3.821835329887535
683,3.925735357784202,0.6780748930669223,-1.6539800173321562,4.39045410986628,0.12911909412492165,-0.847649838791269,-1.5428298813436696,0.24297849195076948,0.8403835927990723,0.005552855332083103,-0.36128780675025235,-0.14752993151771013,0.1343571882693679,0.03742449608703877,-0.06538935993678668,-0.021692114368010378,0.03551144156161545,0.02372128995478907,-0.01934873757286458,-0.02278057629786629,0.010525461139914162,0.014221431982529797,-0.01934873757286449,0.02372128995478896,0.035511441561615446,-0.021692114368010374,-0.06538935993678666,0.03742449608703875,0.1343571882693679,-0.14752993151770985,-0.36128780675025224,0.005552855332083034,0.840383592799072,0.24297849195076962,-1.5428298813436705,-0.8476498387912689,0.12911909412492148,4.390454109866279,-1.6539800173321562,0.6780748930669223,0.0,3.717705847624858
684,3.8282836742925888,0.6858283618916029,-1.6039632172591844,4.327136940500376,0.1296304327149054,-0.9238216498435929,-1.5050573578511108,0.2924698370345524,0.8126570588255442,-0.03298572497292212,-0.35695343964961324,-0.12826273181045522,0.13829153882020798,0.02251317981786668,-0.07575271601439772,-0.014616383878788336,0.045289897885179606,0.02203344838385337,-0.0272246138172485,-0.024544707276001863,0.010189416213652847,0.014682944360794878,-0.02722461381724841,0.02203344838385326,0.0452898978851796,-0.014616383878788343,-0.07575271601439769,0.022513179817866696,0.13829153882020798,-0.12826273181045506,-0.3569534396496131,-0.03298572497292205,0.8126570588255443,0.29246983703455254,-1.5050573578511108,-0.9238216498435927,0.12963043271490524,4.327136940500377,-1.6039632172591844,0.6858283618916028,0.0,3.6147533748519978
685,3.732019456301437,0.6935420506793996,-1.5535742844821177,4.261560979890189,0.13002147696163555,-0.9986540078218685,-1.4641426488676967,0.34113013405976345,0.7819147093285566,-0.07136939049962979,-0.35054962949500135,-0.1080958611961957,0.14107161877032706,0.007381357458038744,-0.08525568351411283,-0.007350106472828039,0.05439668462277268,0.019976777525282284,-0.03458965778658175,-0.025795789126905482,0.009617420577159554,0.014769675679015784,-0.034589657786581664,0.01997677752528217,0.0543966846227727,-0.0073501064728280436,-0.08525568351411283,0.007381357458038735,0.14107161877032706,-0.10809586119619553,-0.35054962949500146,-0.07136939049962979,0.7819147093285567,0.34113013405976367,-1.4641426488676972,-0.998654007821868,0.1300214769616354,4.261560979890187,-1.553574284482117,0.6935420506793996,0.0,3.513420345449133
686,3.63720658503307,0.701215512013959,-1.5028249096492239,4.193760459077557,0.1302918639841909,-1.0720384129610716,-1.4201711741312608,0.3888211156215229,0.7482706308761566,-0.10941787548034271,-0.34211350247423683,-0.087170775782414,0.1426742237748936,-0.007822761853618056,-0.09379032908221162,1.1990811544713153e-05,0.06269674402502479,0.017585705056235187,-0.041305674603539046,-0.026507670939731713,0.008822719618967866,0.014479412126761643,-0.04130567460353897,0.017585705056235065,0.0626967440250248,1.1990811544712078e-05,-0.09379032908221162,-0.007822761853617986,0.14267422377489367,-0.08717077578241376,-0.3421135024742368,-0.10941787548034264,0.7482706308761568,0.3888211156215232,-1.4201711741312615,-1.0720384129610712,0.13029186398419076,4.193760459077557,-1.502824909649224,0.7012155120139588,0.0,3.4141401192523304
687,3.5441089417098226,0.7088483008122374,-1.451726867034307,4.123770770337991,0.1304413428690427,-1.1438684648893684,-1.3732347351463814,0.4354072686083245,0.7118496785138613,-0.14695248829557478,-0.33169396716341465,-0.0656342500086346,0.14308597745631346,-0.02295026086337037,-0.10125971742779585,0.0073739317773514074,0.0700669824723305,0.01490025637537322,-0.047246647488859005,-0.02666547250675773,0.007823715792326883,0.013819562659561588,-0.04724664748885894,0.014900256375373103,0.07006698247233051,0.0073739317773514074,-0.10125971742779584,-0.02295026086337037,0.1430859774563135,-0.06563425000863436,-0.33169396716341454,-0.14695248829557478,0.7118496785138614,0.43540726860832474,-1.3732347351463818,-1.1438684648893678,0.13044134286904252,4.12377077033799,-1.451726867034307,0.7088483008122374,0.0,3.3173320277553695
688,3.4529904075540223,0.7164399743503161,-1.4002920118049709,4.051628448705695,0.13046977490289718,-1.2140400168984842,-1.3234313235256714,0.4807562192602327,0.6727870124206419,-0.1837969506847294,-0.3193514309786836,-0.04363734712918823,0.14230344305212622,-0.037852972777587764,-0.1075790123000414,0.014639742265465067,0.07639809600867381,0.011965384597010962,-0.05230110229214984,-0.026265895358976415,0.006643542479706991,0.012806969885867315,-0.05230110229214979,0.01196538459701085,0.07639809600867384,0.014639742265465066,-0.10757901230004134,-0.037852972777587764,0.14230344305212622,-0.043637347129187994,-0.31935143097868357,-0.1837969506847294,0.6727870124206419,0.480756219260233,-1.3234313235256716,-1.2140400168984837,0.13046977490289705,4.051628448705695,-1.40029201180497,0.716439974350316,0.0,3.2233964713497034
689,3.3641148637879645,0.7239900922890811,-1.3485322772721255,3.9773711529020535,0.13037713370141885,-1.2824513269464728,-1.2708649164076589,0.5247391093066659,0.6312275963219867,-0.21977822562263327,-0.30515744996332206,-0.021334359613021256,0.14033315210044706,-0.052384932487344694,-0.11267644004627281,0.021714701324548093,0.08159619136853066,0.008830218057687314,-0.05637419915035094,-0.025317291712799492,0.005309528305778204,0.011467480160728124,-0.0563741991503509,0.008830218057687198,0.08159619136853072,0.021714701324548107,-0.11267644004627281,-0.05238493248734468,0.14033315210044708,-0.021334359613020996,-0.30515744996332195,-0.21977822562263313,0.6312275963219864,0.5247391093066661,-1.2708649164076593,-1.2824513269464728,0.1303771337014187,3.977371152902052,-1.3485322772721255,0.7239900922890811,0.0,3.1327101564801394
690,3.2777461916340087,0.7314982166997632,-1.2964596721213624,3.9010376456775635,0.1301635052337143,-1.3490032051739504,-1.2156452593783778,0.5672309621149768,0.5873256595214565,-0.2547273299738714,-0.28919431394047673,0.0011182731071148807,0.13719154992352625,-0.06640380622854869,-0.11649410480690571,0.028506576043509934,0.08558417845628986,0.005547237931532264,-0.0593895120267683,-0.02383948988670258,0.0038525643034709785,0.0098352838595054,-0.05938951202676829,0.005547237931532155,0.08558417845628989,0.028506576043509934,-0.11649410480690572,-0.06640380622854873,0.1371915499235263,0.00111827310711507,-0.2891943139404767,-0.25472732997387143,0.5873256595214565,0.567230962114977,-1.215645259378378,-1.3490032051739504,0.13016350523371414,3.9010376456775626,-1.2964596721213624,0.7314982166997631,0.0,3.045621560394646
691,3.1941482723144716,0.7389639120893408,-1.2440862776268384,3.8226677735774417,0.1298290877425548,-1.41359915771991,-1.1578876373498768,0.6081110378094248,0.541244124547164,-0.28848012810835844,-0.2715545694366486,0.023563061944882665,0.13290485836445642,-0.0797722856747404,-0.11898864608838816,0.034926823948555216,0.08830291362709508,0.0021713997207511897,-0.061290462740091846,-0.021863379837065103,0.0023063885873071373,0.00795204267109077,-0.061290462740091846,0.0021713997207510843,0.08830291362709515,0.03492682394855524,-0.11898864608838818,-0.0797722856747404,0.13290485836445648,0.023563061944882863,-0.2715545694366485,-0.28848012810835844,0.5412441245471642,0.6081110378094248,-1.1578876373498772,-1.4135991577199098,0.12982908774255464,3.822667773577441,-1.2440862776268378,0.7389639120893405,0.0,2.96244670867496
692,3.1135849870516736,0.7463867454257977,-1.1914242448483183,3.742302446141496,0.1293741915604111,-1.4761455266285946,-1.0977126338739898,0.6472631763514751,0.4931540025372169,-0.3208781027509941,-0.2523404831417822,0.04584257283314378,0.1275088569227154,-0.0923594328080768,-0.12013173124552146,0.040891747289737955,0.0897120768137392,-0.0012407866729481495,-0.062041382575820606,-0.019430267476598914,0.0007068050984274403,0.005865826186403432,-0.06204138257582063,-0.0012407866729482464,0.08971207681373926,0.04089174728973797,-0.12013173124552144,-0.0923594328080768,0.1275088569227154,0.04584257283314399,-0.25234048314178215,-0.3208781027509939,0.493154002537217,0.6472631763514753,-1.0977126338739902,-1.4761455266285937,0.12937419156041094,3.742302446141495,-1.1914242448483177,0.7463867454257977,0.0,2.8834653464676063
693,3.036320217067935,0.7537662861632424,-1.138485791812033,3.659983614549096,0.12879923882147146,-1.5365516256445773,-1.0352458793938681,0.6845761276065696,0.4432337586078744,-0.35176909944517115,-0.23166344901655878,0.06780053101082349,0.12104858411532866,-0.10404196239611474,-0.11991037727961577,0.04632358416913126,0.08979076949142231,-0.0046322028968257545,-0.061628181560423996,-0.016591011271814025,-0.0009091454875923376,0.003629884925666062,-0.061628181560424,-0.004632202896825836,0.08979076949142237,0.04632358416913126,-0.11991037727961577,-0.10404196239611473,0.12104858411532869,0.06780053101082367,-0.23166344901655872,-0.35176909944517104,0.44323375860787456,0.6845761276065697,-1.0352458793938681,-1.5365516256445775,0.1287992388214713,3.659983614549096,-1.1384857918120332,0.7537662861632419,0.0,2.8089175783458016
694,2.962617843585601,0.7611021062668787,-1.0852832006759945,3.5757542497204167,0.12810476306990967,-1.5947298716991662,-0.9706177889588541,0.7199438674594882,0.39166864955958136,-0.3810080411338237,-0.2096433424841965,0.08928291717807664,0.1135779615562852,-0.11470544951313197,-0.11832709829754356,0.051151522286088345,0.08853782461228804,-0.007946078280756094,-0.06005861284023364,-0.013404959166911711,-0.0025040434913047795,0.001301291122846466,-0.06005861284023367,-0.007946078280756165,0.08853782461228811,0.05115152228608835,-0.11832709829754356,-0.1147054495131319,0.11357796155628525,0.0892829171780768,-0.20964334248419647,-0.3810080411338237,0.3916686495595815,0.7199438674594882,-0.9706177889588542,-1.5947298716991658,0.1281047630699095,3.5757542497204153,-1.0852832006759945,0.7611021062668782,0.0,2.739001044115254
695,2.892741747826957,0.7683937802378348,-1.0318288148804333,3.489658319885349,0.1272914087647675,-1.6505959118974778,-0.9039632899502915,0.7532658990800661,0.3386500363786828,-0.4084576095020427,-0.1864078254508418,0.11013904783101304,0.10515934389188195,-0.12424545027887895,-0.11539987695687107,0.05531262208387493,0.08597182391326917,-0.011126940150835644,-0.05736212720436142,-0.009938708055199951,-0.004040956736338557,-0.001060518038859099,-0.05736212720436146,-0.011126940150835702,0.08597182391326923,0.05531262208387492,-0.11539987695687107,-0.1242454502788789,0.10515934389188197,0.11013904783101322,-0.1864078254508416,-0.4084576095020424,0.3386500363786829,0.7532658990800662,-0.9039632899502917,-1.6505959118974771,0.1272914087647673,3.489658319885348,-1.0318288148804335,0.7683937802378347,0.0,2.6738686887590117
696,2.826955811014372,0.7756408851378428,-0.9781350362840187,3.401740767631835,0.12635993068190973,-1.70406874582207,-0.8354215403867054,0.7844475384832236,0.28437467408616385,-0.4339888898813882,-0.16209160618370516,0.13022263219821156,0.09586299834852786,-0.13256852483764778,-0.11116196022139042,0.05875263726304485,0.08213082234055882,-0.01412154241516044,-0.05358932048131972,-0.006264711728350963,-0.005484295767505384,-0.0033952575566953544,-0.05358932048131977,-0.014121542415160473,0.08213082234055888,0.05875263726304485,-0.11116196022139042,-0.13256852483764775,0.09586299834852793,0.13022263219821173,-0.1620916061837052,-0.4339888898813882,0.28437467408616374,0.7844475384832239,-0.8354215403867055,-1.7040687458220705,0.1263599306819096,3.4017407676318347,-0.978135036284019,0.7756408851378427,0.0,2.6136271742632724
697,2.7655239143701493,0.7828430006137705,-0.9242143222865264,3.3120474864455645,0.1253111932136083,-1.755070842975807,-0.7651356383964643,0.8134001835718974,0.22904398156882994,-0.4574819766871613,-0.13683565833781225,0.14939279836537178,0.08576651823703857,-0.13959315255805543,-0.10566148174683204,0.061426721964912466,0.07707178367761694,-0.016879756877695957,-0.04881098417818355,-0.002459766401033221,-0.006800637976250601,-0.005643333378548467,-0.048810984178183615,-0.016879756877695988,0.07707178367761697,0.06142672196491248,-0.10566148174683204,-0.13959315255805543,0.08576651823703861,0.14939279836537195,-0.13683565833781217,-0.4574819766871613,0.22904398156882977,0.8134001835718977,-0.7651356383964649,-1.7550708429758066,0.12531119321360812,3.312047486445563,-0.9242143222865259,0.7828430006137701,0.0,2.5583359694723105
698,2.70870993911662,0.7899997089220024,-0.8700791829386171,3.2206252967532976,0.12414616956640387,-1.8035282551936633,-0.6932523234644749,0.840041565898389,0.17286329410262008,-0.4788265365452424,-0.11078640365907033,0.16751508139057644,0.07495417530869307,-0.1452505304895871,-0.09896091518564652,0.06330001540590345,0.070869735746603,-0.019355412360075583,-0.04311677717573903,0.001396594532551636,-0.007959501549627402,-0.007747363536682907,-0.04311677717573909,-0.01935541236007559,0.07086973574660303,0.06330001540590344,-0.09896091518564655,-0.1452505304895871,0.07495417530869311,0.16751508139057664,-0.11078640365907022,-0.4788265365452425,0.17286329410262005,0.8400415658983891,-0.6932523234644751,-1.8035282551936633,0.12414616956640369,3.220625296753296,-0.8700791829386167,0.7899997089220023,0.0,2.508007141610984
699,2.656777766476104,0.7971105949526711,-0.8157421780394031,3.1275219214823307,0.12286594085799067,-1.8493707238604984,-0.6199216700766265,0.8642959844287569,0.11604110134198181,-0.497922326463823,-0.08409486310194626,0.18446236647924616,0.06351621636870865,-0.14948524725538992,-0.09113636462014266,0.06434809634118135,0.06361665771197791,-0.02150706758483382,-0.03661354340342417,0.005223762956404534,-0.00893405132088366,-0.009653642818189461,-0.03661354340342424,-0.02150706758483382,0.06361665771197798,0.06434809634118135,-0.09113636462014268,-0.1494852472553899,0.06351621636870872,0.18446236647924624,-0.08409486310194618,-0.497922326463823,0.11604110134198191,0.8642959844287572,-0.6199216700766267,-1.8493707238604984,0.1228659408579905,3.127521921482331,-0.8157421780394031,0.7971105949526711,0.0,2.4626058599348464
700,2.609991277670936,0.8041752462537345,-0.7612159142224714,3.032785961148842,0.12147169511396168,-1.892531781779329,-0.5452967744015856,0.8860945206460162,0.05878827360317432,-0.5146796646164741,-0.05691578128316087,0.20011578060309138,0.05154811001805189,-0.15225582578085173,-0.0822767001831412,0.06455730143292167,0.05542011598806394,-0.02329870488238221,-0.029423307060568248,0.008941740954985173,-0.009701720176667357,-0.011313513586540477,-0.029423307060568324,-0.02329870488238219,0.055420115988064,0.06455730143292167,-0.08227670018314122,-0.15225582578085167,0.051548110018051894,0.2001157806030915,-0.05691578128316082,-0.5146796646164741,0.05878827360317432,0.8860945206460166,-0.5452967744015863,-1.8925317817793281,0.12147169511396153,3.032785961148841,-0.7612159142224705,0.8041752462537344,0.0,2.422051608387563
701,2.5686143539234294,0.8111932530548984,-0.7065130420310374,2.9364668684881283,0.11996472616534558,-1.93294884954241,-0.4695334346640667,0.905375234380928,0.0013172793128007304,-0.5290198515255612,-0.02940672934739477,0.21436552630899589,0.03914974981076598,-0.15353512954219187,-0.07248254868364172,0.06392490337281553,0.04640166898066839,-0.0247003331094079,-0.021680983000833785,0.012472812980668966,-0.010244731631265568,-0.012684607764134312,-0.021680983000833872,-0.02470033310940787,0.04640166898066844,0.06392490337281555,-0.07248254868364175,-0.15353512954219184,0.03914974981076599,0.214365526308996,-0.02940672934739463,-0.529019851525561,0.0013172793128009373,0.9053752343809284,-0.4695334346640674,-1.932948849542409,0.11996472616534543,2.9364668684881274,-0.7065130420310368,0.8111932530548981,0.0,2.386220090442873
702,2.532910876455908,0.8181642082913856,-0.6516462529829194,2.838614922639989,0.11834643244795856,-1.970563326265395,-0.3927898258768825,0.9220833398139364,-0.05615860347433447,-0.5408755396679484,-0.0017271914461543308,0.22711165186926097,0.026424620477778892,-0.15331062835604867,-0.06186515070183354,0.0624591464367047,0.036695064321170645,-0.025688489686132326,-0.01353184524133496,0.015743170313694092,-0.010550511466912521,-0.013731928274317092,-0.013531845241335043,-0.025688489686132278,0.0366950643211707,0.0624591464367047,-0.06186515070183355,-0.1533106283560486,0.026424620477778927,0.227111651869261,-0.0017271914461542792,-0.5408755396679482,-0.05615860347433434,0.9220833398139366,-0.3927898258768824,-1.970563326265395,0.11834643244795841,2.8386149226399886,-0.6516462529829192,0.8181642082913854,0.0,2.3549457957708677
703,2.5031447264907243,0.8250877076275464,-0.5966282766259993,2.739281202902714,0.116618315704685,-2.005320674553016,-0.31522616961085137,0.9361713611481416,-0.1134260785619431,-0.5501910497671717,0.02596235987404799,0.23826475237115988,0.013478934176426904,-0.15158452110677795,-0.05054509713440188,0.060179139007837675,0.02644425532890388,-0.026246633348568298,-0.005128801096362086,0.018684453859100572,-0.010611978908038468,-0.014428742339154978,-0.0051288010963621644,-0.02624663334856824,0.026444255328903907,0.06017913900783766,-0.05054509713440188,-0.1515845211067779,0.01347893417642693,0.23826475237115993,0.025962359874048112,-0.5501910497671717,-0.11342607856194303,0.9361713611481418,-0.3152261696108519,-2.005320674553015,0.11661831570468485,2.739281202902713,-0.5966282766259987,0.825087707627546,0.0,2.32802518528465
704,2.479579785250177,0.8319633494803104,-0.5414718775848608,2.63851756206938,0.11478197959189126,-2.0371704995730906,-0.23700439949200147,0.947599267510966,-0.1702726231662965,-0.5569226322866382,0.05350139401374966,0.24774659682816352,0.0004207439751137389,-0.14837371420940726,-0.038650959540269286,0.057114604469871676,0.01580126611858696,-0.026365421041292598,0.0033704779171721704,0.02123518303213571,-0.01042771058689735,-0.014757263831597658,0.0033704779171720863,-0.026365421041292525,0.015801266118586996,0.05711460446987166,-0.038650959540269314,-0.14837371420940726,0.0004207439751137992,0.24774659682816352,0.053501394013749815,-0.556922632286638,-0.17027262316629635,0.9475992675109665,-0.23700439949200197,-2.0371704995730897,0.11478197959189108,2.638517562069379,-0.5414718775848599,0.8319633494803104,0.0,2.30522043877634
705,2.4624799339565833,0.8387907350424813,-0.486189852599293,2.536376599360395,0.11283912819126597,-2.066066622124213,-0.158287823124428,0.9563345867011994,-0.22648727660009,-0.5610386728957715,0.08073025299915586,0.2554906769141018,-0.012640958027463933,-0.1437096560191898,-0.02631782984310976,0.05330549371711069,0.004923937014225749,-0.026042864315682774,0.011806514567968253,0.023342040864651727,-0.010001973503711245,-0.014709107265045202,0.01180651456796816,-0.026042864315682687,0.0049239370142257835,0.05330549371711069,-0.026317829843109788,-0.14370965601918972,-0.012640958027463924,0.2554906769141018,0.08073025299915593,-0.5610386728957715,-0.22648727660008988,0.9563345867011992,-0.15828782312442813,-2.066066622124213,0.11283912819126583,2.5363765993603935,-0.4861898525992927,0.8387907350424815,0.0,2.286263698013218
706,2.452109053832288,0.8455694683058675,-0.43079502755534177,2.4329116329663814,0.11079156442846776,-2.091967145591182,-0.07924078114462604,0.9623524974582021,-0.2818614231592816,-0.5625198409441478,0.10749107710169734,0.26144267347128575,-0.025597150420845507,-0.13763802880963977,-0.01368578597648712,0.04880146433350106,-0.006026416293989422,-0.02528436261558691,0.020021018280311664,0.024960988470382067,-0.009344626218091762,-0.014285501832268295,0.02002101828031157,-0.025284362615586815,-0.0060264162939894,0.048801464333501084,-0.013685785976487133,-0.1376380288096397,-0.02559715042084549,0.26144267347128575,0.1074910771016974,-0.5625198409441478,-0.28186142315928164,0.9623524974582021,-0.07924078114462632,-2.0919671455911817,0.1107915644284676,2.432911632966381,-0.4307950275553415,0.8455694683058675,0.0,2.270861728089195
707,2.448731026099626,0.8522991560842511,-0.3753002545095974,2.3281766722157706,0.10864118840004768,-2.114834516691084,-2.8304119111425915e-05,0.9656358999910969,-0.33618956630756747,-0.5613591802463255,0.13362872003223356,0.2655608375203704,-0.038339692445990003,-0.13021830133598103,-0.0008983008986020541,0.04366123323008334,-0.016887395134032125,-0.024102612893240664,0.027859855238091865,0.02605818557383212,-0.008470890559794284,-0.013497260030354405,0.02785985523809178,-0.02410261289324055,-0.016887395134032104,0.04366123323008334,-0.0008983008986020713,-0.13021830133598097,-0.03833969244598999,0.26556083752037035,0.13362872003223367,-0.5613591802463256,-0.3361895663075673,0.965635899991097,-2.830411911170152e-05,-2.114834516691083,0.10864118840004751,2.3281766722157693,-0.3753002545095974,0.8522991560842512,0.0,2.258700911244511
708,2.448935840979857,0.8589794080361962,-0.3197184087074107,2.2222263893816057,0.10638999561019924,-2.1346355799219667,0.07918423199836525,0.966175464567532,-0.3892700912854523,-0.5575621417510055,0.15899164840404914,0.267816283099448,-0.050762226607973554,-0.12152314636644018,0.011899386953168032,0.037951811180260905,-0.02749792629749667,-0.022517397068417235,0.035175940492968565,0.02661069786130253,-0.007400999145173626,-0.012364501672525821,0.03517594049296848,-0.022517397068417117,-0.02749792629749665,0.03795181118026091,0.011899386953167994,-0.12152314636644009,-0.05076222660797354,0.267816283099448,0.1589916484040492,-0.5575621417510055,-0.38927009128545226,0.9661754645675321,0.07918423199836525,-2.1346355799219667,0.10638999561019909,2.222226389381605,-0.31971840870741125,0.858979408036196,0.0,2.249452480478863
709,2.4491313919179944,0.8656098366876873,-0.2640623855957319,2.115116091142297,0.10404007511897198,-2.1513416256351454,0.15823145113068415,0.9639696580239573,-0.44090601331382995,-0.5511465579410927,0.18343282024999277,0.26819318987831703,-0.06276106640441177,-0.11163772888639428,0.02456192325979059,0.03174762923188889,-0.03770065082783241,-0.02055525088864157,0.04183199781027042,0.02660697636854273,-0.006159726861608766,-0.010916140331407287,0.04183199781027034,-0.02055525088864146,-0.037700650827832395,0.031747629231888896,0.024561923259790536,-0.11163772888639423,-0.06276106640441174,0.268193189878317,0.18343282024999288,-0.5511465579410927,-0.44090601331382995,0.9639696580239573,0.15823145113068401,-2.1513416256351454,0.10404007511897184,2.1151160911422955,-0.2640623855957319,0.8656098366876873,0.0,2.2427778952570794
710,2.4493084149719593,0.8721900574546056,-0.20834509783125738,2.006901689711198,0.10159360760366729,-2.1649284316614508,0.23694832234147958,0.9590247481220817,-0.4909057086154501,-0.5421425590848886,0.20681053750054276,0.2666889141267307,-0.07423606176005097,-0.10065887194708094,0.03694548873426684,0.02512956838473776,-0.04734425772454998,-0.018249019733588955,0.04770313546792972,0.026047098884568118,-0.0047758171690543555,-0.009189145322240558,0.04770313546792965,-0.01824901973358883,-0.04734425772454999,0.02512956838473775,0.0369454887342668,-0.10065887194708092,-0.07423606176005096,0.2666889141267306,0.20681053750054285,-0.5421425590848886,-0.4909057086154499,0.9590247481220818,0.23694832234147958,-2.16492843166145,0.10159360760366713,2.006901689711196,-0.20834509783125738,0.8721900574546058,0.0,2.2383342585711175
711,2.4494576461996473,0.8787196886650351,-0.15257947228459037,1.8976396736501038,0.09905286333521528,-2.175376298431055,0.3151705043786966,0.9513547857391358,-0.5390836255414085,-0.5305924317317339,0.22898926748054285,0.2633140072582657,-0.08509143494405219,-0.08869410832899334,0.04890943260064518,0.018183905182969775,-0.056285727953514976,-0.015637308799287795,0.05267918967714376,0.024942768325664468,-0.0032813165035385505,-0.0072275980638693005,0.052679189677143703,-0.015637308799287673,-0.056285727953515,0.018183905182969785,0.04890943260064517,-0.08869410832899331,-0.08509143494405218,0.26331400725826565,0.2289892674805429,-0.5305924317317338,-0.5390836255414087,0.9513547857391358,0.3151705043786965,-2.175376298431055,0.09905286333521517,1.8976396736501033,-0.15257947228459037,0.8787196886650351,0.0,2.2357796736644917
712,2.4495698216589616,0.8851983515814015,-0.09677844704109757,1.7873870783818837,0.09642020007141051,-2.1826700775359686,0.39273468877825657,0.9409815649425425,-0.585260973163631,-0.516550420116663,0.24984042866197056,0.2580921418197373,-0.09523657999286166,-0.075860627308475,0.06031787008553665,0.011001186968442862,-0.06439245548364536,-0.012763836865777698,0.05666679165371118,0.02331706811356707,-0.0017108321954595537,-0.00508156690380985,0.05666679165371114,-0.012763836865777587,-0.06439245548364536,0.011001186968442862,0.060317870085536664,-0.07586062730847494,-0.09523657999286166,0.2580921418197372,0.2498404286619706,-0.5165504201166632,-0.5852609731636316,0.9409815649425427,0.392734688778256,-2.1826700775359686,0.09642020007141038,1.7873870783818826,-0.09677844704109702,0.8851983515814015,0.0,2.234778439887843
713,2.449635677407837,0.8916256704224388,-0.04095496839916698,1.6762014564176495,0.09369806086896186,-2.186799193693782,0.46947894081152036,0.9279345610624478,-0.629266384777948,-0.5000824714067608,0.2692431361173224,0.25105994544529137,-0.10458681896616719,-0.06228412684344355,0.07104122577805068,0.003675051457635161,-0.07154421389408352,-0.009676704465840158,0.059591119554304475,0.021203979671055938,-0.0001007310866588906,-0.0028058291274139302,0.05959111955430446,-0.009676704465840036,-0.07154421389408354,0.003675051457635157,0.07104122577805067,-0.06228412684344352,-0.10458681896616719,0.2510599454452912,0.2692431361173224,-0.5000824714067607,-0.6292663847779479,0.9279345610624479,0.4694789408115201,-2.186799193693782,0.09369806086896175,1.6762014564176482,-0.040954968399167256,0.8916256704224388,0.0,2.2350059904338404
714,2.449645949504159,0.8980012723849872,0.014878012133437247,1.5641408473140024,0.09088897181638697,-2.1877576600808135,0.5452430375647318,0.9122508469380702,-0.6709365538554597,-0.4812659259856473,0.2870849023518395,0.24226674393986866,-0.11306410872374,-0.04809758242054957,0.08095770532888895,-0.0036989939691896585,-0.07763493938617215,-0.006427588705303943,0.061397302405014446,0.018647672120581934,0.0015117025965445889,-0.0004584727717443051,0.06139730240501443,-0.006427588705303836,-0.07763493938617218,-0.003698993969189653,0.08095770532888893,-0.048097582420549574,-0.11306410872374004,0.24226674393986852,0.28708490235183964,-0.4812659259856473,-0.6709365538554598,0.9122508469380705,0.5452430375647316,-2.187757660080814,0.09088897181638686,1.5641408473140024,0.014878012133437247,0.8980012723849874,0.0,2.2361534800460845
715,2.449591374005859,0.9043247876656161,0.07070754084443692,1.451263747376042,0.0879955396898543,-2.185544087012432,0.6198688024446172,0.8939749875758611,-0.7101168400821438,-0.46018915423064916,0.3032622894514878,0.2317742152941231,-0.12059769232394477,-0.033439944622337,0.08995467877324785,-0.011024817352743892,-0.08257430375736359,-0.003070878213244551,0.06205144967938664,0.015701579033096182,0.0030891306136887815,0.0019005860672402135,0.062051449679386625,-0.00307087821324445,-0.08257430375736362,-0.011024817352743887,0.08995467877324784,-0.033439944622337014,-0.1205976923239448,0.231774215294123,0.3032622894514878,-0.4601891542306492,-0.710116840082144,0.8939749875758612,0.6198688024446166,-2.185544087012432,0.0879955396898542,1.4512637473760408,0.0707075408444372,0.904324787665616,0.0,2.237931938113652
716,2.449462686970822,0.910595849482073,0.12652066482240337,1.3376290791219414,0.08502044953414949,-2.1801616839579676,0.6932004354117789,0.873158913518798,-0.7466618432376578,-0.43695114148849784,0.317681508765855,0.21965595705763327,-0.12712468960692525,-0.018454778171127596,0.09792995976594487,-0.01820691538181996,-0.086289054009151,0.00033723729740630276,0.0615412872073399,0.012427281525467685,0.004595025331278229,0.004211132588566745,0.06154128720733991,0.0003372372974064039,-0.08628905400915106,-0.018206915381819958,0.09792995976594489,-0.018454778171127673,-0.12712468960692527,0.2196559570576331,0.3176815087658548,-0.4369511414884979,-0.7466618432376576,0.8731589135187979,0.6932004354117783,-2.180161683957967,0.0850204495341494,1.3376290791219407,0.12652066482240365,0.9105958494820731,0.0,2.2400759117096647
717,2.449250624456969,0.9168140940945592,0.18230443496194146,1.223296160525047,0.08196646217100934,-2.171618254887286,0.7650848382524325,0.849861773286631,-0.7804359427836406,-0.41166102319868964,0.33025896464929283,0.20599697010497148,-0.1325906220330758,-0.0032888557795598588,0.10479296619939832,-0.025151658425005538,-0.0887240987220322,0.003739707618525334,0.059876387483014715,0.00889322105269921,0.005994515573114074,0.006414190264553519,0.05987638748301474,0.0037397076185254202,-0.08872409872203227,-0.025151658425005538,0.10479296619939832,-0.003288855779559824,-0.13259062203307584,0.20599697010497128,0.3302589646492927,-0.4116610231986896,-0.7804359427836406,0.8498617732866307,0.7650848382524325,-2.171618254887285,0.08196646217100924,1.2232961605250459,0.18230443496194146,0.9168140940945593,0.0,2.2423465339254336
718,2.4489459225222134,0.9229791608268274,0.2380459089679891,1.1083246740495405,0.07883641163713702,-2.1599261869557793,0.835371934209405,0.8241497653063721,-0.8113138011590681,-0.3844375723477571,0.3409217391079583,0.19089306241564216,-0.13694986739615841,0.011909279419640992,0.11046574902232599,-0.031768511136117,-0.08984332508607619,0.007079577039736386,0.05708799005014222,0.005173268800979707,0.0072551941129529235,0.008453526212281683,0.05708799005014226,0.007079577039736459,-0.08984332508607622,-0.03176851113611699,0.11046574902232593,0.011909279419640992,-0.13694986739615841,0.19089306241564197,0.34092173910795825,-0.3844375723477571,-0.8113138011590684,0.8241497653063723,0.8353719342094045,-2.159926186955779,0.07883641163713688,1.1083246740495403,0.23804590896798966,0.9229791608268274,0.0,2.244533965069736
719,2.448539317224448,0.9290906920871013,0.2937321543585365,0.9927746354958367,0.0756332025542747,-2.145102432544176,0.9039149813050856,0.7960959498105935,-0.8391808289149125,-0.35540864166158476,0.3496080145430038,0.17445017704994323,-0.14016604061573457,0.026990768784330734,0.11488387757398685,-0.037971212720892975,-0.089630134470161,0.010300937759502436,0.05322841533515497,0.0013451815850321288,0.008347868110831033,0.01027708653373903,0.053228415335155016,0.010300937759502502,-0.08963013447016105,-0.037971212720892975,0.11488387757398688,0.02699076878433076,-0.14016604061573462,0.17445017704994298,0.3496080145430038,-0.3554086416615846,-0.8391808289149123,0.7960959498105938,0.9039149813050852,-2.1451024325441757,0.07563320255427458,0.9927746354958363,0.2937321543585365,0.9290906920871015,0.0,2.246459167689379
720,2.448021544621607,0.9351483333888176,0.34935025146506743,0.876706362671983,0.0723598074337754,-2.127168484679208,0.9705708787021806,0.7657800412380208,-0.8639336099619562,-0.3247105631554651,0.35626743213905654,0.15678364903451816,-0.14221229743057295,0.041807896163882106,0.1179971713784651,-0.043678901478366394,-0.08808768858715008,0.013349865754729651,0.04837008292665099,-0.0025110234744247875,0.009247235115612304,0.011838324987685592,0.048370082926651035,0.013349865754729694,-0.08808768858715015,-0.04367890147836638,0.1179971713784651,0.041807896163882086,-0.14221229743057295,0.15678364903451794,0.35626743213905665,-0.324710563155465,-0.8639336099619562,0.7657800412380208,0.9705708787021805,-2.1271684846792076,0.07235980743377529,0.8767063626719827,0.34935025146506743,0.9351483333888176,0.0,2.247974990637731
721,2.44738334077158,0.9411517333711876,0.4048872964300308,0.7601804439073957,0.06901926391817392,-2.1061503458707773,1.0352004654626774,0.7332881817263127,-0.8854802853536488,-0.2924875078618625,0.3608613838202253,0.1380173963700124,-0.14307155845821057,0.056215534709949,0.11977027008738064,-0.04881716895679863,-0.08523886260426615,0.01617532344287805,0.04260415272184121,-0.006314741519572427,0.009932468979940713,0.013097391078990854,0.04260415272184129,0.016175323442878073,-0.08523886260426622,-0.04881716895679863,0.11977027008738064,0.056215534709948944,-0.14307155845821054,0.1380173963700122,0.36086138382022537,-0.2924875078618625,-0.885480285353649,0.7332881817263127,1.0352004654626767,-2.106150345870777,0.06901926391817381,0.7601804439073951,0.4048872964300311,0.9411517333711874,0.0,2.24896655226436
722,2.4466154417322876,0.9471005438195759,0.4603304042006419,0.643257706425402,0.06561467196231811,-2.0820784904108014,1.0976688110812767,0.698712696340647,-0.9037408941797639,-0.2588908087428679,0.36336323608101373,0.11828305083533347,-0.14273665175052241,0.07007256832622347,0.12018303509769844,-0.053319029981640946,-0.08112590589405755,0.018730014026450994,0.03603881443699043,-0.009986464809643903,0.010387702119886709,0.014022147239550616,0.03603881443699052,0.018730014026451,-0.08112590589405759,-0.053319029981640946,0.12018303509769844,0.07007256832622343,-0.14273665175052241,0.11828305083533323,0.36336323608101373,-0.25889080874286796,-0.9037408941797638,0.698712696340647,1.0976688110812765,-2.082078490410801,0.06561467196231802,0.6432577064254013,0.46033040420064136,0.9471005438195759,0.0,2.2493509278976287
723,2.4457085835616326,0.9529944196856992,0.5156667115183182,0.525999184591059,0.062149190956675156,-2.0549878201884053,1.157845497186735,0.6621518307336192,-0.9186476703057841,-0.22407824996723352,0.36375848439447767,0.09771903468529941,-0.14121037265543773,0.08324327383474797,0.11923077828311873,-0.057125795909725455,-0.07580981545717255,0.02097117321854917,0.02879725757682554,-0.013449444642435275,0.010602392951865994,0.014588989137316708,0.028797257576825636,0.02097117321854916,-0.07580981545717258,-0.05712579590972544,0.11923077828311875,0.0832432738347479,-0.14121037265543776,0.0977190346852992,0.36375848439447767,-0.22407824996723355,-0.9186476703057841,0.6621518307336193,1.157845497186735,-2.0549878201884058,0.06214919095667508,0.5259991845910578,0.5156667115183179,0.9529944196856989,0.0,2.249076161809476
724,2.4446535023175215,0.9588330191076392,0.5708833799030667,0.4084660880508548,0.058626036795483026,-2.0249176140855183,1.215604889822988,0.6237094719818947,-0.9301452938567903,-0.18821332588983886,0.36204483730244336,0.07646958971797756,-0.1385054604851587,0.09559865032110877,0.11692431524114867,-0.060187839725481335,-0.06936943130936433,0.02286128509638564,0.02101535995363137,-0.016631295604632935,0.010571569998295987,0.014783448175112571,0.02101535995363147,0.02286128509638562,-0.06936943130936438,-0.060187839725481314,0.11692431524114866,0.09559865032110866,-0.1385054604851587,0.07646958971797733,0.3620448373024434,-0.18821332588983886,-0.9301452938567906,0.6237094719818947,1.2156048898229879,-2.0249176140855187,0.05862603679548291,0.40846608805085355,0.5708833799030664,0.9588330191076387,0.0,2.2481196384537125
725,2.443440934057868,0.9646160034296719,0.6259675986321117,0.29071976978091163,0.0550484788924675,-1.9919114710262495,1.2708264017416147,0.5834948533928517,-0.9381910965125964,-0.1514644732137322,0.35823222970027196,0.0546837655221085,-0.13464449218562374,0.10701768263819517,0.11328984245108374,-0.06246524300497775,-0.06190026724854472,0.0243687100997196,0.012839138127780526,-0.019465508617893375,0.010295947009369416,0.014600560800497398,0.012839138127780618,0.024368710099719557,-0.06190026724854479,-0.062465243004977744,0.11328984245108376,0.1070176826381951,-0.1346444921856238,0.054683765522108276,0.35823222970027185,-0.1514644732137324,-0.9381910965125964,0.5834948533928517,1.2708264017416147,-1.991911471026249,0.055048478892467397,0.29071976978091035,0.6259675986321112,0.9646160034296717,0.0,2.246485861626099
726,2.4420616148405934,0.9703430372219108,0.6809065877120922,0.17282169406035985,0.0514198371468944,-1.9560172467626147,1.3233947441580174,0.5416222441199982,-0.942755219852255,-0.11400427994083491,0.35234276523914954,0.03251437400133315,-0.1296596938947187,0.11738852669309431,0.10836863973812066,-0.06392831631362705,-0.0535130943421381,0.02546821466181842,0.004422007608659304,-0.021892841154021337,0.009781906435133448,0.01404499520007209,0.004422007608659383,0.025468214661818367,-0.05351309434213815,-0.06392831631362704,0.10836863973812066,0.11738852669309426,-0.1296596938947188,0.03251437400133291,0.35234276523914954,-0.11400427994083488,-0.9427552198522551,0.5416222441199979,1.3233947441580172,-1.9560172467626156,0.05141983714689434,0.17282169406035847,0.6809065877120922,0.9703430372219108,0.0,2.2442037029917
727,2.440506280723582,0.976013788299763,0.7356876008441238,0.05483340438662543,0.04774347886277209,-1.9172869844882763,1.373200167445741,0.49821062446912,-0.9438207261603186,-0.0760086748264071,0.34441058817983095,0.010116917508483994,-0.1235926719620931,0.12660960490778977,0.10221660142297176,-0.0645579862533687,-0.04433229814225575,0.026141393607181408,-0.00407809577546513,-0.023862555560081794,0.009041351630602337,0.013130932144364362,-0.004078095775465033,0.026141393607181353,-0.04433229814225582,-0.06455798625336871,0.10221660142297172,0.1266096049077897,-0.12359267196209311,0.010116917508483736,0.34441058817983095,-0.07600867482640697,-0.9438207261603186,0.4982106244691201,1.3732001674457408,-1.9172869844882765,0.04774347886277202,0.05483340438662405,0.7356876008441235,0.9760137882997628,0.0,2.2413231928673194
728,2.4387656677647698,0.9816279277431955,0.7902979283810463,-0.06318350865064558,0.044022815624063426,-1.8757768393808814,1.4201386902663964,0.4533833478177697,-0.9413836612836434,-0.037656101143937595,0.33448168544076273,-0.012351501891692034,-0.11649406567566355,0.1345906011241375,0.09490360148211763,-0.06434604411358215,-0.03449403399193014,0.02637697824529112,-0.012501679325117716,-0.02533347960918434,0.008091431216308499,0.011881703024718302,-0.012501679325117634,0.02637697824529104,-0.03449403399193017,-0.06434604411358215,0.09490360148211763,0.13459060112413743,-0.11649406567566356,-0.012351501891692327,0.33448168544076257,-0.037656101143937526,-0.9413836612836434,0.4533833478177696,1.4201386902663968,-1.8757768393808818,0.04402281562406337,-0.06318350865064697,0.790297928381046,0.9816279277431953,0.0,2.237911935967213
729,2.4368305120220413,0.9871851299158153,0.8447249002761648,-0.18116743952024328,0.040261300128807,-1.8315469971824268,1.4641123166568408,0.4072677901087449,-0.9354530693054706,0.0008733213591973378,0.3226136199882157,-0.034733284380639745,-0.10842312459337429,0.14125334520848948,0.086512699929117,-0.0632952528841832,-0.024144207780047878,0.026171025003051865,-0.02069068612982646,-0.02627486710863129,0.006954141977123295,0.010329194321269957,-0.020690686129826368,0.02617102500305178,-0.024144207780047937,-0.06329525288418318,0.08651269992911702,0.1412533452084894,-0.10842312459337435,-0.034733284380639884,0.3226136199882156,0.0008733213591974067,-0.9354530693054708,0.4072677901087448,1.4641123166568408,-1.8315469971824272,0.04026130012880694,-0.18116743952024328,0.8447249002761648,0.9871851299158153,0.0,2.2340512427862254
730,2.434691549553314,0.9926850724837565,0.8989558890228085,-0.29905679990784073,0.03646242298508502,-1.784661586935685,1.5050292406203756,0.3599949879135175,-0.9260509589823315,0.03939864237949819,0.30887519711410416,-0.056871437835487613,-0.09944721400807631,0.1465325786916749,0.07713919943078222,-0.06141931123582515,-0.01343631209129603,0.025526981438299276,-0.028491460787735658,-0.026667040576448742,0.005655819494801191,0.008513033702919288,-0.02849146078773557,0.025526981438299186,-0.01343631209129606,-0.06141931123582515,0.07713919943078222,0.14653257869167485,-0.09944721400807634,-0.056871437835487766,0.3088751971141041,0.03939864237949815,-0.9260509589823318,0.3599949879135173,1.5050292406203756,-1.784661586935685,0.036462422985084945,-0.2990567999078421,0.8989558890228085,0.9926850724837566,0.0,2.229832073212517
731,2.4323395164165156,0.998127436434376,0.9529783125840131,-0.4167900508654709,0.0326297094718118,-1.735188588003225,1.5428040377948422,0.31169926609404947,-0.9132122220683281,0.07773893087574668,0.2933460655362478,-0.0786106790159912,-0.08964125267323564,0.15037659394525316,0.06688956287303982,-0.058742674936777345,-0.0025291498419919853,0.02445562852934664,-0.035757632536989645,-0.026501802552665994,0.004226528309389492,0.006479578534036166,-0.03575763253698957,0.024455628529346532,-0.0025291498419920283,-0.05874267493677734,0.06688956287303985,0.1503765939452531,-0.08964125267323564,-0.0786106790159914,0.29334606553624776,0.07773893087574668,-0.9132122220683281,0.3116992660940492,1.542804037794842,-1.7351885880032243,0.03262970947181174,-0.41679005086547144,0.9529783125840128,0.998127436434376,0.0,2.2253508926841925
732,2.429765148669521,1.003511906094758,1.0067796373116598,-0.534305734935215,0.028766716267348346,-1.683199731503832,1.577357843797442,0.2625178561209851,-0.8969845038298939,0.11571412479694618,0.27611625563370534,-0.09979852276489262,-0.0790870874825753,0.1527477406336056,0.055880204170609335,-0.055300238034585565,0.008415520838696369,0.022974900206613347,-0.04235286170090846,-0.02578260694785261,0.0026993657312006734,0.004280732606191258,-0.04235286170090839,0.02297490020661324,0.008415520838696343,-0.05530023803458555,0.055880204170609335,0.15274774063360555,-0.0790870874825753,-0.09979852276489279,0.2761162556337053,0.11571412479694607,-0.8969845038298943,0.2625178561209847,1.577357843797442,-1.6831997315038318,0.028766716267348287,-0.5343057349352162,1.0067796373116593,1.003511906094758,0.0,2.2207055426304696
733,2.426959182370272,1.0088381691500241,1.0603473808543828,-0.6515425082303669,0.024877028148978724,-1.6287703963092475,1.6086185188739603,0.212590506132766,-0.8774280262315617,0.15314587672911856,0.2572856574942684,-0.12028635158173796,-0.06787281032297904,0.15362279448140326,0.044236166054311396,-0.051136877958798566,0.01923538555466853,0.02110958314728861,-0.04815339791370545,-0.02452448684727661,0.0011096954245907447,0.0019726212977461332,-0.048153397913705404,0.021109583147288502,0.019235385554668503,-0.051136877958798566,0.04423616605431142,0.15362279448140315,-0.06787281032297905,-0.12028635158173814,0.2572856574942683,0.15314587672911856,-0.8774280262315617,0.21259050613276576,1.6086185188739601,-1.6287703963092475,0.02487702814897865,-0.6515425082303669,1.0603473808543824,1.008838169150024,0.0,2.2159912260206056
734,2.4239123535766574,1.0141059166614472,1.11366911505358,-0.7684391724573043,0.02096425466631145,-1.5719794997520071,1.6365207985086316,0.1620590838436772,-0.8546153644489051,0.18985839148945072,0.2369634418001416,-0.13993045806786178,-0.05609202280264424,0.1529931847445463,0.03208969985351019,-0.046306870475042915,0.029769980838498158,0.018890901858322894,-0.05305040212517452,-0.022753740279767388,-0.0005056714889771501,-0.00038584102224467447,-0.05305040212517446,0.018890901858322772,0.029769980838498144,-0.04630687047504288,0.03208969985351022,0.1529931847445462,-0.05609202280264429,-0.13993045806786195,0.2369634418001414,0.1898583914894506,-0.8546153644489048,0.16205908384367715,1.6365207985086319,-1.5719794997520071,0.020964254666311372,-0.7684391724573054,1.1136691150535791,1.0141059166614474,0.0,2.2112967055873636
735,2.420615398346598,1.0193148430843728,1.1667324688268457,-0.884934706861364,0.017032026791692634,-1.5129093832028553,1.661006429680219,0.11106717342915365,-0.8286311775380264,0.22567925173409145,0.21526742690923387,-0.15859305293053497,-0.0438430549915381,0.1508650781566031,0.019578763404317894,-0.04087318211741376,0.0398630738969341,0.01635599599325763,-0.0569519888151364,-0.020507380519543036,-0.002109328845837729,-0.0027344547789111217,-0.05695198881513638,0.01635599599325752,0.03986307389693409,-0.04087318211741376,0.019578763404317908,0.15086507815660305,-0.04384305499153816,-0.15859305293053508,0.21526742690923378,0.22567925173409145,-0.8286311775380264,0.11106717342915348,1.6610064296802194,-1.5129093832028548,0.017032026791692592,-0.8849347068613654,1.1667324688268454,1.0193148430843728,0.0,2.2067008067554124
736,2.417059052737997,1.0244646462859395,1.219525131038168,-1.0009683000800378,0.013083993550739116,-1.4516456926836294,1.6820242924798356,0.05975966753379273,-0.7995718942610949,0.2604402277022044,0.1923233958014179,-0.17614323147585176,-0.03122814469505463,0.14725931852853258,0.006845454144107199,-0.0349066493234082,0.04936497961359751,0.013547298652356876,-0.05978495009831054,-0.01783236241114388,-0.003664141634093744,-0.005013271781227698,-0.05978495009831052,0.013547298652356765,0.04936497961359751,-0.03490664932340822,0.0068454541441072166,0.1472593185285325,-0.031228144695054694,-0.17614323147585187,0.19232339580141783,0.26044022770220426,-0.7995718942610949,0.059759667533792575,1.6820242924798356,-1.4516456926836288,0.01308399355073909,-1.000968300080038,1.2195251310381685,1.0244646462859393,0.0,2.202269309600143
737,2.4132340528087646,1.0295550275626044,1.2720348533542094,-1.1164793818868655,0.009123818636118724,-1.3882772546887145,1.699530506836604,0.008282355561373049,-0.7675453552338481,0.29397806729337556,0.16826436684977011,-0.19245789181110268,-0.018352584111185014,0.14221122259328228,-0.005965604810978869,-0.02848505497263199,0.05813478044668189,0.010511826072996649,-0.061496129369166035,-0.014784600889321877,-0.005134105908673721,-0.007164125395119617,-0.06149612936916604,0.010511826072996536,0.0581347804466819,-0.028485054972632,-0.005965604810978861,0.14221122259328225,-0.018352584111185042,-0.19245789181110273,0.16826436684977,0.2939780672933754,-0.7675453552338478,0.00828235556137291,1.699530506836604,-1.3882772546887143,0.009123818636118691,-1.116479381886867,1.2720348533542087,1.0295550275626044,0.0,2.198052304451929
738,2.4091311346168105,1.0345856916574696,1.324249453086024,-1.2314076548094581,0.005155177007719714,-1.322895947395122,1.7134885241283306,-0.04321849058325217,-0.732670412723072,0.3261352627678452,0.14322982264450773,-0.2074225983161031,-0.005323840993752425,0.13577023409487,-0.018708907274817395,-0.021692114368010378,0.06604241629957278,0.0073003906005519445,-0.06205341871220341,-0.01142780220940935,-0.00648518251489694,-0.009132115242460624,-0.06205341871220342,0.00730039060055184,0.0660424162995728,-0.021692114368010378,-0.01870890727481735,0.13577023409486996,-0.005323840993752467,-0.20742259831610318,0.14322982264450762,0.32613526276784505,-0.732670412723072,-0.043218490583252216,1.7134885241283309,-1.3228959473951225,0.005155177007719688,-1.23140765480946,1.324249453086023,1.0345856916574692,0.0,2.1940820742554292
739,2.404741034220045,1.0395563467774065,1.3761568160155404,-1.3456931256051303,0.001181751482364468,-1.2555965674479121,1.7238692034859404,-0.09459653212328017,-0.6950764895792313,0.3567607904688137,0.11736490134052802,-0.22093238432684742,0.007749338342948704,0.1279994395099833,-0.031239716629879385,-0.014616383878788327,0.07297061337066466,0.003966750114268604,-0.06144636136264075,-0.007832132318535209,-0.0076860853144673676,-0.01086700852913131,-0.06144636136264076,0.003966750114268505,0.07297061337066464,-0.014616383878788337,-0.031239716629879333,0.12799943950998324,0.007749338342948669,-0.2209323843268475,0.11736490134052788,0.3567607904688137,-0.6950764895792314,-0.09459653212328023,1.723869203485941,-1.2555965674479121,0.00118175148236444,-1.3456931256051319,1.3761568160155393,1.039556346777406,0.0,2.1903715537473616
740,2.400054487676371,1.0444667046099814,1.4277448992061623,-1.4592761365777354,-0.0027927706837678253,-1.186476692514124,1.7306508726323666,-0.14570577922909989,-0.6549030989410773,0.3857108200927809,0.09081955521672375,-0.23289248840123797,0.020757836691206077,0.11897495014537961,-0.04341570972515285,-0.007350106472828025,0.07881662337666338,0.0005667081463204442,-0.059686347913161734,-0.004072750202242982,-0.008709005661380482,-0.012324522233343618,-0.05968634791316178,0.0005667081463203473,0.0788166233766634,-0.007350106472828032,-0.04341570972515278,0.11897495014537961,0.02075783669120602,-0.23289248840123808,0.09081955521672354,0.3857108200927807,-0.6549030989410773,-0.1457057792291,1.7306508726323673,-1.1864766925141244,-0.002792770683767858,-1.4592761365777358,1.4277448992061614,1.0444667046099811,0.0,2.1869134012218296
741,2.3950622310437097,1.0493164803401787,1.4790017337968266,-1.5720973967193366,-0.006764701216838136,-1.1156365398044856,1.7338193731288718,-0.19640100584590514,-0.6122993264946334,0.4128493901768843,0.06374768132534096,-0.2432190190025159,0.0335930767126588,0.10878515666315346,-0.05509859336225626,1.1990811544730379e-05,0.08349374735590948,-0.002842820242375998,-0.05680640258517693,-0.00022823686343511807,-0.009530256351452644,-0.013467453426470212,-0.05680640258517697,-0.0028428202423760817,0.08349374735590952,1.1990811544713153e-05,-0.05509859336225628,0.1087851566631534,0.033593076712658765,-0.24321901900251594,0.06374768132534092,0.4128493901768843,-0.6122993264946333,-0.19640100584590528,1.733819373128872,-1.1156365398044858,-0.006764701216838123,-1.5720973967193372,1.4790017337968262,1.0493164803401784,0.0,2.183679703434331
742,2.3897550003799637,1.0541053926669208,1.5299154277788805,-1.6840980126604645,-0.010730354247989007,-1.0431788207680406,1.7333680899343507,-0.24653816235105463,-0.5674232772079252,0.43804904663086724,0.03630622927145315,-0.2518395429381153,0.04614792719496845,0.09752986333544832,-0.06615567500992345,0.007373931777351407,0.0869326214530319,-0.006204761192801108,-0.05286056357492269,0.0036210472278722914,-0.010130820133887738,-0.014266628875023871,-0.05286056357492274,-0.006204761192801187,0.08693262145303193,0.007373931777351404,-0.06615567500992342,0.09752986333544826,0.04614792719496841,-0.25183954293811533,0.03630622927145304,0.4380490466308673,-0.5674232772079251,-0.2465381623510546,1.7333680899343507,-1.0431788207680408,-0.010730354247988995,-1.6840980126604657,1.52991542777888,1.0541053926669206,0.0,2.1806223184030302
743,2.3841235317430503,1.0588331638193835,1.5804741687551225,-1.7952195194128096,-0.014686049733754074,-0.9692085921703656,1.7292979652158897,-0.29597478486862056,-0.5204414885946569,0.461191441314862,0.008654291295212205,-0.25869359342646564,0.0583175972381869,0.08531931050818395,-0.07646136990690679,0.01463974226546506,0.0890822456161675,-0.009462837436675541,-0.04792286910134761,0.007394641880351399,-0.01049679008330026,-0.014701649685267042,-0.04792286910134768,-0.009462837436675604,0.08908224561616754,0.01463974226546507,-0.07646136990690676,0.08531931050818392,0.05831759723818688,-0.2586935934264657,0.00865429129521205,0.46119144131486206,-0.5204414885946567,-0.2959747848686206,1.7292979652158906,-0.9692085921703656,-0.014686049733754057,-1.7952195194128118,1.5804741687551218,1.0588331638193833,0.0,2.1776738448655246
744,2.3781585611908582,1.0634995195731092,1.630666226680379,-1.9054039108882943,-0.0186281168710618,-0.8938331037713029,1.7216174963817583,-0.3445704000780643,-0.4715283126842368,0.4821678878518166,-0.019047820067858996,-0.2637330942280198,0.07000051090736399,0.0722730948483115,-0.08589862743584029,0.02171470132454809,0.08991073995070256,-0.012562510350759054,-0.04208596818119707,0.011013669011602957,-0.010619691634741942,-0.014761411983453552,-0.04208596818119715,-0.012562510350759106,0.0899107399507026,0.021714701324548075,-0.08589862743584029,0.0722730948483115,0.07000051090736398,-0.26373309422801977,-0.019047820067859066,0.4821678878518165,-0.4715283126842367,-0.3445704000780646,1.7216174963817585,-0.8938331037713027,-0.018628116871061785,-1.9054039108882947,1.6306662266803797,1.0634995195731092,0.0,2.174749191316116
745,2.371850824781305,1.0681041892659116,1.6804799565829731,-2.0145936701785896,-0.022552897503664397,-0.8171616428230624,1.7103427183409285,-0.392186924366784,-0.4208652689917061,0.5008798720642372,-0.046639501401256125,-0.2669226968655312,0.0810991550509784,0.05851899795026966,-0.0943602605675088,0.028506576043509934,0.08940581751246975,-0.015451892907070977,-0.03545938219818293,0.014402481408146756,-0.010496678824543897,-0.014444390341378094,-0.03545938219818302,-0.01545189290707102,0.08940581751246979,0.02850657604350993,-0.09436026056750882,0.05851899795026962,0.08109915505097837,-0.26692269686553116,-0.04663950140125628,0.5008798720642372,-0.42086526899170595,-0.3921869243667844,1.7103427183409288,-0.8171616428230628,-0.022552897503664387,-2.0145936701785905,1.6804799565829738,1.0681041892659113,0.0,2.1717477022580662
746,2.3651910585723215,1.0726469058135741,1.7299038012664465,-2.1227317995792916,-0.026456749516830587,-0.7393053756141559,1.695497170026179,-0.43868905619234566,-0.368640370888725,0.5172395146380225,-0.07396078950826972,-0.26824002856822393,0.09152089320875118,0.04419173477489577,-0.10175016327588621,0.03492682394855522,0.08757496652866485,-0.018082618236686155,-0.028167449885491476,0.01749024395172902,-0.010130600192732883,-0.013758676712817407,-0.02816744988549157,-0.01808261823668618,0.08757496652866494,0.034926823948555216,-0.10175016327588624,0.04419173477489581,0.09152089320875115,-0.2682400285682239,-0.07396078950826984,0.5172395146380225,-0.368640370888725,-0.438689056192346,1.6954971700261794,-0.7393053756141559,-0.026456749516830576,-2.1227317995792916,1.7299038012664454,1.072646905813574,0.0,2.1685557849245427
747,2.358169998621783,1.0771274057253437,1.7789262939909316,-2.2297618503430607,-0.03033605021715225,-0.6603771862889033,1.6771118452506517,-0.48394466053951213,-0.3150474278755001,0.5311699838405237,-0.10085328880107694,-0.26767584920070525,0.10117873881544079,0.029431634179248673,-0.10798440209671441,0.04089174728973796,0.08444533934406427,-0.020410649267768054,-0.020346994281194495,0.0202124142601461,-0.00952993282095572,-0.012721773887013467,-0.020346994281194592,-0.020410649267768057,0.08444533934406433,0.04089174728973796,-0.1079844020967144,0.029431634179248656,0.10117873881544075,-0.26767584920070514,-0.10085328880107704,0.5311699838405236,-0.3150474278755001,-0.48394466053951246,1.6771118452506524,-0.660377186288903,-0.03033605021715224,-2.2297618503430616,1.7789262939909316,1.0771274057253437,0.0,2.1650499666008862
748,2.3507783809876237,1.0815454291192128,1.8275360611335303,-2.335627952146201,-0.03418719969432861,-0.5804915131762157,1.6552251280004808,-0.5278251443796359,-0.2602853263429536,0.5426058563545376,-0.12716108960159742,-0.2652341160758758,0.10999208124696128,0.014383264460937264,-0.11299216943185658,0.04632358416913127,0.08006334973952159,-0.022397015884889078,-0.012144755432922894,0.022512091793285397,-0.00870858603335936,-0.011360148731283114,-0.012144755432922988,-0.022397015884889068,0.08006334973952164,0.04632358416913126,-0.11299216943185654,0.014383264460937255,0.10999208124696125,-0.26523411607587577,-0.12716108960159755,0.5426058563545376,-0.26028532634295337,-0.5278251443796362,1.6552251280004808,-0.5804915131762158,-0.034187199694328596,-2.335627952146202,1.8275360611335303,1.0815454291192124,0.0,2.1611003011443133
749,2.3430069417277437,1.0859007197369925,1.875721824827082,-2.440274842253303,-0.03800662416180795,-0.4997641828649614,1.6298827122985735,-0.5702058220655601,-0.2045572914942696,0.5514934245336021,-0.15273167203024862,-0.2609319561972237,0.11788735864877277,-0.0008059826208922732,-0.1167165877719295,0.05115152228608835,0.07449398459469096,-0.024008467269947018,-0.0037146370235533995,0.024341207224508603,-0.00768557930601747,-0.009708556626203148,-0.003714637023553505,-0.024008467269946997,0.07449398459469099,0.05115152228608835,-0.1167165877719295,-0.0008059826208922817,0.11788735864877277,-0.2609319561972236,-0.15273167203024882,0.5514934245336018,-0.20455729149426946,-0.5702058220655605,1.6298827122985742,-0.4997641828649614,-0.038006624161807945,-2.440274842253305,1.875721824827082,1.0859007197369925,0.0,2.156574033636497
750,2.3348464169000636,1.0901930249591782,1.9234724055767278,-2.543647894364723,-0.0417907792731872,-0.4183122422664819,1.6011375068068523,-0.6109662696237604,-0.14807013316486803,0.5577909486355953,-0.17741679024229248,-0.2547995461251999,0.12479867193068368,-0.01598733547905785,-0.11911535570296805,0.055312622083874934,0.06781984010332917,-0.02521802850480581,0.00478518141882545,0.025661527216377884,-0.006484601843377794,-0.007809154337112489,0.004785181418825347,-0.02521802850480577,0.06781984010332923,0.05531262208387493,-0.11911535570296804,-0.015987335479057844,0.12479867193068368,-0.2547995461251997,-0.17741679024229257,0.5577909486355953,-0.14807013316486808,-0.6109662696237607,1.6011375068068525,-0.41831224226648206,-0.04179077927318717,-2.543647894364723,1.9234724055767272,1.0901930249591782,0.0,2.151339424571331
751,2.326287542562465,1.0944220958196,1.9707767248536423,-2.6456931471318343,-0.0455361534112916,-0.33625378890776264,1.5690495243661287,-0.6499906669370125,-0.09103347833960802,0.5614688528500456,-0.2010733318853994,-0.24687990031032905,0.13066833480326703,-0.03101209984661433,-0.12016122835987073,0.05875263726304485,0.06013989683453775,-0.026005452118400905,0.013195212541276913,0.026445453598262086,-0.005133464020376504,-0.0057104239658201245,0.013195212541276818,-0.026005452118400853,0.060139896834537805,0.05875263726304487,-0.12016122835987073,-0.03101209984661431,0.130668334803267,-0.24687990031032891,-0.20107333188539944,0.5614688528500456,-0.09103347833960808,-0.6499906669370126,1.5690495243661289,-0.33625378890776303,-0.04553615341129156,-2.6456931471318343,1.970776724853642,1.0944220958195998,0.0,2.1452696297789045
752,2.317321054772883,1.0985876870198656,2.017623807665346,-2.746357332325171,-0.049239270946882345,-0.25370779970130786,1.5336857567042126,-0.6871681268452832,-0.03365899321539294,0.5625098641985221,-0.22356414779571082,-0.23722856937774495,0.13544735526493137,-0.04573311516781088,-0.11984232686970359,0.06142672196491247,0.051568051806338396,-0.026357557019628903,0.02135765372590648,0.026676600240902574,-0.003663453392872913,-0.0034659354485712664,0.02135765372590639,-0.026357557019628823,0.051568051806338444,0.06142672196491247,-0.1198423268697036,-0.045733115167810846,0.13544735526493137,-0.23722856937774478,-0.22356414779571085,0.562509864198522,-0.03365899321539309,-0.6871681268452834,1.5336857567042133,-0.25370779970130797,-0.049239270946882296,-2.746357332325171,2.0176238076653448,1.0985876870198656,0.0,2.138246529570255
753,2.307937689589224,1.1026895569435868,2.0640027851019913,-2.845587902640765,-0.05289669546396817,-0.1707939584399921,1.4951200345738458,-0.7223930102297061,0.023840402303853755,0.5609090936557757,-0.24475884712222548,-0.22591325047946784,0.13909584452084364,-0.060006195967062845,-0.11816227327025026,0.06330001540590345,0.04223142934159217,-0.02626844914244845,0.029119348038026266,0.02635013556973885,-0.0021086101889169163,-0.001132979187418905,0.029119348038026176,-0.026268449142448365,0.042231429341592214,0.06330001540590345,-0.11816227327025026,-0.06000619596706282,0.13909584452084367,-0.2259132504794677,-0.24475884712222556,0.5609090936557756,0.02384040230385365,-0.7223930102297061,1.4951200345738458,-0.17079395843999265,-0.052896695463968114,-2.8455879026407653,2.06400278510199,1.1026895569435864,0.0,2.1301644004524656
754,2.2981281830693767,1.1067274676703949,2.109902896858043,-2.9433330591301483,-0.05650503294872791,-0.0876324822670026,1.4534328736124484,-0.7555652261843373,0.08125132476478793,0.5566740591106487,-0.26453455326976233,-0.2130133124475238,0.14158334992060262,-0.07369154407840166,-0.11514014937142163,0.06434809634118135,0.03226849575702963,-0.025739620109700014,0.03633465800449068,0.02547288355756186,-0.0005049390578996338,0.001228896283017026,0.036334658004490594,-0.025739620109699924,0.03226849575702967,0.06434809634118135,-0.11514014937142163,-0.07369154407840159,0.14158334992060262,-0.21301331244752364,-0.2645345532697624,0.5566740591106486,0.08125132476478787,-0.7555652261843373,1.4534328736124487,-0.08763248226700301,-0.05650503294872787,-2.9433330591301488,2.1099028968580416,1.1067274676703944,0.0,2.1209333252478806
755,2.287883271271287,1.11070118498974,2.155313493728754,-3.039541778239713,-0.06006093493908457,-0.0043439473724742345,1.408711306245493,-0.7865905164227593,0.1383607190425037,0.5498246500589209,-0.2827766162779103,-0.19861923907861423,0.14288910913574934,-0.08665511790327439,-0.11081028002677208,0.06455730143292164,0.021827005845403116,-0.024779922264059666,0.042868198299722424,0.024063181085481996,0.0011104246693211136,0.0035594042674558586,0.04286819829972235,-0.02477992226405956,0.02182700584540315,0.06455730143292164,-0.1108102800267721,-0.08665511790327432,0.14288910913574934,-0.19861923907861406,-0.2827766162779103,0.5498246500589209,0.13836071904250347,-0.7865905164227595,1.4087113062454932,-0.004343947372474648,-0.0600609349390845,-3.039541778239713,2.1553134937287526,1.1107011849897397,0.0,2.11048224253135
756,2.2771936902528225,1.1146104784144764,2.200224040080872,-3.134163838445313,-0.06356110163200852,0.07895088583045863,1.3610486999844402,-0.8153807231113966,0.1949566489999458,0.5403930341939077,-0.29937927750593624,-0.18283199445529452,0.1430022234555852,-0.09876994528545179,-0.10522184327669305,0.06392490337281555,0.011061811605355769,-0.023405420484096846,0.04859737606434973,0.02215049465374408,0.002700074902864537,0.005799058723358219,0.048597376064349676,-0.023405420484096738,0.011061811605355791,0.06392490337281555,-0.10522184327669307,-0.09876994528545174,0.14300222345558522,-0.1828319944552943,-0.2993792775059363,0.5403930341939077,0.19495664899994594,-0.8153807231113968,1.361048699984441,0.07895088583045877,-0.06356110163200845,-3.134163838445313,2.2002240400808715,1.1146104784144761,0.0,2.0987615438919986
757,2.2660501760719214,1.1184551211942317,2.2446241162969907,-3.2271498464681927,-0.06700228494566604,0.16213124779671703,1.3105445624985952,-0.8418540393684962,0.25082908399469683,0.5284235063335013,-0.31424628277013067,-0.16576231475547779,0.14192174875485844,-0.10991736714404762,-0.09843831179122246,0.0624591464367047,0.00013256571653024818,-0.021639123265963654,0.05341469119088458,0.01977480445414413,0.004227200986088453,0.007890692637726565,0.05341469119088453,-0.02163912326596355,0.00013256571653027832,0.06245914643670472,-0.09843831179122246,-0.10991736714404758,0.14192174875485844,-0.16576231475547756,-0.31424628277013067,0.5284235063335013,0.2508290839946971,-0.8418540393684962,1.3105445624985954,0.16213124779671667,-0.06700228494566596,-3.227149846468192,2.24462411629699,1.1184551211942317,0.0,2.085745137486987
758,2.254443464786494,1.1222348903285582,2.2885034211929898,-3.3184512630585767,-0.07038129153357152,0.24507653495357082,1.2573043338678376,-0.8659352417169895,0.3057706783143671,0.5139722803931556,-0.32729144037891733,-0.14752993151771013,0.13965670337404387,-0.11998819968384432,-0.09053673195648317,0.060179139007837675,-0.010798646181584177,-0.01951059757227833,0.0572297534147582,0.016985768678559214,0.005656440099730693,0.009780917210849557,0.05722975341475817,-0.019510597572278205,-0.010798646181584158,0.060179139007837675,-0.09053673195648317,-0.11998819968384425,0.13965670337404393,-0.14752993151770985,-0.3272914403789173,0.5139722803931556,0.3057706783143671,-0.8659352417169899,1.257304333867838,0.24507653495357076,-0.07038129153357142,-3.318451263058577,2.2885034211929893,1.1222348903285582,0.0,2.0714319084834663
759,2.242364292454422,1.1259495665798687,2.3318517744079923,-3.4080204283334496,-0.07369498574794668,0.3276664845642908,1.2014391664499575,-0.8875559038307206,0.3595775406480607,0.49710722538179813,-0.33843912083051014,-0.12826273181045522,0.13622599284644232,-0.128883803799617,-0.0816068487927837,0.057114604469871696,-0.021569709292694906,-0.01705547389544673,0.059970978362786684,0.013841685531746563,0.00695469613927613,0.01142148460143398,0.05997097836278666,-0.01705547389544661,-0.021569709292694878,0.05711460446987168,-0.08160684879278371,-0.12888380379961695,0.13622599284644238,-0.12826273181045506,-0.33843912083051014,0.49710722538179813,0.3595775406480607,-0.8875559038307209,1.2014391664499575,0.32766648456429065,-0.0736949857479466,-3.4080204283334496,2.3318517744079923,1.1259495665798687,0.0,2.055846521027345
760,2.229803395133647,1.1295989344861515,2.374659118766294,-3.4958105866552938,-0.0769402925495364,0.4097813490976191,1.1430656928221703,-0.9066545909666853,0.41204999073836446,0.47790754666054214,-0.3476246952761129,-0.1080958611961957,0.13165825210037524,-0.13651705120013982,-0.07175008664343781,0.053305493717110713,-0.03202088389915786,-0.014314849820422738,0.06158693073505994,0.010408274645082429,0.00809190610325631,0.01277051944915641,0.06158693073505993,-0.014314849820422625,-0.032020883899157845,0.053305493717110713,-0.07175008664343785,-0.13651705120013977,0.13165825210037527,-0.10809586119619553,-0.3476246952761129,0.47790754666054214,0.41204999073836457,-0.9066545909666855,1.1430656928221707,0.40978134909761854,-0.07694029254953633,-3.4958105866552938,2.3746591187662935,1.1295989344861517,0.0,2.0390395220309045
761,2.216751508882055,1.133182782373469,2.4169155226107084,-3.581775911038809,-0.08011420036118104,0.4913020698502407,1.0823057822813027,-0.9231770345308071,0.4629933004058854,0.45646341396114026,-0.35479491020666315,-0.087170775782414,0.12599160645355828,-0.1428131777891405,-0.06107839721149363,0.048801464333501084,-0.04199717437394311,-0.011334602070979123,0.06204728941730089,0.006757303362908051,0.009041736245649114,0.013793587740113218,0.06204728941730089,-0.011334602070979005,-0.04199717437394311,0.048801464333501084,-0.06107839721149367,-0.14281317778914043,0.1259916064535583,-0.08717077578241376,-0.3547949102066631,0.45646341396114026,0.4629933004058851,-0.9231770345308075,1.0823057822813034,0.49130206985024055,-0.08011420036118097,-3.58177591103881,2.416915522610708,1.133182782373469,0.0,2.0210867239920214
762,2.2031993697575594,1.136700902368235,2.458611182106798,-3.665871527072882,-0.0832137638624975,0.5721104495705227,1.0192862864110044,-0.9370762862812229,0.5122184161963486,0.4328755379111637,-0.3599081961908701,-0.0656342500086346,0.11927335339454802,-0.14771051594473497,-0.04971298802820792,0.04366123323008335,-0.05135062783559985,-0.008164618555502014,0.06134341641469472,0.0029650866157217054,0.009782191871959976,0.014464575732458018,0.061343416414694735,-0.008164618555501905,-0.05135062783559986,0.04366123323008335,-0.04971298802820794,-0.14771051594473492,0.11927335339454807,-0.06563425000863436,-0.3599081961908701,0.4328755379111635,0.5122184161963484,-0.9370762862812229,1.0192862864110044,0.5721104495705224,-0.08321376386249742,-3.6658715270728823,2.4586111821067975,1.1367009023682348,0.0,2.002087861866632
763,2.1891377138180843,1.140153090409272,2.4997364235174406,-3.7480535363452816,-0.08623610672307508,0.6520893238332284,0.9541387742471868,-0.9483128517309113,0.5595426609684767,0.40725469705471823,-0.36293490887463176,-0.04363734712918823,0.11155956780732058,-0.15116109852500706,-0.037782945795139335,0.03795181118026091,-0.059942528356131966,-0.004857963267491689,0.05948851893193063,-0.0008891082631757706,0.010296126658271997,0.014766356507715312,0.05948851893193066,-0.004857963267491585,-0.05994252835613199,0.03795181118026091,-0.03778294579513935,-0.15116109852500698,0.11155956780732061,-0.043637347129187994,-0.3629349088746317,0.40725469705471823,0.5595426609684768,-0.9483128517309116,0.9541387742471872,0.6520893238332277,-0.086236106723075,-3.7480535363452816,2.49973642351744,1.1401530904092716,0.0,1.9821645373087649
764,2.1745572771215294,1.143539146259647,2.540281705447217,-3.828279039357902,-0.0891784242716504,0.7311227309167325,0.8869992575945959,-0.9568548023706059,0.6047904118190172,0.3797212175900102,-0.36385750084463286,-0.021334359613021256,0.10291463393403254,-0.15313112868377957,-0.02542377023574593,0.031747629231888896,-0.06764545418069338,-0.0014699880199320011,0.056517401558247825,-0.004724718434041996,0.01057163969924374,0.014691227134097515,0.05651740155824786,-0.001469988019931901,-0.0676454541806934,0.03174762923188888,-0.02542377023574596,-0.15313112868377954,0.10291463393403256,-0.021334359613020996,-0.3638575008446327,0.3797212175900102,0.6047904118190169,-0.9568548023706064,0.8869992575945964,0.7311227309167325,-0.08917842427165033,-3.8282790393579025,2.540281705447216,1.143539146259647,0.0,1.9614574819461492
765,2.1594487957257975,1.1468588735182865,2.580237621056094,-3.9065061579205556,-0.09203798609878382,0.8090960799364333,0.8180079070679841,-0.9626778663931097,0.6477937518290992,0.35040440826712865,-0.3626706233597437,0.0011182731071148807,0.09341070798250566,-0.15360131089495194,-0.012775835108791607,0.025129568384737767,-0.07434516744960808,0.0019425941173336733,0.052485813207391395,-0.008461569526556037,0.010602351090832388,0.01424110528326456,0.05248581320739146,0.0019425941173337616,-0.07434516744960809,0.02512956838473776,-0.012775835108791624,-0.1536013108949519,0.09341070798250573,0.00111827310711507,-0.3626706233597437,0.35040440826712854,0.6477937518290992,-0.9626778663931098,0.8180079070679844,0.809096079936433,-0.09203798609878373,-3.9065061579205547,2.5802376210560936,1.1468588735182863,0.0,1.9401231893446707
766,2.1438030056888095,1.1501120796313675,2.619594900241892,-3.9826940570116305,-0.09481213859062257,0.8858963169905775,0.7473087594507267,-0.965765497661221,0.6883930932132544,0.31944195310000256,-0.3593811573604296,0.023563061944882665,0.08312711586386123,-0.15256703994317383,1.7206136847594313e-05,0.018183905182969782,-0.07994230839728618,0.005322658167009118,0.047469401066247474,-0.012021551495645795,0.010387549666224686,0.013427480281897722,0.04746940106624754,0.0053226581670092026,-0.07994230839728625,0.018183905182969785,1.720613684757063e-05,-0.1525670399431738,0.0831271158638613,0.023563061944882863,-0.35938115736042947,0.31944195310000245,0.6883930932132546,-0.9657654976612208,0.7473087594507272,0.8858963169905771,-0.09481213859062247,-3.98269405701163,2.6195949002418915,1.1501120796313673,0.0,1.9183299825030264
767,2.1276106430684685,1.1532985759034877,2.6583444117910173,-4.056802966094221,-0.09749830739139928,0.9614120890776127,0.6750494169818343,-0.966108922723301,0.7264377695585615,0.2869792647446125,-0.3540081735763919,0.04584257283314378,0.07214969108717459,-0.15003844602978064,0.012810051957630858,0.011001186968442865,-0.08435386890230344,0.008613623488883827,0.04156229117986682,-0.015330251327472285,0.009932209463935924,0.012271119847492743,0.0415622911798669,0.008613623488883898,-0.08435386890230351,0.011001186968442857,0.012810051957630844,-0.1500384460297806,0.07214969108717464,0.04584257283314399,-0.35400817357639186,0.2869792647446125,0.7264377695585612,-0.9661089227233011,0.6750494169818345,0.9614120890776122,-0.09749830739139918,-4.05680296609422,2.6583444117910164,1.1532985759034875,0.0,1.8962535996936989
768,2.1108624439226773,1.1564181775086078,2.6964771654969875,-4.128794199876585,-0.10009399979238041,1.0355339055473916,0.6013807391991844,-0.9637071657428877,0.76178659495608,0.25316880158026156,-0.3465828219637198,0.06780053101082349,0.06057005833750923,-0.14604029555219863,0.02545740302962514,0.003675051457635172,-0.08751442353523183,0.011760400912431522,0.034875322306238445,-0.018318508467708945,0.009246874546734217,0.010801539993919205,0.03487532230623852,0.011760400912431574,-0.08751442353523185,0.003675051457635172,0.025457403029625125,-0.14604029555219858,0.060570058337509294,0.06780053101082367,-0.3465828219637198,0.2531688015802615,0.76178659495608,-0.9637071657428877,0.6013807391991846,1.0355339055473913,-0.10009399979238032,-4.128794199876585,2.6964771654969866,1.156418177508607,0.0,1.8740723958324887
769,2.0935491443093532,1.1594707035007743,2.733984314246229,-4.1986301785060895,-0.10259680704504819,1.1081542968521485,0.5264565279823208,-0.9585670512715176,0.7943083879496072,0.21816935170117924,-0.337148151112541,0.08928291717807664,0.04848486871705197,-0.1406117485286393,0.037815612537567544,-0.003698993969189655,-0.08937709984722797,0.014710314902926343,0.027533966180088826,-0.02092386045956202,0.008347414838574959,0.009056251637367216,0.02753396618008893,0.014710314902926387,-0.08937709984722804,-0.0036989939691896593,0.037815612537567496,-0.14061174852863925,0.04848486871705203,0.0892829171780768,-0.337148151112541,0.2181693517011792,0.7943083879496075,-0.9585670512715175,0.5264565279823211,1.108154296852148,-0.10259680704504809,-4.1986301785060895,2.733984314246228,1.1594707035007739,0.0,1.8519622689518136
770,2.075661480286403,1.1624559768246143,2.7708571560706807,-4.266274447186128,-0.10500440659636898,1.1791679703670703,0.45043320645237706,-0.9507031848568792,0.8238824583573561,0.18214528718113376,-0.32575885867215887,0.11013904783101304,0.03599499303252055,-0.13380597504399472,0.04974431769496923,-0.011024817352743896,-0.08991427350956313,0.01741398532446105,0.01967597320908408,-0.023091848573883845,0.007254658633495332,0.007079803133008499,0.019675973209084163,0.017413985324461076,-0.0899142735095632,-0.011024817352743892,0.04974431769496918,-0.1338059750439947,0.035994993032520614,0.11013904783101322,-0.3257588586721587,0.18214528718113387,0.8238824583573557,-0.9507031848568793,0.45043320645237694,1.1791679703670697,-0.10500440659636887,-4.266274447186129,2.7708571560706794,1.162455976824614,0.0,1.8300914314475034
771,2.0571901879117505,1.1653738243256047,2.807087136166724,-4.331691695205735,-0.10731456424407423,1.2484719630545342,0.37346949239949656,-0.9401379115413985,0.8503990551599278,0.14526579211333726,-0.3124809742405887,0.13022263219821156,0.023204679862188868,-0.12568963447366757,0.06110803396468744,-0.01820691538181996,-0.08911797799486093,0.019826154039580126,0.011448787777693915,-0.02477715614026582,0.005993910286258416,0.004922643181552163,0.011448787777693991,0.019826154039580126,-0.089117977994861,-0.018206915381819965,0.06110803396468744,-0.12568963447366754,0.02320467986218892,0.13022263219821173,-0.31248097424058874,0.14526579211333712,0.8503990551599279,-0.9401379115413985,0.3734694923994968,1.2484719630545351,-0.10731456424407411,-4.331691695205736,2.8070871361667247,1.1653738243256047,0.0,1.8086151532872285
772,2.038126003243285,1.168224076760116,2.8426658488799665,-4.394847774371984,-0.1095251362099537,1.3159657907506723,0.2957260669195577,-0.9269012523691801,0.8737597737924468,0.10770406805109282,-0.2973914765569498,0.14939279836537178,0.010220685429846731,-0.11634222258609551,0.07177769387303513,-0.025151658425005524,-0.08700002272428686,0.021906442508648986,0.003006781656970542,-0.025944555784988364,0.004594364253319506,0.0026398331299205937,0.003006781656970632,0.021906442508648986,-0.08700002272428692,-0.02515165842500554,0.0717776938730351,-0.11634222258609547,0.010220685429846766,0.14939279836537195,-0.2973914765569497,0.1077040680510927,0.873759773792447,-0.9269012523691802,0.2957260669195584,1.315965790750672,-0.10952513620995356,-4.394847774371982,2.8426658488799657,1.1682240767601157,0.0,1.787670609086793
773,2.0184596623389126,1.1710065688052282,2.8775850396554223,-4.455709716835553,-0.11163407112923691,1.381551593857797,0.21736523895200321,-0.9110308190817245,0.8938779213293726,0.06963652058076679,-0.2805778472160404,0.16751508139057644,-0.00284861745167122,-0.10585529291879532,0.08163211293979597,-0.03176851113611699,-0.08359181792851313,0.02362002770711171,-0.005491642568513521,-0.026569645776056024,0.0030884290528458923,0.0002896415344746117,-0.005491642568513435,0.023620027707111683,-0.08359181792851317,-0.031768511136117006,0.08163211293979597,-0.10585529291879528,-0.0028486174516711856,0.16751508139057664,-0.28057784721604023,0.06963652058076666,0.8938779213293724,-0.9110308190817246,0.21736523895200335,1.381551593857797,-0.11163407112923676,-4.455709716835553,2.8775850396554223,1.1710065688052282,0.0,1.7673719627150828
774,1.9981819012565722,1.1737211390683224,2.9118366069526402,-4.514245752300143,-0.11363941195421703,1.4451342792314692,0.1385506064191351,-0.8925717072448034,0.9106788382067642,0.03124193084727925,-0.26213756349244777,0.18446236647924616,-0.015894143930054054,-0.09433156005418618,0.09055936607432073,-0.03797121272089296,-0.07894390881984918,0.024938225046108625,-0.013887023706375838,-0.02663936008376419,0.0015109767984763315,-0.0020679431395430633,-0.013887023706375751,0.024938225046108597,-0.07894390881984925,-0.03797121272089297,0.0905593660743207,-0.09433156005418616,-0.01589414393005402,0.18446236647924624,-0.2621375634924477,0.031241930847279217,0.9106788382067644,-0.8925717072448035,0.13855060641913516,1.4451342792314692,-0.11363941195421687,-4.514245752300142,2.9118366069526402,1.1737211390683226,0.0,1.7478058217798043
775,1.977283456054142,1.1763676300964387,2.9454126041253277,-4.570425324606749,-0.11553929777035038,1.5066216580564615,0.05944671467433857,-0.8715763681101785,0.9241001752880743,-0.007299384077021759,-0.2421775332145503,0.20011578060309138,-0.028807007606224937,-0.08188389357818598,0.09845805880479304,-0.043678901478366394,-0.07312522598397583,0.025838968538644192,-0.022021834025447835,-0.026152241495186163,-0.00010146431504561384,-0.004372743719110415,-0.022021834025447756,0.02583896853864415,-0.07312522598397589,-0.043678901478366394,0.09845805880479301,-0.08188389357818592,-0.02880700760622492,0.2001157806030915,-0.2421775332145502,-0.007299384077021862,0.9241001752880745,-0.8715763681101785,0.059446714674339256,1.5066216580564606,-0.11553929777035027,-4.570425324606749,2.9454126041253272,1.176367630096439,0.0,1.729027189942896
776,1.9557550627895317,1.1789458883854111,2.9783052412650295,-4.624219107684161,-0.1173319655231465,1.5659245795117291,-0.019781287027699296,-0.8481044595762635,0.9340921252452596,-0.04580641803684729,-0.2208134749647385,0.21436552630899589,-0.04147942937063264,-0.06863421257528722,0.10523847890222415,-0.04881716895679861,-0.06622206310831043,0.026307180173555263,-0.029743435046069463,-0.025118472073767148,-0.0017115558751980414,-0.0065659303412806715,-0.029743435046069393,0.026307180173555208,-0.0662220631083105,-0.04881716895679863,0.10523847890222414,-0.06863421257528728,-0.04147942937063264,0.214365526308996,-0.2208134749647383,-0.045806418036847256,0.9340921252452593,-0.8481044595762635,-0.019781287027698744,1.5659245795117287,-0.11733196552314637,-4.624219107684162,2.9783052412650286,1.1789458883854107,0.0,1.7110560375542514
777,1.9335874575206873,1.1814557643887702,3.010506887008466,-4.675599020857362,-0.11901575165424574,1.622957060030578,-0.09896799032156382,-0.8222226766712223,0.9406176073965452,-0.08409832587467335,-0.19816924719915463,0.22711165186926097,-0.053805636997388384,-0.05471229148801766,0.11082361531919424,-0.05331902998164096,-0.05833679720775248,0.026335022314137955,-0.03690694159033238,-0.02355966032733957,-0.0032820138767749012,-0.008591522081047638,-0.036906941590332316,0.026335022314137875,-0.05833679720775254,-0.05331902998164096,0.11082361531919419,-0.054712291488017595,-0.05380563699738836,0.227111651869261,-0.19816924719915457,-0.08409832587467339,0.9406176073965452,-0.822222676671222,-0.09896799032156395,1.622957060030578,-0.11901575165424562,-4.675599020857362,3.0105068870084652,1.1814557643887702,0.0,1.6938746006820353
778,1.9107713763054797,1.1838971125264193,3.0420100703080597,-4.724538243505784,-0.12058909364516715,1.6776364079686144,-0.1779480730626465,-0.7940045620401823,0.9436524053148957,-0.12199527275533562,-0.1743761301763898,0.23826475237115988,-0.06568274798765429,-0.04025448903683369,0.1151500328703795,-0.05712579590972545,-0.049586370327438144,0.025922028896401796,-0.043377940352324854,-0.02150838953330945,-0.004776472087099865,-0.01039781586028255,-0.0433779403523248,0.025922028896401713,-0.049586370327438165,-0.05712579590972545,0.11515003287037946,-0.04025448903683365,-0.06568274798765429,0.23826475237115993,-0.17437613017638962,-0.1219952727553358,0.9436524053148957,-0.7940045620401823,-0.17794807306264582,1.6776364079686137,-0.12058909364516701,-4.7245382435057826,3.0420100703080597,1.1838971125264186,0.0,1.6774255054322056
779,1.8872975552018225,1.1862697911930744,3.072807482165285,-4.771011229063847,-0.12205053146729278,1.7298833434987257,-0.2565566444786718,-0.7635302969750629,0.9431852566965221,-0.1593192787457275,-0.14957206485816543,0.24774659682816352,-0.07701162829350161,-0.025402412650085218,0.11816859272036793,-0.06018783972548133,-0.040100555239535506,0.025075113230755938,-0.04903501197816266,-0.01900753666220895,-0.006160324158886264,-0.011938706164948285,-0.04903501197816261,0.025075113230755845,-0.040100555239535554,-0.06018783972548133,0.11816859272036793,-0.0254024126500852,-0.07701162829350157,0.24774659682816352,-0.14957206485816527,-0.1593192787457274,0.9431852566965216,-0.7635302969750629,-0.2565566444786713,1.7298833434987255,-0.12205053146729264,-4.771011229063847,3.0728074821652847,1.1862697911930746,0.0,1.661610798728679
780,1.8631567302676402,1.188573662766483,3.102891977326418,-4.814993718356416,-0.12339870893674415,1.7796221135592507,-0.3346295894206239,-0.7308864735807984,0.9392178951559174,-0.19589505468309995,-0.12390085319448789,0.2554906769141018,-0.08769771975477315,-0.010301531485334983,0.11984501049556515,-0.062465243004977765,-0.030020030854578755,0.023808452276530848,-0.05377200933245755,-0.016109376135909376,-0.007401524990398389,-0.013174861884907534,-0.0537720093324575,0.023808452276530744,-0.030020030854578786,-0.062465243004977765,0.11984501049556513,-0.010301531485334975,-0.08769771975477318,0.2554906769141018,-0.12390085319448775,-0.19589505468309987,0.9392178951559174,-0.7308864735807982,-0.3346295894206238,1.7796221135592505,-0.12339870893674401,-4.8149937183564155,3.1028919773264168,1.1885736627664834,0.0,1.646291948768733
781,1.8383396375608427,1.190808593615402,3.1322565759402896,-4.856462752262238,-0.12463237497289241,1.8267806016886736,-0.4120039109943681,-0.696165848725349,0.9317650437923167,-0.23155082540637847,-0.09751132442963233,0.26144267347128575,-0.0976518293426287,0.00490024837315715,0.12016024568123515,-0.06392831631362705,-0.01949429588985755,0.02214324932652405,-0.057500049202700215,-0.012874487154312214,-0.008471332776257494,-0.014074730237576508,-0.057500049202700174,0.022143249326523947,-0.019494295889857582,-0.06392831631362705,0.12016024568123512,0.004900248373157142,-0.0976518293426287,0.26144267347128575,-0.09751132442963223,-0.23155082540637847,0.9317650437923168,-0.696165848725349,-0.41200391099436784,1.8267806016886734,-0.12463237497289224,-4.856462752262237,3.1322565759402883,1.190808593615402,0.0,1.6312908585302786
782,1.8128370131393297,1.192974454107351,3.160894465177672,-4.895396683698725,-0.1257503847593352,1.8712904325876039,-0.488518070857631,-0.6594670804726411,0.9208543605514582,-0.26611913648425506,-0.070556472262311,0.2655608375203704,-0.10679087362223462,0.02005403258551005,0.1191107178809596,-0.0645579862533687,-0.008679451736099662,0.020107379074116253,-0.060149180069975425,-0.009370487430272538,-0.009344974565629854,-0.014615342150347812,-0.060149180069975404,0.02010737907411613,-0.008679451736099688,-0.06455798625336871,0.11911071788095963,0.020054032585510032,-0.10679087362223463,0.26556083752037035,-0.07055647226231085,-0.26611913648425506,0.9208543605514582,-0.6594670804726411,-0.4885180708576308,1.8712904325876034,-0.125750384759335,-4.895396683698723,3.160894465177671,1.1929744541073513,0.0,1.6163919143906793
783,1.7866395930610075,1.1950711186161314,3.18879900081191,-4.931775188921879,-0.12675170080626252,1.9130870712564196,-0.5640123264718884,-0.6208944477473579,0.9065263355854076,-0.2994376406513256,-0.04319256786235285,0.267816283099448,-0.11503857222083168,0.03501139690679952,0.11670834748227112,-0.06434604411358215,0.0022641125964676604,0.01773492100436272,-0.061669694652596106,-0.005670619801035246,-0.010002219915831771,-0.014782898544456155,-0.06166969465259609,0.0177349210043626,0.0022641125964676387,-0.06434604411358215,0.11670834748227113,0.035011396906799504,-0.1150385722208317,0.267816283099448,-0.04319256786235271,-0.2994376406513255,0.9065263355854076,-0.6208944477473579,-0.5640123264718884,1.9130870712564199,-0.12675170080626239,-4.93177518892188,3.1887990008119087,1.1950711186161314,0.0,1.6013450695609583
784,1.75973811338379,1.1970984655291124,3.2159637087604387,-4.965579278135395,-0.12763539391322556,1.9521099165648494,-0.6383290646050624,-0.5805575540281536,0.8888341409913536,-0.33134986025883495,-0.015578253886194144,0.26819318987831703,-0.12232608451304851,0.04962584093327608,0.1129804202665866,-0.0632952528841832,0.013174099119384884,0.015065588919867926,-0.06203306259458724,-0.0018522212597332527,-0.010427849357570287,-0.014573122555434982,-0.06203306259458724,0.015065588919867808,0.013174099119384863,-0.06329525288418318,0.1129804202665866,0.049625840933276016,-0.1223260845130485,0.268193189878317,-0.01557825388619404,-0.3313498602588349,0.8888341409913537,-0.5805575540281536,-0.6383290646050622,1.952109916564849,-0.12763539391322543,-4.965579278135395,3.2159637087604365,1.1970984655291121,0.0,1.5858699391162636
785,1.7321233101655835,1.199056377254284,3.2423822865868197,-4.996791305403455,-0.12840064403141552,1.9883023891178178,-0.7113131303887541,-0.5385710159112355,0.8678434334869997,-0.3617059221592466,0.012126375256361137,0.2666889141267307,-0.1285925842092721,0.06375422300545586,0.10796927750118149,-0.061419311235825134,0.023888707818234305,0.01214406615090476,-0.06123246579840909,0.0020048935917720318,-0.010612006823827617,-0.013991368699763094,-0.061232465798409116,0.01214406615090464,0.0238887078182343,-0.06141931123582513,0.10796927750118147,0.06375422300545577,-0.12859258420927214,0.2666889141267306,0.012126375256361344,-0.36170592215924635,0.8678434334869998,-0.5385710159112355,-0.7113131303887544,1.988302389117817,-0.1284006440314153,-4.9967913054034545,3.242382286586818,1.199056377254284,0.0,1.5696608604025317
786,1.7037859194643055,1.20094474022708,3.26804860496296,-5.025394977862007,-0.12904674102465158,2.0216120132901563,-0.782812151243027,-0.49505413742925847,0.843632110754834,-0.3903632615733069,0.03976070155194364,0.2633140072582657,-0.13378576705119075,0.07725816221387906,0.10173183503309598,-0.058742674936777345,0.034249036219734984,0.009019257578040028,-0.059282926357140185,0.005820100878608274,-0.010550427881387296,-0.013052486201230755,-0.05928292635714022,0.00901925757803992,0.034249036219734984,-0.05874267493677736,0.10173183503309598,0.07725816221387902,-0.13378576705119077,0.26331400725826565,0.03976070155194372,-0.39036326157330686,0.843632110754834,-0.4950541374292583,-0.7828121512430268,2.0216120132901563,-0.12904674102465144,-5.025394977862007,3.26804860496296,1.20094474022708,0.0,1.552392850021252
787,1.6747166773378659,1.202763444916964,3.2929567090911727,-5.051375364223733,-0.1295730853283729,2.051990493311247,-0.85267685499246,-0.45013057105094967,0.8162900223594985,-0.41718729163395274,0.06716451456901965,0.2580921418197373,-0.13786228737695316,0.09000539377554324,0.09433893684703692,-0.05530023803458556,0.044101435986997194,0.0057434709880462955,-0.05622102468564957,0.009513652704550459,-0.010244538479970037,-0.011780439965609625,-0.056221024685649615,0.00574347098804619,0.044101435986997194,-0.05530023803458557,0.0943389368470369,0.09000539377554324,-0.1378622873769532,0.2580921418197372,0.06716451456901974,-0.41718729163395285,0.8162900223594989,-0.4501305710509497,-0.8526768549924597,2.0519904933112474,-0.12957308532837275,-5.051375364223732,3.2929567090911718,1.202763444916964,0.0,1.5337283669361839
788,1.6449063198441642,1.2045123858337814,3.3171008200857277,-5.074718902572281,-0.12997918850602155,2.0793937832892713,-0.9207613815093326,-0.40392796632472566,0.7859186363110615,-0.44205203546260097,0.09417894028033189,0.25105994544529137,-0.14078811991208912,0.10187106450573236,0.08587455042947206,-0.05113687795879857,0.05329979159356791,0.0023715414668068046,-0.052104213139637444,0.013008344093414623,-0.009701421932299894,-0.010207698878219748,-0.052104213139637506,0.0023715414668067,0.05329979159356791,-0.051136877958798566,0.08587455042947204,0.10187106450573231,-0.14078811991208912,0.2510599454452912,0.094178940280332,-0.4420520354626011,0.7859186363110615,-0.40392796632472566,-0.9207613815093323,2.0793937832892713,-0.1299791885060214,-5.074718902572281,3.3171008200857277,1.2045123858337816,0.0,1.5133247709940103
789,1.6143455830411035,1.2061914615338793,3.340475336313612,-5.095413407441663,-0.13026467370230196,2.1037821510735415,-0.9869235872332957,-0.35657760716467457,0.7526306625115889,-0.4648407178093281,0.12064736213751408,0.24226674393986866,-0.14253884376645046,0.11273895569669869,0.07643481307785721,-0.04630687047504291,0.06170768728250407,-0.0010400865135463827,-0.047009738001534906,0.016231126776715014,-0.008933654889725143,-0.008374407038052657,-0.04700973800153496,-0.001040086513546473,0.06170768728250408,-0.046306870475042915,0.07643481307785724,0.11273895569669862,-0.14253884376645054,0.24226674393986852,0.1206473621375142,-0.4648407178093281,0.7526306625115892,-0.35657760716467457,-0.9869235872332957,2.1037821510735415,-0.1302646737023018,-5.095413407441663,3.340475336313612,1.2061914615338796,0.0,1.4908423477673898
790,1.5830252029866152,1.2078005746259912,3.3630748346941477,-5.1134480761771295,-0.13042927599289442,2.125120235862321,-1.0510253419317814,-0.3082140388095522,0.7165496344824341,-0.48544631347834605,0.14641632905793844,0.2317742152941231,-0.14309984626675076,0.12250262142567246,0.06612693998688099,-0.04087318211741376,0.06920043017349511,-0.0044343039478430745,-0.041033190060708324,0.019114636095165515,-0.007959016111616254,-0.006327359082637793,-0.041033190060708394,-0.004434303947843154,0.06920043017349513,-0.04087318211741378,0.06612693998688103,0.12250262142567242,-0.14309984626675076,0.231774215294123,0.1464163290579385,-0.4854463134783461,0.7165496344824341,-0.3082140388095522,-1.051025341931781,2.1251202358623207,-0.13042927599289428,-5.113448076177128,3.3630748346941477,1.2078005746259912,0.0,1.4659527545420825
791,1.5509359157386022,1.2093396317768832,3.3848940719571936,-5.128813494574231,-0.13047284263029954,2.143377099472608,-1.112932817081577,-0.25897468551477826,0.6778094509244704,-0.5037720499631426,0.17133644505972603,0.21965595705763327,-0.14246644492338464,0.1310664311430031,0.05506800651352714,-0.03490664932340822,0.0756668995144444,-0.00775429327504781,-0.03428671098432902,0.02159859909775631,-0.006800074772408,-0.004118805758408549,-0.0342867109843291,-0.007754293275047884,0.07566689951444443,-0.034906649323408215,0.05506800651352718,0.13106643114300304,-0.1424664449233847,0.2196559570576331,0.17133644505972612,-0.5037720499631426,0.6778094509244704,-0.2589746855147778,-1.1129328170815769,2.143377099472607,-0.1304728426302994,-5.128813494574231,3.3848940719571923,1.2093396317768836,0.0,1.4383477288655193
792,1.518068457354957,1.2108085437167717,3.405927985859628,-5.141501641793091,-0.13039533318558463,2.1585262711975397,-1.1725167652695014,-0.20899946006375522,0.6365538788125703,-0.5197318619306989,0.19526323538724838,0.20599697010497148,-0.14064392651351393,0.13834650632876724,0.043383618451816,-0.02848505497263201,0.08101119465227605,-0.01094447947679862,-0.026896889133881316,0.023631094405420834,-0.00548366783963313,-0.001805120224295429,-0.02689688913388141,-0.01094447947679868,0.08101119465227609,-0.02848505497263201,0.04338361845181601,0.13834650632876722,-0.14064392651351396,0.20599697010497128,0.1952632353872484,-0.5197318619306989,0.6365538788125703,-0.20899946006375494,-1.1725167652695019,2.158526271197539,-0.1303953331855845,-5.141501641793091,3.405927985859627,1.210808543716772,0.0,1.4077478906857535
793,1.484413563893611,1.2122072252444973,3.4261716963598308,-5.1515058945453225,-0.130196819585901,2.1705457861863917,-1.2296527900288636,-0.1584303662080801,0.5929360198683675,-0.5332507954203346,0.21805798410574456,0.19089306241564216,-0.1376475029542069,0.14427154204373024,0.03120648542005462,-0.021692114368010374,0.08515405728281733,-0.0139514603763814,-0.019002384309405866,0.025169637504818796,-0.004040278625017222,0.000554640868952481,-0.019002384309405953,-0.013951460376381446,0.08515405728281734,-0.021692114368010374,0.031206485420054646,0.14427154204373016,-0.13764750295420694,0.19089306241564197,0.2180579841057446,-0.5332507954203346,0.5929360198683675,-0.15843036620808004,-1.2296527900288627,2.170545786186391,-0.13019681958590087,-5.151505894545323,3.4261716963598303,1.2122072252444969,0.0,1.373911462009892
794,1.4499619714124528,1.2135355952324687,3.4456205067498926,-5.158821030551428,-0.12987748604773708,2.1794182172915053,-1.2842216055483504,-0.10741109516630269,0.5471177423912579,-0.5442653598588981,0.23958853830908525,0.17445017704994323,-0.13350218433394284,0.14878350532795154,0.018674913563861067,-0.014616383878788329,0.08803404688715061,-0.016724900565384122,-0.010751325989871786,0.02618206878673269,-0.002503330899185477,0.002900244795374588,-0.01075132598987189,-0.01672490056538415,0.08803404688715066,-0.014616383878788311,0.018674913563861088,0.14878350532795148,-0.13350218433394292,0.17445017704994298,0.23958853830908525,-0.5442653598588979,0.5471177423912578,-0.10741109516630255,-1.2842216055483504,2.1794182172915053,-0.1298774860477369,-5.158821030551428,3.445620506749892,1.2135355952324693,0.0,1.3366427244077483
795,1.4147044159694069,1.2147935766313698,3.4642699047452896,-5.163443231266862,-0.12943762890596916,2.1851307003359923,-1.3361092857111379,-0.056086617327776186,0.49926908055614105,-0.5527238262390856,0.25973007427827766,0.15678364903451816,-0.1282425701622421,0.15183820360654682,0.00593123469462677,-0.007350106472828038,0.08960845192218425,-0.01921837399413048,-0.0022985338881035705,0.02664722576673245,-0.000908414915779072,0.005171820189637946,-0.002298533888103665,-0.019218373994130483,0.08960845192218428,-0.007350106472828034,0.005931234694626796,0.15183820360654676,-0.12824257016224214,0.15678364903451794,0.25973007427827777,-0.5527238262390854,0.49926908055614105,-0.05608661732777591,-1.3361092857111379,2.1851307003359923,-0.12943762890596902,-5.163443231266862,3.464269904745289,1.2147935766313698,0.0,1.2958000347142147
796,1.3786316336223798,1.2159810964746247,3.4821155635317713,-5.165370083875334,-0.12887765633886908,2.187674952765557,-1.3852075019442895,-0.00460277032176636,0.44956760340714425,-0.558586470060523,0.2783658211488958,0.1380173963700124,-0.12191256057978793,0.15340571753533655,-0.006879810294960332,1.199081154472069e-05,0.08985392325207525,-0.02139014112133576,0.006197387027289807,0.02655538543692352,0.0007075367324847758,0.007311385259173399,0.006197387027289704,-0.02139014112133575,0.08985392325207531,1.199081154472069e-05,-0.006879810294960306,0.15340571753533647,-0.12191256057978793,0.1380173963700122,0.2783658211488959,-0.5585864700605231,0.44956760340714425,-0.004602770321766154,-1.3852075019442893,2.1876749527655566,-0.1288776563388689,-5.165370083875334,3.48211556353177,1.2159810964746245,0.0,1.2513032230033523
797,1.3417343604292746,1.217098085882634,3.499153342769216,-5.164600582548308,-0.128198087989323,2.187047285657409,-1.431413749381882,0.046894155377686306,0.39819775588902884,-0.561825757892656,0.29538773789196154,0.11828305083533347,-0.1145649899394674,0.15347069404686053,-0.01961271537739546,0.007373931777351395,0.08876682042643153,-0.023203847613875055,0.014577022535082126,0.02590846750245955,0.0023071043415608546,0.009264327765107718,0.014577022535082031,-0.02320384761387503,0.08876682042643157,0.007373931777351404,-0.019612715377395454,0.1534706940468605,-0.11456498993946743,0.11828305083533323,0.29538773789196165,-0.561825757892656,0.39819775588902884,0.046894155377686646,-1.431413749381882,2.1870472856574086,-0.12819808798932283,-5.164600582548309,3.4991533427692145,1.2170980858826337,0.0,1.2031402043013004
798,1.3040033324480085,1.2181444800667673,3.5153792895522256,-5.161135128970063,-0.1273995544826139,2.1832486090688494,-1.4746315608696716,0.09825783213365805,0.3453501743617453,-0.5624264766832698,0.3106971396834715,0.09771903468529941,-0.10626118581669973,0.15203249672650945,-0.0321228620271293,0.014639742265465069,0.08636326566983081,-0.024629132900766973,0.022683140349104892,0.024719994254640887,0.0038532476035932663,0.010980798995588948,0.0226831403491048,-0.02462913290076693,0.08636326566983084,0.01463974226546506,-0.03212286202712927,0.15203249672650934,-0.10626118581669977,0.0977190346852992,0.31069713968347157,-0.5624264766832698,0.3453501743617453,0.09825783213365819,-1.4746315608696716,2.18324860906885,-0.12739955448261375,-5.161135128970063,3.5153792895522247,1.2181444800667671,0.0,1.151372646479247
799,1.265429285736488,1.2191202183331238,3.5307896393272333,-5.154975532127995,-0.1264827968412142,2.176284430717775,-1.5147707083645243,0.1493423109338264,0.2912209791383048,-0.5603858052053535,0.32420527003118094,0.07646958971797756,-0.09707045712983838,0.14910521204590865,-0.04426816177721914,0.02171470132454809,0.08267890478196818,-0.02564213839447299,0.030363640364924564,0.02301480791935662,0.005310163328963736,0.012416986150439721,0.03036364036492447,-0.02564213839447294,0.0826789047819682,0.02171470132454808,-0.04426816177721909,0.14910521204590854,-0.0970704571298384,0.07646958971797733,0.3242052700311811,-0.5603858052053533,0.2912209791383048,0.1493423109338264,-1.5147707083645243,2.1762844307177756,-0.126482796841214,-5.154975532127994,3.530789639327232,1.2191202183331236,0.0,1.0961405511510678
800,1.226002956352616,1.2200252440860495,3.545380816765908,-5.146125007368326,-0.12544866579713246,2.1661648479970133,-1.5517473913081328,0.20000243610210355,0.23601104667139328,-0.5557133273067634,0.33583381534173296,0.0546837655221085,-0.08706951564312389,0.14471751139250216,-0.05591067003993407,0.028506576043509934,0.07776837849439022,-0.02622590687213335,0.03747440860821829,0.020828551389033518,0.006644114521072922,0.013536230659615055,0.03747440860821821,-0.026225906872133276,0.07776837849439029,0.028506576043509934,-0.055910670039934024,0.14471751139250214,-0.08706951564312393,0.054683765522108276,0.3358338153417329,-0.5557133273067634,0.23601104667139342,0.20000243610210383,-1.5517473913081326,2.166164847997013,-0.12544866579713226,-5.146125007368328,3.5453808167659067,1.220025244086049,0.0,1.0376656219484859
801,1.18571508035431,1.2208595048314221,3.55914943659466,-5.134588174717674,-0.12429812100245176,2.1529045333340657,-1.5854844115817401,0.25009425775601646,0.17992526408968912,-0.5484309869004608,0.3455153589449183,0.03251437400133315,-0.0763418356806988,0.13891237024669215,-0.06691815286176948,0.03492682394855523,0.07170451212383407,-0.026370666331290288,0.04388202133444878,0.018206923192163892,0.00782421160542575,0.014309963890469473,0.043882021334448726,-0.026370666331290215,0.07170451212383414,0.034926823948555216,-0.06691815286176946,0.1389123702466921,-0.07634183568069887,0.03251437400133291,0.34551535894491847,-0.5484309869004608,0.179925264089689,0.2500942577560168,-1.58548441158174,2.152904533334066,-0.12429812100245162,-5.134588174717674,3.55914943659466,1.2208595048314221,0.0,0.9762533149471604
802,1.1445563937994763,1.221622952179696,3.5720923043800554,-5.120371056471364,-0.12303223013879257,2.136522712917497,-1.6159113346766187,0.29947544083784466,0.1231717688503375,-0.5385729849067058,0.3531937719428591,0.010116917508483994,-0.06497695739592473,0.1317466472570624,-0.07716558881788971,0.040891747289737955,0.06457723553997662,-0.0260739935684911,0.04946624854114268,0.015204722273514359,0.00882312772252828,0.014718436359975228,0.04946624854114262,-0.02607399356849102,0.06457723553997669,0.04089174728973796,-0.07716558881788967,0.1317466472570623,-0.06497695739592475,0.010116917508483736,0.35319377194285917,-0.5385729849067057,0.12317176885033727,0.29947544083784483,-1.6159113346766183,2.136522712917497,-0.12303223013879241,-5.120371056471363,3.572092304380055,1.2216229521796957,0.0,0.9122934888938319
803,1.102517632746025,1.2223155418487068,3.584206417269951,-5.103481074049762,-0.12165216792652635,2.117043138820793,-1.6429646367438053,0.34800566955726137,0.06596117632927696,-0.5261856186312138,0.35882453861815633,-0.012351501891692034,-0.053069739411366654,0.12329052733644828,-0.08653658898769563,0.04632358416913127,0.056492249464959426,-0.025340854742543852,0.05412230991782269,0.011884702551629073,0.0096177315209517,0.014751221838804018,0.054122309917822665,-0.025340854742543748,0.05649224946495946,0.046323584169131286,-0.0865365889876956,0.12329052733644821,-0.05306973941136669,-0.012351501891692327,0.35882453861815633,-0.5261856186312139,0.06596117632927682,0.3480056695572616,-1.6429646367438058,2.117043138820793,-0.12165216792652617,-5.103481074049761,3.58420641726995,1.2223155418487066,0.0,0.846259597807187
804,1.0595895332518666,1.2229372336662427,3.5954889646901735,-5.083927044124245,-0.12015921503465958,2.0944940545641275,-1.666587837216104,0.39554704609626185,0.008505798215869342,-0.5113270643336194,0.3623750145144452,-0.034733284380639745,-0.040719567067394755,0.11362683423346723,-0.09492471888363668,0.05115152228608835,0.04756945788406757,-0.024183522243416803,0.05776284090380889,0.008316261196396932,0.010189622797322252,0.014407483480053237,0.05776284090380886,-0.024183522243416702,0.04756945788406765,0.05115152228608834,-0.09492471888363664,0.1136268342334672,-0.040719567067394796,-0.034733284380639884,0.3623750145144452,-0.5113270643336194,0.008505798215869394,0.39554704609626223,-1.666587837216104,2.0944940545641275,-0.12015921503465941,-5.083927044124245,3.5954889646901735,1.2229372336662427,0.0,0.7787063950154458
805,1.0157628313749036,1.223487991572373,3.605937328996609,-5.061719174014851,-0.11855475689239955,2.0689081541639593,-1.6867316167254618,0.44196448244346304,-0.04898114538758119,-0.49406710400739745,0.36382461569313423,-0.056871437835487613,-0.02802952288787197,0.10285021931255003,-0.1022347073189872,0.05531262208387493,0.03794118981561857,-0.022621369258355728,0.060319531963529995,0.004573988045141863,0.010525558579716352,0.01369599517970076,0.06031953196352998,-0.02262136925835562,0.03794118981561861,0.055312622083874934,-0.10223470731898718,0.10285021931254998,-0.028029522887872013,-0.056871437835487766,0.3638246156931342,-0.49406710400739745,-0.04898114538758119,0.4419644824434634,-1.6867316167254618,2.068908154163959,-0.11855475689239942,-5.0617191740148515,3.605937328996609,1.223487991572373,0.0,0.7102661452379961
806,0.9710282631730465,1.223967783621539,3.615549086082504,-5.036869056361985,-0.11684028240350489,2.040322534729833,-1.7033539200695478,0.4871260842443859,-0.10628631723748275,-0.47448679765439894,0.3631649380691046,-0.0786106790159912,-0.015105526186758061,0.09106623448799475,-0.1083835284844399,0.058752637263044846,0.02775023681201437,-0.020680545474083267,0.061744410320607734,0.0007361064782662125,0.010617759787881887,0.012634917623564277,0.061744410320607714,-0.02068054547408315,0.027750236812014432,0.05875263726304485,-0.10838352848443991,0.09106623448799475,-0.01510552618675807,-0.0786106790159914,0.3631649380691046,-0.47448679765439894,-0.10628631723748275,0.48712608424438636,-1.7033539200695476,2.0403225347298326,-0.11684028240350475,-5.036869056361986,3.615549086082502,1.223967783621539,0.0,0.6416433693753831
807,0.9253765647042123,1.2243765819844081,3.6243220059408885,-5.009389663075009,-0.11501738256461386,2.008778642677115,-1.7164200440125537,0.5309035255770167,-0.163197054655326,-0.4526781025931352,0.360399806133523,-0.09979852276489262,-0.0020554489970289647,0.07839029839222188,-0.11330134494344302,0.06142672196491248,0.01714773529670061,-0.018393539343668965,0.062010740100744574,-0.0031171616557408993,0.010464091369123516,0.01125133473714989,0.062010740100744595,-0.01839353934366885,0.017147735296700658,0.06142672196491248,-0.113301344943443,0.07839029839222184,-0.002055448997028982,-0.09979852276489279,0.36039980613352307,-0.45267810259313507,-0.1631970546553261,0.5309035255770169,-1.7164200440125539,2.008778642677114,-0.1150173825646137,-5.009389663075009,3.6243220059408876,1.2243765819844084,0.0,0.5736081746862507
808,0.8787984720263076,1.2247143629494892,3.6322540531819523,-4.979295338560816,-0.11308774898883259,1.9743222136336556,-1.725902709736925,0.573172413587728,-0.2195021587307064,-0.4287434415887005,0.3555452507812958,-0.12028635158173796,0.01101178429905914,0.0649465659041287,-0.11693230083587516,0.06330001540590345,0.006290925142928966,-0.01579863424551114,0.06111352399347682,-0.00690527288854991,0.01006811173854432,0.009580562370472933,0.061113523993476845,-0.015798634245511027,0.006290925142929009,0.06330001540590344,-0.11693230083587511,0.06494656590412864,0.011011784299059106,-0.12028635158173814,0.3555452507812957,-0.4287434415887006,-0.21950215873070664,0.5731724135877283,-1.7259027097369248,1.9743222136336553,-0.11308774898883243,-4.979295338560816,3.632254053181951,1.2247143629494885,0.0,0.5069882504414911
809,0.831284721197239,1.2249811069245036,3.6393433875052708,-4.946601792235966,-0.11105317233595335,1.9370032061275015,-1.7317821197947452,0.6138126419514519,-0.27499267809222294,-0.40279522183257466,0.3486294163717086,-0.13993045806786178,0.0239871061232935,0.0508667121099871,-0.11923515628096294,0.06434809634118135,-0.004659182264390003,-0.012939267638066637,0.059069597019802834,-0.01054904570294018,0.009438990378783292,0.007665246863619503,0.05906959701980286,-0.012939267638066517,-0.004659182264389977,0.06434809634118134,-0.11923515628096294,0.050866712109987056,0.02398710612329347,-0.13993045806786195,0.34862941637170847,-0.40279522183257466,-0.27499267809222294,0.6138126419514524,-1.7317821197947454,1.937003206127501,-0.11105317233595322,-4.946601792235963,3.639343387505269,1.2249811069245036,0.0,0.4426596354033787
810,0.7828260482749094,1.2251767984375272,3.645588364126771,-4.91132609032628,-0.10891554065075962,1.8968757291518032,-1.7340459994398842,0.6527087321517582,-0.32946268433763265,-0.37495530703137675,0.3396923975610711,-0.15859305293053497,0.036762216050034366,0.036288642607419035,-0.12018375577398331,0.06455730143292167,-0.015540191900050924,-0.009863303937769017,0.05591731064626714,-0.013972315635378573,0.008591295507346244,0.00555427650209548,0.0559173106462672,-0.009863303937768911,-0.0155401919000509,0.06455730143292165,-0.12018375577398331,0.03628864260741903,0.036762216050034324,-0.15859305293053508,0.33969239756107106,-0.37495530703137675,-0.3294626843376327,0.6527087321517583,-1.7340459994398847,1.896875729151803,-0.10891554065075945,-4.91132609032628,3.6455883641267697,1.2251767984375272,0.0,0.3815363880486651
811,0.7334131893172504,1.2253014261378838,3.650987534160338,-4.873486646958166,-0.10667683761095959,1.8539979637119512,-1.732689622254616,0.6897501616110878,-0.3827100362456002,-0.3453544450838658,0.328786006853331,-0.17614323147585176,0.04923048475159313,0.021355142784420654,-0.11976732525676737,0.06392490337281555,-0.026190733489926434,-0.006622233291807623,0.051715813172662495,-0.017103527314217454,0.007544656728401035,0.003301533646984141,0.051715813172662564,-0.006622233291807518,-0.026190733489926413,0.06392490337281556,-0.11976732525676737,0.02135514278442067,0.049230484751593084,-0.17614323147585187,0.3287860068533309,-0.3453544450838657,-0.38271003624560035,0.689750161611088,-1.732689622254616,1.8539979637119508,-0.10667683761095945,-4.873486646958165,3.6509875341603375,1.2253014261378836,0.0,0.3245593128382138
812,0.6830368803821507,1.2253549827968044,3.6555396449539628,-4.833103214546337,-0.10433914068637475,1.808432078468678,-1.7277158200172051,0.7248316777387778,-0.4345371299330075,-0.3141316540340521,0.315973474216285,-0.19245789181110268,0.06128784399554667,0.006212479303116943,-0.11799059448792115,0.0624591464367047,-0.03645285470481994,-0.0032703096579243347,0.046543939895881216,-0.019877230155714166,0.006323310480824065,0.0009645193916969502,0.04654393989588129,-0.0032703096579242345,-0.036452854704819945,0.0624591464367047,-0.1179905944879212,0.006212479303116995,0.06128784399554667,-0.19245789181110273,0.31597347421628497,-0.31413165403405197,-0.43453712993300747,0.7248316777387779,-1.7277158200172056,1.8084320784686776,-0.1043391406863746,-4.833103214546335,3.655539644953962,1.2253549827968044,0.0,0.2726839155708338
813,0.6316878575275169,1.2253374653078475,3.6592436403803728,-4.790196873482931,-0.10190461921109113,1.760244139599445,-1.7191349767898556,0.757853597004501,-0.4847516321739501,-0.28143356918424506,0.30132908050486923,-0.2074225983161031,0.07283365526549435,-0.008991032513939087,-0.11487374332289992,0.060179139007837675,-0.04617436366465554,0.00013635738064376568,0.040498733874457994,-0.022235446453879846,0.004955538808307776,-0.0013971141491484207,0.04049873387445807,0.00013635738064385613,-0.04617436366465555,0.06017913900783766,-0.11487374332289994,-0.00899103251393907,0.07283365526549432,-0.20742259831610318,0.30132908050486923,-0.2814335691842451,-0.48475163217395,0.7578535970045013,-1.7191349767898558,1.7602441395994453,-0.101904619211091,-4.790196873482931,3.6592436403803714,1.225337465307847,0.0,0.22686777753687482
814,0.5793568568112839,1.2252488746870784,3.662098661082059,-4.7447900211334275,-0.09937553237036229,1.7095040150087994,-1.7069650072393712,0.7887220881873213,-0.5331671941590294,-0.24741375443426564,0.28493772681676044,-0.22093238432684742,0.08377154975518764,-0.024106481363140413,-0.11045217251407892,0.05711460446987168,-0.05521108601261264,0.0035407418624967125,0.033693625049614505,-0.024128883267470876,0.003473014447621224,-0.0037230864555060634,0.0336936250496146,0.0035407418624967923,-0.05521108601261261,0.05711460446987168,-0.11045217251407895,-0.02410648136314037,0.08377154975518761,-0.2209323843268475,0.2849377268167604,-0.24741375443426564,-0.5331671941590296,0.7887220881873211,-1.706965007239372,1.7095040150087992,-0.09937553237036213,-4.744790021133426,3.6620986610820574,1.225248874687078,0.0,0.18805755145675063
815,0.526034614291337,1.22508921607301,3.6641040446706565,-4.696906360145077,-0.09675422710413253,1.6562852730265947,-1.6912313192357904,0.8173494389955069,-0.579604143046146,-0.212231981081062,0.266894442276957,-0.23289248840123797,0.09401023272489809,-0.03898581847655594,-0.10477610163404155,0.053305493717110686,-0.06342900308577926,0.006885856035131852,0.026256301889084326,-0.025517962772488023,0.0019100674004549358,-0.005954027257681458,0.02625630188908442,0.0068858560351319235,-0.06342900308577927,0.05330549371711069,-0.10477610163404158,-0.03898581847655586,0.09401023272489807,-0.23289248840123808,0.26689444227695686,-0.2122319810810621,-0.5796041430461459,0.8173494389955073,-1.6912313192357913,1.6562852730265942,-0.09675422710413238,-4.696906360145075,3.6641040446706548,1.2250892160730096,0.0,0.15717579176853902
816,0.47171186602558635,1.2248584987263058,3.6652593258806214,-4.646570886073986,-0.09404313592912548,1.600665075740941,-1.6719667608070656,0.8436543052995154,-0.623890148736404,-0.1760534774657906,0.2473038331049657,-0.2432190190025159,0.10346424550634517,-0.05348330769052624,-0.09790999868881392,0.04880146433350107,-0.07070623947229054,0.010115704302405649,0.018326315489381934,-0.026373649543098315,0.00030288997244264646,-0.008032991958038738,0.01832631548938202,0.010115704302405704,-0.07070623947229059,0.048801464333501084,-0.09790999868881395,-0.05348330769052623,0.10346424550634516,-0.24321901900251594,0.2473038331049657,-0.1760534774657905,-0.6238901487364042,0.8436543052995154,-1.6719667608070659,1.6006650757409413,-0.09404313592912536,-4.646570886073985,3.665259325880621,1.2248584987263056,0.0,0.13510783750623445
817,0.41637934807194554,1.2245567360292422,3.665564236677178,-4.593809874337293,-0.09124477468151918,1.542724067120561,-1.649211551560554,0.867561942269949,-0.6658608634006886,-0.13904815299233095,0.22627947615863664,-0.2518395429381153,0.11205467879599837,-0.06745695286337962,-0.08993184789941863,0.04366123323008335,-0.07693487047858379,0.01317622056377696,0.010052461092227682,-0.026678057468625872,-0.0013113013121656876,-0.009906915137609577,0.010052461092227781,0.013176220563777017,-0.0769348704785838,0.04366123323008336,-0.08993184789941865,-0.0674569528633796,0.11205467879599834,-0.25183954293811533,0.22627947615863653,-0.13904815299233084,-0.6658608634006891,0.8675619422699491,-1.6492115515605537,1.5427240671205613,-0.09124477468151905,-4.59380987433729,3.6655642366771777,1.224556736029242,0.0,0.12268896765314152
818,0.3600277964883354,1.224183945484932,3.6650187063185067,-4.53865086649723,-0.08836174018230245,1.4825462560887384,-1.6230131987144765,0.8890044167637161,-0.705360531383597,-0.10138980016157036,0.2039432604705827,-0.25869359342646564,0.11970983128314629,-0.080769888661378,-0.08093226396818032,0.03795181118026092,-0.08202252270121767,0.01601617325472569,0.0015899861473561508,-0.026424823620445865,-0.0028951275130983706,-0.011527965046955751,0.0015899861473562499,0.016016173254725718,-0.08202252270121771,0.03795181118026091,-0.08093226396818032,-0.08076988866137794,0.11970983128314629,-0.2586935934264657,0.20394326047058253,-0.1013898001615703,-0.705360531383597,0.8890044167637163,-1.6230131987144776,1.4825462560887381,-0.0883617401823023,-4.538650866497228,3.6650187063185062,1.2241839454849315,0.0,0.12069204641059339
819,0.30264794733265177,1.223740148716309,3.6636228613721515,-4.481122655884278,-0.08539670782747914,1.4202188947184131,-1.5934263979146641,0.907920800354899,-0.7422425672213339,-0.06325527836903827,0.18042468059463992,-0.2637330942280198,0.1263658081153972,-0.09329172109079333,-0.07101346288982029,0.031747629231888896,-0.08589374396605387,0.018588022938406855,-0.006902322691447003,-0.0256192412539772,-0.004411912837634977,-0.012854764508007202,-0.006902322691446908,0.01858802293840688,-0.08589374396605391,0.0317476292318889,-0.0710134628898203,-0.09329172109079326,0.1263658081153972,-0.26373309422801977,0.18042468059463992,-0.0632552783690383,-0.742242567221334,0.9079208003548992,-1.5934263979146641,1.420218894718413,-0.085396707827479,-4.481122655884278,3.6636228613721515,1.223740148716309,0.0,0.1298158693187379
820,0.24423053666281191,1.2232253714648758,3.661377025685662,-4.4212552725668655,-0.08235242910535627,1.355832351725017,-1.5605129190436433,0.924257342461837,-0.7763700996285172,-0.024823683299120127,0.155860085859201,-0.2669226968655312,0.13196705420643057,-0.10489980464622845,-0.06028810099672167,0.025129568384737767,-0.08849112231798599,0.02084871809287022,-0.015265118978583696,-0.024278149165681502,-0.005826533921778032,-0.013853447063447197,-0.015265118978583606,0.020848718092870224,-0.088491122317986,0.02512956838473777,-0.0602881009967217,-0.10489980464622845,0.13196705420643054,-0.26692269686553116,0.15586008585920086,-0.024823683299120127,-0.7763700996285174,0.9242573424618375,-1.560512919043644,1.3558323517250168,-0.08235242910535616,-4.421255272566865,3.6613770256856615,1.2232253714648758,0.0,0.1506744107132485
821,0.18476630053670462,1.222639643589207,3.658281720311449,-4.359079967675503,-0.07923172904322016,1.2894799814404774,-1.5243414772604917,0.9379676230784901,-0.8076164794351272,0.013724494183279912,0.13039188987988673,-0.26824002856822393,0.13646681793466903,-0.11548044356611077,-0.04887799542432375,0.018183905182969785,-0.08977613746609454,0.02276041577275128,-0.023341486392602313,-0.022429579717798836,-0.007106233162686132,-0.014498521415510227,-0.023341486392602223,0.022760415772751265,-0.08977613746609461,0.018183905182969796,-0.048877995424323785,-0.11548044356611072,0.13646681793466905,-0.2682400285682239,0.13039188987988656,0.01372449418327988,-0.8076164794351269,0.9379676230784901,-1.5243414772604922,1.2894799814404767,-0.07923172904322007,-4.359079967675502,3.658281720311448,1.2226396435892068,0.0,0.18378715878697038
822,0.12424597501226486,1.2219829990632212,3.6543376633859075,-4.294629197089498,-0.07603750358577,1.221257988458356,-1.484987589540665,0.9490126846760943,-0.8358657495886171,0.052208215693425646,0.10416774491442128,-0.26767584920070525,0.1398275413625409,-0.12493000542962092,-0.03691274052941788,0.011001186968442862,-0.08972973205691222,0.02429111508190517,-0.030979883054233534,-0.02011217288803191,-0.008221377268476368,-0.01477352208945683,-0.030979883054233444,0.024291115081905144,-0.08972973205691227,0.011001186968442862,-0.03691274052941788,-0.12493000542962088,0.1398275413625409,-0.26767584920070514,0.10416774491442111,0.052208215693425646,-0.8358657495886173,0.9490126846760943,-1.4849875895406652,1.2212579884583559,-0.07603750358576986,-4.294629197089498,3.6543376633859075,1.221982999063221,0.0,0.22957070681178338
823,0.0626602961473921,1.2212554759742078,3.6495457699627964,-4.227936604494805,-0.0727727169077412,1.1512652881463907,-1.4425334170153363,0.9573611429003152,-0.8610130754769819,0.09044674555881956,0.07733968584639736,-0.2652341160758758,0.14202117371931183,-0.13315593618789556,-0.024528235975868586,0.003675051457635163,-0.08835259430355998,0.02541519285295731,-0.03803698500044175,-0.017374368592085715,-0.00914614346007532,-0.014671429713588667,-0.03803698500044168,0.02541519285295727,-0.08835259430356,0.003675051457635163,-0.024528235975868607,-0.13315593618789548,0.14202117371931183,-0.26523411607587577,0.07733968584639725,0.09044674555881953,-0.861013075476982,0.9573611429003152,-1.4425334170153365,1.1512652881463907,-0.07277271690774109,-4.227936604494805,3.649545769962795,1.2212554759742071,0.0,0.28833174819489815
824,0.0,1.2204571165206186,3.643907151800935,-4.159037003821804,-0.06944039866321329,1.0796033632286652,-1.3970675934393868,0.962989275749357,-0.8829651339758309,0.12826049962960973,0.05006324876070161,-0.2609319561972237,0.14302940553095464,-0.14007766668774582,-0.01186514320555409,-0.003698993969189655,-0.0856651477792365,0.02611383256675365,-0.044380375460629444,-0.014273394161652261,-0.009859117435119543,-0.01419485018818773,-0.04438037546062939,0.026113832566753595,-0.08566514777923655,-0.0036989939691896723,-0.011865143205554105,-0.1400776666877458,0.14302940553095467,-0.2609319561972236,0.05006324876070139,0.12826049962960961,-0.8829651339758305,0.9629892757493571,-1.3970675934393875,1.0796033632286648,-0.06944039866321315,-4.159037003821802,3.643907151800934,1.2204571165206188,0.0,0.36026159939060354
