,raw_series,harmonic_1,harmonic_2,harmonic_3,harmonic_4,harmonic_5,harmonic_6,harmonic_7,harmonic_8,harmonic_9,harmonic_10,harmonic_11,harmonic_12,harmonic_13,harmonic_14,harmonic_15,harmonic_16,harmonic_17,harmonic_18,harmonic_19,harmonic_20,harmonic_21,harmonic_807,harmonic_808,harmonic_809,harmonic_810,harmonic_811,harmonic_812,harmonic_813,harmonic_814,harmonic_815,harmonic_816,harmonic_817,harmonic_818,harmonic_819,harmonic_820,harmonic_821,harmonic_822,harmonic_823,harmonic_824,harmonic_825,all_20_harmonics
0,0.0,-1.6736513675198958,-3.39635913568354,4.592097555309885,-1.443728273519066,-1.1288704210851188,0.21400769890894766,0.3108079947847914,0.2586946212949126,-0.14556367274458576,-0.43373570434341285,0.28620222179984506,-0.14001440069005236,0.12897857895705714,-0.024561552137090874,-0.058526753728463735,0.02937284031410109,-0.07192363082432572,0.051383387974294356,-0.014600419112630386,-0.0072660160371485006,0.003937887210137174,0.05138338797429434,-0.07192363082432567,0.029372840314101156,-0.058526753728463735,-0.024561552137090926,0.12897857895705708,-0.1400144006900523,0.28620222179984517,-0.4337357043434128,-0.14556367274458573,0.2586946212949125,0.3108079947847914,0.21400769890894764,-1.1288704210851188,-1.443728273519066,4.592097555309884,-3.3963591356835408,-1.6736513675198958,0.0,-5.308708573803079
1,-0.26349082989105455,-1.680900273226434,-3.4156453627461794,4.498217024685743,-1.4741248755580119,-1.063338944019777,0.2022770024271566,0.3076677881174613,0.2370410754214875,-0.17800132946416164,-0.40895302533051503,0.2940201622236292,-0.1395475196844209,0.1300491553028235,-0.04069167400839333,-0.054953072216746036,0.02543706737698324,-0.06718701432533687,0.055477234277678575,-0.01712066702519941,-0.007684386913579552,0.0031749201215233603,0.055477234277678554,-0.0671870143253368,0.025437067376983303,-0.054953072216746036,-0.04069167400839337,0.13004915530282343,-0.13954751968442083,0.29402016222362926,-0.4089530253305149,-0.17800132946416164,0.2370410754214874,0.3076677881174613,0.2022770024271565,-1.0633389440197767,-1.474124875558012,4.498217024685742,-3.41564536274618,-1.680900273226434,0.0,-5.567943295311283
2,-0.5223624342158821,-1.6880516818351812,-3.434139131894951,4.401988397994856,-1.5031535203968989,-0.996265727141816,0.19012400186582684,0.3036533486725136,0.21450785693931557,-0.20960301739683979,-0.38179943486624657,0.29977576246260956,-0.13791588484967288,0.12984596085917138,-0.05635962563189068,-0.05066299336879037,0.021124051272818918,-0.06132571964614441,0.05853012690620733,-0.019283047835254825,-0.007924814666289056,0.0023309134335307395,0.05853012690620732,-0.06132571964614433,0.02112405127281898,-0.05066299336879037,-0.05635962563189072,0.12984596085917133,-0.13791588484967285,0.2997757624626097,-0.38179943486624657,-0.20960301739683973,0.21450785693931548,0.30365334867251353,0.19012400186582687,-0.9962657271418158,-1.5031535203968989,4.401988397994854,-3.4341391318949515,-1.6880516818351812,0.0,-5.824331409178241
3,-0.7766538896067949,-1.695105178543667,-3.4518361524227807,4.303461907153249,-1.5307872700575593,-0.9277480202034469,0.17757406966796538,0.29877608341122924,0.19117858787487638,-0.24022032178187366,-0.3524323563087684,0.3034286511165029,-0.13513311486513557,0.12837098582085674,-0.07138745264072802,-0.045712444923209875,0.016497755973183318,-0.05443786202969558,0.06048478254642812,-0.02104236207983841,-0.007981731841968423,0.0014274103539409116,0.06048478254642811,-0.05443786202969551,0.016497755973183363,-0.04571244492320986,-0.07138745264072803,0.1283709858208567,-0.13513311486513557,0.30342865111650297,-0.3524323563087683,-0.24022032178187364,0.19117858787487627,0.29877608341122924,0.17757406966796532,-0.9277480202034472,-1.5307872700575593,4.303461907153248,-3.4518361524227807,-1.6951051785436668,0.0,-6.077651383993015
4,-1.0264042726961229,-1.7020603542285975,-3.468732318474851,4.2026889835757135,-1.5570004809955145,-0.8578851673293726,0.1646534069711285,0.29304985099974507,0.16713984444261548,-0.2697094509358983,-0.32102204574749066,0.30495320579599905,-0.13122243652840715,0.1256386768800903,-0.0856044711124102,-0.040165964849880754,0.01162679152123359,-0.04663874088685657,0.0613045247850652,-0.022361835450437906,-0.007853820440867286,0.00048747273149492304,0.061304524785065186,-0.04663874088685649,0.01162679152123363,-0.04016596484988074,-0.0856044711124102,0.12563867688009026,-0.13122243652840715,0.3049532057959991,-0.3210220457474906,-0.2697094509358983,0.16713984444261543,0.29304985099974507,0.16465340697112846,-0.8578851673293726,-1.5570004809955147,4.202688983575712,-3.46873231847485,-1.702060354228597,0.0,-6.327700475395188
5,-1.271652660116164,-1.7089168054695818,-3.484823710001191,4.0997222313283,-1.5817688278966515,-0.7867784629773044,0.1513889889059626,0.28649092242988977,0.14248083575579926,-0.29793191155889315,-0.2877506049407771,0.3043387328454123,-0.12621649088948586,0.1216757957279289,-0.0988492061725255,-0.034095859998806925,0.006583396513864255,-0.0380589097399441,0.060973972291256354,-0.023213887473039947,-0.007544042436989238,-0.0004649075960763488,0.06097397229125636,-0.03805890973994402,0.00658339651386429,-0.034095859998806925,-0.09884920617252546,0.12167579572792885,-0.1262164908894859,0.3043387328454124,-0.2877506049407771,-0.2979319115588931,0.14248083575579923,0.2864909224298897,0.15138898890596264,-0.7867784629773044,-1.5817688278966515,4.0997222313282995,-3.484823710001191,-1.7089168054695816,0.0,-6.5742946651996
6,-1.512438128499241,-1.715674134572534,-3.500106593666164,3.994615399668691,-1.6050693262506095,-0.7145310050706858,0.13780850827883914,0.27911793478543756,0.11729307276653617,-0.32475515915671704,-0.2528109255782011,0.30158954235099283,-0.12015706080746134,0.11652115693599974,-0.11097122600341057,-0.0275812634697511,0.001442366770776121,-0.028841990819796368,0.05949932742598162,-0.023580708012789928,-0.007059571189287986,-0.0014054211919214334,0.05949932742598164,-0.02884199081979628,0.0014423667707761522,-0.027581263469751097,-0.1109712260034106,0.11652115693599971,-0.12015706080746134,0.30158954235099295,-0.2528109255782011,-0.32475515915671704,0.11729307276653603,0.2791179347854375,0.13780850827883914,-0.7145310050706857,-1.6050693262506095,3.9946153996686906,-3.5001065936661644,-1.715674134572534,0.0,-6.817268453218153
7,-1.7487997544776697,-1.7223319495927416,-3.514577423714626,3.887423354988758,-1.6268803536799237,-0.6412475455165556,0.12394031775616175,0.2709518382851526,0.09167002866354619,-0.3500532205255601,-0.21640557098801072,0.2967249179087684,-0.11309472220375634,0.11022524778588395,-0.12183285042734698,-0.02070710299126086,-0.003720053921220778,-0.019142270898973333,0.05690825986332625,-0.0234546295527909,-0.006411625332137195,-0.002310061516631384,0.05690825986332626,-0.019142270898973236,-0.0037200539212207556,-0.02070710299126086,-0.121832850427347,0.1102252477858839,-0.11309472220375635,0.2967249179087685,-0.21640557098801075,-0.3500532205255602,0.09167002866354601,0.2709518382851526,0.12394031775616164,-0.6412475455165556,-1.6268803536799241,3.887423354988757,-3.5145774237146274,-1.7223319495927414,0.0,-7.056474514818319
8,-1.980776614683748,-1.728889864357596,-3.5282328427945786,3.7782020521739836,-1.647181670005144,-0.5670343383252989,0.10981337067104911,0.2620158367530995,0.06570679198796106,-0.37370728537486425,-0.17874560177311813,0.28977898136397323,-0.10508842192278475,0.10284973376975318,-0.13131071465844404,-0.013562993757846899,-0.00882730453790881,-0.009122118605677652,0.05324938740726447,-0.02283828746543243,-0.005615208991581079,-0.003155737693368259,0.053249387407264495,-0.00912211860567757,-0.0088273045379088,-0.013562993757846885,-0.13131071465844404,0.10284973376975312,-0.1050884219227848,0.28977898136397334,-0.17874560177311818,-0.37370728537486425,0.06570679198796099,0.26201583675309936,0.10981337067104918,-0.5670343383252985,-1.6471816700051443,3.778202052173983,-3.5282328427945795,-1.728889864357596,0.0,-7.291783238122739
9,-2.208407785749813,-1.7353474984889938,-3.541069682736095,3.6670085053946826,-1.6659544360273013,-0.4919989855524905,0.09545716057597586,0.25233532168537165,0.03949971375446163,-0.395606264310203,-0.14004935218401018,0.2808004534708207,-0.0962049857234738,0.09446685460564946,-0.13929717046233708,-0.006242070158873726,-0.013803642252137902,0.0010507335486857725,0.04859136374571989,-0.021744564926155972,-0.004688764343035224,-0.003920863900774737,0.048591363745719915,0.0010507335486858586,-0.013803642252137902,-0.006242070158873713,-0.13929717046233706,0.09446685460564946,-0.09620498572347386,0.2808004534708208,-0.1400493521840102,-0.395606264310203,0.03949971375446158,0.25233532168537165,0.09545716057597588,-0.4919989855524904,-1.6659544360273013,3.6670085053946826,-3.5410696827360963,-1.735347498488994,0.0,-7.523082155399066
10,-2.431732344308159,-1.7417044774254011,-3.553084965286364,3.5539007583442563,-1.6831812310102883,-0.41625028128620006,0.08090165966756895,0.24193780010058893,0.013146049887306348,-0.41564731055560006,-0.10054116432257447,0.26985231215141786,-0.08651856050827118,0.08515871668315768,-0.14570150880952756,0.0011602283706363676,-0.01857526573406973,0.01120599693076513,0.043021590258937606,-0.020196323621104257,-0.0036537445559679704,-0.004585910349454829,0.04302159025893761,0.011205996930765216,-0.01857526573406974,0.0011602283706363848,-0.14570150880952754,0.08515871668315765,-0.08651856050827124,0.2698523121514179,-0.10054116432257447,-0.41564731055560006,0.013146049887306263,0.2419378001005889,0.08090165966756888,-0.4162502812861997,-1.683181231010289,3.5539007583442555,-3.553084965286365,-1.7417044774254011,0.0,-7.750275283613851
11,-2.6507893669911198,-1.7479604324435762,-3.5642759028006714,3.4389378539400437,-1.6988460688469433,-0.3398980539059653,0.06617725621211454,0.23085281637917238,-0.01325639970181097,-0.4337363029650599,-0.06045008751531451,0.2570113507508915,-0.07610999544515473,0.0750164888696336,-0.15045099013564323,0.0085474015489946,-0.023071409658142195,0.021173677334764333,0.03664457605330452,-0.018225925877575377,-0.00253411701464766,-0.005133901778392056,0.03664457605330455,0.021173677334764416,-0.02307140965814221,0.008547401548994622,-0.15045099013564317,0.0750164888696336,-0.0761099954451548,0.25701135075089154,-0.06045008751531453,-0.43373630296505983,-0.013256399701810941,0.2308528163791723,0.06617725621211462,-0.33989805390596495,-1.6988460688469433,3.438937853940043,-3.5642759028006723,-1.7479604324435762,0.0,-7.973282389329343
12,-2.865617930430986,-1.7541150006799584,-3.5746398988891532,3.322179803502571,-1.712934412893823,-0.2630530068421431,0.051314691102415204,0.21911186831349033,-0.039609654054669985,-0.4497882880548849,-0.020008550396358356,0.24236763938724842,-0.06506616714820035,0.06413950955369205,-0.153491670507068,0.015823146276595732,-0.027225394184722956,0.030786920603370533,0.029579976992318333,-0.015874558206015323,-0.0013558083185997722,-0.005550850747221213,0.029579976992318364,0.030786920603370585,-0.02722539418472299,0.01582314627659575,-0.15349167050706794,0.06413950955369202,-0.06506616714820042,0.24236763938724842,-0.02000855039635839,-0.4497882880548849,-0.03960965405467,0.2191118683134903,0.05131469110241519,-0.2630530068421429,-1.712934412893823,3.3221798035025705,-3.5746398988891546,-1.7541150006799584,0.0,-8.192038193110402
13,-3.0762571112600696,-1.7601678251517145,-3.5841745490191816,3.2036875554292776,-1.7254331894609065,-0.18582655806651652,0.03634499367844986,0.20674831760741888,-0.06581591477930701,-0.46372787898081286,0.020548986601120926,0.22602389317421237,-0.05347925454918752,0.052634313672045935,-0.15478901430847014,0.022892612094097948,-0.030975613852166434,0.039884805685786055,0.021960350519580254,-0.013191370393306057,-0.00014610391459332793,-0.005826114664600787,0.021960350519580275,0.039884805685786125,-0.030975613852166465,0.022892612094097962,-0.15478901430847006,0.05263431367204591,-0.05347925454918759,0.22602389317421243,0.020548986601120856,-0.46372787898081275,-0.0658159147793071,0.20674831760741882,0.03634499367844981,-0.18582655806651607,-1.7254331894609067,3.2036875554292763,-3.584174549019182,-1.7601678251517148,0.0,-8.406491528385049
14,-3.282745986110715,-1.7661185547774463,-3.5928776410732364,3.083522963379092,-1.7363307999437054,-0.10833067854688799,0.021299416945828296,0.19379729507962803,-0.09177792898528468,-0.475489609586207,0.060987390532871597,0.20809475174850245,-0.04144596951263276,0.0406135892495152,-0.15432828649341093,0.029663637703215527,-0.03426645121355943,0.048315038378422034,0.01392866840145704,-0.010232448142570051,0.0010669837374513887,-0.005952667439563432,0.013928668401457076,0.048315038378422076,-0.03426645121355948,0.029663637703215555,-0.15432828649341088,0.04061358924951519,-0.04144596951263285,0.20809475174850245,0.06098739053287149,-0.47548960958620695,-0.09177792898528468,0.19379729507962792,0.02129941694582838,-0.10833067854688765,-1.7363307999437054,3.08352296337909,-3.592877641073237,-1.7661185547774463,0.0,-8.616604469272362
15,-3.4851236316152097,-1.7719668443975518,-3.6007471558621327,2.9617487539844594,-1.7456171315865305,-0.03067772989988236,0.006209372327287514,0.18029560083995946,-0.11739935019457465,-0.48501824185854486,0.10107221913042157,0.18870597515514964,-0.029066749616035694,0.028195073672409032,-0.15211471994290712,0.036047952430184556,-0.03704910166851119,0.05593650065633486,0.005635634059360879,-0.00705964073402959,0.0022553638335990065,-0.005927278821964045,0.005635634059360905,0.055936500656334896,-0.03704910166851125,0.03604795243018458,-0.1521147199429071,0.028195073672409022,-0.02906674961603578,0.18870597515514964,0.10107221913042151,-0.48501824185854486,-0.11739935019457463,0.18029560083995944,0.006209372327287497,-0.030677729899882086,-1.7456171315865305,2.9617487539844585,-3.6007471558621336,-1.771966844397552,0.0,-8.822351441264605
16,-3.683429124405876,-1.777712354794248,-3.6077812675934924,2.8384284941076587,-1.7532835668669156,0.04701969852265806,-0.008893635916547833,0.16628159972254128,-0.14258509588869406,-0.4922690253502567,0.14057107998373472,0.16799356173113952,-0.016444919832915274,0.015500400505768423,-0.14817345603111223,0.041962326968987954,-0.039282297257360634,0.06262161292082849,-0.00276314517179859,-0.0037392682119012227,0.0033915177092045524,-0.00575059685437386,-0.0027631451717985687,0.06262161292082852,-0.03928229725736068,0.04196232696898797,-0.1481734560311122,0.015500400505768426,-0.01644491983291536,0.16799356173113955,0.14057107998373458,-0.4922690253502566,-0.1425850958886941,0.16628159972254122,-0.008893635916547902,0.04701969852265833,-1.7532835668669158,2.8384284941076565,-3.607781267593493,-1.777712354794248,0.0,-9.02371832783712
17,-3.877701541115016,-1.7833547527112448,-3.6139783442953393,2.713626557658523,-1.759322991492499,0.12464895287746872,-0.02397807646022746,0.15179511227276565,-0.16724170036521727,-0.4972079073455686,0.17925497783978042,0.14610279417479302,-0.0036858301157722366,0.0026539081493563823,-0.14254925907316368,0.04732965840264227,-0.04093291868360685,0.06825846962033784,-0.011110077800325604,-0.0003407351205295691,0.004449136073503877,-0.0054271313308421575,-0.011110077800325581,0.06825846962033787,-0.04093291868360692,0.0473296584026423,-0.14254925907316363,0.0026539081493563823,-0.003685830115772338,0.14610279417479302,0.1792549778397803,-0.4972079073455685,-0.16724170036521724,0.15179511227276554,-0.02397807646022741,0.124648952877469,-1.7593229914924995,2.7136265576585217,-3.613978344295341,-1.7833547527112448,0.0,-9.220701585072469
18,-4.06797995837497,-1.7888937108730745,-3.619336948194735,2.587408091990882,-1.763729801002943,0.2020974781671646,-0.03901245674304126,0.1368773015978873,-0.19127766159419382,-0.4998116927863161,0.21689964220603342,0.12318722049202312,0.009104023922732622,-0.01021857799894596,-0.135306007898456,0.05207997535763433,-0.04197648648799445,0.07275271249533118,-0.01924854516441112,0.003064920233668009,0.005403728239397907,-0.004965138684739389,-0.01924854516441109,0.07275271249533118,-0.04197648648799452,0.05207997535763435,-0.13530600789845593,-0.010218577998945926,0.009104023922732516,0.1231872204920231,0.21689964220603342,-0.4998116927863161,-0.19127766159419374,0.13687730159788725,-0.03901245674304131,0.20209747816716475,-1.7637298010029427,2.587408091990881,-3.619336948194735,-1.7888937108730742,0.0,-9.413307375240517
19,-4.2543034528180215,-1.794328908004078,-3.623855836051348,2.4598389838952466,-1.7664999059707496,0.2792529814342284,-0.053965388717655355,0.12157055640275605,-0.21460378078726844,-0.5000681532056515,0.25328682756210213,0.09940757696739752,0.021817889891020605,-0.02299097794419574,-0.1265259703239789,0.05615135018778231,-0.04239752408992078,0.07602911009001609,-0.027025840164996588,0.006406510670193637,0.006233189240831488,-0.004376411243911003,-0.027025840164996567,0.07602911009001606,-0.042397524089920834,0.05615135018778232,-0.1265259703239788,-0.022990977944195707,0.021817889891020497,0.0994075769673975,0.253286827562102,-0.5000681532056515,-0.21460378078726844,0.12157055640275595,-0.053965388717655355,0.2792529814342285,-1.7664999059707498,2.459838983895245,-3.6238558360513475,-1.7943289080040776,0.0,-9.60155072899147
20,-4.4367111010765115,-1.799660028847035,-3.6275339594459024,2.3309858252055182,-1.7676307357961698,0.3560035945750626,-0.06880565438054892,0.10591837054303384,-0.23713349341934356,-0.49797608415804456,0.2882055786414885,0.07493066071459109,0.03434964964308004,-0.035538191989104316,-0.11630886876814893,0.05949070629580986,-0.04218978731209752,0.0780328170905858,-0.034296032603565396,0.009614188134322214,0.006918311705341451,-0.003675976232388436,-0.03429603260356538,0.07803281709058575,-0.04218978731209759,0.059490706295809874,-0.11630886876814885,-0.03553819198910426,0.03434964964307993,0.07493066071459112,0.2882055786414885,-0.49797608415804456,-0.2371334934193434,0.10591837054303381,-0.06880565438054889,0.35600359457506275,-1.7676307357961698,2.3309858252055173,-3.627533959445902,-1.7996600288470348,0.0,-9.785454744414311
21,-4.615241979782727,-1.8048867641814528,-3.630370465023413,2.200915878037652,-1.7671212410926649,0.43223803653804327,-0.0835022709474425,0.08996521943814526,-0.2587831904743437,-0.4935453108758633,0.32145345344798815,0.04992815971447726,0.046594705009127685,-0.047737326027195,-0.10477074761775966,0.06205451006796192,-0.04135635698451253,0.07873029240929152,-0.04092270736075606,0.01262090370569354,0.007443230628622596,-0.0028817122016161372,-0.040922707360756046,0.07873029240929151,-0.04135635698451262,0.062054510067961935,-0.10477074761775959,-0.047737326027195,0.04659470500912758,0.04992815971447724,0.32145345344798804,-0.4935453108758633,-0.2587831904743438,0.08996521943814514,-0.08350227094744254,0.4322380365380439,-1.767121241092665,2.2009158780376517,-3.6303704650234145,-1.8048867641814528,0.0,-9.965049829712735
22,-4.7899351655690054,-1.8100088108415027,-3.632364694691176,2.0696970396784335,-1.7649718946607145,0.5078457746704097,-0.09802455553764716,0.07375643369513067,-0.27947252872292344,-0.4867966421259686,0.35283769691627603,0.024575448547299657,0.05845085083956576,-0.05946889523322816,-0.09204265521233584,0.06380933840123591,-0.0399095932543334,0.07810986064605704,-0.04678152403765751,0.015363809097612632,0.0077957907517115675,-0.0020138926817589893,-0.04678152403765748,0.078109860646057,-0.03990959325433347,0.06380933840123591,-0.09204265521233572,-0.059468895233228125,0.058450850839565666,0.024575448547299622,0.3528376969162759,-0.4867966421259686,-0.2794725287229236,0.07375643369513059,-0.09802455553764722,0.50784577467041,-1.7649718946607147,2.0696970396784335,-3.632364694691178,-1.8100088108415024,0.0,-10.140372994678595
23,-4.960829735067641,-1.8150258717336016,-3.6335161857714504,1.9373978071426876,-1.7611846910490667,0.582717184980041,-0.11234218923228886,0.05733807030249931,-0.299124728880657,-0.4777617724830303,0.3821763584123609,-0.0009496417340018711,0.06981912807524511,-0.07061799436130746,-0.07826915541572549,0.06473231442464353,-0.03787095227935739,0.07618190752903864,-0.05176255003165297,0.01778557035202574,0.007967828033637023,-0.0010946687013564335,-0.05176255003165295,0.0761819075290386,-0.037870952279357474,0.06473231442464354,-0.0782691554157254,-0.07061799436130742,0.06981912807524503,-0.0009496417340019227,0.38217635841236075,-0.4777617724830302,-0.299124728880657,0.05733807030249919,-0.11234218923228882,0.5827171849800417,-1.7611846910490672,1.9373978071426867,-3.633516185771452,-1.8150258717336016,0.0,-10.311467194526944
24,-5.12796476491096,-1.8199376558536462,-3.633824671108804,1.8040872414174356,-1.7557631447038424,0.656743711079766,-0.1264252803726717,0.04075678176008053,-0.3176668605402314,-0.4664831334785314,0.40929934659518286,-0.02646807096085602,0.08060464972375872,-0.08107542318814338,-0.06360668568028881,0.06481140573420982,-0.03527066802352669,0.07297870606255026,-0.05577232326986677,0.019835566270481827,0.007955358701628714,-0.00014750338397061236,-0.05577232326986677,0.0729787060625502,-0.035270668023526776,0.0648114057342098,-0.06360668568028875,-0.08107542318814334,0.08060464972375864,-0.02646807096085602,0.4092993465951827,-0.4664831334785314,-0.3176668605402313,0.04075678176008044,-0.12642528037267164,0.6567437110797666,-1.7557631447038424,1.8040872414174365,-3.633824671108805,-1.8199376558536466,0.0,-10.478380728026712
25,-5.2913793317312745,-1.8247438783038923,-3.6332900791320886,1.6698349314116416,-1.748712286707198,0.7298180215837462,-0.14024442696662767,0.024059683516740826,-0.33503011282024264,-0.45301369432452676,0.4340494155237781,-0.0518008456872025,0.09071739284763311,-0.09073875607828265,-0.048221780252556586,0.06404558125375993,-0.03214730387362458,0.06855387629255366,-0.058735605895870076,0.02147094653071116,0.007758671501153681,0.000803426946293159,-0.058735605895870076,0.06855387629255359,-0.03214730387362464,0.06404558125375995,-0.04822178025255653,-0.09073875607828265,0.09071739284763301,-0.0518008456872025,0.4340494155237779,-0.4530136943245267,-0.3350301128202427,0.024059683516740704,-0.1402444269666277,0.7298180215837463,-1.7487122867071982,1.6698349314116414,-3.633290079132091,-1.8247438783038927,0.0,-10.641166690246363
26,-5.451112512160893,-1.8294442603094787,-3.631912533871059,1.5347109576303906,-1.740038660108588,0.8018341657277241,-0.15377077807256537,0.007294220092638698,-0.35115004972620184,-0.4374167131480411,0.4562830762930394,-0.07677027469990957,0.10007294995397238,-0.0995133451954113,-0.03228917870093592,0.06244482467657418,-0.02854718072687894,0.06298148773297803,-0.06059679600413646,0.022657527371393302,0.007382321009596191,0.0017338498636565729,-0.06059679600413646,0.06298148773297794,-0.028547180726879017,0.06244482467657418,-0.03228917870093589,-0.09951334519541125,0.10007294995397226,-0.07677027469990955,0.4562830762930393,-0.4374167131480409,-0.35115004972620195,0.007294220092638577,-0.15377077807256528,0.8018341657277244,-1.7400386601085878,1.5347109576303903,-3.6319125338710596,-1.8294442603094792,0.0,-10.799882478667133
27,-5.607203382832122,-1.8340385292345975,-3.6296923549275815,1.3987858555924502,-1.729750313852951,0.8726877269875024,-0.16697609403306046,-0.009491969733571267,-0.36596684927609335,-0.4197654399044122,0.475871428912849,-0.10120121539496293,0.10859323351397081,-0.10731324753374406,-0.015989841248537254,0.060030004312677854,-0.024523690031191703,0.056354819477819444,-0.06132097093300066,0.0233705061229402,0.006835022168412868,0.0026200163925265622,-0.061320970933000644,0.056354819477819354,-0.02452369003119176,0.06003000431267784,-0.01598984124853716,-0.10731324753374406,0.10859323351397074,-0.10120121539496296,0.47587142891284884,-0.41976543990441206,-0.3659668492760933,-0.009491969733571389,-0.1669760940330605,0.8726877269875025,-1.7297503138529509,1.3987858555924495,-3.629692354927583,-1.8340385292345975,0.0,-10.954589349928991
28,-5.759691020377307,-1.8385264185983072,-3.6266300574014956,1.2621305790103055,-1.7178567953114574,0.9422759744729218,-0.1798328054322388,-0.026251188289515944,-0.3794255255030747,-0.40014277236482587,0.49270090960775303,-0.12492230227699362,0.11620712773191874,-0.11406206668966154,0.0004911065473109833,0.05683260103850609,-0.020136501965916823,0.048784798754145015,-0.06089454254016869,0.0235949796487162,0.006129448476023903,0.0034393071983265856,-0.06089454254016869,0.048784798754144904,-0.020136501965916865,0.05683260103850607,0.0004911065473110263,-0.11406206668966147,0.11620712773191867,-0.12492230227699372,0.4927009096077528,-0.4001427723648258,-0.3794255255030746,-0.026251188289516062,-0.17983280543223887,0.9422759744729226,-1.7178567953114572,1.2621305790103035,-3.6266300574014965,-1.8385264185983077,0.0,-11.105352023098526
29,-5.908614501428719,-1.842907668089991,-3.6227263517711017,1.1248164627518993,-1.7043691414217441,1.0104980118778317,-0.19231407065386044,-0.04293581454122713,-0.3914761325114577,-0.3786408667936661,0.5066739492046958,-0.1477671489651016,0.12285108212361616,-0.11969370112883337,0.01696647642482086,0.05289429789553584,-0.015450680506222664,0.040398144053870114,-0.0593255121654399,0.02332625585990596,0.005281938514576625,0.004170809944325189,-0.05932551216543992,0.04039814405387003,-0.015450680506222702,0.05289429789553583,0.016966476424820916,-0.11969370112883332,0.12285108212361616,-0.14776714896510168,0.5066739492046956,-0.37864086679366604,-0.39147613251145763,-0.04293581454122728,-0.1923140706538603,1.010498011877832,-1.7043691414217441,1.1248164627518975,-3.6227263517711026,-1.842907668089991,0.0,-11.252238324113948
30,-6.054012902618705,-1.8471820235844525,-3.617982143728323,0.9869151856034114,-1.6892998684458718,1.0772549237700855,-0.20439383191993943,-0.05949843940749809,-0.40207394982870315,-0.3553607051441036,0.5177095387918002,-0.1695755152737694,0.1284696419498052,-0.12415299161990132,0.03324914347540794,0.048266436688094154,-0.010535718495032992,0.03133524392738677,-0.05664332049661711,0.022569951792547633,0.004312117606379905,0.004795853077471839,-0.05664332049661712,0.03133524392738669,-0.010535718495033021,0.04826643668809414,0.033249143475408,-0.12415299161990126,0.12846964194980515,-0.16957551527376946,0.5177095387917999,-0.3553607051441037,-0.40207394982870304,-0.05949843940749814,-0.20439383191993943,1.077254923770086,-1.6892998684458713,0.9869151856034111,-3.6179821437283235,-1.8471820235844527,0.0,-11.395318865000043
31,-6.195925300579564,-1.85134923715666,-3.61239853396858,0.8484987328525009,-1.6726629603554883,1.1424499190094635,-0.2160468696929045,-0.07589200047198007,-0.4111796483655808,-0.330411620804555,0.5257436993687797,-0.19019443118263132,0.13301591107727984,-0.1273962614934104,0.049154171481797244,0.04300934866442157,-0.005464507032864038,0.0217478069470132,-0.052898295155664174,0.021341876196662838,0.0032424433611033024,0.005298482418396386,-0.052898295155664195,0.0217478069470131,-0.005464507032864072,0.04300934866442156,0.049154171481797286,-0.12739626149341032,0.13301591107727978,-0.19019443118263138,0.5257436993687795,-0.33041162080455505,-0.4111796483655808,-0.07589200047198014,-0.21604686969290451,1.142449919009464,-1.6726629603554883,0.8484987328525,-3.61239853396858,-1.8513492371566602,0.0,-11.534666750581962
32,-6.334390771943617,-1.8554090670961227,-3.6059768179354177,0.7096393587115551,-1.6544738558549987,1.2059884710855722,-0.227248855327722,-0.09206991571023647,-0.41875943636860596,-0.3039107851233037,0.5307298527661771,-0.20947926981125736,0.13645194340433656,-0.12939174443440493,0.06450091339728475,0.03719156800658663,-0.0003122544699709354,0.011796322178741984,-0.04816070637039346,0.01966769909168016,0.002097685637254668,0.00566586839064794,-0.048160706370393484,0.0117963221787419,-0.000312254469970958,0.03719156800658662,0.06450091339728478,-0.12939174443440485,0.13645194340433653,-0.20947926981125745,0.530729852766177,-0.3039107851233038,-0.4187594363686058,-0.09206991571023654,-0.2272488553277219,1.2059884710855724,-1.6544738558549987,0.7096393587115544,-3.605976817935419,-1.8554090670961227,0.0,-11.67035730478478
33,-6.469448393343175,-1.8593612779209125,-3.598718485519958,0.5704095486005684,-1.6347494340547668,1.267778455172247,-0.23797640186405639,-0.10798621585177148,-0.42478518482311506,-0.2759826571227789,0.5326390916830162,-0.22729476187280512,0.13874905958347458,-0.13011989561865975,0.0791150631092092,0.030888938382613057,0.0048446289673634065,0.001647372672763557,-0.04251944845069968,0.01758241519531549,0.0009043529601824692,0.005888633494677197,-0.042519448450699694,0.0016473726727634838,0.004844628967363395,0.03088893838261305,0.07911506310920917,-0.13011989561865964,0.13874905958347453,-0.22729476187280515,0.532639091683016,-0.27598265712277903,-0.42478518482311495,-0.10798621585177154,-0.23797640186405639,1.267778455172247,-1.6347494340547668,0.5704095486005675,-3.598718485519958,-1.8593612779209123,0.0,-11.802467808206362
34,-6.601137241410539,-1.8632056403913233,-3.5906252207152227,0.4308819813093137,-1.6135079988076513,1.3277302816997425,-0.24820711285242827,-0.12359567500092909,-0.4292345318416032,-0.24675839898786553,0.5314603472773252,-0.2435159444908762,0.1398880863977737,-0.12957358314511305,0.09283063518299668,0.024183624208279072,0.009929664374902196,-0.008529153056363434,-0.03608037180961747,0.015129612441661108,-0.00030992132127424153,0.005961091667813246,-0.03608037180961749,-0.008529153056363502,0.009929664374902189,0.024183624208279065,0.09283063518299668,-0.12957358314511297,0.13988808639777364,-0.2435159444908763,0.5314603472773249,-0.24675839898786553,-0.4292345318416032,-0.12359567500092918,-0.2482071128524282,1.3277302816997432,-1.6135079988076513,0.43088198130931193,-3.5906252207152223,-1.8632056403913233,0.0,-11.93107723850912
35,-6.72949639277803,-1.8669419315231666,-3.5816989012254417,0.2911294910585865,-1.590769261723413,1.3857570262510466,-0.257919629112431,-0.13885393914550487,-0.43209096564993177,-0.21637526007335536,0.5272004533379173,-0.2580290377243085,0.1398595167929601,-0.12775815788950937,0.10549185010112672,0.017163039508303557,0.014867438387053632,-0.018562904881419318,-0.02896429682652375,0.012360560878384889,-0.0015170189250550813,0.005881393420589301,-0.028964296826523777,-0.01856290488141938,0.014867438387053632,0.017163039508303547,0.10549185010112669,-0.1277581578895093,0.13985951679296013,-0.2580290377243087,0.5272004533379173,-0.2163752600733555,-0.4320909656499316,-0.1388539391455049,-0.25791962911243094,1.3857570262510468,-1.5907692617234135,0.2911294910585854,-3.5816989012254417,-1.8669419315231668,0.0,-12.056266005302104
36,-6.854564924077966,-1.8705699346007043,-3.5719415980304077,0.15122502948030545,-1.566554323876752,1.4417745555939703,-0.2670936733253876,-0.15371765218791586,-0.4333438858634395,-0.18497593232349926,0.5198841066653958,-0.27073224265171264,0.13866358922942837,-0.12469140109506843,0.11695490358474313,0.00991870834085121,0.019584721591051797,-0.028285922641403744,-0.02130474681959841,0.00933314098749153,-0.002688987755479653,0.005651573044823421,-0.02130474681959844,-0.0282859226414038,0.019584721591051804,0.009918708340851198,0.11695490358474316,-0.1246914010950684,0.13866358922942834,-0.2707322426517128,0.5198841066653955,-0.18497593232349918,-0.4333438858634395,-0.1537176521879159,-0.2670936733253876,1.441774555593971,-1.566554323876752,0.15122502948030436,-3.5719415980304086,-1.8705699346007048,0.0,-12.178115671583452
37,-6.976381911942669,-1.8740894391892222,-3.561355574904987,0.011241627536326246,-1.5408856562259459,1.495701649666296,-0.2757100923683505,-0.1681445791408132,-0.4329886428255607,-0.1527078801308805,0.5095537238920718,-0.281536455417763,0.13631028569189677,-0.12040335021350544,0.12708959990220725,0.0025450716414664367,0.024011554552133302,-0.03753544771353526,-0.013245442665183972,0.00611063383056884,-0.003798689174562211,0.005277496688471548,-0.013245442665184003,-0.037535447713535314,0.024011554552133316,0.0025450716414664354,0.12708959990220725,-0.12040335021350536,0.1363102856918968,-0.28153645541776307,0.5095537238920715,-0.15270788013088055,-0.4329886428255607,-0.16814457914081332,-0.27571009236835053,1.4957016496662967,-1.540885656225946,0.011241627536324869,-3.561355574904988,-1.8740894391892222,0.0,-12.296708654482225
38,-7.09498643300444,-1.8775002411472312,-3.5499432878939157,-0.12874764260415372,-1.5137870787602716,1.5474601193370998,-0.2837508973010585,-0.18209372613707922,-0.4310265548629581,-0.11972264778187189,0.4962691955708872,-0.2903658922327218,0.13281924837330875,-0.11493600470220829,0.13578083061370638,-0.004861743958950286,0.02808228534346736,-0.04615664751401281,-0.004937606074051474,0.002760398307674861,-0.004820426436533638,0.0047687126226383094,-0.00493760607405151,-0.046156647514012855,0.028082285343467392,-0.004861743958950298,0.13578083061370635,-0.1149360047022082,0.13281924837330875,-0.2903658922327219,0.4962691955708871,-0.11972264778187194,-0.4310265548629579,-0.18209372613707916,-0.2837508973010585,1.5474601193371005,-1.5137870787602716,-0.12874764260415428,-3.549943287893917,-1.877500241147232,0.0,-12.412127898970255
39,-7.210417563895591,-1.8808021426383121,-3.537707384741967,-0.26866970570870213,-1.4852837383955513,1.5969749197735181,-0.2911993009223712,-0.1955254569132018,-0.42746490339313914,-0.08617514774120226,0.48010753895901326,-0.2971586209412738,0.12821961572839002,-0.10834291465915125,0.1429298819565471,-0.012205179291782942,0.031736543193802785,-0.054005207320711325,0.0034628778751314847,-0.0006475368213557819,-0.005730539733257957,0.004138207522668995,0.0034628778751314396,-0.05400520732071136,0.03173654319380283,-0.012205179291782959,0.14292988195654704,-0.10834291465915122,0.12821961572839002,-0.29715862094127393,0.48010753895901315,-0.0861751477412023,-0.4274649033931389,-0.1955254569132019,-0.2911993009223711,1.5969749197735186,-1.4852837383955513,-0.2686697057087027,-3.5377073847419678,-1.8808021426383126,0.0,-12.524456519393876
40,-7.32271438124844,-1.883994952142588,-3.524650704279654,-0.40845152162736253,-1.4554020856383345,1.6441742592485797,-0.2980397528177696,-0.2084016054350426,-0.4223169059027119,-0.052222933118148344,0.4611624515091175,-0.3018669954320974,0.12254977926526493,-0.1006886563246745,0.14845555602203647,-0.019389501447131155,0.03492013381319908,-0.06094974603195133,0.011798385703989982,-0.004041936722717537,-0.00650795407140376,0.0034020749842296554,0.01179838570398995,-0.06094974603195137,0.034920133813199104,-0.019389501447131162,0.14845555602203644,-0.10068865632467447,0.12254977926526493,-0.30186699543209755,0.4611624515091172,-0.052222933118148344,-0.42231690590271187,-0.20840160543504266,-0.29803975281776957,1.6441742592485802,-1.455402085638335,-0.4084515216273628,-3.5246507042796553,-1.8839949521425887,0.0,-12.63377740508045
41,-7.431915961695305,-1.8870784844678354,-3.510776275764605,-0.5480201234200429,-1.4241698500403837,1.688989703232347,-0.3042579718247559,-0.22068558434597202,-0.4156016668965568,-0.01802545773115274,0.439543767656942,-0.30445798984110173,0.11585706310510614,-0.09204819958734364,0.15229509298978455,-0.026321051798695195,0.03758584311875736,-0.06687401542270693,0.01991251312130061,-0.007351849484566953,-0.0071346672944800574,0.0025791047354776697,0.01991251312130057,-0.06687401542270696,0.03758584311875741,-0.02632105179869522,0.1522950929897845,-0.09204819958734364,0.11585706310510617,-0.3044579898411018,0.4395437676569418,-0.01802545773115274,-0.41560166689655675,-0.22068558434597205,-0.3042579718247559,1.688989703232347,-1.4241698500403837,-0.5480201234200431,-3.5107762757646053,-1.8870784844678359,0.0,-12.740172787877398
42,-7.538061381868493,-1.890052560760223,-3.496087318178741,-0.687302655445693,-1.3916160144662215,1.7313562736154429,-0.3098409758483679,-0.23234248892922,-0.4073441069999468,0.016256672754083667,0.41537682205447324,-0.30491343020413464,0.1081973289844201,-0.082506173688876,0.15440488394482071,-0.03290946698720245,0.03969413744073692,-0.07167884608376511,0.027653009733487183,-0.010508089199140484,-0.007596166948878517,0.0016903030306515082,0.027653009733487145,-0.07167884608376508,0.03969413744073697,-0.032909466987202464,0.1544048839448207,-0.08250617368887594,0.10819732898442014,-0.30491343020413464,0.4153768220544732,0.016256672754083736,-0.4073441069999466,-0.2323424889292201,-0.30984097584836784,1.7313562736154429,-1.3916160144662213,-0.6873026554456938,-3.4960873181787413,-1.8900525607602234,0.0,-12.843723771247221
43,-7.641189718400325,-1.8929170085146878,-3.4805872394814505,-0.8262264113933865,-1.3577707881976417,1.7712125429210956,-0.31477710896456607,-0.243339196289034,-0.3975748704767218,0.05046245509606682,0.3888017229403711,-0.30323012193428284,0.09963450999687448,-0.07215603832020949,0.15476096618144988,-0.03906885694498822,0.041213749824684925,-0.0752838074697544,0.03487463581296462,-0.01344468213072851,-0.007881766340784314,0.0007583564669975091,0.034874635812964606,-0.07528380746975437,0.04121374982468499,-0.03906885694498823,0.15476096618144977,-0.07215603832020943,0.09963450999687452,-0.30323012193428295,0.388801722940371,0.05046245509606675,-0.3975748704767217,-0.2433391962890341,-0.31477710896456607,1.771212542921096,-1.357770788197642,-0.8262264113933874,-3.4805872394814514,-1.892917008514689,0.0,-12.944509822430946
44,-7.741340047923103,-1.8956716615849418,-3.4642796358189187,-0.9647188722354448,-1.32266557890012,1.8085007233691097,-0.3190560657549039,-0.2536444594688229,-0.38633021150672225,0.08443124461615616,0.3599725398603001,-0.2994198722296041,0.09024007696636023,-0.06109916822744246,0.1533592953682565,-0.04471892460437983,0.042122143734454845,-0.07762855426764056,0.04144188752101892,-0.016100245740780266,-0.007984852002070423,-0.00019294708893329696,0.0414418875210189,-0.07762855426764052,0.042122143734454914,-0.04471892460437985,0.1533592953682564,-0.061099168227442435,0.09024007696636031,-0.29941987222960414,0.35997253986030003,0.08443124461615609,-0.38633021150672214,-0.2536444594688229,-0.3190560657549039,1.8085007233691097,-1.32266557890012,-0.9647188722354465,-3.4642796358189187,-1.8956716615849423,0.0,-13.042608231158356
45,-7.8385514470691575,-1.8983163601931052,-3.4471682906897816,-1.1027077440828017,-1.2863329634771568,1.8431667506626204,-0.32266891282167914,-0.2632289962388515,-0.37365185964451153,0.11800350965325145,0.3290564104463709,-0.29350940725411606,0.080092441905283,-0.049443860293501785,0.15021579148304584,-0.049786012692772316,0.04240584727918879,-0.07867383654813045,0.04723153945017961,-0.018419271744877196,-0.007903036834743669,-0.0011393256848052768,0.04723153945017959,-0.07867383654813044,0.04240584727918885,-0.049786012692772316,0.15021579148304576,-0.049443860293501785,0.08009244190528307,-0.2935094072541161,0.3290564104463709,0.11800350965325147,-0.3736518596445114,-0.26322899623885154,-0.32266891282167914,1.843166750662621,-1.286332963477156,-1.1027077440828021,-3.447168290689782,-1.898316360193106,0.0,-13.138093540377366
46,-7.932862992470788,-1.9008509509389786,-3.42925717406733,-1.2401209959228443,-1.248806657839587,1.8751603623761575,-0.32560810743864627,-0.2720655723011976,-0.3595868649586798,0.15102158079128175,0.2962325714341483,-0.28554018467295855,0.06927630353720725,-0.03730427282071059,0.14536615799599978,-0.05420406396782094,0.04206065300752721,-0.07840215679053768,0.052134956778789446,-0.020353286382299687,-0.007638215387660802,-0.0020566230775210964,0.052134956778789425,-0.07840215679053761,0.04206065300752728,-0.05420406396782094,0.1453661579959997,-0.03730427282071059,0.0692763035372073,-0.2855401846729586,0.2962325714341483,0.15102158079128178,-0.3595868649586798,-0.2720655723011977,-0.3256081074386461,1.8751603623761581,-1.2488066578395867,-1.2401209959228456,-3.429257174067331,-1.9008509509389786,0.0,-13.231036956443843
47,-8.02431376076031,-1.9032752868089367,-3.4105504414784455,-1.3768868972200323,-1.210121485617919,1.9044351708313558,-0.32786751329835356,-0.2801290786755456,-0.3441874234264235,0.18333039134081247,0.26169131953492103,-0.27556810285665984,0.057881940346544355,-0.024799307403488506,0.13886547635473837,-0.0579154823746168,0.04109168030600782,-0.07681806278283035,0.056060133653383935,-0.02186186364549239,-0.007196519985502028,-0.0029214253195256777,0.056060133653383935,-0.0768180627828303,0.0410916803060079,-0.057915482374616814,0.1388654763547383,-0.024799307403488527,0.05788194034654442,-0.2755681028566599,0.26169131953492103,0.18333039134081247,-0.34418742342642344,-0.28012907867554565,-0.3278675132983535,1.9044351708313558,-1.210121485617919,-1.3768868972200332,-3.410550441478446,-1.9032752868089362,0.0,-13.321505748101496
48,-8.11294282857005,-1.9055892271844574,-3.3910524330394756,-1.512934055359659,-1.1703133458467276,1.930948730354655,-0.32944241332322705,-0.2873966030459259,-0.32751068323137195,0.21477820559715807,0.2256329081875929,-0.2636631087942304,0.04600445705594852,-0.012051444342719134,0.13078758037706992,-0.06087188389834444,0.039513299476257174,-0.07394807149385657,0.05893341955145119,-0.022913470290259745,-0.006588178725899273,-0.003711658398071787,0.05893341955145118,-0.07394807149385652,0.039513299476257244,-0.06087188389834443,0.1307875803770698,-0.012051444342719177,0.04600445705594857,-0.2636631087942304,0.22563290818759277,0.2147782055971581,-0.3275106832313717,-0.28739660304592596,-0.32944241332322705,1.930948730354655,-1.1703133458467274,-1.5129340553596606,-3.3910524330394765,-1.9055892271844574,0.0,-13.409562645333963
49,-8.1987892725323,-1.9077926378502799,-3.370767672449298,-1.6481914529152295,-1.1294191796510997,1.9546625988194668,-0.3303295195136553,-0.2938474948656707,-0.3096185326835014,0.24521733145479555,0.18826638658629205,-0.24990870746529176,0.03374299082080787,0.0008144569916423493,0.12122421765698542,-0.0630347273239086,0.03734891861694467,-0.06984022519208884,0.06070090123175908,-0.023486124963749463,-0.005827278633001604,-0.004407151672749571,0.060700901231759065,-0.06984022519208877,0.03734891861694474,-0.06303472732390858,0.12122421765698534,0.0008144569916422933,0.03374299082080795,-0.24990870746529176,0.18826638658629197,0.24521733145479555,-0.30961853268350137,-0.29384749486567086,-0.3303295195136552,1.9546625988194672,-1.1294191796510997,-1.6481914529152306,-3.370767672449298,-1.9077926378502794,0.0,-13.495265250732162
50,-8.281892169279383,-1.909885391002185,-3.349700865939782,-1.7825884847199718,-1.087476935966037,1.9755423933835865,-0.3305269798125153,-0.2994634240355903,-0.29057737054817595,0.27450481403134264,0.14980838771445426,-0.23440137611264258,0.02119988376644481,0.013672381099832882,0.11028400750853141,-0.06437581667961431,0.034630636471135366,-0.06456328724124587,0.06132941434186083,-0.02356785767271067,-0.004931439452000535,-0.004990152729579089,0.06132941434186084,-0.0645632872412458,0.034630636471135436,-0.06437581667961431,0.11028400750853132,0.013672381099832822,0.021199883766444903,-0.23440137611264267,0.14980838771445423,0.2745048140313426,-0.29057737054817584,-0.29946342403559034,-0.3305269798125152,1.9755423933835867,-1.087476935966037,-1.782588484719973,-3.3497008659397816,-1.909885391002185,0.0,-13.57866547733543
51,-8.36229059544362,-1.9118673652544111,-3.327856901183904,-1.9160549947231587,-1.0445255363206363,1.9935578403410237,-0.33003438197180635,-0.30422843298863744,-0.2704578596366376,0.30250310704355243,0.11048187241177077,-0.21724988752371963,0.008479828774564609,0.026396390615297232,0.09809120728308414,-0.06487766881477817,0.03139876638747173,-0.05820559103478467,0.06080716570136142,-0.023156959987927734,-0.003921405638376017,-0.005445780510053512,0.060807165701361424,-0.058205591034784586,0.031398766387471806,-0.06487766881477817,0.09809120728308404,0.026396390615297197,0.008479828774564699,-0.21724988752371968,0.11048187241177085,0.3025031070435525,-0.27045785963663743,-0.3042284329886375,-0.33003438197180635,1.9935578403410248,-1.0445255363206363,-1.91605499472316,-3.327856901183906,-1.911867365254411,0.0,-13.659809027925055
52,-8.440023627657308,-1.9137384456466968,-3.305240846161769,-2.0485213126119852,-1.0006048387197186,2.0086828190159842,-0.32885275441332285,-0.3081289820330625,-0.24933466457238604,0.32908071878226136,0.07051483675529317,-0.19857454706764666,-0.004311004351228421,0.038861859802425285,0.08478430107201992,-0.06453374131933434,0.027701238455054667,-0.050873561337543664,0.05914395458465859,-0.02226202075489754,-0.002820565989943931,-0.005762405149047985,0.05914395458465859,-0.05087356133754357,0.027701238455054733,-0.06453374131933434,0.0847843010720198,0.03886185980242525,-0.004311004351228347,-0.1985745470676467,0.0705148367552932,0.32908071878226147,-0.24933466457238582,-0.30812898203306255,-0.32885275441332285,2.0086828190159856,-1.0006048387197188,-2.0485213126119866,-3.305240846161771,-1.9137384456466966,0.0,-13.738734931427889
53,-8.51513034255279,-1.9154985236509445,-3.2818579479847947,-2.179918290179883,-0.9557556006564323,2.020895399635352,-0.32698456408156373,-0.311153987825217,-0.22728617470660933,0.35411282965252194,0.03013899024867073,-0.17850634883950925,-0.017065855047260013,0.05094669520747658,0.07051442682409496,-0.06334851781415528,0.0235928886786325,-0.04268993278656391,0.05637098885109382,-0.020901746564302503,-0.0016544120453216775,-0.005931944826259813,0.056370988851093845,-0.04268993278656384,0.023592888678632566,-0.06334851781415528,0.07051442682409488,0.05094669520747653,-0.0170658550472599,-0.17850634883950933,0.030138990248670748,0.35411282965252194,-0.22728617470660917,-0.3111539878252169,-0.3269845640815638,2.0208953996353523,-0.9557556006564323,-2.179918290179884,-3.281857947984796,-1.9154985236509445,0.0,-13.81547515238607
54,-8.587649816762362,-1.9171474971775173,-3.25771363167834,-2.3101773374222967,-0.9100194412901463,2.030177875124762,-0.3244337112933668,-0.31329485486268493,-0.20439421321094417,0.37748187837869257,-0.010411587517258505,-0.15718605683089745,-0.029678263082480446,0.0625325315069852,0.055443659742112496,-0.061337449500196733,0.01913464573595031,-0.03379169537252443,0.05254029937257676,-0.019104570734920195,-0.000449947790380868,-0.005950072054069096,0.05254029937257678,-0.03379169537252435,0.019134645735950372,-0.06133744950019673,0.055443659742112406,0.06253253150698515,-0.029678263082480335,-0.15718605683089754,-0.010411587517258505,0.37748187837869257,-0.2043942132109441,-0.313294854862685,-0.32443371129336673,2.0301778751247626,-0.910019441290146,-2.3101773374222976,-3.257713631678342,-1.917147497177518,0.0,-13.89005428933452
55,-8.657621126918324,-1.9186852705811626,-3.232813498923054,-2.4392304583410787,-0.8634388028247372,2.0365167867821694,-0.3212055215950166,-0.3145454999082575,-0.1807437334271371,0.3990781141214205,-0.050901803944494395,-0.13476321757164295,-0.04204295714438898,0.07350589084086866,0.03974317145581319,-0.05852675372846374,0.014392627378014333,-0.02432780129344045,0.04772376374613998,-0.016908058982258188,0.0007649356582096646,-0.005816324136337575,0.04772376374613997,-0.024327801293440362,0.014392627378014373,-0.058526753728463735,0.039743171455813145,0.07350589084086862,-0.042042957144388875,-0.134763217571643,-0.05090180394449438,0.3990781141214205,-0.18074373342713695,-0.3145454999082576,-0.32120552159501653,2.03651678678217,-0.8634388028247368,-2.4392304583410787,-3.2328134989230546,-1.9186852705811626,0.0,-13.962489377377286
56,-8.725083349653005,-1.9201117546665558,-3.207163326755239,-2.5670102864387987,-0.8160569111231077,2.039902943791676,-0.3173067346438288,-0.3149023692753475,-0.15642250360047014,0.4188001119135456,-0.09109691638082605,-0.11139511116836151,-0.05405673350147516,0.08375929427511358,0.02359128587884198,-0.05495307221674604,0.009437159873062486,-0.014456671566786658,0.04201175761010954,-0.014358124196007366,0.001962105912241073,-0.005534114978693059,0.042011757610109585,-0.014456671566786568,0.009437159873062538,-0.05495307221674603,0.023591285878841926,0.08375929427511349,-0.054056733501475045,-0.11139511116836152,-0.09109691638082602,0.41880011191354555,-0.15642250360047014,-0.3149023692753475,-0.3173067346438288,2.0399029437916756,-0.8160569111231073,-2.567010286438798,-3.20716332675524,-1.9201117546665558,0.0,-14.032789809252845
57,-8.790075561598735,-1.9214268666934775,-3.1807690662265315,-2.693450119884457,-0.7679177355944851,2.040331436549338,-0.3127454901374206,-0.3143644489257287,-0.13152078116692367,0.4365552489942202,-0.13076389304396646,-0.08724564809751102,-0.06561931740829235,0.09319231450777972,0.0071714538310911026,-0.050662993368790384,0.00434173503632879,-0.004343544138154254,0.035511458870080725,-0.011508066739536228,0.0031138407582141365,-0.005110647948842818,0.03551145887008075,-0.004343544138154182,0.004341735036328816,-0.05066299336879038,0.0071714538310910245,0.09319231450777966,-0.06561931740829224,-0.08724564809751101,-0.13076389304396643,0.43655524899422027,-0.1315207811669235,-0.31436444892572885,-0.31274549013742053,2.0403314365493377,-0.7679177355944845,-2.6934501198844587,-3.1807690662265324,-1.9214268666934773,0.0,-14.10095738772397
58,-8.852636839387786,-1.9226305303816102,-3.15363684102321,-2.818483956332249,-0.7190659483917249,2.0378016437816213,-0.30753131082004737,-0.31293326735090915,-0.10613097780281354,0.45226013980418384,-0.16967276402689285,-0.06248421949116815,-0.07663420006331974,0.10171255950755875,-0.009329830569628945,-0.045712444923209875,-0.0008180796866802192,0.005842292122177054,0.02834483665355586,-0.008417460331698332,0.004193470105398618,-0.004556732011149936,0.028344836653555878,0.00584229212217715,-0.0008180796866801923,-0.04571244492320985,-0.009329830569629006,0.10171255950755867,-0.07663420006331965,-0.062484219491168135,-0.16967276402689277,0.45226013980418384,-0.1061309778028134,-0.3129332673509092,-0.3075313108200473,2.0378016437816218,-0.7190659483917242,-2.8184839563322495,-3.1536368410232094,-1.9226305303816105,0.0,-14.16698652022618
59,-8.912806259652507,-1.9237226759149646,-3.125772946045446,-2.9420465273751635,-0.6695468829564831,2.0323172334461885,-0.3016750826014802,-0.310612891228948,-0.08034731647992283,0.4658410275992686,-0.20759795455191848,-0.03728450897994447,-0.08700944413382126,0.10923657745060651,-0.025725148081263645,-0.04016596484988074,-0.005965761919440808,0.015930331233190646,0.02064636272773321,-0.005150906798961957,0.005175993570464006,-0.0038865058286238745,0.020646362727733243,0.015930331233190712,-0.005965761919440791,-0.04016596484988073,-0.02572514808126371,0.10923657745060644,-0.0870094441338212,-0.03728450897994443,-0.2075979545519184,0.4658410275992686,-0.08034731647992271,-0.310612891228948,-0.30167508260148024,2.032317233446188,-0.669546882956483,-2.942046527375165,-3.125772946045446,-1.9237226759149646,0.0,-14.230864564380505
60,-8.970622899025196,-1.9247032399459272,-3.0971838459468386,-3.064073332615497,-0.6194064919507261,2.0238861574137115,-0.29518903182993333,-0.30740991386905897,-0.054265481798815546,0.4772341308429592,-0.24431959274393353,-0.011823274427109244,-0.0966584511242704,0.11569067409221535,-0.04182828301861823,-0.034095859998806925,-0.011024969215724581,0.02575170429093045,0.012560488322530849,-0.0017766857268272005,0.006038659397613817,-0.003117076874601329,0.01256048832253089,0.025751704290930526,-0.011024969215724576,-0.034095859998806925,-0.04182828301861829,0.1156906740922153,-0.0966584511242703,-0.011823274427109244,-0.24431959274393344,0.4772341308429592,-0.05426548179881541,-0.307409913869059,-0.2951890318299333,2.023886157413711,-0.619406491950726,-3.0640733326154974,-3.09718384594684,-1.924703239945927,0.0,-14.29257233024964
61,-9.026125834138169,-1.9255721655989366,-3.06787617363456,-3.184500673334433,-0.568691304613616,2.0125206399384177,-0.2880866997664895,-0.30333343647683514,-0.027982264897964203,0.4863859427511976,-0.27962478434098176,0.013720891900821193,-0.10550068418338727,0.1210116345675519,-0.05745633826463375,-0.027581263469751083,-0.015920671252463645,0.0351420062524191,0.004238933702776445,0.00163467276362199,0.006761491308488144,-0.002268084765764852,0.004238933702776483,0.03514200625241917,-0.01592067125246365,-0.027581263469751087,-0.05745633826463377,0.12101163456755182,-0.10550068418338715,0.01372089190082121,-0.2796247843409817,0.4863859427511976,-0.027982264897964085,-0.30333343647683514,-0.28808669976648943,2.0125206399384177,-0.5686913046136159,-3.184500673334434,-3.06787617363456,-1.9255721655989366,0.0,-14.352084742135393
62,-9.07935414162375,-1.9263294024737811,-3.0378567287304663,-3.303265685743159,-0.5174483835833463,1.9982371599340927,-0.28038291431431445,-0.2983950422933279,-0.0015952042564546184,0.4932534825826498,-0.31330884695201694,0.03916881603051459,-0.11346234031677369,0.12514734255175916,-0.07243181258983822,-0.02070710299126086,-0.020580262563238305,0.043944047996698335,-0.004162158653002933,0.0050118622812960955,0.0073277510818608735,-0.001361199962391364,-0.004162158653002887,0.043944047996698384,-0.020580262563238312,-0.020707102991260856,-0.07243181258983825,0.12514734255175908,-0.1134623403167736,0.039168816030514635,-0.31330884695201694,0.4932534825826498,-0.0015952042564545495,-0.2983950422933278,-0.2803829143143145,1.9982371599340918,-0.5174483835833462,-3.303265685743159,-3.0378567287304663,-1.926329402473781,0.0,-14.409371659329771
63,-9.13034689811424,-1.926974906648523,-3.0071324759935294,-3.4203063737981374,-0.46572528122399237,1.9810564270812279,-0.2720937590616822,-0.2926087636814647,0.02479777627673312,0.497804497494266,-0.3451764967062114,0.06434199905850944,-0.12047696639442465,0.1280572907150388,-0.08658461668607365,-0.013562993757846902,-0.024934639310048367,0.05201048759481895,-0.012485153850522958,0.008284290656769099,0.007724326151427751,-0.00041957063146934987,-0.012485153850522917,0.052010487594819,-0.024934639310048384,-0.013562993757846897,-0.08658461668607367,0.12805729071503874,-0.12047696639442454,0.0643419990585095,-0.3451764967062115,0.497804497494266,0.02479777627673318,-0.29260876368146477,-0.2720937590616821,1.9810564270812279,-0.46572528122399226,-3.4203063737981383,-3.0071324759935294,-1.9269749066485222,0.0,-14.464398851607003
64,-9.17914318024195,-1.927508640682045,-2.975710543703954,-3.5355616415634117,-0.41356999549790824,1.9610033517999663,-0.26323653970344235,-0.28599104225332966,0.051098730883571676,0.5000176140141384,-0.37504298041419964,0.08906386919277134,-0.12648601381151903,0.12971297747304392,-0.09975400501667464,-0.006242070158873713,-0.02891922412435777,0.05920629674259099,-0.020573882380804556,0.011383555504830754,0.007942033246296458,0.000532768208537596,-0.020573882380804504,0.05920629674259102,-0.0289192241243578,-0.006242070158873707,-0.09975400501667461,0.12971297747304386,-0.12648601381151892,0.0890638691927714,-0.3750429804141996,0.5000176140141382,0.05109873088357176,-0.28599104225332966,-0.26323653970344224,1.9610033517999663,-0.4135699954979081,-3.5355616415634117,-2.975710543703954,-1.9275086406820443,0.0,-14.51712912144921
65,-9.225782064639208,-1.927930573616223,-2.9435982220093613,-3.6489713251030396,-0.36103092542461573,1.9381070091323724,-0.25382974791103313,-0.278560682151602,0.07721005525936236,0.49988243842027663,-0.4027351466775339,0.1131610202769477,-0.13143932717293244,0.13009818614659763,-0.11179040154141875,0.0011602283706363785,-0.03247492381855813,0.06541102106920077,-0.02827657042530513,0.014244874014772497,0.007975831042942692,0.0014715081797449917,-0.028276570425305094,0.06541102106920081,-0.03247492381855816,0.0011602283706363774,-0.1117904015414187,0.13009818614659754,-0.13143932717293236,0.1131610202769478,-0.4027351466775341,0.49988243842027674,0.07721005525936236,-0.278560682151602,-0.2538297479110332,1.9381070091323722,-0.3610309254246156,-3.648971325103041,-2.9435982220093604,-1.9279305736162227,0.0,-14.567523561114996
66,-9.270302627938323,-1.9282406809777213,-2.9108029612334096,-3.7604762238870384,-0.30815682616752255,1.9124005965864024,-0.24389302272646918,-0.2703387966179059,0.10303484882773606,0.4973996055538786,-0.42809244973657856,0.13646442810996218,-0.13529556292259476,0.1292091437964981,-0.1225570985799246,0.008547401548994613,-0.035549005764558814,0.07052079648521987,-0.03544868768199024,0.01680843708201829,0.007824936904367849,0.0023726880143805254,-0.03544868768199023,0.0705207964852199,-0.03554900576455886,0.008547401548994617,-0.12255709857992463,0.12920914379649803,-0.13529556292259468,0.13646442810996226,-0.42809244973657845,0.4973996055538785,0.10303484882773624,-0.2703387966179058,-0.24389302272646915,1.9124005965864024,-0.3081568261675227,-3.76047622388704,-2.9108029612334105,-1.9282406809777213,0.0,-14.615542928773278
67,-9.312743946771592,-1.928438944779413,-2.877332370147263,-3.8700181316944056,-0.25499676379014524,1.8839213860026907,-0.2334471095609063,-0.26134874799989316,0.12847727434407927,0.49258077583785026,-0.45096788023701967,0.1588106360293416,-0.13802253442354137,0.12705455817769748,-0.1319318095180485,0.01582314627659574,-0.03809587994241442,0.07445008781731387,-0.04195565927682289,0.01902065947617754,0.007492845003193795,0.0032133051643573867,-0.041955659276822876,0.07445008781731387,-0.03809587994241446,0.01582314627659574,-0.13193180951804853,0.1270545581776974,-0.13802253442354132,0.15881063602934167,-0.45096788023701956,0.4925807758378503,0.1284772743440795,-0.2613487479998931,-0.23344710956090625,1.8839213860026907,-0.2549967637901452,-3.8700181316944073,-2.877332370147264,-1.9284389447794128,0.0,-14.661149124124883
68,-9.353145097771343,-1.928525353521421,-2.8431942142042903,-3.977539866997113,-0.20160006972382366,1.8527106695139433,-0.22251381688338148,-0.2516160813675318,0.1534429135528765,0.4854485805145768,-0.4712288175188566,0.18004290144225968,-0.1395974806083968,0.12365553245090558,-0.13980805772186083,0.022892612094097944,-0.04007777506085602,0.07713312062574551,-0.047675390875397024,0.02083529991370981,0.006987245409028186,0.003971902939599105,-0.047675390875396996,0.07713312062574551,-0.04007777506085608,0.02289261209409796,-0.13980805772186083,0.12365553245090552,-0.13959748060839675,0.18004290144225982,-0.4712288175188566,0.48544858051457684,0.15344291355287656,-0.25161608136753166,-0.2225138168833816,1.852710669513943,-0.20160006972382358,-3.9775398669971147,-2.8431942142042907,-1.9285253535214208,0.0,-14.704306740314708
69,-9.391545157569904,-1.9284999021917872,-2.8083964137384156,-4.082985302809209,-0.1480162949891789,1.818813699675296,-0.21111597069015295,-0.2411684519272235,0.17783911757910562,0.47603651536013064,-0.48875779848671763,0.20001229526220662,-0.14000725595796001,0.11904535848697836,-0.14609638588411544,0.02966363770321553,-0.04146529872255438,0.07852498223673823,-0.05250055961448335,0.022214427622728253,0.006319846013749705,0.004629118188453933,-0.05250055961448334,0.07852498223673823,-0.04146529872255445,0.02966363770321554,-0.1460963858841154,0.11904535848697836,-0.14000725595795996,0.20001229526220665,-0.4887577984867175,0.47603651536013064,0.17783911757910567,-0.2411684519272235,-0.21111597069015292,1.818813699675296,-0.14801629498917881,-4.0829853028092105,-2.8083964137384165,-1.9284999021917875,0.0,-14.744984665591325
70,-9.427983202799554,-1.9283625922667638,-2.7729470421265376,-4.186299395985438,-0.09429516421379855,1.7822796238524314,-0.1992773668496959,-0.23003554644000707,0.2015753507533636,0.4643887833740794,-0.5034531986039606,0.21857874653952497,-0.1392484402222075,0.11326919078857851,-0.15072537206762604,0.036047952430184556,-0.04223787332661182,0.0786023735589503,-0.056340627867321164,0.023129215196187537,0.005506101418291557,0.005168175540697031,-0.056340627867321136,0.07860237355895029,-0.042237873326611886,0.03604795243018457,-0.150725372067626,0.11326919078857847,-0.1392484402222075,0.21857874653952505,-0.5034531986039604,0.4643887833740794,0.20157535075336372,-0.23003554644000704,-0.1992773668496958,1.7822796238524312,-0.09429516421379827,-4.186299395985438,-2.7729470421265376,-1.9283625922667635,0.0,-14.783157705190536
71,-9.462498310092647,-1.9281134317107238,-2.736854323915439,-4.287428215954085,-0.04048652948881695,1.743161412962601,-0.1870227214228472,-0.21824899886713214,0.22456352659476914,0.450560087183689,-0.515229821062487,0.2356120249584813,-0.13732736696791148,0.1063836042228926,-0.1536424409054742,0.04196232696898795,-0.04238404124365248,0.07736399909901438,-0.0591235420571319,0.023560541160733434,0.004564855058942912,0.005575315597604691,-0.059123542057131905,0.07736399909901436,-0.042384041243652554,0.04196232696898797,-0.15364244090547413,0.10638360422289257,-0.13732736696791142,0.23561202495848133,-0.515229821062487,0.450560087183689,0.22456352659476916,-0.21824899886713206,-0.18702272142284723,1.7431614129626003,-0.04048652948881681,-4.287428215954086,-2.7368543239154386,-1.9281134317107238,0.0,-14.818808191393252
72,-9.495129556081467,-1.927752434975704,-2.7001266329136198,-4.3863189728690655,0.013359675892787973,1.701515784671857,-0.17437761906181626,-0.2058423004826971,0.24671833470478988,0.43461537213747703,-0.5240193907125464,0.2509926543093602,-0.13426007071459622,0.0984560398972079,-0.1548144607445513,0.04732965840264229,-0.04190163473762692,0.07483058864747104,-0.06079708464296553,0.023499389665935354,0.0035179028602528124,0.005840146139580836,-0.06079708464296553,0.07483058864747098,-0.04190163473762699,0.0473296584026423,-0.15481446074455124,0.09845603989720784,-0.13426007071459622,0.25099265430936024,-0.5240193907125463,0.434615372137477,0.24671833470478988,-0.20584230048269708,-0.17437761906181623,1.7015157846718563,0.013359675892788353,-4.3863189728690655,-2.700126632913621,-1.9277524349757038,0.0,-14.851927547717423
73,-9.525916017398337,-1.927279623000563,-2.662772490248512,-4.482920045166529,0.06719348377325139,1.6574031211598592,-0.16136845959579352,-0.1928507047087651,0.26795755735887405,0.41662952129465836,-0.5297709498889663,0.26461275052823224,-0.13007215310007067,0.08956414460473715,-0.15422811995016408,0.05207997535763435,-0.040797808114314174,0.071044550272084,-0.06132985390973236,0.022947038939342815,0.0023894885187864118,0.005955907386787377,-0.061329853909732376,0.07104455027208394,-0.04079780811431425,0.05207997535763435,-0.15422811995016397,0.08956414460473709,-0.1300721531000707,0.26461275052823235,-0.5297709498889663,0.41662952129465836,0.26795755735887417,-0.19285070470876503,-0.16136845959579346,1.6574031211598586,0.06719348377325161,-4.482920045166528,-2.662772490248512,-1.9272796230005635,0.0,-14.882517771823245
74,-9.554896770675569,-1.9266950232097693,-2.624800562389501,-4.577181006511625,0.12096493749943041,1.6108873815714875,-0.1480224029146723,-0.17931112694336537,0.28820237462099746,0.39668700374293975,-0.5324511538390005,0.2763767784261477,-0.12479856919260521,0.0797950103105126,-0.15189007809768862,0.05615135018778229,-0.039088931619744485,0.06606926042726145,-0.06071185317801406,0.02191503456815789,0.00120574210517015,0.005919644542020562,-0.060711853178014086,0.0660692604272614,-0.03908893161974457,0.05615135018778232,-0.15189007809768856,0.0797950103105126,-0.12479856919260525,0.2763767784261478,-0.5324511538390004,0.39668700374293964,0.28820237462099746,-0.17931112694336523,-0.1480224029146724,1.6108873815714866,0.12096493749943056,-4.577181006511626,-2.6248005623895008,-1.926695023209769,0.0,-14.910592801003506
75,-9.58211089254548,-1.9259986695118079,-2.586219659137238,-4.6690526521213584,0.17462413828154033,1.5620360092821968,-0.13436731226595278,-0.1652620396660188,0.3073776568488273,0.3748814778963092,-0.5320444640390445,0.28620222179984506,-0.11848333573333067,0.0692443211262298,-0.14782689033406032,0.059490706295809874,-0.036800348662076834,0.059988003062809,-0.05895467837794522,0.020424948166007175,-5.9250155902855865e-06,0.005732283211689301,-0.05895467837794524,0.05998800306280893,-0.036800348662076904,0.059490706295809874,-0.14782689033406024,0.0692443211262298,-0.11848333573333071,0.28620222179984517,-0.5320444640390443,0.37488147789630927,0.30737765684882723,-0.16526203966601877,-0.13436731226595275,1.5620360092821968,0.17462413828154033,-4.6690526521213584,-2.5862196591372384,-1.9259986695118079,0.0,-14.93617972414842
76,-9.607597459640383,-1.9251906022972158,-2.547038731579688,-4.758487024449767,0.22812129149819171,1.510919834111569,-0.1204316960832097,-0.1507433631188432,0.32541224350400183,0.35131535163590205,-0.5285532382794655,0.2940201622236292,-0.11117916374405583,0.0580154161290236,-0.1420847057681904,0.06205451006796193,-0.03396599995744032,0.052902575490821564,-0.05609130046760101,0.018507926469314418,-0.0012174549340216224,0.005398605779780569,-0.05609130046760102,0.05290257549082147,-0.033965999957440395,0.06205451006796193,-0.14208470576819032,0.0580154161290236,-0.11117916374405587,0.29402016222362926,-0.5285532382794654,0.35131535163590205,0.32541224350400194,-0.15074336311884315,-0.12043169608320964,1.5109198341115688,0.22812129149819185,-4.758487024449767,-2.5470387315796885,-1.9251906022972158,0.0,-14.959319804853678
77,-9.631395548592582,-1.9242708684362393,-2.5072668700154117,-4.845437438222053,0.2814067529047623,1.4576129696268463,-0.10624464846757292,-0.1357963518738652,0.34223920723284473,0.32609930135970416,-0.5219977169952773,0.29977576246260956,-0.10294701856699727,0.04621827720343061,-0.13472874331594856,0.0638093384012359,-0.030627920173825773,0.04493158434782925,-0.05217544677850904,0.01620404028834896,-0.0024007929177695068,0.004927129337864745,-0.05217544677850907,0.04493158434782916,-0.03062792017382584,0.06380933840123591,-0.13472874331594847,0.046218277203430615,-0.10294701856699731,0.2997757624626097,-0.5219977169952773,0.32609930135970416,0.34223920723284457,-0.13579635187386513,-0.10624464846757296,1.457612969626846,0.2814067529047623,-4.845437438222053,-2.5072668700154117,-1.9242708684362393,0.0,-14.98006928190443
78,-9.653544236034403,-1.9232395212761122,-2.466913301844531,-4.9298585048045735,0.33443107470222405,1.4021927056853452,-0.09183578844647916,-0.12046347760885685,0.3577961022374941,0.2993517521998378,-0.5124159059219058,0.3034286511165029,-0.09385561100861367,0.03396845182015251,-0.1258425509529894,0.06473231442464354,-0.02683561453802531,0.03620846017696809,-0.047280592896482676,0.01356144692159044,-0.0035285370596142007,0.004329888286968288,-0.0472805928964827,0.03620846017696801,-0.026835614538025365,0.06473231442464354,-0.12584255095298932,0.033968451820152554,-0.09385561100861371,0.30342865111650297,-0.5124159059219057,0.29935175219983784,0.3577961022374939,-0.12046347760885683,-0.09183578844647909,1.4021927056853454,0.33443107470222405,-4.9298585048045735,-2.4669133018445315,-1.9232395212761118,0.0,-14.998499915721855
79,-9.67408259859816,-1.9220966206379664,-2.4259873894279065,-5.011706155897978,0.3871450514236697,1.3447393963715513,-0.07723519813650803,-0.10478830842478702,0.3720251960157313,0.271198321848547,-0.4998633557563541,0.30495320579599905,-0.0839808238347874,0.021385921302500215,-0.11552705678872381,0.06481140573420982,-0.022645324650820014,0.026879223865111698,-0.04149858399373927,0.010635383541159062,-0.0045745728083735025,0.003622127160384847,-0.041498583993739284,0.02687922386511161,-0.022645324650820066,0.0648114057342098,-0.11552705678872374,0.021385921302500253,-0.08398082383478747,0.3049532057959991,-0.49986335575635393,0.271198321848547,0.3720251960157313,-0.10478830842478698,-0.07723519813650799,1.3447393963715515,0.38714505142366984,-5.011706155897978,-2.4259873894279065,-1.9220966206379664,0.0,-15.01469925249133
80,-9.693049712916162,-1.9208422328133576,-2.3844986279149833,-5.0909376665411195,0.43949976559596265,1.2853363434913783,-0.062473359939403686,-0.08881538504780478,0.3848736836095052,0.24177123060490852,-0.484412840101183,0.3043387328454123,-0.07340507840419573,0.008593925665320632,-0.10389942273920248,0.06404558125375992,-0.01811919439870689,0.017100042323727537,-0.034937911481102056,0.007487012590211097,-0.005514677689209543,0.0028219115080995636,-0.034937911481102084,0.017100042323727457,-0.01811919439870694,0.06404558125375992,-0.10389942273920241,0.008593925665320693,-0.07340507840419581,0.3043387328454124,-0.48441284010118313,0.24177123060490852,0.3848736836095051,-0.08881538504780477,-0.06247335993940374,1.2853363434913783,0.43949976559596265,-5.0909376665411195,-2.3844986279149833,-1.9208422328133574,0.0,-15.028770581573067
81,-9.710484655620723,-1.9194764305604222,-2.3424566430408444,-5.167511677413742,0.4914466331341345,1.2240696757925145,-0.047581092902399966,-0.07259009426752493,0.3962938835670676,0.21120868041293517,-0.4661539335584312,0.30158954235099283,-0.06221664672635844,-0.004282243463439326,-0.09109171381873139,0.06244482467657418,-0.013324348332070116,0.007034614330180329,-0.02772167731652682,0.0041821433265397945,-0.006327082210163734,0.0019496667749726781,-0.027721677316526847,0.0070346143301802475,-0.013324348332070166,0.06244482467657418,-0.09109171381873128,-0.0042822434634393084,-0.06221664672635851,0.30158954235099295,-0.46615393355843115,0.21120868041293508,0.3962938835670676,-0.07259009426752487,-0.047581092902399945,1.2240696757925147,0.49144663313413434,-5.167511677413743,-2.3424566430408458,-1.9194764305604224,0.0,-15.040832566380836
82,-9.726426503344154,-1.9179992930996592,-2.2998711888929586,-5.2413882164262935,0.5429374484264031,1.1610282240859724,-0.03258948837571392,-0.05615853997123855,0.4062434148914911,0.17965420580737132,-0.4451924924194825,0.2967249179087684,-0.05050891468637068,-0.017116470015761897,-0.07724939816421658,0.06003000431267784,-0.008331896177863342,-0.0031485697107630486,-0.019985284166891895,0.0007898562354928085,-0.00699297396631557,0.0010276569427824062,-0.019985284166891926,-0.003148569710763135,-0.008331896177863379,0.06003000431267784,-0.0772493981642165,-0.017116470015761862,-0.05050891468637074,0.2967249179087685,-0.44519249241948244,0.17965420580737132,0.4062434148914911,-0.056158539971238465,-0.032589488375713814,1.1610282240859726,0.5429374484264031,-5.2413882164262935,-2.2998711888929595,-1.9179992930996592,0.0,-15.0510185341371
83,-9.740914332718765,-1.9164109061093304,-2.25675214564815,-5.312528719585586,0.5939244290679769,1.096303392449903,-0.017529845101537926,-0.03956741214050322,0.41468535431890513,0.14725599981540743,-0.4216500409615894,0.28977898136397323,-0.038379602585923836,-0.029783048731593202,-0.06252969482874798,0.056832601038506084,-0.003215878250328318,-0.01327904821495793,-0.011873894763975346,-0.002618940934395267,-0.007496933268302365,7.941624375004651e-05,-0.011873894763975384,-0.013279048214958003,-0.0032158782503283493,0.056832601038506084,-0.0625296948287479,-0.029783048731593167,-0.03837960258592391,0.28977898136397334,-0.4216500409615895,0.14725599981540743,0.41468535431890496,-0.039567412140503154,-0.017529845101537996,1.0963033924499028,0.593924429067977,-5.312528719585587,-2.256752145648151,-1.9164109061093304,0.0,-15.059475415694052
84,-9.753987220376874,-1.914711361720495,-2.2131095172803184,-5.380896051125444,0.6443602602021348,1.0299890257024245,-0.002433603870049858,-0.02286385418235544,0.42158837334278065,0.11416621798016377,-0.3956630669090079,0.2808004534708207,-0.025929949506482752,-0.042157916383205825,-0.04709978810994798,0.052894297895535854,0.0019478326002158796,-0.023187241863497264,-0.003539708126295043,-0.005972995330391012,-0.007827290207589764,-0.0008708515489827287,-0.003539708126295086,-0.023187241863497337,0.0019478326002158558,0.05289429789553585,-0.047099788109947915,-0.04215791638320577,-0.025929949506482863,0.2808004534708208,-0.3956630669090078,0.11416621798016381,0.4215883733427805,-0.022863854182355387,-0.0024336038700498923,1.0299890257024245,0.6443602602021348,-5.380896051125444,-2.2131095172803197,-1.9147113617204956,0.0,-15.066362332853014
85,-9.765684242950806,-1.9129007585116635,-2.1689534292394326,-5.446454522891783,0.6941981384274243,0.9621812733356037,0.012667718121138833,-0.0060953289721232705,0.42692685447575957,0.08054026377454021,-0.3673822301433168,0.26985231215141786,-0.01326386830245179,-0.054119866916620823,-0.03113492869448937,0.04826643668809416,0.007082656215919214,-0.03270729227863286,0.004860896245253154,-0.009202198368138384,-0.007976394890128835,-0.0017988909208586953,0.004860896245253128,-0.03270729227863293,0.007082656215919203,0.048266436688094154,-0.03113492869448934,-0.05411986691662078,-0.013263868302451874,0.2698523121514179,-0.3673822301433167,0.08054026377454021,0.42692685447575957,-0.00609532897212315,0.012667718121138868,0.9621812733356032,0.6941981384274246,-5.446454522891782,-2.168953429239433,-1.9129007585116635,0.0,-15.071848837209851
86,-9.776044477072878,-1.9109792015030804,-2.1242941261023427,-5.5091699129720375,0.7433918152302462,0.8929784501078867,0.027742593067054004,0.01069051601152556,0.4306809863175744,0.04653605876142713,-0.33697148925043935,0.2570113507508915,-0.0004870782773029746,-0.06555173860834644,-0.014816443185713558,0.04300934866442158,0.012112440849636275,-0.04167983841293828,0.013170292612735031,-0.012239051186007401,-0.00794079458074748,-0.002681013736105638,0.013170292612734991,-0.04167983841293835,0.012112440849636268,0.04300934866442156,-0.014816443185713518,-0.06555173860834637,-0.00048707827730309515,0.25701135075089154,-0.3369714892504393,0.04653605876142716,0.4306809863175744,0.010690516011525646,0.02774259306705391,0.8929784501078863,0.7433918152302464,-5.509169912972037,-2.124294126102343,-1.9109792015030804,0.0,-15.076112811380469
87,-9.785106999375369,-1.908946802150634,-2.079141969195956,-5.569009483559217,0.7918956399025127,0.8224808934970993,0.04275954837757499,0.02744598407608218,0.4328368370762562,0.01231330092791161,-0.30460715096821966,0.24236763938724842,0.01229377721808746,-0.0763415616097866,0.0016703253781491178,0.03719156800658664,0.016962592529638134,-0.04995468417629914,0.021232566630434154,-0.015020075549353855,-0.007721313656240884,-0.0034947038756357406,0.021232566630434116,-0.04995468417629916,0.016962592529638148,0.037191568006586635,0.001670325378149191,-0.07634156160978657,0.012293777218087358,0.24236763938724842,-0.30460715096821966,0.012313300927911575,0.4328368370762561,0.027445984076082282,0.04275954837757499,0.8224808934970991,0.7918956399025129,-5.569009483559217,-2.0791419691959567,-1.908946802150634,0.0,-15.079338050386292
88,-9.79291088649063,-1.906803678339388,-2.033507434193319,-5.625941998041226,0.839664601904553,0.7507908182206936,0.0576872323843768,0.04412346484453575,0.433386406269789,-0.02196728532334904,-0.27047684804540056,0.22602389317421237,0.02497202089979997,-0.0863836546396579,0.018138122623855304,0.03088893838261305,0.02156118132181317,-0.05739331264594317,0.028896440862196986,-0.017487140713069164,-0.007323034515731222,-0.0042191919593064986,0.028896440862196976,-0.05739331264594321,0.021561181321813176,0.030888938382613043,0.01813812262385534,-0.08638365463965783,0.024972020899799878,0.22602389317421243,-0.27047684804540056,-0.02196728532334901,0.433386406269789,0.04412346484453584,0.05768723238437682,0.7507908182206932,0.8396646019045533,-5.625941998041225,-2.033507434193319,-1.9068036783393882,0.0,-15.081711547867789
89,-9.799495215050952,-1.9045499543767492,-1.9874011086831804,-5.679937737306556,0.8866543726339574,0.6780121680341809,0.0724944797954169,0.060675569539448505,0.4323276544163435,-0.05614470400322971,-0.2347784514378772,0.20809475174850245,0.03744183194845962,-0.09557966008282404,0.03439990965169584,0.024183624208279072,0.025840008082989932,-0.06387120477284793,0.03601811329357466,-0.019588678507493157,-0.006755179890344921,-0.004835985482800286,0.03601811329357464,-0.06387120477284795,0.025840008082989956,0.02418362420827905,0.03439990965169589,-0.095579660082824,0.03744183194845953,0.20809475174850245,-0.2347784514378772,-0.05614470400322964,0.4323276544163434,0.0606755695394486,0.07249447979541682,0.6780121680341803,0.8866543726339575,-5.679937737306556,-1.9874011086831804,-1.9045499543767492,0.0,-15.083420518501471
90,-9.80489906168866,-1.9021857609852524,-1.9408336897135798,-5.730968515257856,0.9328213465615997,0.6042504650226244,0.08715037676031488,0.07705526563735937,0.42966451060290684,-0.09005844364072572,-0.19771892314878914,0.18870597515514964,0.049599129258217044,-0.10383950735723808,0.0502709873967254,0.017163039508303557,0.029735615884949957,-0.06927992377050037,0.042463955578001554,-0.02128076124918881,-0.0060308992774976335,-0.005329340837418247,0.04246395557800153,-0.06927992377050037,0.02973561588494999,0.017163039508303533,0.05027098739672547,-0.10383950735723808,0.04959912925821694,0.18870597515514964,-0.1977189231487891,-0.09005844364072578,0.4296645106029068,0.0770552656373594,0.0871503767603149,0.6042504650226241,0.9328213465615999,-5.730968515257855,-1.9408336897135803,-1.9021857609852524,0.0,-15.084649194379683
91,-9.809161503036053,-1.8997112352949812,-1.8938159813100433,-5.779007693525221,0.9781226816966572,0.5296126566037017,0.1016243254107846,0.09321601051089791,0.4254068579042235,-0.12354923111203928,-0.1595131163631249,0.16799356173113952,0.06134244016495565,-0.11108229511326265,0.06557109441448138,0.009918708340851205,0.0331902311092567,-0.07352893029434716,0.04811302038814822,-0.02252801994540061,-0.005166964445210729,-0.005686665164518494,0.048113020388148214,-0.07352893029434715,0.033190231109256736,0.009918708340851196,0.06557109441448145,-0.11108229511326258,0.06134244016495557,0.16799356173113955,-0.159513116363125,-0.12354923111203928,0.4254068579042234,0.09321601051089803,0.10162432541078466,0.5296126566037015,0.9781226816966575,-5.7790076935252195,-1.893815981310044,-1.8997112352949816,0.0,-15.085575439030974
92,-9.81232161572545,-1.8971265208356125,-1.8463588919689637,-5.824030195371599,1.0225163393430883,0.4542069604641749,0.11588610774137442,0.10911188367886725,0.41957049670615437,-0.1564597796538696,-0.12038252983307937,0.14610279417479302,0.07257374740275727,-0.11723708362463726,0.08012645426484039,0.0025450716414664367,0.036152620256040456,-0.07654709802670774,0.05285931082546375,-0.023304383599301086,-0.004183381057498509,-0.0058988377872940135,0.05285931082546375,-0.07654709802670773,0.03615262025604051,0.00254507164146642,0.08012645426484041,-0.11723708362463721,0.07257374740275717,0.14610279417479302,-0.1203825298330794,-0.1564597796538696,0.4195704967061543,0.10911188367886733,0.11588610774137437,0.45420696046417464,1.0225163393430887,-5.824030195371597,-1.8463588919689642,-1.8971265208356127,0.0,-15.086367228074986
93,-9.814418476389191,-1.8944317675280913,-1.7984734321267368,-5.866012518782987,1.0659611231106687,0.3781427076545911,0.12990594869714736,0.12469771728850862,0.41217708606956727,-0.1886355275479224,-0.08055402373563228,0.12318722049202312,0.08319930721938033,-0.12224358960999358,0.09377174924011739,-0.004861743958950269,0.03857884975987899,-0.07828390429699066,0.056613769305571694,-0.023593624162595788,-0.003102925414203566,-0.005960443015368119,0.05661376930557169,-0.07828390429699066,0.038578849759879054,-0.004861743958950291,0.0937717492401174,-0.12224358960999351,0.08319930721938024,0.1231872204920231,-0.08055402373563221,-0.18863552754792237,0.41217708606956704,0.12469771728850869,0.12990594869714742,0.3781427076545912,1.0659611231106687,-5.866012518782987,-1.7984734321267375,-1.8944317675280913,0.0,-15.087179050091867
94,-9.815491161659553,-1.8916271316759368,-1.75017071160525,-5.904932748736628,1.1084167171443806,0.3015301840697092,0.1436545783365924,0.13992922445918551,0.40325406335235736,-0.21992536400746648,-0.04025850444718506,0.09940757696739752,0.09313043182222985,-0.12605277667946543,0.10635199802008466,-0.012205179291782954,0.040432937544362106,-0.07871027580680572,0.05930594860083272,-0.02338969574453971,-0.0019506170327412285,-0.005869908379887523,0.059305948600832714,-0.07871027580680567,0.04043293754436217,-0.012205179291782971,0.10635199802008463,-0.12605277667946538,0.09313043182222977,0.0994075769673975,-0.04025850444718506,-0.2199253640074665,0.40325406335235736,0.13992922445918557,0.14365457833659237,0.3015301840697092,1.108416717144381,-5.904932748736625,-1.7501707116052503,-1.8916271316759365,0.0,-15.08814828502394
95,-9.815578748168884,-1.8887127759561733,-1.7014619370343125,-5.940770568640774,1.1498437235366903,0.22448047054449688,0.15710329293998296,0.1547631251228005,0.39283454238788734,-0.2501823388568709,0.0002704141397066451,0.07493066071459109,0.10228422962401891,-0.12862733562324496,0.11772431592777147,-0.019389501447131138,0.041687386652492574,-0.07781907530294165,0.06088533368526798,-0.02269686098700205,-0.000753139284887793,-0.005629544770672581,0.06088533368526798,-0.0778190753029416,0.04168738665249264,-0.01938950144713116,0.11772431592777143,-0.12862733562324488,0.10228422962401881,0.07493066071459112,0.0002704141397066451,-0.25018233885687086,0.3928345423878872,0.15476312512280052,0.1571032929399829,0.22448047054449674,1.1498437235366903,-5.940770568640774,-1.7014619370343125,-1.8887127759561735,0.0,-15.08939162021405
96,-9.814720312549463,-1.8856888694098972,-1.6523584092516235,-5.973507270940078,1.1902036988879838,0.14710528179754104,0.1702240149356057,0.16915726900337108,0.3809571905977099,-0.27926435267116956,0.04079776499646624,0.04992815971447726,0.11058429710955274,-0.12994204983788263,0.12775953779330965,-0.02632105179869521,0.04232359303894408,-0.0756252210515388,0.061322289579249144,-0.021529601964006887,0.0004617784953921099,-0.00524548745092691,0.06132228957924915,-0.07562522105153874,0.04232359303894415,-0.026321051798695223,0.12775953779330967,-0.12994204983788263,0.11058429710955266,0.04992815971447724,0.040797764996466174,-0.27926435267116967,0.38095719059770977,0.16915726900337114,0.17022401493560574,0.14710528179754068,1.190203698887984,-5.97350727094008,-1.6523584092516237,-1.8856888694098972,0.0,-15.091001565932892
97,-9.812954931433636,-1.8825555874324713,-1.602871520680885,-6.003125766881046,1.2294591899812444,0.06951680445538297,0.18298935151874873,0.18307075538632095,0.3676660854946179,-0.3070348241344698,0.0810885901834566,0.024575448547299657,0.11796135654886838,-0.12998404231115074,0.13634368499356816,-0.03290946698720244,0.04233212147643342,-0.07216543711351692,0.06060861740895865,-0.019912317468184636,0.0016660031248895734,-0.0047275394551015825,0.06060861740895865,-0.07216543711351685,0.04233212147643348,-0.032909466987202464,0.1363436849935682,-0.12998404231115065,0.11796135654886832,0.024575448547299622,0.08108859018345653,-0.3070348241344698,0.3676660854946177,0.18307075538632103,0.18298935151874873,0.06951680445538283,1.2294591899812446,-6.003125766881046,-1.602871520680886,-1.8825555874324713,0.0,-15.093043132890081
98,-9.810321681453676,-1.87931311176335,-1.5530127526886672,-6.02961059543246,1.267573768537853,-0.008172465607363075,0.19537265184106506,0.1964640493371633,0.35301055110854307,-0.3333633314830091,0.12090930302224737,-0.0009496417340018711,0.12435383423396301,-0.1287529017463692,0.14337926000514892,-0.03906885694498819,0.041712845484391074,-0.06749763860152669,0.05875770824693246,-0.017878813011645792,0.0028316490358104357,-0.004088921367171665,0.05875770824693247,-0.06749763860152663,0.04171284548439116,-0.039068856944988226,0.14337926000514892,-0.12875290174636908,0.12435383423396298,-0.0009496417340019227,0.1209093030222472,-0.3333633314830091,0.35301055110854296,0.1964640493371633,0.19537265184106506,-0.008172465607363696,1.2675737685378534,-6.02961059543246,-1.5530127526886681,-1.87931311176335,0.0,-15.095550733711862
99,-9.806859639241946,-1.8759616304755389,-1.5027936729206348,-6.052947931356142,1.30451206502228,-0.08584988637627372,0.20734806265091715,0.20929909403934358,0.33704497494233926,-0.35812622502037667,0.16002904231797418,-0.02646807096085602,0.12970837441277394,-0.12626068659086448,0.14878635376739544,-0.04471892460437983,0.04047494920472507,-0.06169996220892672,0.055804291847079905,-0.01547159420160408,0.003931724006540244,-0.0033459338662160027,0.05580429184707992,-0.061699962208926644,0.04047494920472516,-0.044718924604379845,0.14878635376739538,-0.12626068659086448,0.12970837441277389,-0.02646807096085602,0.16002904231797407,-0.35812622502037667,0.33704497494233915,0.20929909403934366,0.2073480626509171,-0.0858498863762742,1.30451206502228,-6.052947931356143,-1.5027936729206353,-1.8759616304755395,0.0,-15.098525368679613
100,-9.802607881430719,-1.8725013379646875,-1.4522259326177567,-6.073125592423806,1.3402398014642718,-0.1634028330172694,0.2188905822685365,0.22153941893203558,0.319828606136736,-0.3812072078282694,0.1982210107806647,-0.0518008456872025,0.1339802846307843,-0.1225318069291055,0.15250355327814194,-0.04978601269277231,0.03863679119685956,-0.05486945823926326,0.05180378498882113,-0.012740978261062415,0.004940754205682822,-0.0025175416527990933,0.05180378498882113,-0.05486945823926317,0.03863679119685963,-0.049786012692772344,0.1525035532781419,-0.12253180692910547,0.13398028463078424,-0.0518008456872025,0.1982210107806646,-0.38120720782826933,0.31982860613673597,0.22153941893203574,0.2188905822685365,-0.16340283301726968,1.340239801464272,-6.073125592423804,-1.4522259326177567,-1.8725013379646878,0.0,-15.10193215315474
101,-9.797605484652328,-1.8689324349378107,-1.4013212639131256,-6.090133045776243,1.3747238232680963,-0.24071886117185587,0.22997611278331492,0.23315024334061835,0.3014253355934827,-0.40249788194552394,0.23526378988601457,-0.07677027469990957,0.13713390876314624,-0.11760278539731644,0.1544886391138605,-0.05420406396782091,0.03622563217202912,-0.04712046603104711,0.04683125165776406,-0.009744042266123097,0.005835374075571161,-0.0016248893764032124,0.04683125165776409,-0.04712046603104701,0.036225632172029204,-0.054204063967820945,0.15448863911386043,-0.11760278539731644,0.1371339087631462,-0.07677027469990955,0.2352637898860145,-0.40249788194552377,0.3014253355934827,0.23315024334061843,0.22997611278331478,-0.24071886117185626,1.3747238232680963,-6.090133045776241,-1.4013212639131245,-1.8689324349378116,0.0,-15.105698240091609
102,-9.79189152553908,-1.8652551284016503,-1.3500914771100017,-6.103961413421554,1.407932129979317,-0.317685869990694,0.2405815103642476,0.24409857530537038,0.281903458872661,-0.42189825745033654,0.27094262355268534,-0.10120121539496293,0.13914292462375388,-0.1115218994612986,0.15471906495187043,-0.05791548237461683,0.033277230704651925,-0.03858269997243291,0.04097999457369461,-0.006543430084536661,0.006594867395642503,-0.0006907619198269204,0.040979994573694625,-0.03858269997243282,0.033277230704652,-0.05791548237461683,0.15471906495187038,-0.11152189946129859,0.13914292462375386,-0.10120121539496296,0.2709426235526853,-0.42189825745033654,0.28190345887266094,0.24409857530537044,0.2405815103642476,-0.31768586999069426,1.4079321299793173,-6.103961413421553,-1.3500914771100019,-1.8652551284016503,0.0,-15.109711185907313
103,-9.785505080723292,-1.8614696316506645,-1.298548457941729,-6.114603476869503,1.4398339049805504,-0.3941922646691155,0.2506846335784985,0.25435330532756123,0.26133542274406435,-0.4393172220548108,0.30505066319398777,-0.12492230227699362,0.13999056366722787,-0.1043487085611809,0.15319221364826585,-0.06087188389834444,0.029835312916564046,-0.029399078144990886,0.034359804493911475,-0.0032060429536210325,0.007201646996570393,0.0002609971832495189,0.03435980449391149,-0.029399078144990765,0.029835312916564105,-0.06087188389834444,0.15319221364826577,-0.10434870856118084,0.1399905636672278,-0.12492230227699372,0.3050506631939876,-0.4393172220548107,0.26133542274406424,0.2543533053275613,0.2506846335784985,-0.3941922646691163,1.4398339049805506,-6.1146034768695,-1.2985484579417292,-1.8614696316506651,0.0,-15.113817801807201
104,-9.778485226837292,-1.8575761642546604,-1.2467041648141464,-6.122053680899608,1.470399544088641,-0.47012711824892117,0.26026438961720527,0.26388529476656225,0.2397975563332077,-0.45467296900641707,0.3373901669257436,-0.1477671489651016,0.13966975095003756,-0.09615347075449719,0.14992542696306382,-0.06303472732390857,0.02595092399893661,-0.019723329944025734,0.027094900141310985,0.00019835893207358104,0.007641662016677262,0.001206094352683552,0.027094900141311017,-0.019723329944025644,0.025950923998936667,-0.0630347273239086,0.14992542696306377,-0.09615347075449712,0.13966975095003759,-0.14776714896510168,0.33739016692574336,-0.4546729690064169,0.23979755633320765,0.26388529476656225,0.26026438961720516,-0.47012711824892145,1.4703995440886413,-6.122053680899607,-1.2467041648141455,-1.8575761642546604,0.0,-15.117823525551717
105,-9.770871040513372,-1.8535749520460538,-1.1945706260311344,-6.126308136461014,1.4996006830267332,-0.5453803324518635,0.2693007783320188,0.27266745863679687,0.21736978785969932,-0.46789338128676194,0.367773645977898,-0.1695755152737694,0.13818316418255464,-0.0870164545712982,0.14495580859496,-0.06437581667961433,0.0216816711890981,-0.009717422722723865,0.019321597411625435,0.0035986145928475024,0.007904723270014666,0.002120406053692123,0.019321597411625466,-0.009717422722723792,0.02168167118909815,-0.06437581667961433,0.14495580859495993,-0.08701645457129815,0.1381831641825546,-0.16957551527376946,0.3677736459778979,-0.4678933812867619,0.2173697878596992,0.27266745863679687,0.2693007783320188,-0.5453803324518637,1.499600683026733,-6.126308136461013,-1.194570626031135,-1.8535749520460543,0.0,-15.121492340709146
106,-9.76270159838384,-1.8494662271067757,-1.1421599370039557,-6.127364622702589,1.5274102237457239,-0.6198427973116267,0.2777749339904398,0.28067484256926617,0.19413534801917445,-0.4789163703033072,0.39602495166354773,-0.19019443118263132,0.13554321137915035,-0.07702715282135648,0.13833980276279403,-0.06487766881477817,0.01709086942925615,0.0004511494631370972,0.011185751593922202,0.006923649716038976,0.007984739191741403,0.0029805945482783676,0.011185751593922245,0.0004511494631371833,0.0170908694292562,-0.06487766881477817,0.13833980276279395,-0.07702715282135644,0.13554321137915037,-0.19019443118263138,0.3960249516635475,-0.4789163703033072,0.19413534801917434,0.2806748425692663,0.27777493399043984,-0.6198427973116271,1.527410223745724,-6.127364622702589,-1.1421599370039557,-1.849466227106776,0.0,-15.124547261805157
107,-9.754015977081037,-1.8452502277548037,-1.0894842574450156,-6.125222588132227,1.5538023595706922,-0.6934065493728466,0.28566916466277653,0.28788469371896314,0.17018046110955684,-0.4876901674834034,0.4219802966036601,-0.20947926981125736,0.1317719272928853,-0.06628340605385617,0.13015255312013743,-0.06453374131933434,0.01224660237738513,0.010612169624811584,0.0028400205975629496,0.010103962296641945,0.007879856897142061,0.003764703589253909,0.0028400205975629925,0.010612169624811664,0.012246602377385174,-0.06453374131933434,0.13015255312013732,-0.06628340605385614,0.1317719272928853,-0.20947926981125745,0.42198029660366,-0.4876901674834034,0.17018046110955676,0.2878846937189631,0.28566916466277653,-0.6934065493728471,1.5538023595706925,-6.125222588132226,-1.089484257445016,-1.8452502277548037,0.0,-15.12667139460559
108,-9.744853253237254,-1.8409271985303464,-1.0365558085467108,-6.119883150904722,1.5787525991489555,-0.765964928227799,0.29296698915849456,0.2942765254166936,0.14559402504789537,-0.49417356740118495,0.44548920428692185,-0.22729476187280512,0.1269007894992126,-0.05489044425487054,0.12048704928436034,-0.06334851781415529,0.007220712695910831,0.020595547190792637,-0.005558999462611229,0.013073075412546254,0.00759250508785985,0.004452718851811269,-0.005558999462611181,0.020595547190792707,0.007220712695910859,-0.06334851781415528,0.12048704928436021,-0.05489044425487055,0.12690078949921266,-0.22729476187280515,0.44548920428692174,-0.4941735674011851,0.1455940250478953,0.2942765254166936,0.2929669891584945,-0.7659649282277989,1.5787525991489555,-6.119883150904724,-1.0365558085467113,-1.8409271985303461,0.0,-15.127509571219724
109,-9.735252503484816,-1.8364973901816537,-0.9833868701460095,-6.111349098238101,1.6022377891775328,-0.8374127311637931,0.2996531714348438,0.2998321753815982,0.12046728146525211,-0.49833612129550797,0.46641538145962624,-0.2435159444908762,0.12097045566378023,-0.04295985616875331,0.1094530706737786,-0.06133744950019674,0.002087736592665948,0.03023416524085482,-0.013853712576080732,0.015768926767565677,0.00712933781178769,0.005027078797672309,-0.013853712576080684,0.03023416524085487,0.002087736592665972,-0.06133744950019673,0.10945307067377849,-0.04295985616875332,0.12097045566378026,-0.2435159444908763,0.46641538145962613,-0.4983361212955078,0.12046728146525199,0.2998321753815983,0.29965317143484377,-0.8374127311637936,1.6022377891775328,-6.111349098238099,-0.9833868701460097,-1.8364973901816537,0.0,-15.126670549965054
110,-9.725252804456035,-1.8319610596504756,-0.9299897778754304,-6.099624884958657,1.6242361358889303,-0.9076463656970505,0.3057137524059277,0.3045358573289639,0.09489347710393682,-0.500158280070082,0.4846375082879073,-0.2580290377243085,0.11403042418726471,-0.03060849633846014,0.0971759396486293,-0.058526753728463735,-0.003076201584646038,0.039366677962610466,-0.021888479908109854,0.018135165957138974,0.006501080378938834,0.005473122932043401,-0.02188847990810982,0.0393666779626105,-0.003076201584646019,-0.058526753728463735,0.09717593964862924,-0.030608496338460175,0.11403042418726479,-0.2580290377243087,0.4846375082879073,-0.5001582800700821,0.0948934771039368,0.3045358573289639,0.30571375240592763,-0.9076463656970507,1.6242361358889303,-6.099624884958655,-0.9299897778754306,-1.8319610596504758,0.0,-15.123729760174907
111,-9.714893232783226,-1.8273184700571583,-0.8763769203010727,-6.084716631175523,1.644727225275305,-0.9765639997718991,0.311136079085802,0.30837420582668273,0.06896751777366249,-0.499631486104215,0.5000499417113411,-0.27073224265171264,0.10613862105971412,-0.01795734056982991,0.08379509811752157,-0.05495307221674604,-0.008194518306816735,0.04784021150250724,-0.029512540147508825,0.020122332340428938,0.005722281001338479,0.005779466011651912,-0.02951254014750879,0.04784021150250727,-0.008194518306816721,-0.05495307221674603,0.08379509811752149,-0.017957340569829935,0.10613862105971414,-0.2707322426517128,0.5000499417113409,-0.4996314861042149,0.06896751777366235,0.30837420582668273,0.31113607908580204,-0.9765639997718998,1.6447272252753045,-6.084716631175524,-0.8763769203010736,-1.827318470057159,0.0,-15.118232562546474
112,-9.704212865098686,-1.8225698906853824,-0.8225607360483658,-6.066632119085932,1.663692042032235,-1.0440657094075219,0.3159088310047647,0.31133631427289954,0.04278561615080917,-0.496758213442982,0.5125633279102131,-0.281536455417763,0.09736091637278052,-0.005130301030019287,0.06946252377606447,-0.05066299336879038,-0.013191306631367132,0.05551292300032516,-0.03658283833440351,0.02168888889818546,0.004810973908074919,0.005938288652231872,-0.03658283833440348,0.0555129230003252,-0.013191306631367125,-0.05066299336879038,0.06946252377606438,-0.005130301030019313,0.09736091637278059,-0.28153645541776307,0.5125633279102129,-0.49675821344298204,0.04278561615080894,0.3113363142728996,0.3159088310047647,-1.0440657094075225,1.663692042032235,-6.066632119085932,-0.8225607360483662,-1.8225698906853827,0.0,-15.109697986406385
113,-9.693250778034757,-1.8177155969665424,-0.7685537109162085,-6.045380788912854,1.6811129872045287,-1.1100536235781742,0.32002204384367966,0.3134137658869356,0.01644493472783343,-0.49155195617807496,0.5221051203356613,-0.2903658922327218,0.08777057452534462,0.007746987414351676,0.05434100396580877,-0.04571244492320986,-0.01799246193669611,0.06225637497017143,-0.042966710088966784,0.022802090466016126,0.0037882617365698006,0.005945536917724349,-0.042966710088966756,0.06225637497017147,-0.01799246193669612,-0.045712444923209854,0.05434100396580867,0.007746987414351658,0.08777057452534467,-0.2903658922327219,0.5221051203356613,-0.49155195617807496,0.01644493472783339,0.31341376588693554,0.32002204384367966,-1.1100536235781746,1.681112987204529,-6.045380788912854,-0.7685537109162092,-1.8177155969665428,0.0,-15.097622896597958
114,-9.68204604822373,-1.8127558704637725,-0.7143683749801572,-6.020973733977161,1.6969738945176915,-1.1744320661168162,0.3234671302369986,0.3146006576254269,-0.00995677476214291,-0.48403716507389616,0.5286200002994093,-0.2971586209412738,0.07744764271147048,0.020548397732091116,0.03860228675876677,-0.040165964849880754,-0.022526780926998294,0.06795768528198122,-0.048544370875267084,0.02343866819469871,0.002677826870403279,0.005801025796693083,-0.048544370875267064,0.06795768528198122,-0.02252678092699831,-0.040165964849880754,0.0386022867587667,0.020548397732091064,0.07744764271147053,-0.29715862094127393,0.528620000299409,-0.48403716507389627,-0.009956774762142953,0.31460065762542694,0.3234671302369986,-1.1744320661168168,1.6969738945176918,-6.020973733977162,-0.7143683749801574,-1.8127558704637734,0.0,-15.081486534745268
115,-9.67063775229794,-1.8076909988556156,-0.6600172996853467,-5.993423694906841,1.7112600453798867,-1.2371076944364066,0.32623689770104414,0.31489361695572204,-0.03632153410744848,-0.47424913273652936,0.5320701976847108,-0.3018669954320974,0.0664782827947663,0.03314854608284929,0.022425130267229813,-0.034095859998806925,-0.026727017609213657,0.0725214167538727,-0.05321116359263613,0.023585315930509592,0.00150538303937542,0.005508443924727595,-0.053211163592636106,0.07252141675387273,-0.026727017609213675,-0.03409585999880691,0.022425130267229764,0.03314854608284926,0.06647828279476635,-0.30186699543209755,0.5320701976847104,-0.47424913273652936,-0.03632153410744858,0.31489361695572204,0.3262368977010441,-1.2371076944364074,1.7112600453798874,-5.99342369490684,-0.6600172996853467,-1.8076909988556165,0.0,-15.06075537258711
116,-9.659064966889684,-1.8025212759193348,-0.6055130949298113,-5.962745052986295,1.7239581825404862,-1.2979896348677318,0.3283255636501274,0.3142918114388756,-0.06255150222045322,-0.4622338278648813,0.532435709919183,-0.30445798984110173,0.054954052145759574,0.04542401989332539,0.005993272334544742,-0.027581263469751115,-0.030530880581394745,0.07587117472449233,-0.056879522321608346,0.023238968348936146,0.0002980798807998392,0.005075259432294808,-0.05687952232160831,0.07587117472449233,-0.030530880581394772,-0.027581263469751087,0.005993272334544698,0.04542401989332532,0.05495405214575968,-0.3044579898411018,0.5324357099191829,-0.4622338278648813,-0.0625515022204532,0.3142918114388756,0.3283255636501274,-1.2979896348677322,1.7239581825404862,-5.962745052986294,-0.6055130949298105,-1.8025212759193354,0.0,-15.03488820904911
117,-9.647366768631256,-1.7972470015138748,-0.5508684061388831,-5.928953822649258,1.7350565223925205,-1.356989614417537,0.3297287674691485,0.31279695109500955,-0.08854933823128341,-0.4480476793624216,0.5297144179400277,-0.30491343020413464,0.04297113944488271,0.057254586625832715,-0.010506656333186728,-0.020707102991260863,-0.033881956842256075,0.07795088586276039,-0.05948061537745154,0.02240686502804491,-0.000916125749723678,0.004512529321265692,-0.059480615377451536,0.07795088586276035,-0.033881956842256124,-0.020707102991260842,-0.010506656333186797,0.05725458662583269,0.042971139444882754,-0.30491343020413464,0.5297144179400275,-0.4480476793624217,-0.08854933823128344,0.31279695109500966,0.3297287674691484,-1.356989614417537,1.7350565223925205,-5.928953822649258,-0.5508684061388831,-1.7972470015138753,0.0,-15.003341437863146
118,-9.635582234155015,-1.7918684815624695,-0.49609591133135106,-5.892067643119136,1.7445447659076236,-1.414022088755929,0.3304435796174773,0.31041328354432035,-0.11421856272520152,-0.43175731132341993,0.5239220984793296,-0.30323012193428284,0.030629561829551448,0.06852437139989984,-0.026887251892132587,-0.013562993757846899,-0.03673054842139383,0.07872573680835981,-0.060965636841659274,0.021106399122203127,-0.0021091171598466704,0.003834617235766924,-0.06096563684165927,0.07872573680835976,-0.03673054842139389,-0.01356299375784687,-0.026887251892132633,0.06852437139989978,0.030629561829551524,-0.30323012193428295,0.5239220984793295,-0.43175731132342,-0.11421856272520156,0.31041328354432035,0.3304435796174773,-1.4140220887559294,1.744544765907624,-5.892067643119133,-0.49609591133135106,-1.7918684815624706,0.0,-14.965574408958396
119,-9.616914872161303,-1.786386028034898,-0.4412083181780543,-5.852105769201243,1.7524141081933147,-1.4690043662474757,0.330468507745105,0.3071475819375381,-0.13946391578307782,-0.41343923013829864,0.5150923325982101,-0.2994198722296041,0.0180323300864664,0.07912299193265211,-0.04296246586694355,-0.006242070158873713,-0.03903440942257282,0.07818275693057906,-0.06130672233759971,0.019364753799271977,-0.0032532689032612368,0.003058826831235514,-0.06130672233759972,0.07818275693057901,-0.039034409422572885,-0.006242070158873693,-0.0429624658669436,0.07912299193265207,0.018032330086466496,-0.29941987222960414,0.5150923325982099,-0.41343923013829875,-0.13946391578307785,0.30714758193753805,0.33046850774510506,-1.469004366247476,1.752414108193315,-5.852105769201243,-0.4412083181780537,-1.786386028034898,0.0,-14.921054804622306
120,-9.584696790992325,-1.7807999589293872,-0.38621836105359747,-5.809089061231677,1.7586572466637564,-1.5218567278461725,0.32980349980830026,0.3030091257101346,-0.1641917104962461,-0.39317946518758384,0.5032763110001084,-0.29350940725411606,0.005284588856981309,0.08894663968176328,-0.05854971826288337,0.0011602283706363763,-0.04075937254939683,0.0763310354504076,-0.06049747186705623,0.017218334040693263,-0.004322086486974721,0.002204960099903943,-0.06049747186705624,0.07633103545040756,-0.040759372549396884,0.0011602283706363807,-0.058549718262883424,0.08894663968176321,0.0052845888569814205,-0.2935094072541161,0.5032763110001084,-0.39317946518758384,-0.16419171049624615,0.3030091257101346,0.32980349980830026,-1.521856727846173,1.7586572466637558,-5.809089061231677,-0.38621836105359764,-1.7807999589293875,0.0,-14.869263950618434
121,-9.53915996674312,-1.7751105982541695,-0.33113879808187147,-5.763039974188094,1.7632683878164004,-1.5725025426804369,0.3284499441782632,0.29800967421496527,-0.18831018064382996,-0.37107316481190655,0.48854253725189306,-0.28554018467295855,-0.007507260968058889,0.09789909660168573,-0.07347197128344991,0.008547401548994622,-0.04187985582170448,0.07320156929136529,-0.05855306989735421,0.014712005681346547,-0.005290819889720186,0.0012948119264248666,-0.058553069897354225,0.0732015692913652,-0.041879855821704545,0.00854740154899463,-0.07347197128344995,0.09789909660168566,-0.0075072609680587946,-0.2855401846729586,0.48854253725189306,-0.3710731648119066,-0.1883101806438301,0.2980096742149653,0.32844994417826306,-1.5725025426804373,1.7632683878164006,-5.763039974188093,-0.331138798081872,-1.7751105982541695,0.0,-14.809701983082482
122,-9.480536375508743,-1.769318276008688,-0.27598240817606523,-5.713982545968079,1.7662432526082403,-1.6208683791605472,0.32641066674255176,0.29216343330826866,-0.21172982124229037,-0.3472241494555497,0.47097643063337813,-0.27556810285665984,-0.02023645033895058,0.10589267755450704,-0.08755974010049615,0.01582314627659573,-0.04237924196785816,0.0688467442059684,-0.055510000445804716,0.011898157595250982,-0.0061370366845940215,0.0003516137750653928,-0.055510000445804744,0.06884674420596834,-0.04237924196785822,0.01582314627659575,-0.08755974010049618,0.10589267755450696,-0.020236450338950475,-0.2755681028566599,0.470976430633378,-0.34722414945554975,-0.21172982124229034,0.29216343330826866,0.32641066674255176,-1.6208683791605472,1.7662432526082403,-5.7139825459680775,-0.27598240817606523,-1.7693182760086876,0.0,-14.741892794097236
123,-9.409057993384234,-1.7634233281644558,-0.22076198807384667,-5.661942384841227,1.7675790804266724,-1.6668841114474269,0.3236899250053317,0.2854870149839675,-0.2343637207033949,-0.32174442408216236,0.45067983091773567,-0.2636631087942304,-0.03279673321065601,0.11284908914495793,-0.10065301783881092,0.02289261209409795,-0.04225012486636742,0.06333945786352602,-0.05142536250751222,0.008835606629904538,-0.00684114149443486,-0.0006005592916861855,-0.05142536250751223,0.06333945786352595,-0.042250124866367485,0.022892612094097944,-0.10065301783881092,0.11284908914495782,-0.03279673321065593,-0.2636631087942304,0.45067983091773556,-0.32174442408216253,-0.2343637207033949,0.28548701498396756,0.3236899250053317,-1.6668841114474269,1.7675790804266724,-5.661942384841227,-0.22076198807384806,-1.7634233281644558,0.0,-14.665388682343819
124,-9.324956796464635,-1.757426096645569,-0.1654903493684221,-5.6069466560814645,1.7672746316512873,-1.7104830211284072,0.32029339919876576,0.27799939017097164,-0.256127883367954,-0.2947536521525457,0.427770407953846,-0.24990870746529176,-0.045083273340992734,0.11870019656768382,-0.11260309291145752,0.029663637703215548,-0.04149441938200675,0.05677189957835243,-0.04637579867159783,0.0055883681790214555,-0.007386829751201092,-0.0015374031272953703,-0.046375798671597857,0.05677189957835234,-0.04149441938200682,0.02966363770321554,-0.11260309291145755,0.11870019656768374,-0.04508327334099259,-0.24990870746529176,0.4277704079538459,-0.2947536521525457,-0.2561278833679541,0.27799939017097164,0.3202933991987656,-1.7104830211284074,1.7672746316512873,-5.606946656081462,-0.16549034936842266,-1.7574260966455688,0.0,-14.579774640082645
125,-9.228464760844997,-1.7513269293088742,-0.11018031553613335,-5.549024067786615,1.7653301888042094,-1.7516018939525486,0.3162281804241021,0.26972183482760637,-0.27694154121838127,-0.26637859363492783,0.40238097947353907,-0.23440137611264258,-0.05699351932169651,0.12338869095586845,-0.12327423806483434,0.036047952430184556,-0.04012333296750841,0.04925400710515694,-0.04045605702887485,0.0022243180919409057,-0.0077614652518905635,-0.0024350048627096205,-0.04045605702887488,0.049254007105156865,-0.04012333296750848,0.03604795243018457,-0.12327423806483427,0.12338869095586834,-0.056993519321696384,-0.23440137611264267,0.4023809794735391,-0.26637859363492794,-0.2769415412183812,0.2697218348276063,0.31622818042410206,-1.7516018939525488,1.7653301888042094,-5.549024067786614,-0.11018031553613307,-1.7513269293088742,0.0,-14.484672213847396
126,-9.119813862620349,-1.7451261799237898,-0.0548447189613084,-5.488204855892608,1.7617475562879283,-1.7901811114852588,0.3115027558472177,0.2606778694863395,-0.29672745361329705,-0.23675250968706804,0.37465874107875236,-0.21724988752371963,-0.0684280605387836,0.12686865069484143,-0.13254525194952307,0.04196232696898797,-0.038157199451990115,0.040911626334110815,-0.0337772133547928,-0.0011862261106703052,-0.007956372768147466,-0.0032704532805579623,-0.03377721335479283,0.04091162633411072,-0.03815719945199019,0.04196232696898797,-0.1325452519495231,0.12686865069484138,-0.06842806053878349,-0.21724988752371968,0.37465874107875236,-0.236752509687068,-0.29672745361329717,0.2606778694863395,0.3115027558472177,-1.7901811114852595,1.7617475562879283,-5.488204855892606,-0.054844718961309505,-1.7451261799237896,0.0,-14.3797428835273
127,-8.999236077885758,-1.7388242081517913,0.0005036020409545127,-5.424520768390135,1.7565300587108454,-1.826164737549325,0.30612699097952767,0.25089319242058894,-0.31541219393184305,-0.2060145368060532,0.3447644128727661,-0.19857454706764666,-0.07929145691781261,0.12910599120286495,-0.14031083570798344,0.04732965840264229,-0.03562517748111011,0.03188440469140732,-0.026464586925931365,-0.0045719750584864325,-0.00796703893375669,-0.004022423622266121,-0.02646458692593139,0.03188440469140723,-0.03562517748111019,0.04732965840264228,-0.14031083570798342,0.12910599120286487,-0.0792914569178125,-0.1985745470676467,0.3447644128727661,-0.20601453680605325,-0.3154121939318432,0.25089319242058894,0.30612699097952767,-1.8261647375493262,1.756530058710846,-5.424520768390133,0.0005036020409536859,-1.7388242081517913,0.0,-14.26469091283058
128,-8.86696338273627,-1.7324213795255436,0.05585180620338702,-5.35800504875201,1.7496825378021066,-1.8595005993270233,0.3001121090812493,0.24039560662351725,-0.3329264220639538,-0.17430903338503922,0.3128713076829331,-0.17850634883950925,-0.0894930355284563,0.1300787987737064,-0.14648278894400513,0.05207997535763433,-0.03256481808121787,0.02232345350877272,-0.018655389076869113,-0.007862157667413024,-0.007793216758184318,-0.004671721900929155,-0.018655389076869144,0.022323453508772646,-0.032564818081217944,0.05207997535763435,-0.1464827889440051,0.13007879877370632,-0.0894930355284562,-0.17850634883950933,0.3128713076829331,-0.17430903338503917,-0.33292642206395373,0.24039560662351714,0.3001121090812494,-1.859500599327024,1.749682537802107,-5.358005048752009,0.05585180620338702,-1.7324213795255434,0.0,-14.139265633307167
129,-8.723227753266901,-1.7259180654277027,0.11118705228583028,-5.288692418579886,1.741211347918583,-1.8901403630057159,0.2934706677300268,0.22921494080629934,-0.34920514173535966,-0.1417849017457817,0.2791643262768984,-0.15718605683089745,-0.09894764739940617,0.12977754521116502,-0.15099101149026775,0.05615135018778231,-0.029021507760718834,0.012388818492733454,-0.010496148619009429,-0.010988000441927732,-0.007438931346001641,-0.005201774826396075,-0.010496148619009459,0.012388818492733376,-0.02902150776071891,0.05615135018778231,-0.1509910114902677,0.12977754521116497,-0.09894764739940606,-0.15718605683089754,0.27916432627689836,-0.14178490174578176,-0.3492051417353597,0.22921494080629934,0.29347066773002667,-1.8901403630057165,1.7412113479185827,-5.288692418579884,0.11118705228582947,-1.7259180654277035,0.0,-14.003263133985179
130,-8.568261165572723,-1.7193146430693755,0.1664965020545024,-5.216619059479357,1.7311243501481548,-1.9180396038572596,0.2862165326038311,0.21738296464034879,-0.3641879417123753,-0.10859488883097625,0.243838885397556,-0.13476321757164295,-0.10757637822674335,0.1282051811533076,-0.15378429959607445,0.05949070629580987,-0.025047795407710995,0.002246800636763065,-0.0021399624298232803,-0.013884165022550625,-0.006912386689751165,-0.005599052837265262,-0.0021399624298232933,0.002246800636762988,-0.025047795407711047,0.059490706295809874,-0.15378429959607443,0.12820518115330753,-0.10757637822674326,-0.134763217571643,0.24383888539755597,-0.10859488883097625,-0.36418794171237534,0.21738296464034876,0.286216532603831,-1.9180396038572598,1.7311243501481548,-5.216619059479355,0.16649650205450295,-1.7193146430693755,0.0,-13.856527339051693
131,-8.402295595748773,-1.7126114954682365,0.22176732326058438,-5.141822594172961,1.7194309050147887,-1.9431578706496124,0.2783648485328734,0.2049332984843375,-0.3778192199913451,-0.07489486884064728,0.2070997848314775,-0.11139511116836151,-0.1153072070437442,0.1253771071723451,-0.15483092749227192,0.06205451006796192,-0.020702612966304226,-0.007932827577054123,0.006256377198595768,-0.016490113929909872,-0.0062257756946009725,-0.005853415441930454,0.006256377198595712,-0.007932827577054203,-0.0207026129663043,0.06205451006796192,-0.1548309274922718,0.12537710717234504,-0.11530720704374411,-0.11139511116836152,0.2070997848314775,-0.07489486884064732,-0.3778192199913451,0.2049332984843374,0.27836484853287347,-1.9431578706496122,1.7194309050147882,-5.141822594172958,0.22176732326058465,-1.7126114954682365,0.0,-13.698950466681588
132,-8.225563019890103,-1.7058090114263154,0.27698669261739906,-5.064342066860881,1.7061418637921641,-1.9654587442972562,0.2699320078809646,0.19190131785251902,-0.39004839014077,-0.04084311118162759,0.1691600200790013,-0.08724564809751102,-0.12207560735443658,0.12132102293321483,-0.15411900772802564,0.06380933840123591,-0.01605040144934402,-0.017979664087402723,0.014535324550327706,-0.01875137595774916,-0.005394997833942061,-0.005958370053872933,0.014535324550327668,-0.01797966408740278,-0.016050401449344068,0.06380933840123594,-0.1541190077280256,0.12132102293321478,-0.1220756073544365,-0.08724564809751101,0.16916002007900122,-0.040843111181627555,-0.39004839014076986,0.19190131785251902,0.26993200788096455,-1.965458744297256,1.706141863792164,-5.064342066860879,0.27698669261739933,-1.7058090114263154,0.0,-13.530472872879052
133,-8.038295414091754,-1.6989075855074438,0.332141798775523,-4.984217922839652,1.6912695584339206,-1.9849098906653861,0.26093561632233697,0.1783240528958084,-0.4008300690303676,-0.006599537168143363,0.13023954750954483,-0.06248421949116815,-0.12782508571345716,0.11607665588828812,-0.1516566261867966,0.06473231442464354,-0.011160155249164137,-0.027725529701968163,0.02254153661337982,-0.020620684764825137,-0.004439290974022824,-0.005911237714448315,0.0225415366133798,-0.027725529701968243,-0.011160155249164182,0.06473231442464354,-0.15165662618679646,0.11607665588828801,-0.1278250857134571,-0.062484219491168135,0.13023954750954486,-0.006599537168143363,-0.4008300690303676,0.17832405289580833,0.2609356163223369,-1.9849098906653866,1.6912695584339201,-4.98421792283965,0.3321417987755233,-1.698907585507444,0.0,-13.351082294833494
134,-7.840724754448766,-1.6919076180143684,0.3872198452951268,-4.9014919873894645,1.674827790129857,-2.0014831074513175,0.25139445608537414,0.16424008318123845,-0.4101242452503913,0.027675031035649014,0.09056400916117123,-0.03728450897994447,-0.1325076532568746,0.10969537216551298,-0.1474717502480261,0.0648114057342098,-0.006104398919670577,-0.037007283335914895,0.030124787876743567,-0.022058966866120733,-0.003380785893255211,-0.005713221473106212,0.03012478787674354,-0.03700728333591494,-0.006104398919670615,0.0648114057342098,-0.147471750248026,0.10969537216551288,-0.13250765325687455,-0.03728450897994443,0.0905640091611713,0.027675031035648945,-0.41012424525039126,0.16424008318123834,0.2513944560853742,-2.001483107451317,1.6748277901298567,-4.901491987389464,0.3872198452951276,-1.6919076180143684,0.0,-13.16081251859466
135,-7.633083017056178,-1.684809514965535,0.4422080536148535,-4.816207443941131,1.6568318164987177,-2.0151543650751247,0.24132844673998896,0.14968942806877794,-0.41789642759619605,0.061819625703896076,0.05036342457740499,-0.011823274427109244,-0.13608422624827696,0.10223967346116056,-0.14161191113761698,0.06404558125375992,-0.000958111604539297,-0.04566955291487778,0.037142789104613834,-0.023036158371751842,-0.0022439938119441357,-0.0053693756796427275,0.03714278910461381,-0.04566955291487783,-0.0009581116045393207,0.06404558125375992,-0.14161191113761692,0.10223967346116056,-0.1360842262482769,-0.011823274427109244,0.05036342457740499,0.06181962570389611,-0.41789642759619594,0.1496894280687779,0.24132844673998893,-2.0151543650751242,1.6568318164987177,-4.81620744394113,0.4422080536148535,-1.6848095149655344,0.0,-12.959741505637805
136,-7.415602178009044,-1.6776136880715353,0.49709366601654714,-4.7284088115340674,1.6372983374294414,-2.0259038415202393,0.23075860361051487,0.13471343299700186,-0.42411777306701665,0.09567388952089768,0.009870857265391901,0.013720891900821193,-0.13852495229690678,0.09378258486487649,-0.13414366407502765,0.06244482467657416,0.0042023849372580845,-0.05356733622846946,0.04346385719736592,-0.023531833401569852,-0.0010552387994324562,-0.00488847697229876,0.04346385719736589,-0.05356733622846951,0.0042023849372580715,0.06244482467657419,-0.1341436640750276,0.09378258486487645,-0.13852495229690673,0.01372089190082121,0.009870857265391901,0.09567388952089773,-0.42411777306701665,0.13471343299700178,0.23075860361051478,-2.0259038415202393,1.6372983374294412,-4.728408811534064,0.49709366601654714,-1.6776136880715353,0.0,-12.74798902192644
137,-7.188514213402426,-1.670320554711229,0.5518639485851544,-4.6381419215770885,1.6162454795840053,-2.033715951073475,0.2197069939009351,0.11935465200073242,-0.42876519390394674,0.12907882868621642,-0.030678936493366452,0.03916881603051459,-0.1398094595250166,0.08440693961300413,-0.1251518323485522,0.06003000431267782,0.00930055821751809,-0.06056842819727146,0.048969386043036335,-0.02353563103993707,0.0001579517979027013,-0.004282800254723301,0.04896938604303631,-0.060568428197271505,0.009300558217518077,0.060030004312677826,-0.12515183234855212,0.08440693961300412,-0.13980945952501658,0.039168816030514635,-0.030678936493366452,0.12907882868621642,-0.4287651939039467,0.1193546520007323,0.21970699390093518,-2.0337159510734746,1.6162454795840053,-4.638141921577088,0.551863948585155,-1.6703205547112285,0.0,-12.525713821209061
138,-6.952051099331344,-1.6629305379075325,0.6065061941630938,-4.545453893924155,1.5936927795762688,-2.0385793669228254,0.2081966906240481,0.10365672679447373,-0.4318214432698957,0.16187755961614833,-0.07105086864616358,0.06434199905850944,-0.13992702660473305,0.07420456777568875,-0.11473854390447252,0.05683260103850609,0.014260800030078662,-0.06655563392203162,0.05355607199719252,-0.023047471906194026,0.0013674847922784626,-0.003567805379973011,0.053556071997192506,-0.06655563392203166,0.014260800030078662,0.05683260103850609,-0.11473854390447243,0.07420456777568878,-0.139927026604733,0.0643419990585095,-0.07105086864616368,0.16187755961614833,-0.43182144326989547,0.10365672679447373,0.208196690624048,-2.0385793669228254,1.5936927795762688,-4.545453893924154,0.6065061941630936,-1.6629305379075319,0.0,-12.293110441349489
139,-6.706444811890854,-1.655444066302884,0.6610077252984229,-4.450393112277516,1.5696611658423953,-2.0404870375802564,0.1962517244307544,0.08766426276522431,-0.43327517925355996,0.1939160457347316,-0.1110108822956878,0.08906386919277134,-0.13887667224519112,0.06327539682419227,-0.10302207139236481,0.05289429789553585,0.019009547754573444,-0.07142873046969295,0.05713785223313537,-0.02207755981392467,0.0025453516930131386,-0.0027617425389156397,0.05713785223313533,-0.07142873046969296,0.01900954775457345,0.05289429789553584,-0.10302207139236473,0.0632753968241923,-0.1388766722451911,0.0890638691927714,-0.11101088229568783,0.19391604573473156,-0.4332751792535599,0.08766426276522421,0.19625172443075434,-2.0404870375802564,1.5696611658423953,-4.4503931122775136,0.6610077252984221,-1.6554440663028838,0.0,-12.050405678350655
140,-6.4519273271760085,-1.6478615741343798,0.7153558971861104,-4.353009198931125,1.5441729392197026,-2.039436197105689,0.18389703344003383,0.07142270222702934,-0.4331210069598865,0.22504382089401556,-0.15032730864848318,0.1131610202769477,-0.13666716338302276,0.051726472887942875,-0.09013548884116207,0.048266436688094154,0.02347637532322725,-0.07510614455690277,0.05964751959197029,-0.020646168484336404,0.003664277283748927,-0.0018851864254688716,0.05964751959197031,-0.07510614455690277,0.023476375323227265,0.04826643668809416,-0.090135488841162,0.051726472887942916,-0.13666716338302276,0.1131610202769478,-0.15032730864848332,0.2250438208940155,-0.4331210069598863,0.0714227022270293,0.18389703344003386,-2.0394361971056885,1.5441729392197023,-4.353009198931122,0.7153558971861104,-1.6478615741343792,0.0,-11.797854807277206
141,-6.188730621281831,-1.6401835012085877,0.7695381006017367,-4.25335298886752,1.5172517522519504,-2.03542836911735,0.17115841117435396,0.05497819529741996,-0.43135949853082795,0.25511469602610354,-0.18877221011834042,0.13646442810996218,-0.13331694200783484,0.03967091228764995,-0.07622516022325387,0.04300934866442157,0.027595037671163843,-0.07752631804739044,0.061037983632116086,-0.018783217772007824,0.0046983512196441795,-0.0009605110690721224,0.061037983632116086,-0.07752631804739044,0.027595037671163874,0.04300934866442158,-0.07622516022325376,0.03967091228764995,-0.13331694200783478,0.13646442810996226,-0.18877221011834033,0.25511469602610354,-0.4313594985308277,0.05497819529741986,0.17115841117435393,-2.03542836911735,1.5172517522519502,-4.253352988867518,0.7695381006017368,-1.6401835012085877,0.0,-11.53573762242989
142,-5.91708667030338,-1.6324102928760382,0.8235417648269374,-4.151476503221652,1.4889225872402696,-2.0284693645826715,0.15806245270921015,0.03837746876264036,-0.4279971910220923,0.28398744570823714,-0.22612270179795732,0.1588106360293416,-0.1288539712334394,0.027226793613727634,-0.06144907707329817,0.037191568006586635,0.031304453180557405,-0.07864873840544657,0.06128315421639861,-0.016527648261004127,0.005623628018986216,-1.1318739253325517e-05,0.061283154216398614,-0.07864873840544655,0.031304453180557426,0.03719156800658663,-0.061449077073298074,0.02722679361372763,-0.1288539712334394,0.15881063602934167,-0.22612270179795724,0.28398744570823725,-0.42799719102209227,0.038377468762640275,0.1580624527092101,-2.028469364582672,1.4889225872402696,-4.15147650322165,0.8235417648269373,-1.6324102928760382,0.0,-11.264354370818651
143,-5.637227450335711,-1.62454240000539,0.8773543605659142,-4.047432922125541,1.4592117330601089,-2.01856927339294,0.144636499149221,0.02166769330428129,-0.42304656214376596,0.3115264714165243,-0.26216224363761553,0.18004290144225968,-0.12331550189962548,0.014516001201602735,-0.04597506404283417,0.03088893838261305,0.03454960954853841,-0.07845461685621051,0.06037843105743873,-0.013926607303950808,0.006418681555548753,0.0009381625005409849,0.06037843105743875,-0.0784546168562105,0.03454960954853845,0.030888938382613043,-0.045975064042834066,0.014516001201602747,-0.12331550189962548,0.18004290144225982,-0.26216224363761553,0.31152647141652434,-0.42304656214376585,0.021667693304281224,0.14463649914922108,-2.01856927339294,1.4592117330601089,-4.047432922125538,0.8773543605659146,-1.6245424000053894,0.0,-10.984021653198697
144,-5.349384937473856,-1.6165802789572805,0.9309634028523347,-3.9412765569479378,1.4281467607657055,-2.0057424497339236,0.1309085805467012,0.00489634946459155,-0.4165259839548372,0.3376024383533936,-0.29668189583944793,0.20001229526220662,-0.11674776165256398,0.0016630313315257805,-0.02997887277175143,0.024183624208279075,0.03728237964442489,-0.07694720290068961,0.058340790035691016,-0.01103446351799637,0.007065101211619163,0.001863697212458686,0.058340790035691044,-0.0769472029006896,0.03728237964442495,0.024183624208279058,-0.029978872771751375,0.0016630313315258495,-0.116747761652564,0.20001229526220665,-0.2966818958394479,0.3376024383533936,-0.4165259839548369,0.004896349464591498,0.1309085805467012,-2.005742449733924,1.4281467607657052,-3.9412765569479364,0.9309634028523348,-1.6165802789572807,0.0,-10.695068365681074
145,-5.053791107812863,-1.6085243915578569,0.984356453945946,-3.8330628219434617,1.395756498004719,-1.9900074912736712,0.11690735738188249,-0.011888907268673383,-0.40845965468346457,0.3620928828579664,-0.3294815301891282,0.21857874653952497,-0.10920556909898264,-0.011206227154398332,-0.013642185726152787,0.01716303950830356,0.03946223525674878,-0.07415172992068145,0.0552084646704944,-0.007911670337297819,0.007547918202552715,0.0027416611919862497,0.0552084646704944,-0.0741517299206814,0.03946223525674882,0.01716303950830354,-0.013642185726152757,-0.011206227154398308,-0.10920556909898269,0.21857874653952505,-0.32948153018912796,0.3620928828579665,-0.40845965468346457,-0.01188890726867352,0.11690735738188239,-1.9900074912736707,1.3957564980047188,-3.8330628219434595,0.9843564539459465,-1.6085243915578564,0.0,-10.397831752244524
146,-4.750677937447772,-1.6003752050719837,1.0375211262182353,-3.7228482053260263,1.3620710022667768,-1.9713872121976723,0.10266206072695834,-0.028640381874508222,-0.3988775089260068,0.3848827875466948,-0.3603709903022707,0.2356120249584813,-0.10075187625462909,-0.023965725874673743,0.00284944732526411,0.009918708340851214,0.04105684814488742,-0.07011499278414575,0.05104022872089067,-0.004623502376779992,0.00785595220069038,0.003549644474007518,0.05104022872089071,-0.0701149927841457,0.04105684814488749,0.009918708340851196,0.002849447325264142,-0.023965725874673674,-0.1007518762546291,0.23561202495848133,-0.3603709903022707,0.3848827875466948,-0.3988775089260068,-0.02864038187450834,0.1026620607269584,-1.9713872121976717,1.3620710022667761,-3.722848205326024,1.0375211262182364,-1.6003752050719837,0.0,-10.092653634427831
147,-4.440277402473637,-1.5921331921761466,1.0904450850264629,-3.610690239781664,1.3271215329907469,-1.9499086101304712,0.08820243121887439,-0.04531047532324699,-0.3878151065580712,0.4058651214831609,-0.3891711940589923,0.2509926543093602,-0.0914572431060434,-0.03649049149348998,0.019308716759097865,0.002545071641466441,0.042042569481434006,-0.06490456452170856,0.04591429337721583,-0.0012386910204991444,0.00798207023206072,0.00426702334549239,0.04591429337721586,-0.0649045645217085,0.04204256948143407,0.0025450716414664285,0.019308716759097944,-0.03649049149348997,-0.09145724310604346,0.25099265430936024,-0.3891711940589922,0.4058651214831609,-0.3878151065580711,-0.045310475323247126,0.08820243121887436,-1.9499086101304706,1.3271215329907464,-3.6106902397816625,1.0904450850264624,-1.5921331921761466,0.0,-9.779876879166974
148,-4.122821478985504,-1.5837988309310311,1.143116051575395,-3.4966474724361145,1.2909405225566317,-1.925602826991691,0.07355865696827392,-0.06185181982839507,-0.375313500769839,0.42494134284017754,-0.4157151718352548,0.26461275052823224,-0.0813992486712872,-0.048657849776228605,0.035548680533314135,-0.004861743958950291,0.04240478057496025,-0.05860766518675558,0.039926839736140314,0.0021720122455865633,0.0079233518507372,0.0048754867642342185,0.03992683973614033,-0.058607665186755496,0.04240478057496032,-0.0048617439589502985,0.03554868053331417,-0.048657849776228564,-0.08139924867128727,0.26461275052823235,-0.4157151718352547,0.42494134284017754,-0.37531350076983894,-0.06185181982839514,0.07355865696827385,-1.9256028269916907,1.2909405225566313,-3.496647472436112,1.1431160515753953,-1.5837988309310311,0.0,-9.459842159284284
149,-3.798542143078407,-1.5753726047537953,1.1955218057660955,-3.3807794342928763,1.2535615461889924,-1.8985051038432268,0.0587613105342302,-0.07821741344138718,-0.36141908571539383,0.44202186169347596,-0.4398490345118281,0.2763767784261477,-0.07066184347529712,-0.06034862712634561,0.051384887448379386,-0.01220517929178295,0.04213810967179518,-0.05132970183385044,0.03319021409523741,0.005537314726305203,0.007681156765999182,0.005359503746836847,0.03319021409523746,-0.051329701833850376,0.04213810967179526,-0.01220517929178298,0.05138488744837946,-0.060348627126345575,-0.0706618434752972,0.2763767784261478,-0.43984903451182794,0.4420218616934758,-0.3614190857153937,-0.07821741344138729,0.05876131053423028,-1.8985051038432261,1.2535615461889922,-3.380779434292874,1.1955218057660961,-1.5753726047537948,0.0,-9.132885053683715
150,-3.4676713708473983,-1.56685500239003,1.2476501890310807,-3.2631466091576766,1.2150192907998412,-1.8686547297930765,0.043841285096345876,-0.09436075360682356,-0.34618342434143695,0.45702646077350917,-0.461432865648824,0.28620222179984506,-0.05933464884452236,-0.07144831783513804,0.06663747211775976,-0.01938950144713115,0.041246511621551685,-0.04319250405553465,0.025830819929884515,0.008786872722659302,0.007261093356291551,0.005706719795907813,0.025830819929884553,-0.04319250405553456,0.04124651162155176,-0.019389501447131155,0.06663747211775982,-0.07144831783513798,-0.059334648844522435,0.28620222179984517,-0.46143286564882396,0.45702646077350917,-0.34618342434143684,-0.09436075360682362,0.043841285096345856,-1.8686547297930767,1.2150192907998412,-3.2631466091576757,1.2476501890310803,-1.56685500239003,0.0,-8.79933352602589
151,-3.130441138387525,-1.558246517885411,1.2994891071552104,-3.143810402065554,1.1753495227999076,-1.836094985029888,0.028829729957476038,-0.1102359692986888,-0.3296630570343253,0.46988467219934277,-0.48034153265340807,0.2940201622236292,-0.04751220886938579,-0.0818482056117271,0.08113319785340796,-0.02632105179869521,0.03974320922492538,-0.03433228461377075,0.01798674610663884,0.01185276190069074,0.006672888799087946,0.005908272247683115,0.017986746106638873,-0.03433228461377066,0.039743209224925455,-0.02632105179869522,0.08113319785340799,-0.08184820561172705,-0.047512208869385876,0.29402016222362926,-0.48034153265340784,0.46988467219934277,-0.32966305703432514,-0.11023596929868887,0.02882972995747595,-1.836094985029888,1.1753495227999076,-3.1438104020655526,1.2994891071552104,-1.558246517885411,0.0,-8.45950581173317
152,-2.787083421793838,-1.5495476505570414,1.3510265330816487,-3.0228331072270707,1.1345890549081545,-1.8008730780708258,0.013757985511730133,-0.12579795136209052,-0.3119192917955548,0.480536108425335,-0.49646541223792984,0.29977576246260956,-0.03529320127817444,-0.09144642840839556,0.09470742426343501,-0.03290946698720243,0.03765049713360416,-0.024897359304074173,0.009805175836387849,0.014670897089234467,0.005930163823988943,0.005959016490859009,0.00980517583638789,-0.02489735930407408,0.03765049713360424,-0.03290946698720245,0.09470742426343501,-0.0914464284083955,-0.03529320127817453,0.2997757624626097,-0.49646541223792967,0.48053610842533495,-0.31191929179555467,-0.12579795136209054,0.013757985511730202,-1.800873078070825,1.1345890549081545,-3.0228331072270698,1.3510265330816489,-1.5495476505570414,0.0,-8.113708733806826
153,-2.437830197161361,-1.5407589049644907,1.4022505097022357,-2.9002778755103646,1.0927757119903414,-1.7630400773137322,-0.0013424821864770069,-0.14100248069015442,-0.2930179767243579,0.48893074584633983,-0.5097110259626183,0.3034286511165029,-0.022779613808915106,-0.10014897611181155,0.10720597721427268,-0.039068856944988205,0.03499941121054138,-0.015045664220706871,0.0014396249846896257,0.01718237182904264,0.005050117304973879,0.005857657282411936,0.0014396249846896656,-0.015045664220706793,0.03499941121054143,-0.039068856944988205,0.10720597721427266,-0.10014897611181146,-0.022779613808915206,0.30342865111650297,-0.5097110259626183,0.48893074584633994,-0.2930179767243578,-0.14100248069015445,-0.0013424821864770585,-1.763040077313733,1.0927757119903414,-2.900277875510364,1.4022505097022353,-1.5407589049644907,0.0,-7.762236458330957
154,-2.082913440585159,-1.5318807908805299,1.453149152631639,-2.7762086814760165,1.0499482959583357,-1.722650836992836,-0.016440147115722555,-0.1558063538718632,-0.27302925565174746,0.4950291597295062,-0.5200015821782741,0.30495320579599905,-0.010075892953768787,-0.10787061132821943,0.1184868999185619,-0.04471892460437984,0.03182926825412836,-0.004942111982715,-0.006952938441404895,0.01933468967316908,0.004053127995530177,0.00560678180858013,-0.006952938441404851,-0.004942111982714923,0.03182926825412842,-0.04471892460437984,0.11848689991856189,-0.10787061132821936,-0.01007589295376889,0.3049532057959991,-0.520001582178274,0.4950291597295062,-0.2730292556517474,-0.1558063538718633,-0.016440147115722538,-1.722650836992836,1.0499482959583357,-2.7762086814760147,1.453149152631638,-1.53188079088053,0.0,-7.405369690901335
155,-1.7225651281602765,-1.5229138232615602,1.503710652964625,-2.650690289981951,1.006146549762746,-1.6797639176453507,-0.03150348910606808,-0.17016750595381264,-0.25202730783285976,0.4988027093693334,-0.5272774212270356,0.3043387328454123,0.0027119278189268433,-0.11453570424393607,0.12842206526016006,-0.049786012692772295,0.028187082912364585,0.005244168823689914,-0.015215039581196575,0.02108286150118806,0.0029622826290608474,0.005212793647127798,-0.015215039581196538,0.005244168823689982,0.028187082912364648,-0.04978601269277231,0.12842206526016,-0.11453570424393597,0.00271192781892674,0.3043387328454124,-0.5272774212270356,0.4988027093693334,-0.2520273078328597,-0.17016750595381272,-0.03150348910606803,-1.6797639176453507,1.006146549762746,-2.6506902899819496,1.503710652964625,-1.5229138232615602,0.0,-7.0433753057611925
156,-1.3570172359817505,-1.513858522217747,1.5539232800158287,-2.523788222375793,0.9614111205122925,-1.6344415012043014,-0.04650105964533633,-0.18404512996706,-0.23009007266361478,0.5002336725964186,-0.5314963613201628,0.30158954235099283,0.015477113088544199,-0.12007897338408353,0.13689863104370883,-0.05420406396782093,0.024126870434450533,0.015342664776004605,-0.0231916515185914,0.02239034591048551,0.0018028413120896424,0.0046857493165001155,-0.023191651518591372,0.015342664776004678,0.024126870434450592,-0.05420406396782094,0.13689863104370883,-0.12007897338408348,0.015477113088544086,0.30158954235099295,-0.5314963613201626,0.5002336725964185,-0.23009007266361464,-0.18404512996706002,-0.046501059645336344,-1.6344415012043019,0.9614111205122925,-2.5237882223757917,1.5539232800158285,-1.5138585222177472,0.0,-6.676506390353463
157,-0.9865017401446181,-1.5047154129828513,1.6037753840413616,-2.3955687222923374,0.9157835217541346,-1.586749300840662,-0.0614015475357841,-0.19739979287943085,-0.2072989604432854,0.4993153290081857,-0.5326339430876063,0.2967249179087684,0.028113116365000225,-0.1244461250141722,0.14382032164024516,-0.0579154823746168,0.0197088456003115,0.025184331927798485,-0.030733104148054434,0.02322981302796429,0.0006016525898595242,0.004039101583939764,-0.0307331041480544,0.025184331927798554,0.01970884560031156,-0.0579154823746168,0.14382032164024516,-0.12444612501417213,0.02811311636500012,0.2967249179087685,-0.5326339430876063,0.4993153290081857,-0.20729896044328525,-0.1973997928794309,-0.06140154753578419,-1.5867493008406621,0.9157835217541347,-2.395568722292336,1.6037753840413616,-1.5047154129828515,0.0,-6.305002679504226
158,-0.6112506167439555,-1.4954850258837629,1.6532553989416559,-2.2660987210739734,0.8693060949501644,-1.536756465685539,-0.07617384426409679,-0.21019354764380846,-0.18373855025635094,0.49605199153071083,-0.5306835713815806,0.28977898136397323,0.04051446939465444,-0.1275943849218944,0.14910852147210632,-0.06087188389834443,0.014998529708288225,0.03460442552275819,-0.03769789252741253,0.023583715776483927,-0.000613468270671123,0.0032893560846060776,-0.037697892527412506,0.03460442552275825,0.01499852970828827,-0.06087188389834444,0.14910852147210632,-0.12759438492189432,0.040514469394654334,0.28977898136397334,-0.5306835713815806,0.49605199153071083,-0.1837385502563508,-0.21019354764380846,-0.07617384426409674,-1.5367564656855388,0.8693060949501648,-2.2660987210739725,1.653255398941656,-1.4954850258837629,0.0,-5.929091345714482
159,-0.231495841874775,-1.4861678963097422,1.7023518449448911,-2.13544580283213,0.8220219701850118,-1.4845354805705457,-0.09078710894822808,-0.22239004102402113,-0.15949627609481198,0.4904589861634148,-0.5256565535120356,0.2808004534708207,0.05257766246654828,-0.12949291737057322,0.15270316791748356,-0.06303472732390858,0.010065778864769115,0.04344525774236532,-0.043955332022644567,0.02344465665505934,-0.001814383383675656,0.0024556500164682835,-0.04395533202264454,0.04344525774236538,0.010065778864769162,-0.06303472732390858,0.15270316791748353,-0.1294929173705732,0.05257766246654816,0.2808004534708208,-0.5256565535120353,0.4904589861634149,-0.15949627609481193,-0.22239004102402118,-0.09078710894822803,-1.4845354805705457,0.8220219701850117,-2.13544580283213,1.7023518449448913,-1.4861678963097427,0.0,-5.54898810521882
160,0.15253060836786503,-1.476764564681365,1.7510533312703942,-2.0036781691679635,0.7739750261422211,-1.4301620609317234,-0.10521083272549242,-0.23395461689194377,-0.13466210238578644,0.482562580001752,-0.5175820336923521,0.26985231215141786,0.06420200837138101,-0.1301231271208145,0.15456343349314058,-0.06437581667961433,0.004983747986666669,0.051558837323842734,-0.04938801042453433,0.022815542366144866,-0.00297328381801413,0.0015592636647542004,-0.0493880104245343,0.051558837323842796,0.004983747986666695,-0.06437581667961433,0.15456343349314056,-0.13012312712081442,0.06420200837138092,0.2698523121514179,-0.517582033692352,0.482562580001752,-0.13466210238578638,-0.23395461689194386,-0.10521083272549243,-1.4301620609317232,0.7739750261422211,-2.003678169167963,1.7510533312703946,-1.4767645646813652,0.0,-5.164898593708662
161,0.5405967578889168,-1.467275576419176,1.7993485587714,-1.870864603570716,0.7252098493857496,-1.3737150430293974,-0.1194149024474837,-0.2448544147022953,-0.10932819012851808,0.47239985787592953,-0.5065068240753184,0.2570113507508915,0.07529048280206183,-0.12947884156219858,0.1546681895671635,-0.06487766881477816,-0.00017219411895224521,0.05880934686243946,-0.053893991026604166,0.02170952305788558,-0.004063333553365387,0.0006230772242564719,-0.05389399102660416,0.05880934686243951,-0.00017219411895220862,-0.06487766881477816,0.15466818956716344,-0.12947884156219852,0.07529048280206171,0.25701135075089154,-0.5065068240753183,0.4723998578759295,-0.10932819012851812,-0.2448544147022953,-0.11941490244748358,-1.3737150430293967,0.7252098493857496,-1.870864603570715,1.799348558771401,-1.467275576419176,0.0,-4.777019961030827
162,0.932470630593329,-1.4577014819120546,1.8472263225565422,-1.7370744355123284,0.6757716929845619,-1.3152762696431377,-0.13336966354883997,-0.2550584628653179,-0.08358855487978535,0.4600185481850141,-0.4924951333589532,0.24236763938724842,0.08575053418131148,-0.12756637117111966,0.15301624633495786,-0.06453374131933436,-0.00532558250822415,0.06507541632921014,-0.057388725326614896,0.020149717451332958,-0.005059290907198128,-0.0003290132159335613,-0.057388725326614876,0.06507541632921014,-0.00532558250822414,-0.06453374131933436,0.1530162463349578,-0.12756637117111963,0.08575053418131139,0.24236763938724842,-0.49249513335895306,0.46001854818501403,-0.0835885548797853,-0.255058462865318,-0.13336966354883995,-1.3152762696431375,0.6757716929845616,-1.737074435512328,1.8472263225565428,-1.4577014819120546,0.0,-4.385542630845527
163,1.3279202503860823,-1.448042836485288,1.8946755145894811,-1.6023775042570378,0.6257064345187243,-1.254930471407553,-0.1470459819586023,-0.2645377667520222,-0.05753871785694354,0.4454767987443825,-0.4756281945355925,0.22602389317421237,0.09549485615696916,-0.12440444770261386,0.14962636633288018,-0.06334851781415529,-0.010399990110049322,0.07025215474669905,-0.05980663946242995,0.018168729598191293,-0.005938093042538169,-0.001272705618318223,-0.05980663946242995,0.07025215474669906,-0.010399990110049313,-0.06334851781415528,0.1496263663328801,-0.12440444770261376,0.09549485615696907,0.22602389317421243,-0.47562819453559235,0.44547679874438245,-0.057538717856943436,-0.26453776675202223,-0.1470459819586023,-1.2549304714075529,0.625706434518724,-1.602377504257037,1.8946755145894811,-1.4480428364852884,0.0,-3.990652169220544
164,1.7267136411721005,-1.4383002003683638,1.9416851262660624,-1.4668441224048683,0.5750605335059662,-1.1927651439609688,-0.1604153049249096,-0.27326539108193093,-0.031275351453376586,0.4288429036992296,-0.4560037939423678,0.20809475174850245,0.10444211631725885,-0.12002404072155969,0.1445370513360175,-0.06133744950019671,-0.01532016117398188,0.07425290601325864,-0.06110236461496651,0.01580796737013258,-0.0066793900214068246,-0.0021839123046886576,-0.06110236461496651,0.07425290601325862,-0.015320161173981887,-0.06133744950019673,0.1445370513360174,-0.12002404072155963,0.10444211631725878,0.20809475174850245,-0.4560037939423677,0.42884290369922956,-0.03127535145337655,-0.27326539108193093,-0.16041530492490955,-1.1927651439609683,0.575060533505966,-1.4668441224048665,1.941685126266063,-1.4383002003683638,0.0,-3.59253120547835
165,2.128618826856364,-1.4284741386624729,1.9882442509684009,-1.3305450391880382,0.5238809882882142,-1.128870421085119,-0.17344972062604413,-0.28121653645921957,-0.004895920481871141,0.41019498278666144,-0.43373570434341296,0.18870597515514964,0.11251763504368668,-0.11446805427024212,0.13780610506050045,-0.058526753728463735,-0.020013127346907047,0.07701069948435134,-0.06125158829142103,0.013116776925050986,-0.0072660160371485006,-0.0030393747923151276,-0.06125158829142103,0.07701069948435132,-0.020013127346907064,-0.058526753728463735,0.1378061050605004,-0.11446805427024212,0.1125176350436866,0.18870597515514964,-0.4337357043434128,0.41019498278666144,-0.004895920481871141,-0.28121653645921957,-0.1734497206260442,-1.1288704210851188,0.5238809882882138,-1.3305450391880371,1.9882442509684017,-1.4284741386624729,0.0,-3.191361349296905
166,2.5334038313438043,-1.418565221307732,2.0343420865953084,-1.193551403539434,0.472215292418109,-1.0633389440197771,-0.18612201644337426,-0.2883686098397773,0.021501679522722184,0.38962061445269497,-0.40895302533051503,0.16799356173113952,0.11965400883542385,-0.1077909066432792,0.12950997663711378,-0.054953072216746036,-0.02440928982658559,0.07847937102880405,-0.060251510515615836,0.010151411242195282,-0.007684386913579552,-0.0038172574649845263,-0.06025151051561584,0.078479371028804,-0.024409289826585613,-0.054953072216746036,0.1295099766371137,-0.10779090664327917,0.11965400883542379,0.16799356173113955,-0.4089530253305149,0.3896206144526948,0.021501679522722236,-0.2883686098397774,-0.18612201644337428,-1.063338944019777,0.4722152924181088,-1.193551403539432,2.034342086595309,-1.4185652213077324,0.0,-2.7873250500594082
167,2.940836678539391,-1.408574023050128,2.0799679380684677,-1.0559347269524466,0.4201113905859773,-0.996265727141816,-0.19840573577453524,-0.2947012887289568,0.04781948559926072,0.36721642454719955,-0.38179943486624657,0.14610279417479302,0.12579167290250684,-0.10005799738582026,0.11974289231293862,-0.05066299336879037,-0.0284434515432411,0.07863433579407463,-0.05812089636568469,0.006973854286515834,-0.007924814666289056,-0.004497704925476156,-0.05812089636568471,0.0786343357940746,-0.028443451543241134,-0.05066299336879037,0.11974289231293855,-0.1000579973858202,0.12579167290250678,0.14610279417479302,-0.38179943486624657,0.3672164245471995,0.047819485599260705,-0.2947012887289568,-0.1984057357745352,-0.9962657271418159,0.42011139058597724,-1.0559347269524457,2.0799679380684695,-1.408574023050128,0.0,-2.380607347690142
168,3.3506853923480797,-1.3985011234081768,2.1251112198137836,-0.9177668461515485,0.3676176341281571,-0.9277480202034472,-0.21027523326823525,-0.30019657892759605,0.07395983090630504,0.3430876325284403,-0.3524323563087684,0.12318722049202312,0.13087939833208836,-0.09134506673551955,0.10861578524303532,-0.04571244492320988,-0.03205578406147202,0.07747299974481342,-0.054899723873300346,0.003650525380292975,-0.007981731841968424,-0.0050633488030953485,-0.05489972387330036,0.07747299974481338,-0.03205578406147206,-0.04571244492320986,0.10861578524303524,-0.09134506673551952,0.1308793983320883,0.1231872204920231,-0.35243235630876824,0.3430876325284404,0.073959830906305,-0.30019657892759616,-0.21027523326823533,-0.9277480202034473,0.36761763412815696,-0.9177668461515474,2.1251112198137836,-1.3985011234081768,0.0,-1.9713974686100253
169,3.7627179966748123,-1.388347106639313,2.1697614582173173,-0.7791198855930901,0.31478273615796437,-0.8578851673293726,-0.22170572836537228,-0.30483886566222956,0.0998257071691968,0.3173475573084389,-0.32102204574749066,0.09940757696739752,0.13487471967806805,-0.08173745378225228,0.09625503552744072,-0.040165964849880754,-0.03519271486289774,0.07501480308576243,-0.05064843389112875,0.0002508908640973907,-0.007853820440867286,-0.005499751080040465,-0.05064843389112877,0.07501480308576237,-0.035192714862897774,-0.040165964849880734,0.09625503552744062,-0.08173745378225228,0.134874719678068,0.0994075769673975,-0.3210220457474906,0.31734755730843883,0.0998257071691968,-0.30483886566222956,-0.2217057283653722,-0.8578851673293727,0.31478273615796415,-0.7791198855930888,2.169761458217316,-1.3883471066393136,0.0,-1.559890225879695
170,4.176702515424555,-1.3781125617060008,2.213908294055255,-0.6400662198159102,0.2616557263609371,-0.7867784629773044,-0.23267335703467848,-0.3086149579542,0.12532112468315923,0.2901170850599058,-0.28775060494077703,0.07493066071459109,0.13774428940516328,-0.07132926061155231,0.08280103480396107,-0.03409585999880693,-0.037807721850737296,0.07130089484211417,-0.045446796003710946,-0.003153987932969351,-0.007544042436989239,-0.005795772620730786,-0.045446796003710974,0.0713008948421141,-0.03780772185073735,-0.03409585999880692,0.08280103480396099,-0.07132926061155231,0.13774428940516326,0.07493066071459112,-0.28775060494077703,0.2901170850599058,0.1253211246831591,-0.3086149579542001,-0.23267335703467848,-0.7867784629773042,0.2616557263609369,-0.6400662198159096,2.2139082940552544,-1.3781125617060013,0.0,-1.146287188927874
171,4.592406972502268,-1.3677980822415707,2.2575414848973345,-0.5006784356613918,0.2082859054963085,-0.7145310050706858,-0.2431552215948834,-0.31151412610160045,0.15035146853642742,0.2615241014841487,-0.2528109255782011,0.04992815971447726,0.13946415622900077,-0.06022243061859657,0.06840659169991062,-0.0275812634697511,-0.03986202329346005,0.06639344404469776,-0.03939241176138873,-0.006492940062501856,-0.007059571189287987,-0.005943857497411642,-0.03939241176138875,0.0663934440446977,-0.039862023293460114,-0.027581263469751097,0.06840659169991054,-0.060222430618596556,0.13946415622900069,0.04992815971447724,-0.2528109255782011,0.2615241014841486,0.15035146853642753,-0.3115141261016004,-0.2431552215948834,-0.7145310050706857,0.20828590549630852,-0.5006784356613907,2.2575414848973354,-1.3677980822415707,0.0,-0.730797595327648
172,5.009599391812884,-1.3574042665157888,2.3006509074831696,-0.3610292943826999,0.154722799646928,-0.6412475455165556,-0.2531294385193784,-0.3135281321675384,0.17482384973144668,0.23170289120626325,-0.2164055709880107,0.024575448547299657,0.14001996502902248,-0.04852575002022072,0.05323519625344906,-0.020707102991260867,-0.041325152975333054,0.060374599050419676,-0.03259888332202178,-0.009696172617350618,-0.006411625332137196,-0.0059402258546470185,-0.0325988833220218,0.060374599050419586,-0.04132515297533311,-0.02070710299126086,0.05323519625344895,-0.04852575002022068,0.14001996502902245,0.024575448547299622,-0.2164055709880107,0.23170289120626325,0.1748238497314469,-0.3135281321675385,-0.2531294385193784,-0.6412475455165556,0.15472279964692776,-0.3610292943826999,2.300650907483171,-1.3574042665157895,0.0,-0.31363898470575413
173,5.428047797261392,-1.3469317174001552,2.343226560070934,-0.2211916936629738,0.10101611426008823,-0.567034338325299,-0.26257518412357805,-0.31465125338809424,0.19864744990110586,0.20079350711829755,-0.1787456017731181,-0.0009496417340018711,0.1394070766656038,-0.03635378234468966,0.03745916301697335,-0.013562993757846902,-0.042175412024123525,0.053345112418432435,-0.02519368186340527,-0.012696729587484384,-0.005615208991581082,-0.0057849703898477,-0.025193681863405305,0.053345112418432344,-0.04217541202412361,-0.013562993757846873,0.037459163016973274,-0.03635378234468961,0.13940707666560384,-0.0009496417340019227,-0.17874560177311824,0.20079350711829744,0.19864744990110592,-0.3146512533880941,-0.26257518412357805,-0.5670343383252985,0.10101611426008807,-0.22119169366297298,2.3432265600709354,-1.3469317174001552,0.0,0.10496245713938857
174,5.8475202127527055,-1.3363810423329332,2.3852585647578475,-0.08123862956230507,0.047215688021903075,-0.49199898555249066,-0.2714727380395955,-0.314880298433456,0.22173385834074652,0.16894111263221886,-0.14004935218401016,-0.02646807096085602,0.13763060670131258,-0.02382574633539877,0.021257673932931476,-0.006242070158873733,-0.04240019071514811,0.045422654360940166,-0.017315755762684477,-0.015431891417219464,-0.004688764343035226,-0.0054820539871767975,-0.017315755762684508,0.04542265436094008,-0.042400190715148195,-0.00624207015887371,0.02125767393293143,-0.023825746335398794,0.1376306067013126,-0.02646807096085602,-0.14004935218401018,0.1689411126322188,0.2217338583407464,-0.3148802984334561,-0.27147273803959543,-0.4919989855524904,0.047215688021902874,-0.08123862956230561,2.3852585647578484,-1.3363810423329336,0.0,0.5247718476728649
175,6.267784662191804,-1.3257528532839211,2.4267371697719247,0.05875684158664433,-0.006628553391954304,-0.4162502812862002,-0.2798035243874661,-0.3142146164760304,0.24399740010520307,0.13629529993174008,-0.10054116432257443,-0.0518008456872025,0.13470538270311586,-0.01106434825891535,0.004814743210796407,0.0011602283706363644,-0.04199615547916986,0.03673984300066073,-0.009112923421976202,-0.01784448600937808,-0.0036537445559679726,-0.005039208565226935,-0.009112923421976215,0.03673984300066061,-0.041996155479169926,0.0011602283706363934,0.004814743210796356,-0.011064348258915325,0.13470538270311586,-0.0518008456872025,-0.1005411643225745,0.13629529993174005,0.24399740010520307,-0.31421461647603055,-0.2798035243874661,-0.4162502812861998,-0.006628553391954614,0.05875684158664433,2.426737169771927,-1.3257528532839213,0.0,0.945545846240051
176,6.688609169483641,-1.3150477667189509,2.467652751734477,0.19872164131448064,-0.060466643646239625,-0.3398980539059655,-0.28755015055696626,-0.31265609903975694,0.26535545395328747,0.10300938742477797,-0.06045008751531451,-0.07677027469990957,0.13065582048191893,0.0018054199456427578,-0.01168287268016201,0.008547401548994592,-0.040969298340731514,0.02744202440748259,-0.0007390996602229819,-0.019884083772930574,-0.0025341170146476613,-0.004467737720374687,-0.0007390996602230184,0.02744202440748249,-0.0409692983407316,0.008547401548994632,-0.011682872680162033,0.0018054199456427234,0.13065582048191893,-0.07677027469990955,-0.06045008751531455,0.10300938742477797,0.2653554539532875,-0.31265609903975694,-0.2875501505569662,-0.33989805390596484,-0.0604666436462398,0.19872164131448036,2.4676527517344784,-1.3150477667189515,0.0,1.367033169585732
177,7.109761758533178,-1.3042664035641356,2.507995817892807,0.338582707162473,-0.11424862211385692,-0.2630530068421431,-0.29469644351905744,-0.3102091746253753,0.2857287589598085,0.06923969969600266,-0.020008550396358356,-0.10120121539496293,0.12551572030242056,0.014657504904323207,-0.028047796164301423,0.015823146276595732,-0.03933484805373257,0.017684839575431835,0.007648592285793757,-0.02150805173447343,-0.0013558083185997733,-0.0037822282033258547,0.007648592285793732,0.01768483957543175,-0.03933484805373265,0.015823146276595756,-0.028047796164301506,0.014657504904323233,0.1255157203024206,-0.10120121539496296,-0.020008550396358356,0.06923969969600252,0.2857287589598084,-0.31020917462537523,-0.2946964435190574,-0.2630530068421427,-0.11424862211385736,0.3385827071624733,2.507995817892808,-1.3042664035641356,0.0,1.788975364507067
178,7.531010453245347,-1.2934093891698508,2.5477570083226095,0.4782670308215952,-0.1679245802382806,-0.18582655806651666,-0.30122748359114965,-0.30688079612691593,0.3050417086572705,0.035144833341122145,0.02054898660112096,-0.12492230227699362,0.11932798476424888,0.02736602644231551,-0.044094156767469986,0.02289261209409794,-0.0371170442521493,0.007631619067579548,0.01589276896196994,-0.022682444679832634,-0.00014610391459333089,-0.003000177593391296,0.01589276896196993,0.007631619067579436,-0.037117044252149366,0.022892612094097965,-0.04409415676747001,0.02736602644231549,0.11932798476424891,-0.12492230227699372,0.02054898660112082,0.03514483334112218,0.3050417086572704,-0.30688079612691593,-0.30122748359114965,-0.18582655806651596,-0.16792458023828113,0.47826703082159616,2.547757008322611,-1.2934093891698513,0.0,2.2111078109813915
179,7.952123277525121,-1.2824773532744642,2.5869270980995527,0.6177016962432959,-0.22144470784765577,-0.10833067854688799,-0.3071296355856884,-0.30268042107517057,0.3232226316156788,0.0008849121308519719,0.060987390532871624,-0.1477671489651016,0.11214426070912444,0.03980651052152147,-0.059639702207424164,0.029663637703215517,-0.03434877796534436,-0.002549351058723897,0.023838739780013662,-0.02338271469858218,0.0010669837374513865,-0.002141547674079641,0.023838739780013645,-0.002549351058723983,-0.034348777965344426,0.029663637703215565,-0.0596397022074242,0.03980651052152146,0.1121442607091245,-0.14776714896510168,0.06098739053287146,0.0008849121308520408,0.32322263161567877,-0.30268042107517046,-0.3071296355856883,-0.10833067854688759,-0.22144470784765602,0.6177016962432975,2.586927098099555,-1.2824773532744642,0.0,2.633160922984124
180,8.372868255277453,-1.271470929967808,2.6254969994395325,0.7568139177021088,-0.27475933937760266,-0.030677729899881948,-0.31239057727703523,-0.2976199847642788,0.3402040574192003,-0.03337916499736997,0.10107221913042154,-0.1695755152737694,0.1040245081429252,0.051857108405673515,-0.07450786838933796,0.03604795243018457,-0.03107110382928604,-0.012687646279195958,0.031337409572672406,-0.023594224300125585,0.002255363833599006,-0.001228254910061596,0.03133740957267238,-0.012687646279196019,-0.031071103829286097,0.03604795243018457,-0.07450786838933798,0.05185710840567348,0.10402450814292526,-0.16957551527376946,0.10107221913042151,-0.0333791649973699,0.34020405741920023,-0.2976199847642788,-0.31239057727703523,-0.030677729899881812,-0.27475933937760255,0.7568139177021088,2.6254969994395325,-1.271470929967808,0.0,3.054861508997717
181,8.793013410407301,-1.260390757654401,2.6634577638071155,0.8955310777902348,-0.3278189999598252,0.0470196985226582,-0.3169993251272112,-0.29171386633779384,0.35592296705262727,-0.06748647958817422,0.1405710799837347,-0.19019443118263132,0.09503649977070774,0.06339979011184624,-0.08852978479568764,0.04196232696898795,-0.027332631227804147,-0.02261355642687319,0.03824807615861311,-0.023312552375860763,0.0033915177092045524,-0.00028361103104331437,0.038248076158613066,-0.022613556426873262,-0.027332631227804202,0.04196232696898795,-0.08852978479568764,0.06339979011184618,0.09503649977070781,-0.19019443118263138,0.1405710799837346,-0.06748647958817418,0.3559229670526273,-0.29171386633779395,-0.3169993251272111,0.04701969852265875,-0.32781899995982533,0.8955310777902357,2.6634577638071155,-1.2603907576544016,0.0,3.4759342500345483
182,9.21232676681959,-1.249237479016418,2.7008005839916747,1.0337807653242665,-0.3805744513337597,0.12464895287746885,-0.3209462572167921,-0.28497884793059103,0.3703210267684466,-0.10127684940871659,0.17925497783978042,-0.20947926981125736,0.08525525532189004,0.07432150045906098,-0.1015461924935798,0.04732965840264228,-0.023188803393532326,-0.03216092655836581,0.04444107042451387,-0.022543586612012095,0.0044491360735038794,0.0006682719983962178,0.04444107042451383,-0.032160926558365874,-0.02318880339353239,0.04732965840264229,-0.1015461924935798,0.0743215004590609,0.08525525532189011,-0.20947926981125745,0.17925497783978034,-0.10127684940871659,0.37032102676844647,-0.284978847930591,-0.320946257216792,0.12464895287746927,-0.38057445133375983,1.033780765324267,2.700800583991675,-1.249237479016418,0.0,3.896103249953351
183,9.630576348419321,-1.2380117409764133,2.7375167961507323,1.1714908131442479,-0.4329767375386559,0.20209747816716503,-0.3242231333330839,-0.27743406698271705,0.3833448045666194,-0.13459158073152477,0.2168996422060334,-0.22729476187280512,0.07476241538708277,0.084515266391027,-0.11340925297506735,0.05207997535763435,-0.018701075159794283,-0.04116993830738623,0.04980018938687376,-0.021303400421457452,0.005403728239397908,0.0016030974349032635,0.04980018938687371,-0.04116993830738629,-0.018701075159794328,0.05207997535763433,-0.11340925297506728,0.08451526639102691,0.07476241538708285,-0.22729476187280515,0.21689964220603342,-0.1345915807315248,0.38334480456661923,-0.27743406698271705,-0.32422313333308383,0.2020974781671649,-0.4329767375386559,1.1714908131442492,2.737516796150732,-1.2380117409764135,0.0,4.315093611012778
184,10.047530179111419,-1.2267141946597968,2.773597881820045,1.308589335785371,-0.4849772303436884,0.27925298143422866,-0.3268231121736379,-0.2691009618606805,0.3949459684837039,-0.1672742136267006,0.2532868275621021,-0.2435159444908762,0.06364555999293209,0.0938812447273094,-0.12398422728590319,0.05615135018778231,-0.013936001557743894,-0.0494897851670363,0.05422487658049598,-0.01961791696699988,0.006233189240831489,0.002497003928911868,0.05422487658049595,-0.04948978516703634,-0.013936001557743936,0.05615135018778231,-0.12398422728590316,0.09388124472730933,0.06364555999293216,-0.2435159444908763,0.253286827562102,-0.16727421362670053,0.3949459684837039,-0.2691009618606805,-0.32682311217363774,0.27925298143422894,-0.4849772303436888,1.3085893357853724,2.7735978818200446,-1.2267141946597973,0.0,4.732632987018558
185,10.462956282800846,-1.2153454953570673,2.809035469889955,1.445004767002607,-0.5365276743739441,0.35600359457506275,-0.3287407656291885,-0.26000321094069895,0.4050814659554589,-0.19917125676327316,0.2882055786414884,-0.2580290377243085,0.05199747760258912,0.10232770008069016,-0.13315100637142513,0.05949070629580986,-0.008964250775274317,-0.05698119691791951,0.057632108861666635,-0.017522367298883727,0.006918311705341451,0.003327174583812427,0.057632108861666614,-0.05698119691791952,-0.008964250775274355,0.05949070629580987,-0.13315100637142505,0.10232770008069005,0.05199747760258923,-0.2580290377243087,0.2882055786414885,-0.19917125676327307,0.40508146595545874,-0.2600032109406989,-0.3287407656291885,0.35600359457506286,-0.5365276743739439,1.4450047670026076,2.8090354698899542,-1.2153454953570673,0.0,5.148453067094726
186,10.876622683392547,-1.2039063024858023,2.8438213385475613,1.5806658971287202,-0.5875802318904043,0.4322380365380436,-0.32997209011619577,-0.2501666653269959,0.41371368358730215,-0.2301329082687693,0.32145345344798815,-0.27073224265171264,0.039915390643200634,0.10977190336247805,-0.14080547525812143,0.06205451006796193,-0.003859556115959746,-0.06351877094437057,0.05995795422277306,-0.015060553932910408,0.007443230628622596,0.004072419355536392,0.05995795422277303,-0.06351877094437058,-0.0038595561159597827,0.06205451006796192,-0.1408054752581214,0.109771903362478,0.039915390643200675,-0.2707322426517128,0.32145345344798787,-0.2301329082687693,0.41371368358730215,-0.2501666653269958,-0.32997209011619577,0.43223803653804405,-0.5875802318904042,1.5806658971287217,2.8438213385475617,-1.2039063024858025,0.0,5.562290945026644
187,11.2882974047915,-1.192397279552413,2.8779474171842407,1.7155019102461364,-0.6380875271823726,0.5078457746704098,-0.3305145149353323,-0.2396192753963286,0.42081058673971017,-0.26001375926153997,0.35283769691627603,-0.281536455417763,0.027500144024668827,0.11614094207532734,-0.14686069557669693,0.0638093384012359,0.0013023774990488762,-0.068993071413694,0.061158771388122354,-0.012283935262313864,0.007795790751711568,0.004713715926851202,0.06115877138812235,-0.068993071413694,0.0013023774990488526,0.06380933840123591,-0.1468606955766969,0.11614094207532723,0.027500144024668906,-0.28153645541776307,0.3528376969162759,-0.26001375926154,0.4208105867397102,-0.2396192753963286,-0.3305145149353323,0.5078457746704103,-0.6380875271823726,1.715501910246138,2.8779474171842416,-1.1923972795524134,0.0,5.973890332234323
188,11.697748470902631,-1.1808190941136552,2.911405788268106,1.849442421153269,-0.688002690531145,0.5827171849800411,-0.330366907638464,-0.22839101137746962,0.42634583841054535,-0.2886734767517635,0.3821763584123609,-0.2903658922327218,0.01485536342282853,0.12137243445712498,-0.15124789299571043,0.06473231442464354,0.006444996269105064,-0.0733124611791651,0.0612120286822016,-0.009250549941602664,0.007967828033637023,0.005234695250589332,0.06121202868220161,-0.07331246117916511,0.006444996269105053,0.06473231442464354,-0.15124789299571037,0.1213724344571249,0.014855363422828607,-0.2903658922327219,0.38217635841236075,-0.2886734767517634,0.42634583841054524,-0.22839101137746953,-0.330366907638464,0.5827171849800417,-0.6880026905311453,1.8494424211532694,2.911405788268107,-1.180819094113655,0.0,6.383002576662889
189,12.104743905630919,-1.1691724177379117,2.94418868918093,1.9824175121060172,-0.7372794017041371,0.6567437110797664,-0.3295295763929203,-0.216513778191311,0.4302988969731349,-0.3159774627039354,0.40929934659518286,-0.2971586209412738,0.002086590352553196,0.1254151404812404,-0.15391723835065282,0.06481140573420979,0.011492032841413096,-0.0764046357416213,0.060116726805447565,-0.006023803725583697,0.007955358701628714,0.005622059368356748,0.060116726805447565,-0.07640463574162129,0.011492032841413084,0.0648114057342098,-0.15391723835065277,0.1254151404812403,0.002086590352553282,-0.29715862094127393,0.40929934659518274,-0.31597746270393545,0.4302988969731347,-0.21651377819131098,-0.32952957639292024,0.6567437110797667,-0.7372794017041374,1.9824175121060177,2.9441886891809306,-1.1691724177379121,0.0,6.789387455116666
190,12.509051732881318,-1.1574579259662385,2.9762885140191373,2.1143577693152467,-0.7858719329390944,0.7298180215837465,-0.3280042693381172,-0.20402132479357657,0.4326550924073902,-0.34179748616560907,0.43404941552377807,-0.3018669954320974,-0.010699598749970004,0.12822946372867547,-0.1548384135965128,0.06404558125375993,0.01636863739022382,-0.07821783359186778,0.05789341758472268,-0.002671144121832079,0.007758671501153679,0.005865920839929436,0.057893417584722676,-0.07821783359186776,0.01636863739022382,0.06404558125375992,-0.15483841359651276,0.12822946372867539,-0.010699598749969926,-0.30186699543209755,0.4340494155237779,-0.34179748616560907,0.43265509240739014,-0.20402132479357654,-0.3280042693381171,0.7298180215837469,-0.785871932939095,2.1143577693152467,2.9762885140191386,-1.157457925966239,0.0,7.192813712686445
191,12.910439976558763,-1.1456762982731818,3.0076978153584446,2.2451943191811945,-0.8337351913785014,0.8018341657277244,-0.32579417093587737,-0.19094914827773843,0.4334056807410665,-0.36601228549365006,0.45628307629303944,-0.30445798984110173,-0.02339648208308777,0.12978783921651108,-0.15400095615582154,0.06244482467657419,0.021002487673465756,-0.07872170267334953,0.0545838183466707,0.0007373494401332727,0.007382321009596189,0.005960055119427893,0.05458381834667072,-0.07872170267334952,0.021002487673465766,0.06244482467657417,-0.15400095615582146,0.12978783921651102,-0.023396482083087637,-0.3044579898411018,0.45628307629303927,-0.36601228549365006,0.4334056807410664,-0.19094914827773837,-0.32579417093587737,0.8018341657277247,-0.8337351913785014,2.2451943191811945,3.0076978153584464,-1.1456762982731823,0.0,7.593059329773922
192,13.308676660568217,-1.1338282180273658,3.0384093059817157,2.374858864245903,-0.8808247609148179,0.8726877269875026,-0.32290389532206504,-0.17733439301063078,0.43254787649912985,-0.3885081378496945,0.475871428912849,-0.30491343020413464,-0.035898083248842326,0.13007500338405187,-0.15141437775111982,0.06003000431267785,0.025324861604171783,-0.0779078084609234,0.05025002914970306,0.004130430453785403,0.006835022168412868,0.005902059436386603,0.050250029149703085,-0.07790780846092334,0.025324861604171814,0.06003000431267784,-0.15141437775111974,0.13007500338405178,-0.03589808324884226,-0.30491343020413464,0.47587142891284884,-0.3885081378496946,0.4325478764991297,-0.17733439301063078,-0.322903895322065,0.8726877269875027,-0.8808247609148183,2.3748588642459034,3.0384093059817165,-1.133828218027366,0.0,7.989911504634806
193,13.703529808814647,-1.1219143724518554,3.068415860569659,2.5032837188448993,-0.9270969434077022,0.9422759744729223,-0.31933947667341844,-0.16321574508736497,0.43008486304081006,-0.40917939329022285,0.49270090960775303,-0.30323012193428284,-0.048100055800511986,0.12908814359228046,-0.14710805637216604,0.0568326010385061,0.029271656429983983,-0.07578977515073652,0.04497336756217679,0.00743717457551302,0.006129448476023902,0.0056934141262910175,0.04497336756217679,-0.07578977515073644,0.029271656429984017,0.05683260103850607,-0.1471080563721659,0.12908814359228035,-0.048100055800511896,-0.30323012193428295,0.4927009096077528,-0.4091793932902228,0.43008486304081,-0.16321574508736486,-0.3193394766734184,0.9422759744729227,-0.9270969434077023,2.5032837188448993,3.06841586056966,-1.121914372451856,0.0,8.383166347159287
194,14.094767445203,-1.1099354525842968,3.097710517353965,2.6304018444395125,-0.9725087992349722,1.010498011877832,-0.3151083566096889,-0.1486333224054487,0.42602578074597786,-0.42792897094293864,0.5066739492046958,-0.2994198722296041,-0.059900554185524514,0.12683692567234411,-0.14113090260490527,0.05289429789553583,0.03278433940584547,-0.07240305759776096,0.038852842850541774,0.010588462130489515,0.005281938514576625,0.0053394448451246634,0.03885284285054181,-0.07240305759776088,0.032784339405845506,0.05289429789553583,-0.14113090260490516,0.12683692567234406,-0.059900554185524445,-0.29941987222960414,0.5066739492046957,-0.42792897094293864,0.4260257807459777,-0.14863332240544855,-0.3151083566096889,1.0104980118778322,-0.9725087992349726,2.630401844439514,3.0977105173539656,-1.1099354525842968,0.0,8.77262828759241
195,14.482157593638231,-1.097892153236833,3.1262864797324865,2.7561468846113932,-1.0170181871396866,1.0772549237700852,-0.3102193686573895,-0.1336285606704643,0.4203856930946861,-0.44466881493920124,0.5177095387918,-0.29350940725411606,-0.07120108381429138,0.12334339925324939,-0.13355080411198852,0.04826643668809416,0.03581081586097499,-0.06780434781863996,0.03200329820720974,0.013518422896203872,0.004312117606379905,0.004849186632397248,0.032003298207209784,-0.0678043478186399,0.03581081586097502,0.048266436688094154,-0.13355080411198844,0.12334339925324934,-0.07120108381429123,-0.2935094072541161,0.5177095387917998,-0.44466881493920124,0.420385693094686,-0.13362856067046427,-0.3102193686573895,1.077254923770086,-1.0170181871396866,2.7561468846113946,3.1262864797324874,-1.0978921532368333,0.0,9.158109211869721
196,14.865468278025286,-1.0857851729558048,3.1541371178461106,2.8804531997009564,-1.060583803336348,1.1424499190094635,-0.30468271980758854,-0.11824409565721732,0.41318553076575937,-0.45932030796126044,0.5257436993687797,-0.28554018467295855,-0.0819073231597376,0.11864178179603503,-0.12445385457435251,0.04300934866442157,0.0383062017863001,-0.062070625994701846,0.02455325587667247,0.016165812963866714,0.0032424433611033016,0.004235153292434829,0.024553255876672498,-0.06207062599470174,0.03830620178630014,0.04300934866442156,-0.12445385457435242,0.11864178179603498,-0.0819073231597375,-0.2855401846729586,0.5257436993687796,-0.45932030796126044,0.41318553076575937,-0.11824409565721725,-0.3046827198075884,1.142449919009464,-1.0605838033363484,2.880453199700957,3.154137117846111,-1.0857851729558046,0.0,9.539427343006468
197,15.24446752226913,-1.073615213981231,3.1812559701169416,3.0032559010716753,-1.1031652198399606,1.2059884710855724,-0.29850996920624995,-0.10252364206090875,0.40445201396187974,-0.47181464046210475,0.530729852766177,-0.27556810285665984,-0.09192991102575422,0.11277812344970874,-0.1139433758514324,0.037191568006586635,0.04023348948452923,-0.055297871860892245,0.016642505613101613,0.018475294897655984,0.0020976856372546693,0.003513017980457418,0.016642505613101648,-0.05529787186089216,0.0402334894845293,0.03719156800658662,-0.11394337585143233,0.11277812344970867,-0.0919299110257541,-0.2755681028566599,0.530729852766177,-0.4718146404621048,0.4044520139618797,-0.10252364206090868,-0.29850996920625,1.2059884710855724,-1.1031652198399606,3.0032559010716753,3.181255970116942,-1.0736152139812303,0.0,9.916405895337324
198,15.61892335027471,-1.0613829822060776,3.207636744747437,3.1244908849823343,-1.144722921982358,1.267778455172247,-0.2917140040216118,-0.08651186928257319,0.39421755324943,-0.48209313382391,0.5326390916830162,-0.2636631087942304,-0.10118519241352071,0.1058098560115266,-0.102138744466173,0.03088893838261306,0.04156409641097222,-0.04759945805135291,0.008419481718692398,0.020398594433097283,0.0009043529601824698,0.0027012131464605967,0.008419481718692428,-0.04759945805135283,0.04156409641097227,0.030888938382613057,-0.10213874446617288,0.10580985601152658,-0.10118519241352061,-0.2636631087942304,0.532639091683016,-0.48209313382391006,0.3942175532494298,-0.08651186928257316,-0.2917140040216118,1.2677784551722469,-1.1447229219823583,3.124490884982336,3.207636744747437,-1.0613829822060776,0.0,10.288871535172662
199,15.988603785946996,-1.0490891871353156,3.2332733211801585,3.244094866049571,-1.1852183450809903,1.3277302816997425,-0.2843090125389828,-0.07025427450173756,0.38252012928107987,-0.4901075159374021,0.531460347277325,-0.24990870746529176,-0.10959591676021575,0.09780523040933933,-0.08917403574345387,0.024183624208279075,0.04227828906555272,-0.039104252296265164,3.8477879003583446e-05,0.02189550953653144,-0.00030992132127424153,0.0018204600483036988,3.847787900362544e-05,-0.03910425229626509,0.04227828906555278,0.024183624208279055,-0.08917403574345378,0.09780523040933933,-0.1095959167602156,-0.24990870746529176,0.5314603472773249,-0.4901075159374021,0.38252012928107976,-0.07025427450173749,-0.28430901253898266,1.3277302816997427,-1.1852183450809903,3.244094866049571,3.233273321180158,-1.0490891871353156,0.0,10.656652687444355
200,16.35327685319093,-1.0367345418447642,3.258159751517793,3.3620054102832095,-1.2246139102261493,1.3857570262510466,-0.2763104545391317,-0.0537970533969602,0.3694031518474724,-0.49582014790789813,0.5272004533379173,-0.23440137611264258,-0.11709188272216357,0.0888426482156028,-0.07519650100161271,0.017163039508303553,0.04236547564950311,-0.029954460238267366,-0.008343247944938246,0.02293475073366484,-0.0015170189250550805,0.000893239843147943,-0.008343247944938213,-0.029954460238267297,0.04236547564950318,0.01716303950830354,-0.07519650100161264,0.08884264821560277,-0.11709188272216343,-0.23440137611264267,0.5272004533379173,-0.49582014790789825,0.36940315184747236,-0.05379705339696012,-0.2763104545391317,1.3857570262510468,-1.2246139102261495,3.36200541028321,3.2581597515177925,-1.0367345418447644,0.0,11.019577733004398
201,16.71271057591147,-1.0243197629397323,3.282290261903111,3.4781609676771876,-1.2628730591534143,1.4417745555939703,-0.26773502902210905,-0.037186968881597546,0.3549152987810778,-0.4992042008233176,0.5198841066653956,-0.21724988752371963,-0.1236105241206399,0.07900989374056146,-0.06036489509290773,0.009918708340851214,0.0418243631465112,-0.02030324497865766,-0.016568424245069217,0.023494595142118914,-0.002688987755479652,-5.67802424039114e-05,-0.016568424245069192,-0.020303244978657563,0.04182436314651128,0.009918708340851198,-0.06036489509290763,0.07900989374056144,-0.12361052412063979,-0.21724988752371968,0.5198841066653955,-0.4992042008233176,0.3549152987810776,-0.03718696888159745,-0.26773502902210905,1.4417745555939712,-1.2628730591534143,3.478160967677189,3.282290261903112,-1.0243197629397323,0.0,11.377473145279243
202,17.06667297801354,-1.011845570513454,3.3056592538585505,3.592500904339022,-1.2999602881689591,1.495701649666296,-0.258600639343888,-0.02047121822778248,0.33911033531005064,-0.5002437817539899,0.5095537238920717,-0.19857454706764666,-0.12909743215965408,0.06840327422589385,-0.04484767328847764,0.002545071641466436,0.04066297649873448,-0.010312163201029236,-0.024482716948910178,0.023563340536973523,-0.0037986891745622102,-0.001005351016501957,-0.024482716948910143,-0.010312163201029137,0.04066297649873455,0.0025450716414664337,-0.04484767328847752,0.06840327422589382,-0.129097432159654,-0.1985745470676467,0.5095537238920715,-0.5002437817539899,0.33911033531005047,-0.020471218227782376,-0.25860063934388794,1.4957016496662965,-1.2999602881689594,3.5925009043390226,3.305659253858552,-1.0118455705134544,0.0,11.730161617862501
203,17.41493208340216,-0.9993126881053191,3.3282613055851127,3.704965534141058,-1.3358411810962407,1.5474601193370998,-0.24892635583860884,-0.0036972989561800946,0.3220469145324794,-0.4989340083925066,0.4962691955708871,-0.17850634883950925,-0.13350680955694053,0.05712667656022144,-0.028821077987323262,-0.004861743958950276,0.03889853959329327,-0.0001484607903907388,-0.03193762528526709,0.023139549958136413,-0.0048204264365336365,-0.0019282602808630925,-0.03193762528526708,-0.00014846079039067421,0.03889853959329335,-0.004861743958950293,-0.028821077987323192,0.057126676560221426,-0.13350680955694047,-0.17850634883950933,0.4962691955708871,-0.49893400839250657,0.32204691453247924,-0.003697298956180017,-0.24892635583860892,1.5474601193371007,-1.3358411810962412,3.704965534141059,3.3282613055851136,-0.9993126881053191,0.0,12.077460236266575
204,17.75725591598223,-0.9867218426589078,3.3500911732202594,3.815496149876988,-1.3704824412134986,1.5969749197735181,-0.23873237600446418,0.013087126127408413,0.30378835975147883,-0.4952810319830828,0.4801075389590132,-0.15718605683089745,-0.1368018527976885,0.04529054975551285,-0.0124671369801981,-0.012205179291782942,0.03655721982426635,0.010017726782198238,-0.03879326819609015,0.022232081746599658,-0.005730539733257957,-0.002801950845326909,-0.038793268196090136,0.010017726782198302,0.036557219824266435,-0.012205179291782959,-0.01246713698019804,0.04529054975551286,-0.13680185279768844,-0.15718605683089754,0.48010753895901304,-0.4952810319830828,0.3037883597514787,0.013087126127408515,-0.23873237600446418,1.5969749197735184,-1.3704824412134986,3.8154961498769886,3.3500911732202603,-0.9867218426589085,0.0,12.419178747396078
205,18.09341249965875,-0.9740737644798242,3.3711437920545335,3.9240350539073616,-1.4038519221524133,1.6441742592485797,-0.22803998233634473,0.029834364365096004,0.28440242947889166,-0.48930200843273736,0.4611624515091174,-0.13476321757164295,-0.13895505932047342,0.0330108231505523,0.004028403996158342,-0.019389501447131134,0.03367374001845001,0.02001622244526697,-0.044921009011321164,0.020859904381745974,-0.0065079540714037595,-0.003604121823378123,-0.044921009011321136,0.020016222445267035,0.033673740018450075,-0.01938950144713116,0.004028403996158377,0.03301082315055229,-0.13895505932047336,-0.134763217571643,0.4611624515091172,-0.48930200843273736,0.28440242947889155,0.029834364365096133,-0.22803998233634468,1.64417425924858,-1.403851922152414,3.9240350539073616,3.371143792054535,-0.9740737644798242,0.0,12.755117979331201
206,18.423169858336642,-0.9613691871933367,3.391414277706618,4.030525588278095,-1.4359186577292729,1.688989703232347,-0.216871497893283,0.04649682876478466,0.26396106597968416,-0.48102501773996975,0.43954376765694186,-0.11139511116836151,-0.1399484570714174,0.0204077709371637,0.02047819093268885,-0.02632105179869519,0.030290863480196103,0.02967965620894415,-0.05020586913833149,0.019051699990093707,-0.0071346672944800574,-0.004314297860612109,-0.05020586913833146,0.02967965620894422,0.030290863480196183,-0.02632105179869522,0.02047819093268887,0.020407770937163745,-0.13994845707141734,-0.11139511116836152,0.43954376765694186,-0.4810250177399697,0.26396106597968416,0.04649682876478479,-0.21687149789328306,1.6889897032323469,-1.4359186577292726,4.030525588278094,3.391414277706619,-0.9613691871933367,0.0,13.085068461724592
207,18.74629601592084,-0.9486088477018274,3.4108979272565443,4.134912164296258,-1.4666528906809413,1.7313562736154429,-0.20525023969345674,0.06302717321779258,0.24254012829020147,-0.47048893211932685,0.41537682205447324,-0.08724564809751102,-0.13977375451057145,0.0076048341306274685,0.036695389488215206,-0.032909466987202436,0.02645875979234628,0.038846266857777915,-0.054548685476401765,0.016845264813193504,-0.007596166948878517,-0.004914351766629422,-0.05454868547640176,0.03884626685777795,0.026458759792346343,-0.032909466987202464,0.03669538948821526,0.007604834130627477,-0.1397737545105714,-0.08724564809751101,0.41537682205447307,-0.47048893211932696,0.2425401282902013,0.06302717321779273,-0.20525023969345674,1.7313562736154424,-1.4666528906809415,4.13491216429626,3.4108979272565456,-0.9486088477018273,0.0,13.40880929356257
208,19.062558996316355,-0.9357934861420475,3.429590220336818,4.237140291547718,-1.4960261002789856,1.7712125429210956,-0.193200470034054,0.07937842703201532,0.22021911070106645,-0.4577432334412052,0.3888017229403709,-0.06248421949116815,-0.13843240981846902,-0.0052725884774613456,0.05249580702732098,-0.039068856944988205,0.022234260778720094,0.047362609755379946,-0.05786797107534072,0.0142867191664793,-0.007881766340784314,-0.005388967210219187,-0.0578679710753407,0.04736260975538001,0.02223426077872016,-0.039068856944988226,0.052495807027321,-0.005272588477461337,-0.13843240981846902,-0.062484219491168135,0.388801722940371,-0.4577432334412052,0.22021911070106637,0.07937842703201546,-0.19320047003405397,1.7712125429210959,-1.4960261002789863,4.237140291547717,3.429590220336817,-0.9357934861420477,0.0,13.726107300289044
209,19.371726823428098,-0.9229238458421872,3.4474868201811733,4.337156606341432,-1.5240110287963125,1.8085007233691097,-0.18074734583762941,0.09550412839834702,0.19708084774944795,-0.4428477808442651,0.35997253986030003,-0.03728450897994447,-0.13593561872520862,-0.018098368541839827,0.0676999846541159,-0.04471892460437982,0.017680017662568503,0.05508612543355179,-0.06010144412555383,0.011429543403017411,-0.00798485200207042,-0.005726029667571257,-0.060101444125553835,0.05508612543355182,0.01768001766256856,-0.044718924604379845,0.06769998465411595,-0.018098368541839816,-0.13593561872520862,-0.03728450897994443,0.35997253986030003,-0.4428477808442652,0.1970808477494478,0.09550412839834715,-0.1807473458376295,1.8085007233691095,-1.5240110287963125,4.337156606341433,3.447486820181174,-0.9229238458421871,0.0,14.03671651643883
210,19.673567521161033,-0.9100006732787627,3.4645835746307454,4.434908899565644,-1.5505817068017744,1.8431667506626206,-0.1679168661307064,0.11135845641111926,0.17321120681548804,-0.42587252961184774,0.3290564104463709,-0.011823274427109244,-0.13230422106365108,-0.030746883531862078,0.0821352354808598,-0.04978601269277231,0.012863571920712516,0.061887525968950974,-0.061207196590175546,0.008333460033054494,-0.007903036834743669,-0.005916935644593209,-0.06120719659017557,0.06188752596895101,0.012863571920712554,-0.04978601269277231,0.08213523548085984,-0.030746883531862036,-0.1323042210636511,-0.011823274427109244,0.3290564104463709,-0.42587252961184774,0.17321120681548788,0.11135845641111934,-0.1679168661307063,1.8431667506626206,-1.5505817068017747,4.434908899565645,3.4645835746307463,-0.9100006732787624,0.0,14.340378023101417
211,19.967849113420137,-0.897024718033316,3.480876517097399,4.530346143941327,-1.5757134772592616,1.875160362376158,-0.15473581776427447,0.12689636126742393,0.14869876946368085,-0.40689720263266804,0.29623257143414833,0.013720891900821193,-0.12756852682670008,-0.043094247145565555,0.09563760598108065,-0.05420406396782093,0.007856353613018582,0.06765295920050442,-0.061164480551496654,0.005063185366014616,-0.007638215387660803,-0.005956812280455562,-0.061164480551496654,0.06765295920050445,0.007856353613018608,-0.054204063967820945,0.09563760598108065,-0.043094247145565485,-0.12756852682670008,0.01372089190082121,0.2962325714341482,-0.40689720263266804,0.1486987694636807,0.126896361267424,-0.15473581776427442,1.875160362376158,-1.5757134772592616,4.530346143941327,3.480876517097399,-0.8970247180333158,0.0,14.636820161886815
212,20.254339624110344,-0.883996732748938,3.496361867484015,4.623418520658733,-1.5993830184089157,1.9044351708313563,-0.1412317194895065,0.14207369227536049,0.12363450271176246,-0.3860109159887441,0.26169131953492103,0.03916881603051459,-0.12176806318050283,-0.05501952271818807,0.10805373815041722,-0.057915482374616786,0.002732622042435939,0.07228591455961401,-0.0599740975169826,0.0016870767689206125,-0.007196519985502031,-0.005844641727001154,-0.05997409751698263,0.07228591455961401,0.002732622042435976,-0.057915482374616814,0.10805373815041722,-0.05501952271818799,-0.12176806318050287,0.039168816030514635,0.26169131953492103,-0.3860109159887441,0.12363450271176236,0.14207369227536054,-0.14123171948950658,1.9044351708313556,-1.5993830184089157,4.623418520658733,3.496361867484016,-0.8839967327489378,0.0,14.925759138761887
213,20.532807077136617,-0.8709174730866133,3.5110360330615027,4.7140774453831185,-1.6215683654092412,1.930948730354655,-0.12743276450544877,0.15684732330747483,0.09811142144705041,-0.36331176042895424,0.22563290818759277,0.06434199905850944,-0.11495124454516403,-0.06640590774036459,0.11924261132502811,-0.06087188389834444,-0.002431635543915412,0.07570883861047714,-0.05765838338009308,-0.0017242961828929282,-0.006588178725899272,-0.00558328712924343,-0.0576583833800931,0.07570883861047714,-0.002431635543915397,-0.06087188389834444,0.1192426113250281,-0.0664059077403645,-0.11495124454516406,0.0643419990585095,0.22563290818759268,-0.3633117604289542,0.09811142144705032,0.15684732330747486,-0.12743276450544863,1.930948730354655,-1.621568365409241,4.7140774453831185,3.511036033061502,-0.8709174730866132,0.0,15.2069000223565
214,20.80301949640389,-0.8577876976813895,3.5248956093023374,4.802275593616045,-1.6422489307200174,1.9546625988194672,-0.11336776159863253,0.17117527534291543,0.07222424324302637,-0.33890634069380254,0.18826638658629205,0.08906386919277134,-0.10717496849669111,-0.07714187788420121,0.1290771438742411,-0.0630347273239086,-0.007559830879847159,0.07786443325715729,-0.05426078931809198,-0.005099626796055817,-0.005827278633001606,-0.005179419543803472,-0.054260789318092,0.07786443325715728,-0.007559830879847147,-0.06303472732390858,0.12907714387424105,-0.07714187788420115,-0.10717496849669116,0.0890638691927714,0.18826638658629202,-0.3389063406938025,0.07222424324302625,0.17117527534291557,-0.11336776159863247,1.9546625988194672,-1.6422489307200174,4.802275593616044,3.5248956093023374,-0.8577876976813895,0.0,15.47993813230248
215,21.06474490581715,-0.8446081680983736,3.5379373806704493,4.88796692539905,-1.661405523207109,1.9755423933835867,-0.09906607499749229,0.18501683575010613,0.04606903685715493,-0.3129092748549133,0.14980838771445426,0.1131610202769477,-0.09850414086303586,-0.08712227933202459,0.1374456365756457,-0.06437581667961431,-0.012575910518588519,0.07871661488604509,-0.04984506649072175,-0.008368361757149834,-0.004931439452000537,-0.004643347660687141,-0.04984506649072179,0.0787166148860451,-0.012575910518588512,-0.06437581667961433,0.13744563657564565,-0.0871222793320245,-0.0985041408630359,0.1131610202769478,0.1498083877144542,-0.3129092748549135,0.04606903685715488,0.18501683575010613,-0.09906607499749234,1.9755423933835867,-1.661405523207109,4.887966925399051,3.537937380670449,-0.8446081680983735,0.0,15.7445608040733
216,21.317751329281336,-0.8313796487885593,3.5501583213672445,4.971106709346788,-1.6790203659514413,1.993557840341024,-0.08455756306715823,0.19833267397099458,0.019742865714384248,-0.2854426560205664,0.11048187241177078,0.13646442810996218,-0.08901113397808672,-0.09624935870895651,0.1442530412789798,-0.06487766881477816,-0.017405483739659333,0.07825111838812797,-0.04449406983774541,-0.011462175883067915,-0.003921405638376017,-0.003988754674741281,-0.04449406983774545,0.07825111838812795,-0.01740548373965934,-0.06487766881477817,0.14425304127897984,-0.09624935870895646,-0.08901113397808676,0.13646442810996226,0.11048187241177078,-0.28544265602056634,0.019742865714384026,0.19833267397099463,-0.08455756306715818,1.9935578403410241,-1.6790203659514409,4.97110670934679,3.550158321367246,-0.8313796487885592,0.0,16.00044950784847
217,21.56180679070141,-0.8181029070444873,3.561555596033621,5.051651545997071,-1.6950771127456061,2.008682819015985,-0.06987251597261558,0.21108495327816335,-0.006656572300620469,-0.2566354789353305,0.07051483675529316,0.1588106360293416,-0.07877518261537517,-0.10443372053160481,0.14942204044950663,-0.06453374131933434,-0.021976925796763257,0.07647573595002746,-0.03830820342044287,-0.014316400297572453,-0.002820565989943932,-0.003232349023125497,-0.03830820342044288,0.07647573595002741,-0.021976925796763247,-0.06453374131933434,0.14942204044950663,-0.1044337205316047,-0.07877518261537525,0.15881063602934167,0.07051483675529316,-0.2566354789353306,-0.00665657230062071,0.2110849532781634,-0.06987251597261544,2.008682819015985,-1.6950771127456061,5.051651545997072,3.5615555960336223,-0.8181029070444875,0.0,16.24728229034302
218,21.79667931398231,-0.8047787129557391,3.5721265604077925,5.129559390465645,-1.7095608632628052,2.020895399635352,-0.055041592440372086,0.2232374382872458,-0.033031307405757854,-0.22662303416672233,0.030138990248670696,0.18004290144225968,-0.0678817226434235,-0.11159520279510718,0.1528939253295806,-0.06334851781415528,-0.026222440145037884,0.0734201866165575,-0.03140353647808122,-0.01687137418139519,-0.001654412045321678,-0.0023934379036994287,-0.03140353647808126,0.07342018661655747,-0.026222440145037905,-0.06334851781415528,0.15289392532958057,-0.11159520279510712,-0.06788172264342357,0.18004290144225982,0.030138990248670696,-0.22662303416672236,-0.03303130740575794,0.22323743828724577,-0.05504159244037215,2.0208953996353523,-1.7095608632628052,5.129559390465646,3.5721265604077934,-0.8047787129557388,0.0,16.484736500521397
219,22.022136923029002,-0.7914078393642698,3.581868761938782,5.204789574393881,-1.7224581768840435,2.0301778751247626,-0.040095755750661634,0.23475559791915343,-0.059283461492798395,-0.19554627272404349,-0.01041158751725854,0.20001229526220662,-0.05642167792274428,-0.11766366212256171,0.1546292627443698,-0.061337449500196733,-0.030079063894353313,0.06913561880826329,-0.023909625548957442,-0.019073691840736016,-0.0004499477903808684,-0.0014934344602369454,-0.02390962554895748,0.06913561880826324,-0.03007906389435335,-0.06133744950019673,0.15462926274436975,-0.11766366212256169,-0.05642167792274436,0.20001229526220665,-0.010411587517258505,-0.19554627272404346,-0.0592834614927985,0.23475559791915346,-0.04009575575066165,2.0301778751247626,-1.7224581768840432,5.204789574393882,3.5818687619387832,-0.7914078393642703,0.0,16.712491752847704
220,22.23794764174643,-0.7779910618195824,3.5907799403554295,5.2773028271778895,-1.7337570851707436,2.0365167867821694,-0.025066209093814486,0.24560670351954889,-0.08531561135848531,-0.1635511440934141,-0.05090180394449445,0.21857874653952497,-0.04449070139651012,-0.12257966078667147,0.15460834297824913,-0.05852675372846374,-0.03348960157733366,0.06369375412155717,-0.015967083520903442,-0.02087731902713936,0.000764935658209665,-0.0005553112135278719,-0.015967083520903463,0.06369375412155712,-0.033489601577333696,-0.058526753728463735,0.15460834297824913,-0.1225796607866714,-0.04449070139651019,0.21857874653952505,-0.05090180394449438,-0.16355114409341406,-0.08531561135848544,0.245606703519549,-0.02506620909381442,2.0365167867821694,-1.7337570851707438,5.2773028271778895,3.5907799403554304,-0.7779910618195826,0.0,16.930233075385438
221,22.443879494039564,-0.7645291585337409,3.5988580281907994,5.347061296468012,-1.743447102971206,2.0399029437916765,-0.00998433042575555,0.25575992185675955,-0.11103115024745813,-0.130787910797864,-0.09109691638082604,0.2356120249584813,-0.03218837670924194,-0.1262950488745471,0.15283140363494777,-0.05495307221674604,-0.03640347338390132,0.05718568674382368,-0.007724941224663464,-0.02224455517471825,0.0019621059122410726,0.0003969863105023165,-0.007724941224663507,0.05718568674382361,-0.03640347338390136,-0.054953072216746036,0.1528314036349477,-0.126295048874547,-0.03218837670924203,0.23561202495848133,-0.09109691638082607,-0.130787910797864,-0.11103115024745817,0.2557599218567596,-0.009984330425755637,2.0399029437916756,-1.7434471029712058,5.347061296468012,3.5988580281908,-0.7645291585337409,0.0,17.13765418480513
222,22.639700503813362,-0.7510229103362348,3.6061011512618424,5.414028567927978,-1.7515192381506128,2.0403314365493386,0.005118393041364308,0.26518640273387967,-0.13633464636529238,-0.09741044270159804,-0.13076389304396646,0.2509926543093602,-0.019617387017322154,-0.12877343589363463,0.14931862693887993,-0.050662993368790384,-0.03877746528264355,0.04972035858070528,0.0006621489238001366,-0.023146821441429544,0.0031138407582141374,0.001339150788556361,0.0006621489238000979,0.04972035858070519,-0.0387774652826436,-0.05066299336879038,0.14931862693887984,-0.12877343589363457,-0.019617387017322248,0.25099265430936024,-0.1307638930439664,-0.09741044270159797,-0.1363346463652924,0.2651864027338798,0.005118393041364308,2.0403314365493377,-1.7515192381506126,5.414028567927978,3.6061011512618433,-0.7510229103362344,0.0,17.33446082631945
223,22.82517869497278,-0.7374731006286859,3.6125076291042277,5.478169684243403,-1.7579659999355428,2.0378016437816218,0.020210430576637687,0.27385936096611374,-0.1611321970311938,-0.06357549437267553,-0.16967276402689285,0.26461275052823224,-0.006882657928977699,-0.12999054719960884,0.1441099105083095,-0.04571244492320986,-0.0405763699043636,0.04142273562120193,0.009036814762283138,-0.023565258082259306,0.004193470105398618,0.0022471335425800227,0.00903681476228312,0.041422735621201835,-0.040576369904363654,-0.045712444923209854,0.1441099105083094,-0.12999054719960876,-0.006882657928977802,0.26461275052823235,-0.1696727640268928,-0.06357549437267555,-0.16113219703119394,0.27385936096611385,0.020210430576637756,2.0378016437816213,-1.7579659999355428,5.478169684243401,3.612507629104228,-0.7374731006286861,0.0,17.520374113847474
224,23.000082091422737,-0.7238805153394109,3.618075975362224,5.539451163369704,-1.7627814058652502,2.0323172334461885,0.03526027375872549,0.28175415249042257,-0.18533177715606777,-0.029441968897913076,-0.20759795455191848,0.2763767784261477,0.005909518272689895,-0.12993446175518633,0.13726441420387447,-0.04016596484988074,-0.04177350868322466,0.03243171606735191,0.017241917253597427,-0.023491118667642696,0.005175993570464006,0.003097758380476338,0.0172419172535974,0.032431716067351846,-0.04177350868322473,-0.040165964849880734,0.1372644142038744,-0.1299344617551863,0.0059095182726898,0.2763767784261478,-0.20759795455191837,-0.02944196889791304,-0.18533177715606777,0.2817541524904226,0.0352602737587254,2.032317233446188,-1.76278140586525,5.539451163369702,3.618075975362224,-0.7238805153394109,0.0,17.695133804387453
225,23.16417871706825,-0.7102459428778352,3.622804898133542,5.597841016009945,-1.7659609873432678,2.0238861574137115,0.0502365022576051,0.28884834439120816,-0.20884358075273998,0.00482982839255764,-0.24431959274393353,0.28620222179984506,0.01865236981382669,-0.12860572889112334,0.12885988819930125,-0.034095859998806925,-0.042351127511898276,0.022897805245393355,0.02512349898255988,-0.02292595290691357,0.006038659397613817,0.0038693131666808693,0.025123498982559847,0.02289780524539328,-0.042351127511898345,-0.034095859998806925,0.12885988819930116,-0.12860572889112332,0.018652369813826574,0.28620222179984517,-0.24431959274393342,0.004829828392557622,-0.20884358075273998,0.2888483443912082,0.050236502257605085,2.0238861574137115,-1.7659609873432678,5.597841016009945,3.622804898133543,-0.7102459428778352,0.0,17.858501440697157
226,23.317236595814204,-0.6965701740887604,3.6266933002690713,5.653308762313428,-1.767501793784168,2.0125206399384177,0.06510784943240645,0.2951217786430617,-0.2315803542109683,0.03907894278625213,-0.27962478434098176,0.2940201622236292,0.031239536616088272,-0.126017362925777,0.11899178990598598,-0.027581263469751097,-0.042300660042973226,0.012980596219270734,0.03253367295423899,-0.021881574255291535,0.006761491308488145,0.004542104022803119,0.03253367295423896,0.012980596219270644,-0.042300660042973295,-0.027581263469751097,0.11899178990598591,-0.12601736292577692,0.03123953661608816,0.29402016222362926,-0.2796247843409817,0.03907894278625213,-0.23158035421096834,0.29512177864306177,0.0651078494324065,2.0125206399384177,-1.7675017937841682,5.653308762313428,3.6266933002690718,-0.6965701740887605,0.0,18.010263297952935
227,23.4590237515656,-0.6828540022064961,3.6297402796274247,5.705825447786358,-1.7674023953516453,1.9982371599340925,0.07984326760838266,0.30055662938944894,-0.25345772010044065,0.0731445260990687,-0.31330884695201694,0.29977576246260956,0.04356595804662487,-0.12219471569593005,0.10777219978128824,-0.020707102991260867,-0.041622854731746164,0.0028460982798001505,0.03933339748915,-0.020379812981505784,0.007327751081860873,0.005098958012404076,0.03933339748914998,0.0028460982798000686,-0.04162285473174625,-0.020707102991260856,0.10777219978128816,-0.12219471569592999,0.04356595804662475,0.2997757624626097,-0.3133088469520169,0.07314452609906863,-0.25345772010044054,0.3005566293894489,0.0798432676083826,1.998237159934092,-1.7674023953516453,5.705825447786357,3.629740279627425,-0.682854002206496,0.0,18.150233073062175
228,23.589308208227383,-0.669098222808848,3.631945129284243,5.755363658406263,-1.7656628842853768,1.9810564270812276,0.09441199289673378,0.30513745359457767,-0.27439449030010965,0.10686659208572082,-0.3451764967062114,0.3034286511165029,0.05552874982205408,-0.11717522824738012,0.09532854833463197,-0.013562993757846902,-0.04032776373629252,-0.0073360419707055235,0.045395085148323036,-0.018452059857593746,0.007724326151427752,0.005525661478918385,0.045395085148323,-0.007336041970705592,-0.040327763736292585,-0.013562993757846899,0.0953285483346319,-0.11717522824738008,0.05552874982205396,0.30342865111650297,-0.3451764967062114,0.10686659208572075,-0.2743944903001096,0.30513745359457767,0.09441199289673384,1.9810564270812279,-1.7656628842853768,5.755363658406263,3.631945129284243,-0.6690982228088481,0.0,18.27825425968777
229,23.707857989704475,-0.6553036337709731,3.6333073376962104,5.8018975349322774,-1.7622848748154236,1.961003351799966,0.10878360942195689,0.3088512349245214,-0.29431296729182355,0.14008676780214446,-0.37504298041419964,0.30495320579599905,0.06702806274721382,-0.1110080641173676,0.0818021687898977,-0.006242070158873718,-0.03843459383943427,-0.017395380420649583,0.05060499673536886,-0.01613861000896149,0.007942033246296458,0.0058113228481784214,0.05060499673536882,-0.017395380420649656,-0.03843459383943434,-0.006242070158873713,0.08180216878989764,-0.11100806411736759,0.0670280627472137,0.3049532057959991,-0.3750429804141996,0.14008676780214444,-0.29431296729182355,0.30885123492452143,0.10878360942195686,1.9610033517999663,-1.762284874815424,5.801897534932276,3.6333073376962104,-0.6553036337709734,0.0,18.394202157719125
230,23.81444111990189,-0.6414710352191,3.633826588819733,5.845402786403817,-1.757271501664259,1.9381070091323724,0.1229281128226301,0.31168742073290967,-0.3131392325001355,0.17264903739116716,-0.4027351466775339,0.3043387328454123,0.07796791612110648,-0.10375362780067048,0.06734669184276057,0.001160228370636372,-0.03597142160349927,-0.027163528601284896,0.054865375455399955,-0.013487820639970394,0.007975831042942692,0.005948650635032831,0.054865375455399934,-0.027163528601284948,-0.03597142160349935,0.0011602283706363807,0.06734669184276053,-0.10375362780067043,0.07796791612110637,0.3043387328454124,-0.40273514667753396,0.17264903739116708,-0.31313923250013537,0.31168742073290967,0.12292811282263003,1.9381070091323724,-1.757271501664259,5.845402786403816,3.633826588819733,-0.6414710352191003,0.0,18.497985472780922
231,23.908825622724553,-0.6276012294841196,3.6335027621842633,5.8858567028206075,-1.7506274171378118,1.9124005965864022,0.13681597289305772,0.3136379520460935,-0.330803420608246,0.20440047479831003,-0.42809244973657856,0.30158954235099283,0.08825699885388948,-0.09548297311576513,0.05212630074509227,0.008547401548994608,-0.03297477698225516,-0.03647697242837846,0.058096281186262914,-0.01055510024080711,0.007824936904367847,0.005934139557961351,0.05809628118626291,-0.03647697242837852,-0.03297477698225524,0.008547401548994617,0.05212630074509219,-0.09548297311576512,0.08825699885388935,0.30158954235099295,-0.4280924497365784,0.20440047479831003,-0.3308034206082461,0.3136379520460934,0.13681597289305772,1.9124005965864026,-1.7506274171378118,5.885856702820608,3.6335027621842637,-0.6276012294841197,0.0,18.589547469263145
232,23.990779522077407,-0.6136950210550475,3.632335932920254,5.923238166997442,-1.742358786808224,1.88392138600269,0.1504181952349967,0.31469728646258127,-0.34723997883207847,0.23519196197658185,-0.45096788023701967,0.2967249179087684,0.09780943160827174,-0.08627710726583156,0.036313866534929885,0.015823146276595732,-0.029489101565240438,-0.04517980934903275,0.06023709044451552,-0.007401750403879588,0.007492845003193796,0.005768160011124286,0.0602370904445155,-0.04517980934903279,-0.0294891015652405,0.015823146276595732,0.03631386653492981,-0.08627710726583153,0.09780943160827164,0.2967249179087685,-0.45096788023701956,0.23519196197658193,-0.3472399788320785,0.31469728646258127,0.15041819523499678,1.8839213860026907,-1.7423587868082244,5.923238166997442,3.6323359329202547,-0.6136950210550481,0.0,18.668866649120744
233,24.060070841865414,-0.5997532165323612,3.6303263717417233,5.957527665587469,-1.7324732837923258,1.8527106695139433,0.16370638179074964,0.31486241390167846,-0.36238791019030425,0.2648788892072763,-0.4712288175188566,0.28977898136397323,0.10654548360399145,-0.07622619741099972,0.020088984591805036,0.022892612094097934,-0.025566089488973372,-0.053126358075147394,0.06124763390135903,-0.0040936844588316005,0.006987245409028185,0.005454948610079161,0.061247633901359046,-0.05312635807514743,-0.02556608948897344,0.02289261209409795,0.02008898459180496,-0.07622619741099967,0.10654548360399138,0.28977898136397334,-0.4712288175188565,0.2648788892072763,-0.3623879101903042,0.31486241390167846,0.16370638179074962,1.8527106695139433,-1.732473283792326,5.957527665587468,3.630326371741725,-0.5997532165323612,0.0,18.73595693813848
234,24.116467605993556,-0.5857766245812153,3.627474544883453,5.988707299268285,-1.7209800816311467,1.8188136996752953,0.17665279013124732,0.3141328651565805,-0.3761909998675318,0.29332183424777025,-0.48875779848671763,0.2808004534708207,0.11439223810246102,-0.06542868752309196,0.003635934817958018,0.029663637703215527,-0.021263920789622432,-0.060183597217843485,0.06110895010461047,-0.0007000497100839238,0.006319846013749705,0.005002500052484512,0.061108950104610475,-0.06018359721784351,-0.0212639207896225,0.029663637703215534,0.003635934817957966,-0.06542868752309197,0.11439223810246092,0.2808004534708208,-0.48875779848671747,0.29332183424777025,-0.37619099986753174,0.31413286515658057,0.17665279013124724,1.818813699675296,-1.7209800816311467,5.988707299268285,3.6274745448834538,-0.5857766245812158,0.0,18.790867371285206
235,24.159737838366773,-0.5717660558845357,3.6237811139928073,6.016760792085483,-1.7078898457770562,1.7822796238524314,0.18923039137534162,0.31251071322761576,-0.388598023830612,0.3203872171167631,-0.5034531986039606,0.26985231215141786,0.12128420101701448,-0.053990334172857715,-0.012858411386590565,0.036047952430184556,-0.016646398566863348,-0.06623339200128714,0.05982364126416273,0.0027082179242280003,0.005506101418291557,0.0044223630540382265,0.05982364126416272,-0.06623339200128717,-0.01664639856686339,0.03604795243018457,-0.012858411386590583,-0.053990334172857715,0.1212842010170144,0.2698523121514179,-0.5034531986039604,0.3203872171167631,-0.38859802383061204,0.3125107132276158,0.18923039137534156,1.7822796238524312,-1.7078898457770568,6.016760792085483,3.623781113992808,-0.571766055884536,0.0,18.83368127897548
236,24.189649562889976,-0.5577223230959989,3.619246935976236,6.041673499948799,-1.6932147236964499,1.7431614129626007,0.20141292661938856,0.310000567431851,-0.3995629389238724,0.3459479274418099,-0.515229821062487,0.2570113507508915,0.1271638475689026,-0.042023170693713405,-0.029206713582831806,0.04196232696898794,-0.01178200275517144,-0.07117447178179863,0.0574158244251102,0.006059876660061121,0.004564855058942913,0.0037293455683704447,0.05741582442511022,-0.07117447178179866,-0.011782002755171493,0.041962326968987954,-0.029206713582831827,-0.04202317069371342,0.12716384756890248,0.25701135075089154,-0.5152298210624869,0.34594792744180985,-0.3995629389238724,0.31000056743185095,0.20141292661938842,1.7431614129626003,-1.6932147236964499,6.041673499948797,3.619246935976237,-0.557722323095999,0.0,18.86451498629188
237,24.207235933030184,-0.5436462407928944,3.613873062800461,6.063432418276408,-1.6769683335971488,1.701515784671857,0.21317496175930803,0.3066095603057945,-0.4090450537378277,0.36988392142286136,-0.5240193907125464,0.24236763938724842,0.13198210242629102,-0.029644409867521707,-0.045223290078838504,0.04732965840264228,-0.00674287453554745,-0.07492412526953139,0.053930678944708633,0.009284867988676171,0.0035179028602528124,0.002941136815131227,0.05393067894470865,-0.07492412526953136,-0.006742874535547481,0.0473296584026423,-0.045223290078838546,-0.029644409867521693,0.13198210242629096,0.24236763938724842,-0.5240193907125462,0.3698839214228614,-0.4090450537378275,0.3066095603057945,0.213174961759308,1.7015157846718563,-1.6769683335971486,6.063432418276407,3.613873062800462,-0.5436462407928944,0.0,18.883516047275503
238,24.21380816920732,-0.5295386254288781,3.6076607412484085,6.082026188783408,-1.6591657517909912,1.657403121159859,0.22449194059066932,0.302347327338416,-0.41700917961726286,0.3920827856082218,-0.5297709498889663,0.22602389317421237,0.1356987493187116,-0.016975295880089756,-0.06072622687602162,0.052079975357634346,-0.0016037464493079982,-0.07741958507552903,0.04943359876413886,0.01231578108427388,0.002389488518786412,0.002077855763977903,0.04943359876413887,-0.077419585075529,-0.001603746449308024,0.05207997535763435,-0.06072622687602163,-0.016975295880089756,0.13569874931871154,0.22602389317421243,-0.5297709498889662,0.39208278560822174,-0.41700917961726286,0.302347327338416,0.22449194059066932,1.657403121159859,-1.6591657517909917,6.082026188783406,3.607660741248409,-0.5295386254288783,0.0,18.890861046040296
239,24.209551395755767,-0.5154002952866146,3.6006114126299527,6.097445105410893,-1.639823498703326,1.6108873815714875,0.23534023607593885,0.29722597959206876,-0.42342576124828857,0.412440264835194,-0.5324511538390005,0.20809475174850245,0.13828276670805867,-0.004139916790947267,-0.07553944382246154,0.05615135018778229,0.003559165919164557,-0.07861907840751073,0.0440089653815241,0.015089261868073578,0.0012057421051701496,0.0011615375993746441,0.04400896538152413,-0.0786190784075107,0.0035591659191645418,0.05615135018778231,-0.07553944382246155,-0.004139916790947276,0.13828276670805867,0.20809475174850245,-0.5324511538390004,0.41244026483519397,-0.42342576124828846,0.2972259795920687,0.23534023607593876,1.6108873815714868,-1.639823498703326,6.097445105410892,3.6006114126299527,-0.5154002952866146,0.0,18.886753005497447
240,24.1946507370099,-0.5012320704303154,3.592726712447508,6.109681119392591,-1.6189595235424021,1.562036009282197,0.245697199671859,0.29126006928911174,-0.4282709863397541,0.4308607518559848,-0.5320444640390445,0.18870597515514964,0.1397125867144048,0.008736010851291555,-0.08949469450623833,0.059490706295809874,0.008669294253868956,-0.07850252632624503,0.037758564549667264,0.01754733727567803,-5.9250155902855865e-06,0.0002155712741519696,0.037758564549667285,-0.07850252632624502,0.008669294253868953,0.059490706295809874,-0.08949469450623837,0.008736010851291555,0.13971258671440479,0.18870597515514964,-0.5320444640390443,0.4308607518559848,-0.4282709863397541,0.29126006928911174,0.245697199671859,1.562036009282197,-1.618959523542402,6.109681119392589,3.592726712447509,-0.5012320704303154,0.0,18.87141845268513
241,24.169291317304122,-0.48703477265817086,3.5840084700165926,6.118727843456355,-1.5965931876428776,1.510919834111569,0.2555412086139745,0.28446654846201835,-0.43152687399198386,0.44725773634937777,-0.5285532382794655,0.16799356173113952,0.1399762751354717,0.021526373343856743,-0.10243347717425694,0.06205451006796192,0.013650853049800715,-0.07707187985729808,0.030799676406988264,0.019638627047043347,-0.0012174549340216222,-0.0007358974917703687,0.030799676406988285,-0.077071879857298,0.013650853049800715,0.062054510067961935,-0.10243347717425699,0.021526373343856715,0.1399762751354717,0.16799356173113955,-0.5285532382794654,0.44725773634937765,-0.43152687399198386,0.28446654846201835,0.2555412086139745,1.510919834111569,-1.5965931876428776,6.1187278434563535,3.584008470016593,-0.4870347726581714,0.0,18.84510419690336
242,24.133658260972815,-0.47280922545468707,3.5744587080414023,6.1245805551583645,-1.572745246498903,1.4576129696268463,0.2648517110595878,0.2768647207844648,-0.43318134142489534,0.46155421120943185,-0.5219977169952773,0.14610279417479302,0.13907163105719922,0.034105895054690784,-0.11420883497262291,0.06380933840123588,0.01842996354612807,-0.07435108733180741,0.0232628748777165,0.021319417709447175,-0.0024007929177695063,-0.0016685825290840269,0.02326287487771652,-0.07435108733180736,0.018429963546128088,0.06380933840123591,-0.11420883497262291,0.03410589505469077,0.13907163105719922,0.14610279417479302,-0.5219977169952773,0.4615542112094318,-0.4331813414248953,0.2768647207844647,0.26485171105958777,1.457612969626846,-1.5727452464989036,6.124580555158362,3.5744587080414036,-0.4728092254546872,0.0,18.80807388288992
243,24.087936692350354,-0.45855625394291716,3.5640796421455323,6.1272361993482685,-1.547437830503457,1.4021927056853454,0.27360926899489496,0.26847618672026996,-0.43322824881786787,0.4736830342030993,-0.5124159059219058,0.12318722049202312,0.13700620522399717,0.04635136543880551,-0.12468702506169427,0.06473231442464354,0.022935749381493,-0.07038569350298181,0.015289577632554204,0.022554576304377953,-0.0035285370596142016,-0.0025586771217528696,0.015289577632554233,-0.07038569350298174,0.022935749381493026,0.06473231442464357,-0.12468702506169425,0.04635136543880546,0.13700620522399715,0.1231872204920231,-0.5124159059219057,0.4736830342030993,-0.43322824881786776,0.26847618672026996,0.27360926899489496,1.4021927056853458,-1.547437830503457,6.1272361993482685,3.5640796421455323,-0.45855625394291766,0.0,18.760604386003223
244,24.032311735771138,-0.44427668483660504,3.5528736803579273,6.12669338976399,-1.5206944244118,1.3447393963715515,0.2817955988167257,0.25932478214604615,-0.4316674220949585,0.48358724329827063,-0.499863355756354,0.09940757696739752,0.1337972370153501,0.05814284582807457,-0.13374903764823876,0.06481140573420982,0.027101387722375622,-0.0652420771489226,0.007029392581414921,0.02331828475904318,-0.0045745728083735,-0.0033834616716647684,0.007029392581414947,-0.06524207714892254,0.027101387722375653,0.06481140573420982,-0.1337490376482387,0.058142845828074524,0.13379723701535012,0.0994075769673975,-0.4998633557563539,0.4835872432982706,-0.4316674220949585,0.25932478214604604,0.2817955988167256,1.3447393963715517,-1.5206944244118,6.126693389763988,3.552873680357927,-0.4442766848366055,0.0,18.702982119691914
245,23.966968515569548,-0.42997134639223145,3.5408434225542083,6.122952409755364,-1.49253984554811,1.2853363434913783,0.2893936095041597,0.249436510621961,-0.42850465357090733,0.49122032418133116,-0.48441284010118313,0.07493066071459109,0.1294715105548096,0.06936484417451906,-0.14129194768174422,0.06404558125375992,0.0308651002758149,-0.05900633992392775,-0.0013626893123643777,0.023594579552194902,-0.005514677689209542,-0.004121883614679432,-0.0013626893123643519,-0.059006339923927675,0.030865100275814936,0.06404558125375992,-0.14129194768174416,0.06936484417451898,0.12947151055480963,0.07493066071459112,-0.48441284010118313,0.49122032418133116,-0.42850465357090717,0.24943651062196098,0.2893936095041597,1.285336343491378,-1.49253984554811,6.122952409755362,3.540843422554208,-0.429971346392232,0.0,18.635499327351162
246,23.892092156079975,-0.41564106836097464,3.5279916598534715,6.116015212136224,-1.4630002207755257,1.2240696757925147,0.29638743830032777,0.23883946950306525,-0.4237516804555351,0.49654642870785815,-0.4661539335584312,0.04992815971447726,0.12406513115238059,0.07990744624102362,-0.1472300838625085,0.06244482467657418,0.034171069489320624,-0.05178286505837079,-0.009729202223373333,0.023377685393833062,-0.006327082210163732,-0.004755094785758385,-0.009729202223373307,-0.051782865058370715,0.034171069489320666,0.062444824676574195,-0.14723008386250852,0.07990744624102362,0.12406513115238059,0.04992815971447724,-0.46615393355843115,0.49654642870785815,-0.42375168045553496,0.23883946950306514,0.29638743830032777,1.2240696757925147,-1.4630002207755257,6.116015212136224,3.5279916598534724,-0.41564106836097475,0.0,18.558450430942944
247,23.807867781636816,-0.4012866819405802,3.5143213739707306,6.10588541816503,-1.4321029622509576,1.1610282240859724,0.30276248382990417,0.22756377010113618,-0.41742614129630573,0.4995405432605189,-0.4451924924194825,0.024575448547299657,0.11762322394625879,0.08966739215999817,-0.15149600168408056,0.06003000431267785,0.0369702663503192,-0.04369257003382345,-0.017913160092846863,0.022672135944000856,-0.006992973966315569,-0.00526693251697227,-0.01791316009284683,-0.04369257003382335,0.036970266350319234,0.06003000431267784,-0.15149600168408056,0.08966739215999811,0.11762322394625883,0.024575448547299622,-0.4451924924194824,0.4995405432605189,-0.4174261412963057,0.2275637701011361,0.30276248382990417,1.1610282240859724,-1.4321029622509573,6.10588541816503,3.514321373970732,-0.401286681940581,0.0,18.472128507484257
248,23.71448051657444,-0.3869090197271514,3.499835736525133,6.09256831565454,-1.3998767419871774,1.0963033924499033,0.30850543658314705,0.21564145212389918,-0.4095515105206958,0.5001886062234929,-0.4216500409615894,-0.0009496417340018711,0.11019955725925007,0.09854908781559515,-0.15404124945837527,0.056832601038506084,0.039221177508494735,-0.03487088248279607,-0.025761002255225273,0.021492679047330744,-0.007496933268302364,-0.005644332188394641,-0.025761002255225245,-0.03487088248279599,0.039221177508494805,0.05683260103850607,-0.15404124945837527,0.09854908781559511,0.11019955725925014,-0.0009496417340019227,-0.4216500409615895,0.5001886062234928,-0.40955151052069566,0.21564145212389904,0.3085054365831471,1.0963033924499028,-1.3998767419871776,6.092568315654539,3.4998357365251342,-0.3869090197271514,0.0,18.37682196170053
249,23.612115485227243,-0.3725089156668539,3.4845381083041187,6.0760708562115475,-1.3663514652457902,1.0299890257024245,0.31360430670284484,0.20310639263474328,-0.40015701132128895,0.49848757402170935,-0.3956630669090078,-0.02646807096085602,0.10185609381358218,0.10646554114346582,-0.15483691862305815,0.05289429789553587,0.04089042093747346,-0.02546547319555727,-0.03312547479194219,0.01986396846418905,-0.007827290207589762,-0.005877660701551484,-0.03312547479194217,-0.025465473195557177,0.040890420937473526,0.05289429789553584,-0.15483691862305812,0.10646554114346579,0.10185609381358225,-0.02646807096085602,-0.39566306690900777,0.49848757402170935,-0.40015701132128884,0.20310639263474323,0.3136043067028448,1.0299890257024245,-1.36635146524579,6.076070856211548,3.4845381083041205,-0.37250891566685435,0.0,18.27281145886123
250,23.50095781192962,-0.35808720500754715,3.468432038483687,6.056401651608102,-1.3315582427857704,0.9621812733356039,0.31804844901615625,0.1899942097916235,-0.3892775072068841,0.49444543541474895,-0.3673822301433168,-0.0518008456872025,0.09266247354996071,0.11333921417743606,-0.1538739720808857,0.04826643668809416,0.04195324100531135,-0.0156337841824042,-0.03986839354781609,0.0178200485420515,-0.007976394890128835,-0.00596096236354152,-0.039868393547816086,-0.015633784182404104,0.041953241005311406,0.04826643668809416,-0.15387397208088566,0.11333921417743606,0.09266247354996078,-0.0518008456872025,-0.3673822301433167,0.4944454354147489,-0.38927750720688403,0.1899942097916235,0.3180484490161562,0.9621812733356033,-1.3315582427857702,6.056401651608101,3.4684320384836886,-0.3580872050075473,0.0,18.16036717614617
251,23.381192621015938,-0.34364472425033454,3.451521263804963,6.0335709692860995,-1.2955293619933272,0.892978450107887,0.3218285852590851,0.17634216163867164,-0.37695337262207523,0.4880811739782848,-0.33697148925043935,-0.07677027469990957,0.08269543236759555,0.11910278249770255,-0.1511633468417712,0.04300934866442159,0.04239387561166683,-0.005540393170427068,-0.0458632369658594,0.015403642598837235,-0.00794079458074748,-0.005892110905653456,-0.04586323696585938,-0.00554039317042696,0.04239387561166691,0.04300934866442157,-0.15116334684177116,0.11910278249770251,0.08269543236759563,-0.07677027469990955,-0.33697148925043935,0.48808117397828477,-0.3769533726220753,0.17634216163867153,0.32182858525908503,0.8929784501078861,-1.2955293619933268,6.033570969286098,3.451521263804963,-0.3436447242503347,0.0,18.039746423956903
252,23.2530050368206,-0.32918231110104634,3.4338097077072356,6.007590726997638,-1.2582982569198813,0.8224808934970993,0.32493682344718683,0.16218904023809835,-0.3632303431154443,0.4794246789492598,-0.30460715096821966,-0.10120121539496293,0.07203816163676956,0.12369979464210788,-0.1467358298017812,0.037191568006586656,0.04220578994684865,0.004645741348180034,-0.0509975200895409,0.012665259892866732,-0.007721313656240885,-0.005672863756216291,-0.05099752008954088,0.004645741348180107,0.042205789946848725,0.03719156800658663,-0.14673582980178113,0.12369979464210787,0.07203816163676967,-0.10120121539496296,-0.3046071509682196,0.47942467894925966,-0.3632303431154441,0.16218904023809824,0.3249368234471867,0.8224808934970991,-1.258298256919881,6.007590726997637,3.4338097077072365,-0.32918231110104623,0.0,17.911191680532678
253,23.116580183677986,-0.3147008044216497,3.4153014794176975,5.978474486583864,-1.2198994772559617,0.7507908182206938,0.32736667435207023,0.14757506144320987,-0.34815934561239636,0.4685166048535136,-0.27047684804540056,-0.12492230227699362,0.06077961382987164,0.12708522502186984,-0.1406417080699471,0.03088893838261306,0.041391773405987195,0.014754108399700885,-0.055174905187628444,0.00966213984612727,-0.007323034515731222,-0.005308817182372276,-0.055174905187628444,0.014754108399700984,0.041391773405987264,0.030888938382613036,-0.140641708069947,0.12708522502186975,0.060779613829871716,-0.12492230227699372,-0.27047684804540056,0.4685166048535135,-0.3481593456123962,0.14757506144320975,0.32736667435207023,0.7507908182206933,-1.219899477255961,5.978474486583861,3.4153014794176983,-0.31470080442165,0.0,17.774929074230254
254,22.97210318592248,-0.30020104418159116,3.396000872998062,5.946237446895611,-1.1803686562698108,0.678012168034181,0.32911306504929294,0.132541750625746,-0.3317963094225096,0.4554081805751039,-0.23477845143787718,-0.1477671489651016,0.04901376006654637,0.1292259149262123,-0.13295019781443093,0.024183624208279082,0.03996389822104816,0.024615498800270256,-0.05831700939865181,0.0064570555893646,-0.006755179890344923,-0.004809263445775345,-0.05831700939865181,0.024615498800270332,0.03996389822104824,0.02418362420827905,-0.13295019781443082,0.12922591492621227,0.04901376006654645,-0.14776714896510168,-0.23477845143787718,0.4554081805751038,-0.33179630942250954,0.13254175062574583,0.32911306504929283,0.6780121680341805,-1.1803686562698108,5.946237446895609,3.3960008729980626,-0.30020104418159127,0.0,17.631167338074007
255,22.819759167888474,-0.2856838714090774,3.3759123663483086,5.91089643585952,-1.139742477740456,0.6042504650226241,0.33017234950936514,0.1171318246822435,-0.3142019586827571,0.4401609687640128,-0.19771892314878917,-0.1695755152737694,0.03683880576996899,0.1301008972964644,-0.12374865811512831,0.017163039508303547,0.03794334042419481,0.03406483763591315,-0.06036487547703395,0.0031170018380644714,-0.006030899277497633,-0.0041869536183052475,-0.06036487547703393,0.03406483763591319,0.03794334042419488,0.01716303950830354,-0.12374865811512824,0.13010089729646435,0.03683880576996907,-0.16957551527376946,-0.1977189231487891,0.44016096876401284,-0.31420195868275697,0.11713182468224344,0.33017234950936514,0.6042504650226239,-1.139742477740456,5.910896435859519,3.3759123663483095,-0.28568387140907747,0.0,17.48009725089008
256,22.65973325391035,-0.2711501281422924,3.3550406201677725,5.872469901693753,-1.098058641915923,0.5296126566037016,0.33054231620975355,0.10138907065470279,-0.29544158700685935,0.4228465767121613,-0.15951311636312498,-0.19019443118263132,0.024356370980884896,0.1297016020886154,-0.11314159875166,0.00991870834085121,0.035360065797692394,0.04294394753690248,-0.06128007804437127,-0.0002882054738227478,-0.005166964445210729,-0.003457772111908532,-0.061280078044371265,0.04294394753690252,0.035360065797692464,0.009918708340851201,-0.1131415987516599,0.1297016020886153,0.024356370980885,-0.19019443118263138,-0.15951311636312493,0.42284657671216136,-0.29544158700685924,0.10138907065470279,0.33054231620975355,0.5296126566037014,-1.0980586419159228,5.872469901693753,3.3550406201677725,-0.2711501281422928,0.0,17.321891568728915
257,22.492210568322502,-0.25660065738055676,3.3333904768738236,5.830977903277915,-1.0553558305281923,0.4542069604641749,0.3302221927519897,0.08535822131045419,-0.2755848151770536,0.4035463200555791,-0.1203825298330794,-0.20947926981125736,0.01167064217104341,0.1280319402128972,-0.10124949319615405,0.002545071641466441,0.03225238546785943,0.051104196490556156,-0.061045444588585455,-0.0036873885310653486,-0.004183381057498509,-0.0026403312301679655,-0.06104544458858545,0.05110419649055621,0.03225238546785951,0.0025450716414664285,-0.10124949319615398,0.12803194021289713,0.011670642171043513,-0.20947926981125745,-0.1203825298330794,0.4035463200555791,-0.27558481517705347,0.0853582213104541,0.3302221927519897,0.4542069604641745,-1.0553558305281923,5.830977903277913,3.3333904768738245,-0.2566006573805567,0.0,17.15670543958703
258,22.31737623545933,-0.2420363030354316,3.3109669594783884,5.786442099682196,-1.011673670897357,0.3781427076545909,0.32921264747424617,0.0690848280347614,-0.25470533277750046,0.3823508408821233,-0.08055402373563232,-0.22729476187280512,-0.0011124973644613507,0.12510826522824328,-0.08820741029267874,-0.004861743958950282,0.028666387733807627,0.05840898586936622,-0.059665377682393446,-0.007009495441244753,-0.0031029254142035645,-0.0017554960906413185,-0.059665377682393446,0.05840898586936624,0.02866638773380768,-0.004861743958950273,-0.08820741029267865,0.12510826522824323,-0.001112497364461245,-0.22729476187280515,-0.0805540237356322,0.3823508408821235,-0.25470533277750035,0.06908482803476135,0.329212647474246,0.3781427076545912,-1.011673670897357,5.786442099682196,3.3109669594783884,-0.24203630303543192,0.0,16.98467728389494
259,22.13541537965519,-0.22745790988176934,3.287775270422567,5.73888573886122,-0.967052699158294,0.30153018406970905,0.32751578805601267,0.05261513139733665,-0.2328806247281407,0.35935968203827556,-0.04025850444718513,-0.2435159444908762,-0.013886351277634237,0.12095921316681033,-0.07416348016451553,-0.012205179291782954,0.02465525455720597,0.0647360370260698,-0.057165772375111466,-0.010185085406731029,-0.0019506170327412268,-0.0008258520442914121,-0.057165772375111466,0.06473603702606981,0.024655254557206015,-0.012205179291782959,-0.07416348016451545,0.12095921316681028,-0.01388635127763414,-0.2435159444908763,-0.040258504447185095,0.3593596820382755,-0.23288062472814056,0.05261513139733658,0.32751578805601256,0.30153018406970894,-0.9670526991582936,5.738885738861217,3.2877752704225665,-0.22745790988176962,0.0,16.80593011307603
260,21.94651312524449,-0.2128663235087136,3.263820790369622,5.688333645518452,-0.9215343226439744,0.22448047054449682,0.3251351571177856,0.03599592976054988,-0.21019168373384958,0.3346808196342477,0.0002704141397065331,-0.2580290377243085,-0.026544300724288084,0.11562542205740621,-0.05927721177328024,-0.01938950144713114,0.02027847284983407,0.06997943817916519,-0.05359353030782131,-0.0131477802205275,-0.0007531392848877909,0.0001248718139132369,-0.05359353030782133,0.06997943817916517,0.020278472849834122,-0.01938950144713116,-0.05927721177328021,0.11562542205740615,-0.026544300724287973,-0.2580290377243087,0.00027041413970661923,0.3346808196342478,-0.21019168373384953,0.035995929760549834,0.3251351571177856,0.22448047054449669,-0.9215343226439748,5.688333645518451,3.263820790369622,-0.21286632350871365,0.0,16.62057324892429
261,21.750854596561606,-0.19826239027065334,3.239109076956627,5.63481220814758,-0.8751607814603227,0.14710528179754076,0.32207572482495705,0.019274446302679264,-0.18672270971600644,0.3084301559429495,0.04079776499646624,-0.27073224265171264,-0.03898069427385572,0.10915913389496118,-0.04371768123881638,-0.02632105179869521,0.015600952255885214,0.07405141732499727,-0.04901567966885711,-0.01583565174589247,0.0004617784953921121,0.0010724083283782321,-0.049015679668857115,0.07405141732499725,0.01560095225588526,-0.02632105179869522,-0.04371768123881629,0.10915913389496117,-0.03898069427385563,-0.2707322426517128,0.04079776499646605,0.3084301559429493,-0.1867227097160063,0.019274446302679195,0.32207572482495705,0.14710528179754062,-0.8751607814603228,5.634812208147581,3.2391090769566278,-0.1982623902706535,0.0,16.42870439780933
262,21.548624917940923,-0.18364695723813126,3.213645863505039,5.578349365257551,-0.8279751092882736,0.0695168044553829,0.31834387851134566,0.0024981948340547433,-0.16256079734190534,0.280730975074378,0.0810885901834565,-0.281536455417763,-0.05109172974454263,0.10162368295456617,-0.0276616114966649,-0.03290946698720245,0.010692062512705098,0.07688381149872008,-0.043518117502431904,-0.018192516377754056,0.0016660031248895753,0.001992571700220487,-0.04351811750243192,0.07688381149872003,0.010692062512705141,-0.03290946698720245,-0.027661611496664806,0.1016236829545661,-0.05109172974454256,-0.28153645541776307,0.08108859018345646,0.28073097507437805,-0.16256079734190515,0.002498194834054657,0.31834387851134566,0.06951680445538248,-0.8279751092882739,5.578349365257549,3.21364586350504,-0.18364695723813187,0.0,16.23041202598792
263,21.34000921371686,-0.16902087214871223,3.1874370576905338,5.518974590788494,-0.780021093449416,-0.008172465607363214,0.313947409344032,-0.014285155212624235,-0.1377956128116033,0.2517133639818077,0.1209093030222473,-0.2903658922327218,-0.06277632060345341,0.0930928754618027,-0.011291365104089438,-0.039068856944988205,0.005624604666340195,0.07842920778941762,-0.03720399796924599,-0.020169109428259863,0.0028316490358104374,0.0028618748279814117,-0.03720399796924602,0.07842920778941757,0.005624604666340227,-0.03906885694498822,-0.011291365104089353,0.09309287546180263,-0.06277632060345334,-0.2903658922327219,0.12090930302224724,0.25171336398180777,-0.1377956128116032,-0.01428515521262427,0.31394740934403204,-0.00817246560736349,-0.780021093449416,5.518974590788493,3.187437057690535,-0.16902087214871178,0.0,16.02577797575645
264,21.12519260822377,-0.15438498335781056,3.1604887401723634,5.45671887872617,-0.7313432342722679,-0.08584988637627414,0.3088954960573389,-0.031027914234169746,-0.11251906110166643,0.22151360151897934,0.16002904231797413,-0.2971586209412738,-0.0739369397001568,0.08365026669520464,0.00520712700792091,-0.04471892460437983,0.00047373139923247246,0.07866173700934027,-0.03019179680114008,-0.021724114888705796,0.003931724006540246,0.003658128814140426,-0.03019179680114012,0.07866173700934022,0.00047373139923250694,-0.044718924604379845,0.005207127007920962,0.08365026669520463,-0.0739369397001567,-0.29715862094127393,0.16002904231797402,0.22151360151897942,-0.11251906110166636,-0.031027914234169816,0.3088954960573389,-0.08584988637627455,-0.7313432342722676,5.4567188787261705,3.1604887401723643,-0.15438498335781092,0.0,15.814880256962741
265,20.904360225796033,-0.13974013978948419,3.1328071631825964,5.3916147269229135,-0.6819867037968965,-0.16340283301726974,0.30319868578991704,-0.04768250796610017,-0.08682494490069348,0.19027351841753215,0.19822101078066462,-0.3018669954320974,-0.084480433291343,0.07338834260129597,0.02164647731172971,-0.049786012692772316,-0.004684167517912937,0.07757750673161758,-0.0226130882676286,-0.022825029043103257,0.004940754205682823,0.004361009335069781,-0.022613088267628624,0.07757750673161753,-0.0046841675179129195,-0.049786012692772316,0.021646477311729733,0.07338834260129597,-0.08448043329134292,-0.30186699543209755,0.1982210107806646,0.19027351841753215,-0.08682494490069335,-0.047682507966100254,0.303198685789917,-0.16340283301727015,-0.6819867037968963,5.3916147269229135,3.1328071631825978,-0.13974013978948446,0.0,15.597795944629791
266,20.677697190768065,-0.12508719088719383,3.1043987490755582,5.323696120133555,-0.63199730385621,-0.2407188611718562,0.29686887206494234,-0.0642016126641019,-0.060808616502322645,0.1581398311904917,0.2352637898860145,-0.30445798984110173,-0.09431879856219759,0.06240761393790199,0.03783997000394929,-0.05420406396782093,-0.009772598120836227,0.07519466644760464,-0.014610076366465453,-0.023448839881583076,0.005835374075571161,0.0049525754178797576,-0.01461007636646549,0.07519466644760459,-0.00977259812083621,-0.05420406396782093,0.03783997000394932,0.06240761393790202,-0.09431879856219746,-0.3044579898411018,0.23526378988601443,0.1581398311904917,-0.060808616502322624,-0.06420161266410197,0.2968688720649424,-0.24071886117185648,-0.63199730385621,5.323696120133554,3.104398749075559,-0.125087190887194,0.0,15.374604111211685
267,20.445388627474244,-0.11042698656453347,3.0752700888377773,5.252998512275192,-0.5814214235728046,-0.3176858699906942,0.28991926995939665,-0.08053828957364295,-0.03456662394756973,0.12526345309008258,0.27094262355268534,-0.30491343020413464,-0.10336991815479558,0.05081563181817994,0.053603681696988176,-0.05791548237461682,-0.014716096691668717,0.07155310375315979,-0.006332926562041496,-0.023582508112103953,0.006594867395642506,0.005417727382413988,-0.006332926562041535,0.07155310375315972,-0.014716096691668724,-0.05791548237461682,0.053603681696988224,0.0508156318181799,-0.10336991815479556,-0.30491343020413464,0.2709426235526852,0.12526345309008252,-0.03456662394756966,-0.08053828957364302,0.2899192699593966,-0.3176858699906943,-0.581421423572804,5.252998512275191,3.0752700888377777,-0.1104269865645336,0.0,15.145388721359868
268,20.207619660248945,-0.09576037715593247,3.0454279405588296,5.179558807920018,-0.5303059963108271,-0.3941922646691159,0.28236438851427403,-0.0966461183056436,-0.008196352729680195,0.09179878535589608,0.3050506631939877,-0.30323012193428284,-0.11155824557266676,0.0387259342976533,0.06875857039473683,-0.06087188389834444,-0.019441348919860678,0.06671377664954883,0.002063051862142946,-0.023223239716051773,0.007201646996570395,0.005744592259459617,0.002063051862142933,0.06671377664954874,-0.01944134891986069,-0.06087188389834445,0.06875857039473683,0.038725934297653274,-0.11155824557266668,-0.30323012193428295,0.3050506631939875,0.09179878535589614,-0.008196352729680126,-0.09664611830564371,0.282364388514274,-0.3941922646691163,-0.5303059963108271,5.1795588079200146,3.0454279405588305,-0.09576037715593257,0.0,14.910241418041439
269,19.96457541342656,-0.08108821336733345,3.01487922786341,5.103415343030923,-0.4786984561227908,-0.47012711824892134,0.27422000044331063,-0.11247932873922155,0.018204335608850077,0.057902992082009185,0.33739016692574353,-0.2994198722296041,-0.1188154357407026,0.02625693432194016,0.08313250902610327,-0.06303472732390858,-0.0238782771864304,0.06075769313593571,0.010420319967666495,-0.022378544350598818,0.007641662016677263,0.00592482684740121,0.01042031996766646,0.060757693135935625,-0.02387827718643042,-0.0630347273239086,0.08313250902610328,0.02625693432194015,-0.11881543574070257,-0.29941987222960414,0.33739016692574336,0.057902992082009254,0.018204335608850146,-0.1124793287392216,0.2742200004433107,-0.4701271182489219,-0.4786984561227907,5.103415343030921,3.01487922786341,-0.08108821336733313,0.0,14.669264131407434
270,19.71644101134148,-0.06641134622684969,2.983631038304983,5.024607864949899,-0.4266466937317594,-0.5453803324518635,0.2655031092034811,-0.12799293107670998,0.04453746664589978,0.023735262108580416,0.3677736459778979,-0.29350940725411606,-0.12508091545734462,0.013530759927207646,0.09656224043981304,-0.06437581667961433,-0.027961079846619354,0.05378455517458943,0.01858206516176983,-0.02106607837705952,0.007904723270014664,0.0059538306718199055,0.0185820651617698,0.05378455517458936,-0.027961079846619375,-0.06437581667961433,0.09656224043981305,0.013530759927207668,-0.12508091545734448,-0.2935094072541161,0.36777364597789786,0.02373526210858038,0.04453746664589985,-0.12799293107671003,0.2655031092034811,-0.5453803324518637,-0.42664669373175895,5.024607864949899,2.983631038304983,-0.06641134622684969,0.0,14.422571445903262
271,19.463401578328103,-0.05173062703540192,2.9516906217214207,4.943177511649678,-0.3741990120897551,-0.6198427973116267,0.2562319134960085,-0.14314284368140165,0.07070531666824889,-0.010543938595608341,0.3960249516635476,-0.28554018467295855,-0.1303023889776901,0.0006720580530479868,0.10889523165592176,-0.06487766881477817,-0.03162920709792361,0.04591108972817428,0.026395143569065985,-0.01931327579636428,0.007984739191741402,0.0058308634122599505,0.026395143569065953,0.04591108972817418,-0.03162920709792365,-0.06487766881477817,0.10889523165592178,0.0006720580530480084,-0.13030238897768998,-0.2855401846729586,0.3960249516635475,-0.010543938595608359,0.07070531666824903,-0.14314284368140176,0.2562319134960084,-0.6198427973116271,-0.3741990120897547,4.943177511649676,2.9516906217214216,-0.05173062703540185,0.0,14.170292666663576
272,19.2056422387208,-0.03704690731734169,2.919065388552981,4.859166790259471,-0.32140408155362366,-0.6934065493728468,0.24642576927200188,-0.1578860183347679,0.09661077532971163,-0.04477362054854151,0.42198029660366004,-0.27556810285665984,-0.13443627450759318,-0.012193226316128833,0.11999140631371365,-0.06453374131933434,-0.034828258960938975,0.037269094806753465,0.033712953564836216,-0.017156774806073305,0.00787985689714206,0.005559063798853135,0.0337129535648362,0.03726909480675338,-0.034828258960939024,-0.06453374131933434,0.11999140631371365,-0.01219322631612879,-0.1344362745075931,-0.2755681028566599,0.42198029660366,-0.04477362054854149,0.09661077532971163,-0.15788601833476795,0.2464257692720019,-0.6934065493728472,-0.32140408155362366,4.859166790259469,2.9190653885529816,-0.03704690731734152,0.0,13.912573533120625
273,18.94334811685397,-0.022361038771059404,2.885762908123017,4.772619554875999,-0.268310894719956,-0.7659649282277989,0.2361051493220437,-0.17218056255723865,0.12215770603302928,-0.07879302682899708,0.44548920428692185,-0.2636631087942304,-0.13744806796549824,-0.02493908372344581,0.12972473563909054,-0.06334851781415529,-0.037510792055559364,0.028003233232736242,0.04039818655202859,-0.014641651965401684,0.007592505087859849,0.005145369496466201,0.04039818655202856,0.028003233232736173,-0.03751079205555941,-0.06334851781415528,0.1297247356390905,-0.024939083723445745,-0.1374480679654982,-0.2636631087942304,0.4454892042869219,-0.07879302682899708,0.12215770603302933,-0.17218056255723868,0.2361051493220437,-0.7659649282277989,-0.26831089471995573,4.772619554875998,2.885762908123018,-0.022361038771059404,0.0,13.649577535832778
274,18.676704337061977,-0.00767387321958388,2.851790906881838,4.683580983671386,-0.21496872096097983,-0.8374127311637931,0.22529160053409428,-0.18598585864496886,0.147251302698128,-0.1124423880583706,0.4664153814596262,-0.24990870746529176,-0.1393126309758144,-0.0374406744433874,0.1379846698614691,-0.06133744950019675,-0.03963702320767418,0.018268611055077575,0.04632540336742794,-0.011820479976226745,0.00712933781178769,0.004600340021322389,0.0463254033674279,0.018268611055077492,-0.03963702320767423,-0.06133744950019671,0.1379846698614691,-0.03744067444338734,-0.13931263097581428,-0.24990870746529176,0.4664153814596262,-0.11244238805837063,0.1472513026981281,-0.185985858644969,0.22529160053409414,-0.8374127311637932,-0.21496872096097983,4.6835809836713835,2.851790906881838,-0.007673873219584018,0.0,13.38148680163485
275,18.405896023679226,0.007013737438826204,2.817157266614107,4.592097555309886,-0.16142706070360624,-0.9076463656970505,0.21400769890894772,-0.19926267908435227,0.1717984415927516,-0.1455636727445857,0.48463750828790725,-0.23440137611264258,-0.14001440069005236,-0.04957555122865514,0.14467739382235723,-0.05852675372846373,-0.04117541945156024,0.008228181148907825,0.051383387974294356,-0.008752228774940146,0.0065010803789388345,0.003937887210137174,0.05138338797429435,0.008228181148907759,-0.0411754194515603,-0.05852675372846372,0.14467739382235711,-0.049575551228655056,-0.1400144006900523,-0.23440137611264267,0.4846375082879074,-0.14556367274458568,0.1717984415927516,-0.19926267908435236,0.21400769890894772,-0.9076463656970507,-0.1614270607036061,4.592097555309884,2.8171572666141063,0.007013737438826032,0.0,13.108502522128166
276,18.131108301040108,0.021700941280094303,2.7818700226102004,4.498217024685743,-0.107735599494064,-0.9765639997718991,0.20227700242715654,-0.21197329801633258,0.1957080269198096,-0.17800132946416158,0.5000499417113411,-0.21724988752371963,-0.1395475196844209,-0.06122485862381544,0.14972689251458504,-0.05495307221674604,-0.042103165677967146,-0.0019499845369191195,0.05547723427767856,-0.005501032905223624,0.00572228100133848,0.0031749201215233594,0.05547723427767856,-0.0019499845369192012,-0.04210316567796721,-0.054953072216746036,0.14972689251458504,-0.06122485862381538,-0.13954751968442083,-0.21724988752371968,0.5000499417113409,-0.17800132946416164,0.1957080269198097,-0.21197329801633266,0.20227700242715654,-0.9765639997718997,-0.107735599494064,4.498217024685742,2.781870022610202,0.021700941280094303,0.0,12.830844911050765
277,17.852526293478995,0.03638688640374088,2.745937361801958,4.401988397994858,-0.05394416189074767,-1.0440657094075219,0.19012400186582684,-0.22408159843378947,0.21889132887894433,-0.20960301739683984,0.512563327910213,-0.19857454706764666,-0.13791588484967288,-0.07227449709902234,0.1530758144499491,-0.05066299336879038,-0.04240650299246423,-0.012095508423100266,0.05853012690620734,-0.0021348509369090284,0.004810973908074918,0.0023309134335307404,0.05853012690620732,-0.012095508423100344,-0.04240650299246429,-0.05066299336879037,0.15307581444994905,-0.07227449709902228,-0.13791588484967282,-0.1985745470676467,0.512563327910213,-0.20960301739683987,0.21889132887894458,-0.22408159843378958,0.1901240018658268,-1.0440657094075225,-0.05394416189074767,4.401988397994856,2.745937361801959,0.036386886403740396,0.0,12.548752686968895
278,17.570335125330274,0.05107072098229516,2.709367620863243,4.30346190715325,-0.00010266522806515158,-1.1100536235781744,0.17757406966796532,-0.2355531748073988,0.24126231294775313,-0.24022032178187364,0.5221051203356611,-0.17850634883950925,-0.13513311486513557,-0.08261624060166849,0.1546861230492604,-0.045712444923209875,-0.04208093276604257,-0.022038559338298385,0.06048478254642812,0.001275955047395455,0.0037882617365698015,0.0014274103539409105,0.06048478254642814,-0.022038559338298437,-0.04208093276604264,-0.04571244492320986,0.15468612304926035,-0.08261624060166842,-0.13513311486513557,-0.17850634883950933,0.5221051203356611,-0.24022032178187366,0.24126231294775313,-0.23555317480739882,0.1775740696679654,-1.1100536235781748,-0.00010266522806501378,4.303461907153249,2.7093676208632442,0.0510707209822953,0.0,12.262482088770863
279,17.28471992092837,0.0657515933107045,2.6721692842757676,4.2026889835757135,0.05373892670581206,-1.1744320661168162,0.16465340697112846,-0.24635543084835773,0.26273795916068315,-0.2697094509358984,0.5286200002994091,-0.15718605683089745,-0.13122243652840715,-0.09214879658006712,0.15453952865640333,-0.04016596484988076,-0.0411312833518095,-0.0316126954109514,0.0613045247850652,0.004660090205436162,0.0026778268704032797,0.0004874727314949226,0.06130452478506519,-0.03161269541095146,-0.0411312833518096,-0.04016596484988074,0.15453952865640325,-0.09214879658006705,-0.13122243652840715,-0.15718605683089754,0.528620000299409,-0.2697094509358984,0.26273795916068315,-0.24635543084835787,0.16465340697112849,-1.1744320661168166,0.05373892670581234,4.2026889835757135,2.6721692842757694,0.06575159331070439,0.0,11.972305442382536
280,16.995865804607607,0.08042865185573557,2.634350982360623,4.099722231328301,0.10753065003430244,-1.237107694436407,0.15138898890596258,-0.25645767213018444,0.2832385702007396,-0.2979319115588932,0.5320701976847105,-0.13476321757164295,-0.12621649088948586,-0.10077879809672828,0.152637696269649,-0.03409585999880694,-0.03957163847833722,-0.04065765022583997,0.06097397229125637,0.007946817185581882,0.001505383039375421,-0.00046490759607634787,0.06097397229125635,-0.04065765022584001,-0.03957163847833728,-0.034095859998806925,0.15263769626964896,-0.10077879809672823,-0.1262164908894859,-0.134763217571643,0.5320701976847104,-0.2979319115588932,0.2832385702007397,-0.25645767213018456,0.15138898890596256,-1.237107694436407,0.107530650034303,4.0997222313283,2.6343509823606235,0.0804286518557355,0.0,11.67850930771879
281,16.703957900702424,0.09510104530536492,2.595921489275971,3.9946153996686906,0.16122258715785145,-1.2979896348677318,0.1378085082788392,-0.26583119330640775,0.30268806716065966,-0.32475515915671704,0.5324357099191829,-0.11139511116836151,-0.12015706080746132,-0.10842171831394232,0.14900222663084178,-0.027581263469751115,-0.037425128381624054,-0.0490220156064975,0.05949932742598162,0.011067434724067201,0.00029807988079984,-0.001405421191921433,0.059499327425981643,-0.04902201560649754,-0.037425128381624144,-0.027581263469751087,0.14900222663084167,-0.10842171831394223,-0.12015706080746136,-0.11139511116836152,0.5324357099191829,-0.324755159156717,0.30268806716065966,-0.2658311933064078,0.13780850827883928,-1.2979896348677318,0.1612225871578517,3.99461539966869,2.595921489275972,0.09510104530536492,0.0,11.381392244902722
282,16.409181333547192,0.10976792261815879,2.5568897209813706,3.887423354988758,0.21476491307642612,-1.3569896144175368,0.12394031775616174,-0.2744493596763196,0.32101427187596626,-0.35005322052556,0.5297144179400277,-0.08724564809751102,-0.11309472220375634,-0.11500269839471121,0.14367441088724453,-0.02070710299126088,-0.03472358677327604,-0.05656577611498052,0.05690825986332625,0.01395671368262857,-0.0009161257497236775,-0.002310061516631384,0.05690825986332625,-0.056565776114980544,-0.03472358677327612,-0.020707102991260856,0.14367441088724445,-0.11500269839471117,-0.11309472220375635,-0.08724564809751101,0.5297144179400275,-0.3500532205255601,0.32101427187596626,-0.2744493596763198,0.12394031775616174,-1.3569896144175368,0.21476491307642667,3.887423354988756,2.5568897209813715,0.10976792261815889,0.0,11.081262248001329
283,16.111721227476284,0.1244284330726348,2.5172647331692004,3.778202052173985,0.26810794162607793,-1.4140220887559285,0.10981337067104913,-0.28228768286702405,0.3381491747821497,-0.37370728537486425,0.5239220984793295,-0.06248421949116815,-0.10508842192278477,-0.12045728071012451,0.13671476161255905,-0.013562993757846902,-0.03150707873222454,-0.06316265284269686,0.05324938740726447,0.016554260509558442,-0.0021091171598466704,-0.0031557376933682574,0.05324938740726448,-0.0631626528426969,-0.03150707873222461,-0.013562993757846873,0.13671476161255888,-0.1204572807101244,-0.1050884219227848,-0.062484219491168135,0.5239220984793295,-0.37370728537486425,0.33814917478214973,-0.2822876828670241,0.10981337067104915,-1.4140220887559292,0.2681079416260788,3.7782020521739828,2.5172647331692,0.12442843307263471,0.0,10.778433902735516
284,15.811762706824101,0.13908172631660737,2.4770557191636615,3.6670085053946826,0.3212021715866677,-1.4690043662474757,0.09545716057597586,-0.289323890416731,0.354029187301942,-0.3956062643102029,0.5150923325982099,-0.03728450897994447,-0.09620498572347382,-0.12473204017175563,0.1282023255137173,-0.006242070158873722,-0.0278233065215588,-0.06870221725836471,0.04859136374571989,0.018805779624244897,-0.003253268903261235,-0.003920863900774735,0.048591363745719915,-0.06870221725836471,-0.02782330652155887,-0.006242070158873693,0.1282023255137172,-0.12473204017175554,-0.09620498572347386,-0.03728450897994443,0.5150923325982099,-0.3956062643102029,0.354029187301942,-0.28932389041673107,0.09545716057597593,-1.4690043662474757,0.3212021715866678,3.6670085053946813,2.4770557191636615,0.13908172631660756,0.0,10.473225331637813
285,15.50949089592503,0.15372695241650966,2.4362720077878532,3.5539007583442555,0.3739983326179677,-1.5218567278461725,0.0809016596675689,-0.29553798906157713,0.3685953778260626,-0.4156473105556,0.5032763110001084,-0.011823274427109244,-0.08651856050827116,-0.1277851075054725,0.11823378562962347,0.0011602283706363807,-0.02372690214247751,-0.07309173972830862,0.043021590258937585,0.020664208338029767,-0.004322086486974721,-0.00458591034945483,0.043021590258937634,-0.07309173972830864,-0.023726902142477562,0.0011602283706363807,0.11823378562962339,-0.12778510750547245,-0.08651856050827123,-0.011823274427109244,0.5032763110001084,-0.4156473105556,0.36859537782606255,-0.2955379890615772,0.0809016596675689,-1.5218567278461728,0.3739983326179679,3.5539007583442546,2.4362720077878537,0.15372695241650977,0.0,10.165954995790669
286,15.205090919113449,0.16836326190669296,2.3949230611994072,3.4389378539400446,0.4264474309815134,-1.572502542680437,0.06617725621211455,-0.3009123215461444,0.3817936904116962,-0.4337363029650597,0.4885425372518931,0.013720891900821193,-0.07610999544515472,-0.12958657934143972,0.10692236321894433,0.008547401548994622,-0.019278617117102485,-0.07625774176575505,0.03664457605330451,0.022090700588545786,-0.005290819889720186,-0.0051339017783920545,0.03664457605330454,-0.07625774176575505,-0.01927861711710253,0.008547401548994625,0.10692236321894426,-0.12958657934143963,-0.0761099954451548,0.01372089190082121,0.488542537251893,-0.4337363029650597,0.38179369041169614,-0.3009123215461444,0.06617725621211448,-1.572502542680437,0.4264474309815135,3.4389378539400424,2.3949230611994072,0.1683632619066931,0.0,9.8569384264491
287,14.898747900723752,0.18298980583869787,2.3530184726951897,3.322179803502571,0.4785007950057704,-1.6208683791605474,0.051314691102415204,-0.3054316167962507,0.39357514538710175,-0.44978828805488485,0.47097643063337796,0.03916881603051459,-0.06506616714820034,-0.1301188111036715,0.09439653180915114,0.015823146276595725,-0.014544421516040852,-0.07814722602522362,0.029579976992318326,0.02305543892488996,-0.006137036684594023,-0.005550850747221213,0.029579976992318374,-0.0781472260252236,-0.014544421516040911,0.015823146276595736,0.09439653180915106,-0.1301188111036714,-0.06506616714820045,0.039168816030514635,0.47097643063337796,-0.44978828805488485,0.3935751453871016,-0.3054316167962507,0.05131469110241526,-1.6208683791605472,0.4785007950057705,3.32217980350257,2.3530184726951893,0.18298980583869803,0.0,9.54648496243084
288,14.590646965090325,0.1976057358304953,2.310567964485577,3.2036875554292763,0.530110120252435,-1.6668841114474269,0.03634499367844988,-0.30908303331144643,0.4038960211178975,-0.46372787898081275,0.45067983091773556,0.06434199905850944,-0.05347925454918752,-0.12937658983042,0.08079855801246136,0.022892612094097934,-0.009594525592522453,-0.07872856345250191,0.02196035051958025,0.023538257771001325,-0.006841141494434858,-0.005826114664600788,0.021960350519580292,-0.07872856345250191,-0.009594525592522486,0.022892612094097944,0.0807985580124613,-0.12937658983041997,-0.05347925454918762,0.0643419990585095,0.4506798309177355,-0.46372787898081275,0.4038960211178973,-0.30908303331144654,0.036344993678449775,-1.6668841114474273,0.5301101202524349,3.203687555429275,2.310567964485577,0.1976057358304951,0.0,9.234894570076358
289,14.280973236547563,0.2122102041156957,2.267581385438823,3.083522963379092,0.5812275143419451,-1.7104830211284074,0.02129941694582833,-0.31185619565392003,0.41271801626047655,-0.475489609586207,0.427770407953846,0.08906386919277134,-0.04144596951263277,-0.12736718523270305,0.06628288568188445,0.029663637703215538,-0.00450233853271894,-0.07799202273974187,0.013928668401457038,0.02352906493939426,-0.007386829751201092,-0.005952667439563431,0.013928668401457085,-0.07799202273974185,-0.00450233853271897,0.029663637703215538,0.06628288568188438,-0.12736718523270302,-0.041445969512632866,0.0890638691927714,0.42777040795384597,-0.47548960958620695,0.41271801626047655,-0.3118561956539201,0.021299416945828296,-1.7104830211284077,0.5812275143419451,3.0835229633790897,2.2675813854388234,0.21221020411569538,0.0,8.922454821806033
290,13.969911839429837,0.226802363592722,2.224068708796039,2.9617487539844594,0.631805541396613,-1.751601893952549,0.006209372327287548,-0.31374322393012677,0.4200083919004224,-0.48501824185854486,0.40238097947353907,0.1131610202769477,-0.02906674961603569,-0.12411027849087683,0.05101438175989858,0.03604795243018456,0.000656620235553411,-0.07594993322285447,0.005635634059360857,0.02302805258449865,-0.0077614652518905635,-0.005927278821964043,0.005635634059360913,-0.07594993322285444,0.0006566202355533894,0.03604795243018456,0.051014381759898524,-0.12411027849087677,-0.029066749616035788,0.1131610202769478,0.40238097947353907,-0.48501824185854486,0.42000839190042233,-0.31374322393012677,0.006209372327287583,-1.7516018939525488,0.6318055413966134,2.961748753984457,2.2240687087960387,0.22680236359272188,0.0,8.609438106834723
291,13.657647898071545,0.2413813678739434,2.180040029857322,2.8384284941076587,0.6817972660601338,-1.790181111485259,-0.008893635916547868,-0.31473875618137287,0.42574009304844035,-0.4922690253502567,0.37465874107875236,0.13646442810996218,-0.016444919832915253,-0.11963776948665873,0.035166463743158786,0.04196232696898795,0.005805841029965182,-0.07263647849437954,-0.0027631451717986116,0.022045693186125346,-0.007956372768147467,-0.00575059685437386,-0.002763145171798577,-0.0726364784943795,0.005805841029965169,0.041962326968987954,0.03516646374315867,-0.11963776948665869,-0.01644491983291536,0.13646442810996226,0.3746587410787523,-0.49226902535025663,0.42574009304844024,-0.31473875618137276,-0.008893635916547868,-1.7901811114852595,0.6817972660601334,2.8384284941076565,2.1800400298573224,0.24138136787394346,0.0,8.296099143481873
292,13.344366536807065,0.25594637133476944,2.135505563639558,2.713626557658524,0.731156297052615,-1.8261647375493257,-0.023978076460227427,-0.3148399636197289,0.4298918490429268,-0.4972079073455685,0.3447644128727661,0.1588106360293416,-0.003685830115772226,-0.11399346435867158,0.018919130031226555,0.04732965840264228,0.010868958586725654,-0.06810712418665135,-0.011110077800325613,0.020602520647013393,-0.00796703893375669,-0.0054271313308421575,-0.01111007780032559,-0.0681071241866513,0.010868958586725635,0.04732965840264228,0.01891913003122646,-0.11399346435867151,-0.0036858301157723424,0.15881063602934167,0.34476441287276605,-0.4972079073455686,0.4298918490429268,-0.3148399636197289,-0.023978076460227548,-1.826164737549326,0.731156297052615,2.7136265576585212,2.135505563639559,0.255946371334769,0.0,7.982672856812059
293,13.030252879970803,0.27049652916269684,2.0904756425064592,2.5874080919908815,0.7798368302207223,-1.8595005993270237,-0.039012456743041345,-0.3140465586659834,0.43244825248657726,-0.49981169278631604,0.31287130768293303,0.18004290144225968,0.009104023922732638,-0.10723264644175792,0.002456915530340168,0.05207997535763433,0.015770884591842733,-0.06243768950389365,-0.019248545164411133,0.018728701080097478,-0.007793216758184318,-0.004965138684739387,-0.019248545164411084,-0.06243768950389359,0.01577088459184273,0.052079975357634346,0.0024569155303400822,-0.10723264644175791,0.009104023922732529,0.18004290144225982,0.31287130768293303,-0.4998116927863161,0.4324482524865771,-0.31404655866598336,-0.039012456743041275,-1.859500599327024,0.7798368302207223,2.5874080919908793,2.0904756425064597,0.27049652916269695,0.0,7.6693726781624765
294,12.715492051897122,0.2850309974063126,2.044960713771365,2.459838983895247,0.8277936910429794,-1.890140363005716,-0.05396538871765541,-0.3123607957667937,0.4333998164240935,-0.5000681532056515,0.2791643262768984,0.20001229526220662,0.021817889891020622,-0.09942153479251288,-0.014033204267813182,0.05615135018778231,0.020438921274642162,-0.055723078045348214,-0.027025840164996602,0.016463402257174017,-0.007438931346001641,-0.004376411243911003,-0.027025840164996574,-0.05572307804534816,0.02043892127464217,0.0561513501877823,-0.014033204267813217,-0.0994215347925129,0.0218178898910205,0.20001229526220665,0.2791643262768984,-0.5000681532056515,0.4333998164240932,-0.3123607957667937,-0.053965388717655355,-1.8901403630057168,0.8277936910429794,2.4598389838952452,2.044960713771366,0.2850309974063123,0.0,7.356389314599378
295,12.400269176920421,0.2995489330242454,1.998971337273382,2.3309858252055182,0.8749823765507834,-1.9180396038572596,-0.06880565438054884,-0.3097874649887142,0.4327430095488032,-0.4979760841580444,0.24383888539755597,0.21857874653952497,0.034349649643080044,-0.09063663560452559,-0.030363936927147464,0.059490706295809874,0.024803839548452493,-0.04807568916484563,-0.03429603260356542,0.013853974899152055,-0.0069123866897511654,-0.003675976232388435,-0.034296032603565375,-0.04807568916484556,0.02480383954845251,0.059490706295809874,-0.03036393692714749,-0.09063663560452555,0.03434964964307994,0.21857874653952505,0.24383888539755588,-0.4979760841580444,0.4327430095488032,-0.30978746498871423,-0.0688056543805489,-1.9180396038572596,0.8749823765507838,2.330985825205516,1.9989713372733817,0.2995489330242453,0.0,7.043890026662019
296,12.08476937937509,0.3140494939340642,1.952518182927413,2.200915878037651,0.9213590966262329,-1.9431578706496129,-0.08350227094744254,-0.3063338784073044,0.4304802693075344,-0.49354531087586323,0.20709978483147748,0.2356120249584813,0.046594705009127706,-0.08096399286591398,-0.04634980030803762,0.06205451006796192,0.028800905709143943,-0.03962353645989131,-0.04092270736075605,0.010954962921082383,-0.0062257756946009725,-0.0028817122016161372,-0.040922707360756046,-0.03962353645989122,0.02880090570914397,0.062054510067961935,-0.046349800308037634,-0.08096399286591396,0.04659470500912757,0.23561202495848133,0.20709978483147745,-0.49354531087586323,0.4304802693075344,-0.3063338784073044,-0.0835022709474425,-1.9431578706496122,0.9213590966262329,2.2009158780376494,1.952518182927412,0.3140494939340641,0.0,6.732018442093396
297,11.769177783595506,0.3285318390611211,1.9056120282486484,2.0696970396784318,0.9668808146384468,-1.9654587442972562,-0.09802455553764718,-0.30200984932998975,0.4266199928551155,-0.4867966421259686,0.16916002007900127,0.2509926543093602,0.05845085083956577,-0.07049834559861365,-0.06180922924708926,0.06380933840123591,0.03237084146511918,-0.03050810488585143,-0.04678152403765751,0.007826963320454452,-0.005394997833942061,-0.002013892681758988,-0.046781524037657486,-0.030508104885851345,0.03237084146511921,0.06380933840123593,-0.061809229247089315,-0.07049834559861362,0.058450850839565666,0.25099265430936024,0.16916002007900127,-0.48679664212596857,0.4266199928551153,-0.3020098493299898,-0.09802455553764716,-1.9654587442972562,0.9668808146384469,2.069697039678431,1.9056120282486495,0.3285318390611213,0.0,6.420894921836699
298,11.45367951391605,0.34299512838733687,1.8582637558520982,1.9373978071426883,1.0115052873806611,-1.9849098906653864,-0.11234218923228885,-0.296827664411717,0.42117650589206596,-0.4777617724830302,0.1302395475095449,0.26461275052823224,0.06981912807524514,-0.05934219993386705,-0.07656663774844946,0.06473231442464357,0.035460703061079,-0.020881982366112835,-0.051762550031652955,0.0045353595401033545,-0.004439290974022822,-0.0010946687013564348,-0.05176255003165295,-0.02088198236611273,0.03546070306107904,0.06473231442464357,-0.07656663774844946,-0.05934219993386702,0.06981912807524504,0.26461275052823235,0.13023954750954486,-0.4777617724830302,0.4211765058920659,-0.29682766441171693,-0.11234218923228888,-1.9849098906653864,1.0115052873806611,1.9373978071426856,1.858263755852098,0.34299512838733687,0.0,6.110617482626903
299,11.138459694671148,0.35743852299992396,1.810484350927727,1.8040872414174352,1.055191104271046,-2.0014831074513175,-0.12642528037267167,-0.29080204874263266,0.41417000950112653,-0.46648313347853126,0.09056400916117127,0.2763767784261477,0.08060464972375872,-0.04760482511250207,-0.09045441326458262,0.0648114057342098,0.03802466645776133,-0.010906305543918679,-0.05577232326986679,0.0011489547817830385,-0.0033807858932552106,-0.0001475033839706121,-0.05577232326986679,-0.010906305543918606,0.038024666457761376,0.0648114057342098,-0.09045441326458269,-0.047604825112502074,0.08060464972375864,0.2763767784261478,0.09056400916117129,-0.4664831334785312,0.41417000950112637,-0.29080204874263255,-0.12642528037267156,-2.001483107451317,1.055191104271046,1.804087241417433,1.8104843509277262,0.35743852299992396,0.0,5.801263268273125
300,10.82370345019514,0.3718611851400459,1.7622848986918063,1.6698349314116419,1.0978977257808642,-2.0151543650751247,-0.14024442696662773,-0.28395012400699055,0.4056265051799169,-0.45301369432452676,0.05036342457740499,0.28620222179984506,0.09071739284763314,-0.03540118324370815,-0.1033148204157541,0.06404558125375993,0.04002470692308436,-0.0007480624327615672,-0.05873560589587009,-0.002261466162242588,-0.0022439938119441357,0.0008034269462931592,-0.05873560589587008,-0.0007480624327614854,0.04002470692308442,0.06404558125375993,-0.10331482041575411,-0.03540118324370816,0.09071739284763301,0.28620222179984517,0.05036342457740506,-0.45301369432452676,0.4056265051799168,-0.28395012400699055,-0.1402444269666277,-2.015154365075125,1.0978977257808642,1.6698349314116414,1.762284898691807,0.3718611851400458,0.0,5.492890549461385
301,10.50959590482244,0.38626227825140974,1.7136765818150508,1.5347109576303914,1.1395855210543084,-2.025903841520239,-0.1537707780725653,-0.27629135983217784,0.39557769834793344,-0.4374167131480409,0.009870857265391901,0.2940201622236292,0.1000729499539724,-0.022850803304823062,-0.1150017925260462,0.06244482467657418,0.04143116295605129,0.009422702882336383,-0.06059679600413646,-0.0056246164980773535,-0.0010552387994324562,0.0017338498636565718,-0.06059679600413646,0.009422702882336464,0.04143116295605135,0.06244482467657418,-0.11500179252604621,-0.022850803304823072,0.10007294995397231,0.29402016222362926,0.009870857265391936,-0.4374167131480409,0.3955776983479333,-0.27629135983217784,-0.1537707780725653,-2.0259038415202393,1.1395855210543087,1.5347109576303903,1.7136765818150514,0.38626227825140963,0.0,5.185541219864189
302,10.196322182887418,0.40064096702878943,1.6646706778281464,1.3987858555924504,1.180215804685112,-2.033715951073475,-0.1669760940330605,-0.2678475184661006,0.38406088068597444,-0.4197654399044121,-0.030678936493366452,0.29977576246260956,0.10859323351397082,-0.010076610410777632,-0.12538259062789545,0.060030004312677826,0.0422231761801706,0.019435736700705065,-0.061320970933000644,-0.008870197512228884,0.0001579517979027009,0.0026200163925265627,-0.061320970933000644,0.019435736700705142,0.04222317618017068,0.06003000431267784,-0.12538259062789542,-0.010076610410777656,0.10859323351397072,0.2997757624626097,-0.030678936493366386,-0.4197654399044121,0.3840608806859742,-0.2678475184661005,-0.1669760940330604,-2.0337159510734746,1.180215804685112,1.3987858555924493,1.6646706778281464,0.40064096702878954,0.0,4.879243744775237
303,9.88406740872449,0.41499641746647464,1.6152785565052683,1.262130579010305,1.2197508726158004,-2.0385793669228254,-0.17983280543223878,-0.25864259294012654,0.37111879174463913,-0.4001427723648258,-0.07105086864616354,0.3034286511165029,0.11620712773191874,0.002796278180042687,-0.1343393110924131,0.05683260103850609,0.042389000682575034,0.029123425670772876,-0.06089454254016869,-0.011930368000157777,0.0013674847922784629,0.003439307198326587,-0.06089454254016869,0.02912342567077293,0.0423890006825751,0.056832601038506084,-0.13433931109241304,0.0027962781800426333,0.11620712773191864,0.30342865111650297,-0.07105086864616358,-0.40014277236482587,0.371118791744639,-0.25864259294012654,-0.1798328054322388,-2.038579366922826,1.2197508726158004,1.2621305790103041,1.6152785565052692,0.41499641746647437,0.0,4.574016507638533
304,9.573016706668003,0.4293277969066466,1.5655116772262028,1.1248164627518997,1.2581540371262707,-2.040487037580256,-0.19231407065386041,-0.24870273889329617,0.35679946033548054,-0.37864086679366593,-0.11101088229568787,0.30495320579599905,0.12285108212361621,0.01564177853095839,-0.14177022476203843,0.05289429789553585,0.04192617721120009,0.03832360255664395,-0.0593255121654399,-0.014741162326407134,0.0025453516930131386,0.004170809944325188,-0.0593255121654399,0.03832360255664401,0.04192617721120016,0.05289429789553584,-0.1417702247620384,0.015641778530958328,0.12285108212361612,0.3049532057959991,-0.11101088229568776,-0.37864086679366593,0.3567994603354805,-0.24870273889329617,-0.19231407065386033,-2.0404870375802564,1.258154037126271,1.1248164627518977,1.5655116772262034,0.4293277969066463,0.0,4.269871489943348
305,9.263355201052384,0.44363427408767453,1.5153815863176747,0.9869151856034114,1.2953896608792335,-2.0394361971056885,-0.20439383191993946,-0.23805620025151947,0.34115602629341457,-0.3553607051441037,-0.15032730864848318,0.3043387328454123,0.1284696419498052,0.028334074960319252,-0.14759093237584656,0.04826643668809414,0.04084156964659999,0.046882260839328664,-0.0566433204966171,-0.017243827475115135,0.003664277283748927,0.004795853077471839,-0.056643320496617126,0.0468822608393287,0.040841569646600066,0.04826643668809414,-0.14759093237584647,0.02833407496031918,0.12846964194980515,0.3043387328454124,-0.15032730864848326,-0.35536070514410373,0.34115602629341446,-0.2380562002515194,-0.20439383191993943,-2.0394361971056885,1.2953896608792335,0.9869151856034108,1.515381586317675,0.44363427408767414,0.0,3.9668182112236465
306,8.955268016211985,0.4579150191923301,1.4648999143745034,0.8484987328525009,1.33142318999092,-2.03542836911735,-0.2160468696929045,-0.2267332289729418,0.3242465432718388,-0.3304116208045551,-0.18877221011834047,0.30158954235099283,0.13301591107727986,0.04074885234739484,-0.1517353231643537,0.04300934866442157,0.03915126320750725,0.054656132711513164,-0.052898295155664174,-0.019386051143027955,0.004698351219644179,0.005298482418396386,-0.052898295155664195,0.0546561327115132,0.03915126320750733,0.04300934866442157,-0.15173532316435367,0.0407488523473948,0.13301591107727975,0.30158954235099295,-0.18877221011834022,-0.33041162080455505,0.3242465432718387,-0.22673322897294174,-0.2160468696929045,-2.0354283691173505,1.33142318999092,0.8484987328524999,1.4648999143745045,0.45791501919232996,0.0,3.6648678485251978
307,8.64894027648122,0.47216920389592154,1.4140783735612112,0.7096393587115557,1.3662211860963653,-2.028469364582671,-0.2272488553277219,-0.21476599908752025,0.30613376330229786,-0.3039107851233037,-0.22612270179795724,0.2967249179087684,0.13645194340433658,0.05276451374097106,-0.1541563257262376,0.03719156800658663,0.036880325899793454,0.061515087311480504,-0.04816070637039346,-0.021123055204629596,0.0056236280189862166,0.005665868390647939,-0.04816070637039348,0.061515087311480525,0.036880325899793516,0.03719156800658663,-0.15415632572623755,0.05276451374097101,0.1364519434043365,0.2967249179087685,-0.22612270179795718,-0.3039107851233037,0.3061337633022977,-0.21476599908752023,-0.22724885532772196,-2.028469364582672,1.3662211860963656,0.7096393587115546,1.4140783735612124,0.472169203895921,0.0,3.364037448851969
308,8.344557106194454,0.48639600141433637,1.3629287548947029,0.5704095486005684,1.3997513573795166,-2.01856927339294,-0.23797640186405636,-0.20218851527506618,0.28688490391820476,-0.2759826571227789,-0.26216224363761553,0.28977898136397323,0.13874905958347455,0.06426337134474479,-0.15482644265862083,0.03088893838261305,0.0340624367466506,0.0673443090509053,-0.042519448450699666,-0.02241853169308297,0.006418681555548753,0.005888633494677194,-0.0425194484506997,0.06734430905090531,0.03406243674665067,0.030888938382613043,-0.1548264426586208,0.06426337134474472,0.13874905958347453,0.28977898136397334,-0.2621622436376155,-0.2759826571227789,0.2868849039182046,-0.20218851527506607,-0.23797640186405633,-2.01856927339294,1.3997513573795168,0.5704095486005673,1.3629287548947038,0.48639600141433637,0.0,3.0643541439129693
309,8.042303629686092,0.5005945865519984,1.3114629255086523,0.4308819813093137,1.4319825885393669,-2.0057424497339236,-0.2482071128524283,-0.18903651624152604,0.26657139870683844,-0.24675839898786553,-0.29668189583944793,0.2808004534708207,0.1398880863977737,0.07513279921437004,-0.1537380628686634,0.024183624208279082,0.03073938631350681,0.07204621957236633,-0.03608037180961747,-0.023245401732511634,0.007065101211619163,0.005961091667813247,-0.03608037180961749,0.07204621957236634,0.03073938631350689,0.02418362420827907,-0.1537380628686633,0.07513279921436997,0.13988808639777364,0.2808004534708208,-0.29668189583944776,-0.24675839898786556,0.2665713987068383,-0.18903651624152598,-0.24820711285242827,-2.005742449733924,1.4319825885393669,0.4308819813093137,1.3114629255086532,0.5005945865519982,0.0,2.76585927406655
310,7.74236497129051,0.5147641357497326,1.2596928259002307,0.2911294910585865,1.4628849696643047,-1.9900074912736707,-0.2579196291124309,-0.1753473731680582,0.24526863221532996,-0.2163752600733553,-0.3294815301891282,0.26985231215141786,0.13985951679296013,0.08526633637602672,-0.1509035480192726,0.01716303950830356,0.02696045693511697,0.0755421111639366,-0.028964296826523756,-0.023586381557935507,0.007547918202552715,0.005881393420589299,-0.028964296826523774,0.0755421111639366,0.02696045693511703,0.017163039508303543,-0.15090354801927255,0.08526633637602667,0.1398595167929601,0.2698523121514179,-0.329481530189128,-0.2163752600733553,0.2452686322153299,-0.17534737316805818,-0.2579196291124308,-1.9900074912736707,1.4628849696643051,0.2911294910585865,1.2596928259002311,0.5147641357497323,0.0,2.4686123277722203
311,7.444926255342107,0.5289038271325313,1.207630467159812,0.15122502948030436,1.4924298239878904,-1.9713872121976719,-0.26709367332538764,-0.16115998352145824,0.2230556601944169,-0.1849759323234992,-0.3603709903022707,0.2570113507508915,0.13866358922942837,0.0945647295619797,-0.14635509212709377,0.009918708340851219,0.02278169183633954,0.07777346428827873,-0.02130474681959841,-0.023434343791550887,0.007855952200690382,0.00565157304482342,-0.02130474681959845,0.07777346428827873,0.022781691836339612,0.009918708340851196,-0.14635509212709372,0.09456472956197963,0.13866358922942834,0.25701135075089154,-0.36037099030227066,-0.18497593232349924,0.22305566019441692,-0.1611599835214582,-0.2670936733253875,-1.9713872121976714,1.4924298239878904,0.1512250294803038,1.2076304671598115,0.5289038271325311,0.0,2.1726946041454505
312,7.150172606175243,0.5430128405572278,1.1552879281842994,0.011241627536325694,1.520589734500299,-1.9499086101304712,-0.2757100923683505,-0.1465146605276695,0.20001491621815773,-0.1527078801308806,-0.3891711940589923,0.24236763938724842,0.1363102856918968,0.10293690535002013,-0.14014435590744634,0.002545071641466439,0.01826506398586794,0.0787029271714454,-0.013245442665183972,-0.02279246642372746,0.007982070232060719,0.005277496688471548,-0.013245442665184005,0.07870292717144536,0.018265063985867993,0.002545071641466424,-0.14014435590744626,0.10293690535002008,0.1363102856918968,0.24236763938724842,-0.38917119405899214,-0.15270788013088052,0.20001491621815762,-0.14651466052766943,-0.2757100923683504,-1.9499086101304706,1.520589734500299,0.011241627536325145,1.1552879281842998,0.5430128405572278,0.0,1.878212509367326
313,6.858289148124339,0.5570903576600656,1.1026773528747251,-0.12874764260415317,1.5473385693907342,-1.9256028269916907,-0.2837508973010585,-0.13145301862243874,0.17623190576835568,-0.11972264778187185,-0.4157151718352548,0.22602389317421237,0.13281924837330875,0.11030086218513714,-0.1323418800192645,-0.004861743958950282,0.013477557009189763,0.07831494105354075,-0.004937606074051471,-0.021674166384626537,0.0079233518507372,0.00476871262263831,-0.004937606074051495,0.07831494105354071,0.013477557009189811,-0.004861743958950297,-0.13234188001926442,0.11030086218513706,0.13281924837330875,0.22602389317421243,-0.41571517183525464,-0.11972264778187185,0.17623190576835557,-0.13145301862243866,-0.28375089730105846,-1.925602826991691,1.5473385693907344,-0.12874764260415372,1.1026773528747253,0.5570903576600656,0.0,1.5853004026898199
314,6.569461005523756,0.5711355619041668,1.049810947318762,-0.26866970570870213,1.5726515062972042,-1.8985051038432272,-0.2911993009223711,-0.11601785520460602,0.15179488891896226,-0.0861751477412023,-0.4398490345118281,0.20809475174850245,0.12821961572839,0.11658447354648352,-0.12303628387432247,-0.012205179291782945,0.008490171791248726,0.07661600063484894,0.003462877875131476,-0.02010281909496886,0.007681156765999182,0.004138207522668995,0.0034628778751314418,0.07661600063484889,0.008490171791248764,-0.012205179291782976,-0.12303628387432239,0.11658447354648345,0.12821961572839002,0.20809475174850245,-0.43984903451182794,-0.08617514774120236,0.15179488891896217,-0.1160178552046059,-0.29119930092237106,-1.8985051038432263,1.5726515062972042,-0.26866970570870374,1.0498109473187618,0.5711355619041668,0.0,1.2941229145250146
315,6.283873302707896,0.5851476386268926,0.9967009769588117,-0.408451521627362,1.5965050553411584,-1.8686547297930765,-0.2980397528177696,-0.10025302902802502,0.12679455279803595,-0.052222933118148455,-0.4614328656488241,0.18870597515514964,0.12254977926526492,0.12172619439298993,-0.11233325911055574,-0.019389501447131148,0.0033768735013394425,0.0736345453576871,0.01179838570398998,-0.0181112698580808,0.007261093356291551,0.0034020749842296554,0.011798385703989955,0.07363454535768704,0.003376873501339466,-0.019389501447131165,-0.11233325911055565,0.12172619439298991,0.12254977926526493,0.18870597515514964,-0.46143286564882396,-0.0522229331181484,0.12679455279803595,-0.10025302902802499,-0.2980397528177696,-1.8686547297930765,1.5965050553411586,-0.40845152162736253,0.9967009769588117,0.5851476386268927,0.0,1.0048766675032943
316,6.001711164011141,0.5991257750870971,0.9433597637463197,-0.548020123420042,1.618877080925605,-1.836094985029888,-0.3042579718247558,-0.08420333557766135,0.10132367504276876,-0.018025457731152845,-0.4803415326534081,0.16799356173113952,0.11585706310510614,0.12567566396832264,-0.10035436916146454,-0.02632105179869522,-0.001786505343670043,0.06942048334387238,0.0199125131213006,-0.015741147306413957,0.006672888799087946,0.00257910473547767,0.019912513121300584,0.0694204833438723,-0.0017865053436700237,-0.026321051798695226,-0.10035436916146447,0.12567566396832255,0.11585706310510617,0.16799356173113955,-0.4803415326534079,-0.018025457731152793,0.10132367504276868,-0.08420333557766126,-0.3042579718247557,-1.8360949850298882,1.6188770809256052,-0.5480201234200435,0.9433597637463197,0.5991257750870967,0.0,0.7177913412897379
317,5.723159713767878,0.6130691605122681,0.889799683282983,-0.6873026554456928,1.6397468222764824,-1.8008730780708255,-0.3098409758483679,-0.06791437978398526,0.07547677949651665,0.01625667275408365,-0.49646541223792984,0.14610279417479302,0.10819732898442008,0.12839419906099095,-0.08723566855592034,-0.03290946698720243,-0.006923389509721324,0.06404435595685952,0.027653009733487166,-0.013041993253317006,0.005930163823988943,0.001690303030651506,0.02765300973348715,0.06404435595685944,-0.006923389509721313,-0.03290946698720246,-0.08723566855592027,0.1283941990609909,0.10819732898442014,0.14610279417479302,-0.4964654122379297,0.01625667275408362,0.07547677949651664,-0.06791437978398515,-0.30984097584836784,-1.8008730780708255,1.6397468222764828,-0.687302655445693,0.889799683282983,0.613069160512268,0.0,0.4331300331878022
318,5.44840407631251,0.6269769861455539,0.8360331619495063,-0.8262264113933857,1.6590949127082302,-1.7630400773137325,-0.31477710896456607,-0.051432446437338665,0.049349785425561746,0.05046245509606673,-0.5097110259626184,0.12318722049202312,0.09963450999687452,0.12985517288835272,-0.07312615763017118,-0.0390688569449882,-0.011957596690779155,0.057596156973375806,0.03487463581296462,-0.01007022713845301,0.005050117304973881,0.0007583564669975085,0.0348746358129646,0.05759615697337574,-0.011957596690779164,-0.039068856944988226,-0.07312615763017109,0.12985517288835263,0.09963450999687455,0.1231872204920231,-0.5097110259626183,0.05046245509606667,0.04934978542556172,-0.051432446437338596,-0.31477710896456607,-1.7630400773137331,1.6590949127082302,-0.8262264113933865,0.8360331619495068,0.6269769861455533,0.0,0.15118887893537658
319,5.177629375979389,0.6408484452926748,0.7820726740225802,-0.9647188722354448,1.676903397595664,-1.7226508369928355,-0.3190560657549039,-0.034804368670492254,0.023039651557383037,0.08443124461615609,-0.5200015821782741,0.09940757696739752,0.09024007696636024,0.13004427589352485,-0.05818609020320747,-0.04471892460437984,-0.0168144673267455,0.050183826131049984,0.041441887521018905,-0.0068879667126846705,0.004053127995530178,-0.00019294708893329536,0.041441887521018884,0.05018382613104989,-0.01681446732674551,-0.04471892460437985,-0.058186090203207405,0.1300442758935248,0.09024007696636031,0.0994075769673975,-0.520001582178274,0.08443124461615611,0.023039651557383037,-0.03480436867049217,-0.3190560657549038,-1.7226508369928362,1.6769033975956642,-0.9647188722354454,0.7820726740225807,0.6408484452926743,0.0,-0.12770408861103622
320,4.911020737102927,0.6546827333687124,0.7279307387807463,-1.102707744082802,1.6931557510354982,-1.6797639176453507,-0.32266891282167914,-0.01807739488309649,-0.0033559837385717223,0.11800350965325138,-0.5272774212270356,0.07493066071459109,0.08009244190528299,0.12895965590081562,-0.0425851534366713,-0.049786012692772295,-0.021421971838365268,0.04193144226932039,0.0472315394501796,-0.0035617296132242054,0.0029622826290608487,-0.0011393256848052774,0.0472315394501796,0.041931442269320295,-0.021421971838365292,-0.04978601269277232,-0.04258515343667123,0.12895965590081557,0.08009244190528304,0.07493066071459112,-0.5272774212270356,0.1180035096532513,-0.0033559837385716534,-0.018077394883096454,-0.32266891282167914,-1.6797639176453507,1.6931557510354982,-1.1027077440828021,0.7279307387807462,0.6546827333687119,0.0,-0.4031908512448624
321,4.648763284017505,0.6684790479447781,0.6736199175998193,-1.2401209959228447,1.7078368911820412,-1.6344415012043012,-0.32560810743864627,-0.0012990544861592106,-0.029739164792302902,0.15102158079128164,-0.5314963613201629,0.04992815971447726,0.06927630353720725,0.12661193625692133,-0.0265005405522004,-0.05420406396782093,-0.025711778858331674,0.03297714630957114,0.052134956778789446,-0.00016104296955232785,0.0018028413120896429,-0.0020566230775210972,0.05213495677878944,0.03297714630957105,-0.0257117788583317,-0.05420406396782094,-0.026500540552200323,0.1266119362569213,0.06927630353720732,0.04992815971447724,-0.5314963613201628,0.15102158079128172,-0.02973916479230297,-0.0012990544861591071,-0.32560810743864627,-1.6344415012043019,1.7078368911820414,-1.2401209959228459,0.6736199175998193,0.6684790479447781,0.0,-0.6748860815907526
322,4.391042141057497,0.6822365887945577,0.6191528110385472,-1.3768868972200325,1.7209331942428294,-1.5867493008406617,-0.32786751329835356,0.015482977151966119,-0.05601198215219628,0.18333039134081242,-0.5326339430876063,0.024575448547299657,0.057881940346544335,0.1230241117802025,-0.010114938296010558,-0.057915482374616814,-0.029620268616242458,0.023470828842806213,0.05606013365338395,0.003243009896989786,0.0006016525898595252,-0.002921425319525677,0.05606013365338392,0.0234708288428061,-0.029620268616242482,-0.05791548237461682,-0.01011493829601043,0.12302411178020241,0.05788194034654442,0.024575448547299622,-0.5326339430876061,0.18333039134081247,-0.056011982152196486,0.015482977151966223,-0.3278675132983535,-1.5867493008406621,1.7209331942428299,-1.3768868972200325,0.6191528110385474,0.6822365887945568,0.0,-0.9423805631262182
323,4.138042432557324,0.6959545579407245,0.5645420559151755,-1.5129340553596604,1.7324325071212263,-1.5367564656855393,-0.329442413323227,0.032221014174326865,-0.08207693593244099,0.21477820559715805,-0.5306835713815807,-0.0009496417340018711,0.046004457055948474,0.1182313235371687,0.006385547991193541,-0.060871883898344414,-0.03308947644845179,0.013571621033526946,0.058933419551451205,0.006579275302123387,-0.0006134682706711221,-0.003711658398071787,0.05893341955145119,0.01357162103352686,-0.03308947644845184,-0.06087188389834444,0.006385547991193627,0.11823132353716861,0.04600445705594858,-0.0009496417340019227,-0.5306835713815805,0.21477820559715807,-0.08207693593244103,0.03222101417432697,-0.32944241332322705,-1.536756465685539,1.7324325071212268,-1.512934055359661,0.5645420559151755,0.6959545579407245,0.0,-1.205245319057312
324,3.889949282851351,0.7096321597012262,0.5098003223756012,-1.6481914529152295,1.7423241586942442,-1.4845354805705462,-0.33032951951365536,0.04886749573392158,-0.10783729764052578,0.24521733145479557,-0.5256565535120356,-0.02646807096085602,0.03374299082080786,0.11228051465213022,0.022813508132217195,-0.0630347273239086,-0.036067952440141694,0.0034452308408708804,0.06070090123175907,0.009778016498326061,-0.0018143833836756543,-0.004407151672749574,0.06070090123175908,0.00344523084087079,-0.03606795244014176,-0.0630347273239086,0.02281350813221723,0.11228051465213022,0.03374299082080794,-0.02646807096085602,-0.5256565535120353,0.2452173314547956,-0.10783729764052571,0.04886749573392168,-0.33032951951365525,-1.4845354805705462,1.7423241586942442,-1.6481914529152295,0.5098003223756017,0.7096321597012262,0.0,-1.4630364010367476
325,3.6469478162739577,0.7232686007354363,0.45494031095379583,-1.782588484719972,1.7505989697151216,-1.430162060931724,-0.33052697981251516,0.06537512113703633,-0.13319746914205244,0.27450481403134264,-0.5175820336923523,-0.0518008456872025,0.0211998837664448,0.10522997052120174,0.038982355691522065,-0.06437581667961433,-0.038511524450733844,-0.006738830852616114,0.06132941434186082,0.012772371356809784,-0.002973283818014129,-0.004990152729579088,0.06132941434186083,-0.006738830852616213,-0.03851152445073389,-0.06437581667961434,0.03898235569152212,0.10522997052120171,0.021199883766444903,-0.0518008456872025,-0.5175820336923521,0.2745048140313426,-0.13319746914205252,0.0653751211370365,-0.3305269798125151,-1.4301620609317234,1.7505989697151219,-1.7825884847199718,0.45494031095379533,0.7232686007354362,0.0,-1.715300275340824
326,3.409223157159534,0.736863090090169,0.39997474962517515,-1.9160549947231593,1.7572492613314739,-1.3737150430293974,-0.3300343819718065,0.08169698424735977,-0.15806333743072745,0.3025031070435525,-0.5065068240753186,-0.07677027469990957,0.008479828774564609,0.09714874793404515,0.05470844719743237,-0.06487766881477816,-0.040383953206631136,-0.01681008777130956,0.0608071657013614,0.015499749962384565,-0.004063333553365387,-0.005445780510053512,0.06080716570136142,-0.016810087771309663,-0.04038395320663119,-0.06487766881477817,0.05470844719743237,0.09714874793404514,0.008479828774564737,-0.07677027469990955,-0.5065068240753184,0.3025031070435524,-0.15806333743072748,0.08169698424735987,-0.33003438197180646,-1.3737150430293967,1.7572492613314736,-1.9160549947231587,0.3999747496251739,0.7368630900901693,0.0,-1.9615797316568417
327,3.176960429842488,0.7504148392455593,0.3449163908536036,-2.0485213126119857,1.7622688622111093,-1.3152762696431382,-0.32885275441332296,0.09778670676897036,-0.18234262388695988,0.32908071878226136,-0.4924951333589533,-0.10120121539496293,-0.004311004351228447,0.08811599869484066,0.069813167938575,-0.06453374131933437,-0.041657469745968775,-0.026599951937050004,0.059143954584658584,0.01790314290778853,-0.0050592909071981275,-0.005762405149047985,0.059143954584658584,-0.026599951937050063,-0.041657469745968845,-0.06453374131933436,0.06981316793857506,0.08811599869484062,-0.004311004351228335,-0.10120121539496296,-0.492495133358953,0.32908071878226136,-0.1823426238869598,0.09778670676897049,-0.32885275441332285,-1.3152762696431373,1.7622688622111091,-2.0485213126119857,0.34491639085360365,0.7504148392455596,0.0,-2.2014202283151088
328,2.950344758657174,0.7639230621607961,0.2897780086327198,-2.1799182901798826,1.765653114268898,-1.254930471407553,-0.3269845640815638,0.11359857002947399,-0.20594522672894847,0.35411282965252194,-0.4756281945355926,-0.12492230227699362,-0.01706585504726003,0.07822019436729992,0.08412496064437619,-0.06334851781415529,-0.04231318724482695,-0.03594454575049882,0.05637098885109382,0.019932312940681703,-0.005938093042538168,-0.005931944826259813,0.056370988851093824,-0.0359445457504989,-0.04231318724482701,-0.06334851781415528,0.08412496064437618,0.07822019436729988,-0.017065855047259933,-0.12492230227699372,-0.47562819453559246,0.35411282965252183,-0.20594522672894852,0.1135985700294741,-0.32698456408156373,-1.2549304714075529,1.7656531142688976,-2.1799182901798835,0.2897780086327194,0.7639230621607962,0.0,-2.4343765778483086
329,2.7295612679380064,0.7773869753197182,0.23457239552226256,-2.310177337422297,1.7673988769893723,-1.192765143960969,-0.3244337112933668,0.1290876448888326,-0.22878355538540415,0.37748187837869246,-0.45600379394236784,-0.1477671489651016,-0.02967826308248042,0.06755825973698487,0.09748127400814817,-0.06133744950019671,-0.04234138111733688,-0.0446874452230269,0.05254029937257675,0.021544845054738113,-0.006679390021406822,-0.005950072054069097,0.05254029937257678,-0.04468744522302696,-0.04234138111733696,-0.06133744950019673,0.09748127400814818,0.06755825973698482,-0.02967826308248036,-0.14776714896510168,-0.4560037939423677,0.3774818783786923,-0.22878355538540415,0.12908764488883273,-0.32443371129336673,-1.1927651439609683,1.7673988769893723,-2.310177337422298,0.23457239552226158,0.777386975319718,0.0,-2.6600198683726584
330,2.514795082019372,0.7908057977762574,0.17931235968009132,-2.4392304583410787,1.7675045303410681,-1.1288704210851186,-0.3212055215950166,0.14420991940474992,-0.25077285554902834,0.3990781141214205,-0.433735704343413,-0.1695755152737694,-0.04204295714438899,0.05623462347826217,0.10973040892171904,-0.058526753728463735,-0.04174163323566966,-0.05268229843875874,0.047723763746139965,0.02270703307516223,-0.0072660160371485,-0.005816324136337577,0.04772376374613998,-0.05268229843875876,-0.04174163323566973,-0.05852675372846372,0.10973040892171904,0.056234623478262157,-0.04204295714438888,-0.16957551527376946,-0.43373570434341285,0.39907811412142047,-0.2507728555490283,0.14420991940474998,-0.3212055215950166,-1.1288704210851188,1.7675045303410677,-2.4392304583410787,0.17931235968009182,0.7908057977762576,0.0,-2.8779445096283176
331,2.3062313252356184,0.8041787511997391,0.12401072189058872,-2.567010286438797,1.7659699762798735,-1.063338944019777,-0.31730673464382875,0.15892242389185576,-0.27183152370445957,0.41880011191354555,-0.4089530253305151,-0.19019443118263132,-0.05405673350147517,0.04436019532416912,0.12073324145233445,-0.054953072216746036,-0.04052283813106016,-0.05979527541498187,0.042011757610109536,0.023394584206653884,-0.007684386913579551,-0.0055341149786930595,0.04201175761010957,-0.059795275414981884,-0.04052283813106023,-0.05495307221674603,0.12073324145233445,0.044360195324169106,-0.05405673350147508,-0.19019443118263138,-0.4089530253305149,0.41880011191354555,-0.27183152370445957,0.15892242389185585,-0.31730673464382864,-1.0633389440197767,1.7659699762798735,-2.5670102864387974,0.12401072189058884,0.8041787511997389,0.0,-3.0877752877297304
332,2.104055121921192,0.8175050599200245,0.06868031259013302,-2.6934501198844583,1.7627966388400151,-0.996265727141816,-0.3127454901374206,0.17318335301933482,-0.2918814099634555,0.4365552489942202,-0.3817994348662466,-0.20947926981125736,-0.06561931740829237,0.03205127975733391,0.1303648029925053,-0.050662993368790356,-0.03870307108390257,-0.06590730835144078,0.035511458870080725,0.023593126816910764,-0.007924814666289056,-0.005110647948842818,0.03551145887008076,-0.0659073083514408,-0.038703071083902654,-0.05066299336879035,0.13036480299250525,0.03205127975733391,-0.06561931740829227,-0.20947926981125745,-0.38179943486624657,0.4365552489942202,-0.29188140996345535,0.17318335301933488,-0.31274549013742065,-0.9962657271418158,1.7627966388400151,-2.6934501198844583,0.0686803125901333,0.8175050599200246,0.0,-3.289174309865086
333,1.9084515964104405,0.830783950972503,0.013333968890329936,-2.8184839563322486,1.7579874628125838,-0.9277480202034468,-0.3075313108200474,0.18695218460006177,-0.31084810808347285,0.45226013980418367,-0.35243235630876846,-0.22729476187280512,-0.07663420006331975,0.019428436861841283,0.1385156996356831,-0.045712444923209875,-0.036309320059200186,-0.07091608476782446,0.02834483665355586,0.023298510841653602,-0.007981731841968423,-0.004556732011149937,0.028344836653555895,-0.07091608476782447,-0.03630932005920024,-0.04571244492320986,0.13851569963568303,0.01942843686184132,-0.07663420006331964,-0.22729476187280515,-0.35243235630876824,0.4522601398041839,-0.3108481080834728,0.1869521846000618,-0.30753131082004737,-0.9277480202034472,1.7579874628125838,-2.81848395633225,0.013333968890330625,0.8307839509725027,0.0,-3.481847719418667
334,1.7196058730377501,0.8440146541429272,-0.042015468400302604,-2.942046527375165,1.7515469110128268,-0.8578851673293726,-0.30167508260148024,0.20018979473370555,-0.32866123159336996,0.46584102759926865,-0.3210220457474907,-0.2435159444908762,-0.08700944413382124,0.006615301493467544,0.14509335465669723,-0.040165964849880754,-0.033377085462887986,-0.07473776016528752,0.02064636272773321,0.022516894531916926,-0.007853820440867286,-0.0038865058286238754,0.020646362727733243,-0.0747377601652875,-0.03337708546288805,-0.040165964849880734,0.14509335465669718,0.006615301493467568,-0.08700944413382115,-0.2435159444908763,-0.3210220457474906,0.46584102759926854,-0.32866123159337,0.20018979473370563,-0.3016750826014802,-0.8578851673293726,1.7515469110128272,-2.942046527375166,-0.04201546840030226,0.844014654142927,0.0,-3.665552063304191
335,1.5377030761375217,0.8571964020120862,-0.09735515775550739,-3.064073332615497,1.7434809601387524,-0.7867784629773044,-0.2951890318299334,0.21285856897662567,-0.34525467500151424,0.4772341308429592,-0.28775060494077714,-0.2580290377243085,-0.09665845112427038,-0.006262627666038144,0.15002305998503643,-0.03409585999880693,-0.02994985365482198,-0.07730836154287868,0.012560488322530846,0.021264615730357865,-0.007544042436989236,-0.00311707687460133,0.012560488322530884,-0.07730836154287864,-0.029949853654822042,-0.034095859998806925,0.15002305998503634,-0.006262627666038079,-0.09665845112427031,-0.2580290377243087,-0.2877506049407771,0.4772341308429592,-0.34525467500151413,0.2128585689766257,-0.2951890318299334,-0.7867784629773042,1.7434809601387526,-3.064073332615497,-0.09735515775550725,0.8571964020120865,0.0,-3.8401001966885677
336,1.3629283300441415,0.8703284300003192,-0.15267225991063002,-3.1845006733344317,1.7337970952248767,-0.7145310050706853,-0.2880866997664895,0.22492250922267276,-0.36056685911693614,0.48638594275119773,-0.2528109255782011,-0.27073224265171264,-0.10550068418338726,-0.019079217309978122,0.1532488247284918,-0.0275812634697511,-0.026078452026474457,-0.07858485827468892,0.004238933702776449,0.019567850367247914,-0.007059571189287985,-0.002268084765764853,0.004238933702776483,-0.07858485827468886,-0.02607845202647452,-0.027581263469751087,0.15324882472849177,-0.019079217309978094,-0.10550068418338718,-0.2707322426517128,-0.25281092557820123,0.4863859427511977,-0.3605668591169362,0.2249225092226728,-0.2880866997664895,-0.7145310050706857,1.7337970952248767,-3.184500673334433,-0.15267225991062933,0.8703284300003192,0.0,-4.005366615713869
337,1.1954667590920103,0.8834099764118631,-0.2079539408414318,-3.3032656857431584,1.7225043026962656,-0.6412475455165555,-0.28038291431431445,0.23634733599119376,-0.3745409595731312,0.49325348258264995,-0.21640557098801075,-0.281536455417763,-0.11346234031677369,-0.03170893492358596,0.15473401110974958,-0.02070710299126086,-0.021820295207823893,-0.07854588242175282,-0.00416215865300293,0.017462065314482186,-0.006411625332137196,-0.0013611999623913658,-0.004162158653002896,-0.07854588242175277,-0.021820295207823952,-0.020707102991260856,0.1547340111097495,-0.03170893492358591,-0.11346234031677364,-0.28153645541776307,-0.21640557098801075,0.49325348258265,-0.37454095957313127,0.2363473359911938,-0.2803829143143144,-0.6412475455165555,1.7225043026962659,-3.3032656857431593,-0.2079539408414315,0.8834099764118626,0.0,-4.1612921162137315
338,1.0355034876154718,0.8964402824790318,-0.2631873747416907,-3.4203063737981383,1.7096130620293215,-0.5670343383252988,-0.27209375906168215,0.24710058583159242,-0.3871251177064423,0.497804497494266,-0.17874560177311816,-0.2903658922327218,-0.12047696639442464,-0.044028078316429464,0.15446175059305664,-0.01356299375784689,-0.017238533582530528,-0.0771920864210301,-0.012485153850522951,0.014991277034400651,-0.005615208991581079,-0.0004195706314693492,-0.012485153850522917,-0.07719208642103008,-0.017238533582530576,-0.013562993757846878,0.15446175059305656,-0.04402807831642942,-0.12047696639442458,-0.2903658922327219,-0.17874560177311824,0.4978044974942659,-0.38712511770644215,0.24710058583159236,-0.27209375906168226,-0.5670343383252985,1.7096130620293215,-3.4203063737981387,-0.2631873747416904,0.8964402824790325,0.0,-4.307887685657866
339,0.8832236399489588,0.909418592406229,-0.31835974699889447,-3.5355616415634104,1.6951353360270487,-0.4919989855524904,-0.2632365397034424,0.25715170356767053,-0.3982726330064438,0.5000176140141384,-0.14004935218401027,-0.2971586209412738,-0.12648601381151903,-0.05591598722764096,0.1524351354746514,-0.006242070158873722,-0.012401116739301339,-0.07454613216392561,-0.020573882380804556,0.01220713151961656,-0.004688764343035224,0.000532768208537597,-0.02057388238080451,-0.07454613216392554,-0.012401116739301391,-0.006242070158873707,0.15243513547465132,-0.0559159872276409,-0.12648601381151897,-0.29715862094127393,-0.1400493521840103,0.5000176140141385,-0.39827263300644367,0.25715170356767064,-0.26323653970344235,-0.4919989855524902,1.6951353360270487,-3.5355616415634117,-0.31835974699889413,0.9094185924062292,0.0,-4.445237546499467
340,0.7388123404268185,0.9223441534137852,-0.37345825716733433,-3.648971325103041,1.679084559717817,-0.41625028128619995,-0.2538297479110331,0.2664721291196411,-0.4079421364241321,0.4998824384202766,-0.10054116432257457,-0.3018669954320974,-0.13143932717293244,-0.06725622513686692,0.1486771837609025,0.0011602283706363807,-0.007379785748882377,-0.07065231164716909,-0.028276570425305122,0.00916782475553663,-0.0036537445559679704,0.0014715081797449909,-0.02827657042530509,-0.07065231164716902,-0.007379785748882407,0.0011602283706363891,0.14867718376090247,-0.06725622513686687,-0.13143932717293239,-0.30186699543209755,-0.10054116432257443,0.4998824384202766,-0.4079421364241321,0.2664721291196411,-0.253829747911033,-0.4162502812861995,1.6790845597178172,-3.6489713251030405,-0.3734582571673347,0.9223441534137853,0.0,-4.573501281569706
341,0.6024547133834766,0.9352162157816216,-0.4284701219379183,-3.7604762238870393,1.6614756278879392,-0.3398980539059651,-0.24389302272646926,0.2750353786571078,-0.41609774389476595,0.49739960555387847,-0.06045008751531462,-0.30445798984110173,-0.13529556292259476,-0.07793771970565055,0.14323057773306555,0.008547401548994594,-0.0022490092116645532,-0.06557580554617536,-0.03544868768199024,0.0059368862707540335,-0.002534117014647659,0.002372688014380526,-0.0354486876819902,-0.06557580554617529,-0.002249009211664592,0.008547401548994622,0.14323057773306547,-0.07793771970565049,-0.13529556292259468,-0.3044579898411018,-0.06045008751531455,0.49739960555387847,-0.4160977438947659,0.2750353786571078,-0.24389302272646932,-0.33989805390596484,1.6614756278879392,-3.7604762238870393,-0.42847012193791945,0.9352162157816216,0.0,-4.6929149859576
342,0.474335883153298,0.9480340328927354,-0.4833825781040002,-3.8700181316944056,1.6423248812596163,-0.2630530068421431,-0.2334471095609064,0.2828171198524182,-0.4227091895056262,0.4925807758378502,-0.02000855039635839,-0.30491343020413464,-0.13802253442354137,-0.08785585067915529,0.13615717916800077,0.015823146276595736,0.002915121145203581,-0.0594015921220085,-0.04195565927682289,0.0025818512023196138,-0.0013558083185997714,0.0032133051643573867,-0.041955659276822856,-0.05940159212200841,0.002915121145203566,0.015823146276595756,0.13615717916800069,-0.08785585067915523,-0.13802253442354137,-0.30491343020413464,-0.020008550396358425,0.49258077583785026,-0.422709189505626,0.2828171198524183,-0.23344710956090636,-0.263053006842143,1.6423248812596163,-3.870018131694406,-0.4833825781040004,0.9480340328927354,0.0,-4.803791404705288
343,0.3546409740706551,0.9607968612765063,-0.5381828855225498,-3.977539866997113,1.6216500913270897,-0.18582655806651638,-0.22251381688338157,0.28979524102055815,-0.4277519378144996,0.4854485805145768,0.02054898660112089,-0.30323012193428284,-0.1395974806083968,-0.09691347459274077,0.1275373267209075,0.02289261209409795,0.008036018942404247,-0.05223302472632154,-0.04767539087539702,-0.0008271513667697384,-0.00014610391459332807,0.0039719029395991045,-0.047675390875396996,-0.05223302472632142,0.008036018942404239,0.022892612094097976,0.12753732672090737,-0.09691347459274069,-0.13959748060839675,-0.30323012193428295,0.020548986601120787,0.4854485805145768,-0.42775193781449955,0.28979524102055826,-0.22251381688338148,-0.18582655806651596,1.6216500913270901,-3.9775398669971125,-0.53818288552255,0.9607968612765071,0.0,-4.90651903138964
344,0.24355511046997336,0.9735039606518212,-0.5928583300699737,-4.082985302809208,1.5994704438650638,-0.10833067854688785,-0.21111597069015295,0.2959499139491279,-0.43120727490207006,0.47603651536013064,0.06098739053287156,-0.2994198722296041,-0.14000725595796,-0.10502187624686722,0.11746892345030067,0.029663637703215534,0.013037738958953167,-0.04419010171615123,-0.05250055961448335,-0.004218864290395498,0.0010669837374513897,0.004629118188453932,-0.052500559614483334,-0.04419010171615114,0.013037738958953167,0.02966363770321556,0.11746892345030056,-0.10502187624686715,-0.14000725595796,-0.29941987222960414,0.06098739053287153,0.47603651536013064,-0.43120727490206995,0.29594991394912784,-0.21111597069015303,-0.10833067854688731,1.5994704438650638,-4.082985302809209,-0.5928583300699742,0.9735039606518218,0.0,-5.001560158988238
345,0.14126341668561437,0.986154593970009,-0.6473962265918939,-4.186299395985436,1.575806521124705,-0.030677729899882225,-0.1992773668496959,0.30126365023986945,-0.4330623778203123,0.4643887833740794,0.10107221913042154,-0.29350940725411606,-0.1392484402222075,-0.11210163763107664,0.1060663248489924,0.036047952430184556,0.017846103434035414,-0.03540745773935966,-0.05634062786732116,-0.007522391821636723,0.0022553638335990065,0.005168175540697032,-0.05634062786732115,-0.03540745773935959,0.017846103434035417,0.03604795243018456,0.1060663248489923,-0.11210163763107657,-0.13924844022220748,-0.2935094072541161,0.10107221913042147,0.4643887833740794,-0.4330623778203122,0.3012636502398695,-0.1992773668496959,-0.030677729899882225,1.5758065211247043,-4.186299395985436,-0.647396226591894,0.9861545939700095,0.0,-5.08944789106535
346,0.04795101705197524,0.9987480274575966,-0.7017839218462101,-4.287428215954084,1.5506802827337427,0.0470196985226582,-0.1870227214228472,0.3057213510016531,-0.4333103621791659,0.4505600871836889,0.14057107998373466,-0.28554018467295855,-0.13732736696791148,-0.11808341578634511,0.09345904001066367,0.04196232696898797,0.022389802156610898,-0.026032110015634064,-0.05912354205713191,-0.010668681520892844,0.0033915177092045524,0.00557531559760469,-0.0591235420571319,-0.026032110015633964,0.022389802156610912,0.04196232696898797,0.09345904001066356,-0.11808341578634504,-0.13732736696791145,-0.2855401846729586,0.1405710799837346,0.45056008718368895,-0.43331036217916596,0.30572135100165315,-0.1870227214228471,0.04701969852265847,1.5506802827337427,-4.287428215954085,-0.70178392184621,0.9987480274575966,0.0,-5.170782137979986
347,-0.0361969640965647,1.0112835306588648,-0.7560087974387546,-4.386318972869065,1.524115045318393,0.124648952877469,-0.17437761906181623,0.30931034975371835,-0.4319503076948889,0.4346153721374769,0.17925497783978034,-0.27556810285665984,-0.13426007071459625,-0.12290862198700793,0.079790260683992,0.04732965840264227,0.026601450027964973,-0.016220997339212773,-0.06079708464296553,-0.013591967634020995,0.004449136073503877,0.005840146139580836,-0.060797084642965536,-0.016220997339212694,0.026601450027964997,0.04732965840264229,0.0797902606839919,-0.12290862198700785,-0.13426007071459622,-0.2755681028566599,0.17925497783978034,0.434615372137477,-0.4319503076948889,0.30931034975371835,-0.17437761906181629,0.12464895287746913,1.524115045318393,-4.386318972869064,-0.7560087974387548,1.0112835306588648,0.0,-5.246224639230265
348,-0.11099540242563677,1.0237603764782202,-0.8100582727508672,-4.4829200451665265,1.496135460866011,0.2020974781671649,-0.16136845959579357,0.3120204484172639,-0.4289872616052821,0.41662952129465836,0.21689964220603336,-0.2636631087942304,-0.1300721531000707,-0.12652999558998737,0.06521523492112931,0.052079975357634346,0.030418586413075214,-0.0061383529992439225,-0.061329853909732376,-0.01623114577007755,0.005403728239397907,0.005955907386787378,-0.06132985390973236,-0.00613835299924385,0.03041858641307524,0.05207997535763433,0.06521523492112923,-0.12652999558998726,-0.13007215310007067,-0.2636631087942304,0.21689964220603347,0.41662952129465847,-0.42898726160528194,0.31202044841726395,-0.16136845959579352,0.20209747816716483,1.496135460866011,-4.482920045166527,-0.8100582727508666,1.0237603764782202,0.0,-5.316493068924981
349,-0.17625917360081544,1.0361778412223686,-0.8639198078581979,-4.577181006511625,1.4667674938485633,0.27925298143422866,-0.1480224029146724,0.31384394629311424,-0.42443221993910923,0.39668700374293975,0.2532868275621021,-0.24990870746529176,-0.12479856919260525,-0.1289120669307377,0.04989950379239864,0.05615135018778231,0.033784601459963565,0.004047044406179041,-0.06071185317801406,-0.018531050144272813,0.0062331892408314885,0.005919644542020564,-0.06071185317801406,0.004047044406179115,0.0337846014599636,0.0561513501877823,0.049899503792398554,-0.12891206693073765,-0.12479856919260521,-0.24990870746529176,0.2532868275621021,0.39668700374293964,-0.42443221993910907,0.31384394629311435,-0.1480224029146723,0.27925298143422855,1.4667674938485633,-4.5771810065116245,-0.8639198078581973,1.0361778412223686,0.0,-5.382354296442646
350,-0.2318031532877498,1.04853520464229,-0.9175809064400765,-4.6690526521213584,1.4360383971281363,0.35600359457506275,-0.13436731226595283,0.3147756619431256,-0.4183020867092222,0.3748814778963093,0.2882055786414883,-0.23440137611264258,-0.1184833357333307,-0.1300315047320577,0.03401702119435442,0.05949070629580986,0.03664957564930039,0.014164696242258737,-0.05895467837794522,-0.02044360668839205,0.006918311705341451,0.005732283211689301,-0.05895467837794524,0.01416469624225878,0.03664957564930043,0.05949070629580987,0.03401702119435436,-0.1300315047320576,-0.11848333573333067,-0.23440137611264267,0.2882055786414885,0.3748814778963095,-0.4183020867092221,0.3147756619431256,-0.13436731226595283,0.3560035945750628,1.4360383971281363,-4.6690526521213584,-0.9175809064400762,1.04853520464229,0.0,-5.444616888340263
351,-0.2774422171520001,1.060831749975015,-0.9710291186787617,-4.758487024449767,1.4039766866668502,0.43223803653804344,-0.12043169608320965,0.3148129479131539,-0.4106196111808307,0.3513153516359021,0.32145345344798815,-0.21724988752371963,-0.11117916374405584,-0.12987734462306333,0.017748178106158297,0.06205451006796193,0.03897102012336188,0.024045237902319286,-0.05609130046760101,-0.02192883792563308,0.007443230628622596,0.00539860577978057,-0.05609130046760103,0.024045237902319355,0.038971020123361934,0.06205451006796192,0.017748178106158193,-0.12987734462306327,-0.11117916374405584,-0.21724988752371968,0.32145345344798804,0.3513153516359021,-0.41061961118083057,0.3148129479131539,-0.12043169608320968,0.432238036538044,1.4039766866668502,-4.758487024449767,-0.971029118678761,1.0608317499750148,0.0,-5.504122950265738
352,-0.3129912408592297,1.0730667639852018,-1.024252044147899,-4.845437438222054,1.3706121150646358,0.5078457746704097,-0.10624464846757294,0.3139556982557505,-0.4014133034477135,0.32609930135970416,0.35283769691627603,-0.19857454706764666,-0.10294701856699728,-0.12845109653008419,0.0012777537344858172,0.06380933840123591,0.040714506814928685,0.03352327388954858,-0.05217544677850905,-0.022955698605325963,0.0077957907517115675,0.0049271293378647454,-0.052175446778509056,0.03352327388954864,0.04071450681492873,0.0638093384012359,0.0012777537344857137,-0.1284510965300841,-0.10294701856699728,-0.1985745470676467,0.352837696916276,0.3260993013597042,-0.4014133034477134,0.3139556982557505,-0.10624464846757287,0.5078457746704101,1.370612115064636,-4.845437438222054,-1.0242520441478984,1.0730667639852012,0.0,-5.561739418788347
353,-0.3382651000750414,1.0852395370065022,-1.0772373346895243,-4.929858504804574,1.3359756439494435,0.5827171849800412,-0.09183578844647909,0.31220634883121046,-0.3907173286296758,0.2993517521998378,0.38217635841236086,-0.17850634883950925,-0.09385561100861364,-0.12576672988763965,-0.015207183182430696,0.06473231442464354,0.041854179031030586,0.04244014645775767,-0.04728059289648268,-0.02350272463056454,0.007967828033637023,0.004329888286968288,-0.047280592896482704,0.04244014645775771,0.04185417903103064,0.06473231442464354,-0.015207183182430748,-0.12576672988763954,-0.0938556110086137,-0.17850634883950933,0.38217635841236086,0.29935175219983773,-0.3907173286296757,0.3122063488312104,-0.0918357884464792,0.5827171849800417,1.3359756439494437,-4.929858504804574,-1.0772373346895245,1.0852395370065022,0.0,-5.618348922494163
354,-0.35307867046503105,1.0973493629827262,-1.1299726972789401,-5.011706155897978,1.3000994152454983,0.6567437110797661,-0.07723519813650796,0.3095698703861165,-0.3785713800838901,0.27119832184854703,0.4092993465951828,-0.15718605683089745,-0.0839808238347874,-0.12185053681434639,-0.03151939907493341,0.0648114057342098,0.042373134919350006,0.05064659146544804,-0.04149858399373927,-0.023558481714450793,0.007955358701628714,0.0036221271603848475,-0.04149858399373929,0.050646591465448074,0.04237313491935009,0.0648114057342098,-0.03151939907493346,-0.12185053681434635,-0.08398082383478744,-0.15718605683089754,0.40929934659518274,0.2711983218485471,-0.37857138008389,0.30956987038611655,-0.077235198136508,0.6567437110797664,1.300099415245498,-5.011706155897978,-1.12997269727894,1.0973493629827265,0.0,-5.674840339230789
355,-0.3689925328613235,1.1093955395087975,-1.1824458968767926,-5.09093766654112,1.2630167213462595,0.7298180215837463,-0.06247335993940368,0.30605375442904764,-0.3650205321006413,0.24177123060490838,0.43404941552377807,-0.13476321757164295,-0.07340507840419574,-0.11674087459388602,-0.04747362211420216,0.06404558125375993,0.04226367813030527,0.05800523698547169,-0.03493791148110206,-0.023121804386852875,0.007758671501153678,0.002821911508099564,-0.03493791148110206,0.05800523698547173,0.04226367813030533,0.06404558125375993,-0.047473622114202196,-0.11674087459388599,-0.0734050784041958,-0.134763217571643,0.43404941552377796,0.24177123060490838,-0.3650205321006411,0.3060537544290477,-0.062473359939403644,0.7298180215837466,1.2630167213462593,-5.0909376665411195,-1.1824458968767935,1.1093955395087975,0.0,-5.7320991818914235
356,-0.39740997924951316,1.1213773678714898,-1.23464475926771,-5.167511677413743,1.2247619742197762,0.8018341657277244,-0.047581092902399966,0.30166799194358557,-0.35011507263012925,0.21120868041293508,0.4562830762930394,-0.11139511116836151,-0.06221664672635842,-0.11048778998331014,-0.06288864650334412,0.06244482467657418,0.04152743195738146,0.06439290284476501,-0.027721677316526822,-0.022201820355805233,0.007382321009596189,0.001949666774972679,-0.027721677316526864,0.06439290284476502,0.041527431957381566,0.06244482467657417,-0.06288864650334411,-0.1104877899833101,-0.062216646726358515,-0.11139511116836152,0.4562830762930393,0.21120868041293514,-0.35011507263012925,0.3016679919435855,-0.047581092902400035,0.8018341657277244,1.2247619742197755,-5.167511677413742,-1.2346447592677101,1.1213773678714898,0.0,-5.790997948500462
357,-0.4379099520254286,1.1332941530899592,-1.2865571738848127,-5.241388216426293,1.1853706734750937,0.8726877269875025,-0.03258948837571386,0.2964250449991037,-0.3339103166610905,0.17965420580737138,0.475871428912849,-0.08724564809751102,-0.050508914686370664,-0.10315252902840945,-0.07758939058707066,0.06003000431267785,0.040175315262957034,0.06970266260097126,-0.019985284166891895,-0.020817759714333167,0.0068350221684128675,0.001027656942782407,-0.01998528416689193,0.06970266260097123,0.040175315262957124,0.06003000431267785,-0.07758939058707069,-0.1031525290284094,-0.05050891468637073,-0.08724564809751101,0.4758714289128489,0.17965420580737138,-0.33391031666109033,0.2964250449991038,-0.03258948837571388,0.8726877269875025,1.1853706734750933,-5.241388216426293,-1.2865571738848132,1.1332941530899592,0.0,-5.852386573534494
358,-0.49007139358491614,1.145145203956052,-1.3381710966194706,-5.312528719585587,1.1448793734193592,0.942275974472922,-0.017529845101537943,0.2903398113400111,-0.3164664009437994,0.1472559998154074,0.49270090960775303,-0.06248421949116815,-0.038379602585923815,-0.09480693718727516,-0.09140888540424512,0.05683260103850609,0.03822738054665632,0.07384563343945885,-0.011873894763975346,-0.018998552980782582,0.006129448476023902,7.94162437500492e-05,-0.011873894763975368,0.07384563343945885,0.0382273805466564,0.05683260103850607,-0.0914088854042451,-0.09480693718727509,-0.038379602585923885,-0.062484219491168135,0.49270090960775287,0.1472559998154074,-0.3164664009437993,0.29033981134001113,-0.017529845101537978,0.9422759744729223,1.144879373419359,-5.312528719585586,-1.3381710966194706,1.1451452039560521,0.0,-5.9170831163547195
359,-0.5534732463238186,1.1569298330743982,-1.3894745526156342,-5.380896051125443,1.1033256491361834,1.010498011877832,-0.0024336038700498407,0.2834295820540644,-0.29784806081924486,0.11416621798016381,0.5066739492046957,-0.03728450897994447,-0.02592994950648277,-0.08553275563756353,-0.10419017109760337,0.05289429789553583,0.03571251655774768,0.0767524640287234,-0.003539708126295056,-0.016782226374672318,0.005281938514576623,-0.0008708515489827271,-0.003539708126295086,0.07675246402872338,0.03571251655774776,0.05289429789553582,-0.10419017109760341,-0.08553275563756348,-0.02592994950648283,-0.03728450897994443,0.5066739492046957,0.11416621798016388,-0.29784806081924475,0.2834295820540643,-0.002433603870049927,1.010498011877832,1.1033256491361831,-5.380896051125444,-1.389474552615635,1.1569298330743985,0.0,-5.985864819346913
360,-0.6276944526379467,1.1686473569022822,-1.4404556390480996,-5.446454522891782,1.0607480616167442,1.0772549237700855,0.012667718121138868,0.27571399244003675,-0.27812438998268113,0.08054026377454028,0.5177095387918,-0.011823274427109244,-0.013263868302451754,-0.07542082065980456,-0.11578807964149608,0.04826643668809414,0.032668019861979355,0.0783744954281925,0.004860896245253156,-0.014215106968398847,0.004312117606379905,-0.0017988909208586962,0.004860896245253119,0.07837449542819248,0.03266801986197942,0.04826643668809414,-0.11578807964149608,-0.07542082065980456,-0.013263868302451857,-0.011823274427109244,0.5177095387917999,0.08054026377454024,-0.27812438998268096,0.27571399244003675,0.012667718121138885,1.0772549237700855,1.0607480616167437,-5.446454522891782,-1.4404556390481,1.1686473569022822,0.0,-6.059459662909433
361,-0.7123139549231823,1.1802970957892898,-1.4911025278840606,-5.509169912972039,1.0171861219759912,1.1424499190094635,0.02774259306705398,0.26721496621435153,-0.25736858407308333,0.04653605876142718,0.5257436993687797,0.013720891900821193,-0.0004870782773029401,-0.06457017393842279,-0.12607088363968366,0.043009348664421555,0.02913904171670944,0.07868457561539709,0.013170292612735035,-0.011350854329219534,0.0032424433611033016,-0.0026810137361056373,0.013170292612734998,0.07868457561539709,0.029139041716709495,0.04300934866442156,-0.12607088363968363,-0.06457017393842278,-0.0004870782773030693,0.01372089190082121,0.5257436993687796,0.04653605876142715,-0.25736858407308316,0.2672149662143515,0.027742593067054015,1.1424499190094637,1.017186121975991,-5.5091699129720375,-1.4911025278840606,1.1802970957892898,0.0,-6.138538536880523
362,-0.8069106955753291,1.191878374016731,-1.541403468627313,-5.569009483559219,0.9726802547871533,1.2059884710855722,0.04275954837757499,0.2579566532152151,-0.2356576690400626,0.012313300927911627,0.530729852766177,0.03916881603051459,0.012293777218087469,-0.05308709249465533,-0.13492179246637395,0.03719156800658663,0.025177918457421487,0.07767751399771806,0.021232566630434154,-0.008249338892751248,0.0020976856372546693,-0.0034947038756357406,0.021232566630434116,0.07767751399771805,0.02517791845742156,0.03719156800658663,-0.13492179246637392,-0.053087092494655354,0.012293777218087349,0.039168816030514635,0.530729852766177,0.012313300927911627,-0.23565766904006247,0.257956653215215,0.04275954837757492,1.2059884710855722,0.9726802547871533,-5.569009483559218,-1.5414034686273135,1.1918783740167311,0.0,-6.223708138472184
363,-0.9110636169902335,1.2033905198368318,-1.591346791044465,-5.625941998041226,0.9272717605685753,1.2677784551722469,0.05768723238437677,0.24796536078126286,-0.21307221529628434,-0.021967285323348948,0.532639091683016,0.06434199905850944,0.024972020899799982,-0.041084047752722716,-0.1422402787575443,0.03088893838261306,0.020843395326294943,0.07537016830040029,0.028896440862196997,-0.004975390512936974,0.0009043529601824693,-0.004219191959306499,0.028896440862196962,0.07537016830040026,0.02084339532629499,0.03088893838261305,-0.14224027875754428,-0.04108404775272276,0.02497202089979985,0.0643419990585095,0.5326390916830162,-0.021967285323348983,-0.21307221529628412,0.24796536078126288,0.05768723238437684,1.267778455172247,0.9272717605685751,-5.625941998041226,-1.5913467910444647,1.2033905198368315,0.0,-6.315504695430995
364,-1.0243516615637631,1.2148328655116996,-1.6409209078725289,-5.679937737306559,0.8810027774576977,1.3277302816997425,0.07249447979541689,0.23726947899970552,-0.18969603871618795,-0.05614470400322969,0.5314603472773252,0.08906386919277134,0.03744183194845961,-0.028678603934712794,-0.14794322018644918,0.024183624208279072,0.016199755253802413,0.07180116237637157,0.036018113293574676,-0.0015974433470872188,-0.0003099213212742409,-0.004835985482800284,0.03601811329357462,0.07180116237637153,0.01619975525380246,0.024183624208279065,-0.1479432201864491,-0.028678603934712846,0.03744183194845949,0.0890638691927714,0.5314603472773249,-0.05614470400322968,-0.18969603871618784,0.2372694789997055,0.07249447979541689,1.3277302816997427,0.8810027774576976,-5.679937737306556,-1.6409209078725282,1.2148328655116993,0.0,-6.4143886001608
365,-1.146353771691718,1.2262047473520525,-1.6901143175072588,-5.730968515257855,0.8339162421077405,1.3857570262510468,0.0871503767603149,0.22589940003637943,-0.1656158895906173,-0.09005844364072574,0.5272004533379172,0.1131610202769477,0.049599129258217065,-0.015992266573886093,-0.1519658435551889,0.017163039508303547,0.011315865513895327,0.06703023966159317,0.042463955578001554,0.001813894598526574,-0.0015170189250550805,-0.005329340837418247,0.042463955578001526,0.06703023966159315,0.01131586551389537,0.01716303950830355,-0.1519658435551888,-0.01599226657388616,0.04959912925821693,0.1131610202769478,0.5272004533379173,-0.09005844364072565,-0.16561588959061724,0.22589940003637943,0.08715037676031484,1.3857570262510466,0.8339162421077405,-5.730968515257855,-1.6901143175072586,1.2262047473520523,0.0,-6.520740026130192
366,-1.2766488897699517,1.2375055057557152,-1.73891560667162,-5.7790076935252195,0.7860558498433854,1.4417745555939703,0.10162432541078466,0.21388743177692532,-0.14092113069166856,-0.12354923111203928,0.5198841066653956,0.13646442810996218,0.061342440164955686,-0.0031492924246775567,-0.15426246047948183,0.009918708340851205,0.006264156391310633,0.06113726309878745,0.04811302038814823,0.00518731736225613,-0.002688987755479653,-0.005686665164518495,0.04811302038814822,0.06113726309878738,0.006264156391310667,0.009918708340851205,-0.1542624604794818,-0.0031492924246775736,0.06134244016495557,0.13646442810996226,0.5198841066653955,-0.1235492311120393,-0.1409211306916683,0.2138874317769252,0.10162432541078467,1.4417745555939707,0.7860558498433854,-5.779007693525221,-1.7389156066716207,1.2375055057557152,0.0,-6.6348555822867725
367,-1.4148159581942927,1.2487344852458797,-1.787313453063765,-5.824030195371599,0.7374660141124213,1.495701649666296,0.11588610774137437,0.20126770602448163,-0.1157034056424748,-0.15645977965386965,0.5095537238920718,0.1588106360293416,0.07257374740275728,0.009724527574229522,-0.15480698631083717,0.0025450716414664345,0.0011195470078228086,0.05422087827033646,0.05285931082546375,0.008452311509768993,-0.00379868917456221,-0.0058988377872940135,0.05285931082546375,0.05422087827033637,0.0011195470078228453,0.0025450716414664306,-0.15480698631083714,0.0097245275742295,0.07257374740275717,0.15881063602934167,0.5095537238920715,-0.15645977965386967,-0.11570340564247458,0.20126770602448157,0.11588610774137449,1.4957016496662965,0.7374660141124213,-5.8240301953716,-1.787313453063765,1.2487344852458793,0.0,-6.756946044669293
368,-1.5604339193606158,1.2598910345091217,-1.8352966279838967,-5.8660125187829895,0.6881918252709913,1.5474601193371,0.12990594869714742,0.18807608151474803,-0.0900562988226262,-0.1886355275479224,0.4962691955708871,0.18004290144225968,0.08319930721938033,0.022503100363448054,-0.15359323640228356,-0.004861743958950279,-0.004041665762078602,0.046396862118861695,0.056613769305571694,0.011540630050829644,-0.004820426436533637,-0.005960443015368118,0.05661376930557169,0.04639686211886164,-0.004041665762078579,-0.004861743958950292,-0.1535932364022835,0.022503100363448023,0.08319930721938024,0.18004290144225982,0.4962691955708871,-0.18863552754792243,-0.09005629882262607,0.18807608151474792,0.12990594869714736,1.5474601193371,0.6881918252709912,-5.8660125187829895,-1.8352966279838974,1.2598910345091217,0.0,-6.8871351872235325
369,-1.713081715664714,1.2709745064331814,-1.882853998939425,-5.904932748736629,0.6382790087406793,1.5969749197735181,0.1436545783365925,0.17435004202399818,-0.06407498807133426,-0.21992536400746662,0.4801075389590132,0.20001229526220662,0.0931304318222299,0.035061265785563234,-0.15063499635271022,-0.012205179291782945,-0.009142938808204723,0.037796184897104464,0.05930594860083272,0.0143877189814205,-0.005730539733257955,-0.005869908379887524,0.05930594860083272,0.03779618489710438,-0.00914293880820471,-0.012205179291782962,-0.15063499635271013,0.03506126578556317,0.09313043182222978,0.20001229526220665,0.48010753895901315,-0.21992536400746662,-0.06407498807133409,0.17435004202399812,0.1436545783365924,1.5969749197735186,0.638279008740679,-5.90493274873663,-1.8828539989394253,1.2709745064331812,0.0,-7.025459716276992
370,-1.872338289502455,1.2819842581444971,-1.929974532227789,-5.940770568640777,0.5877738825762717,1.6441742592485797,0.15710329293998285,0.16012858985956852,-0.0378558914771799,-0.25018233885687097,0.4611624515091174,0.21857874653952497,0.10228422962401892,0.047276022470469,-0.14596586543199472,-0.019389501447131145,-0.01410861795346945,0.028562817789130848,0.06088533368526798,0.016934066632709414,-0.0065079540714037595,-0.00562954477067258,0.06088533368526796,0.028562817789130765,-0.014108617953469448,-0.019389501447131162,-0.1459658654319947,0.047276022470468956,0.10228422962401885,0.21857874653952505,0.4611624515091172,-0.25018233885687097,-0.0378558914771798,0.1601285898595684,0.15710329293998287,1.6441742592485797,0.5877738825762715,-5.940770568640777,-1.92997453222779,1.281984258144497,0.0,-7.171870295506933
371,-2.037782583269678,1.2929196510454932,-1.9766472954963774,-5.97350727094008,0.5367233144835662,1.688989703232347,0.1702240149356058,0.14545213503546658,-0.011496309565225836,-0.27926435267116967,0.43954376765694186,0.2356120249584813,0.11058429710955275,0.05902773257639049,-0.13963887496527289,-0.026321051798695205,-0.018865059939413238,0.018851322902223445,0.061322289579249116,0.019126447621910903,-0.007134667294480056,-0.00524548745092691,0.061322289579249144,0.01885132290222335,-0.018865059939413235,-0.026321051798695226,-0.13963887496527283,0.059027732576390414,0.11058429710955262,0.23561202495848133,0.43954376765694186,-0.27926435267116967,-0.011496309565225836,0.1454521350354665,0.17022401493560568,1.688989703232347,0.536723314483566,-5.973507270940078,-1.9766472954963785,1.2929196510454932,0.0,-7.326233630845327
372,-2.2089935393621936,1.3037800508516209,-2.0228614602789152,-6.003125766881045,0.4851746783271161,1.7313562736154424,0.1829893515187488,0.13036238044800444,0.014905935790640768,-0.30703482413446975,0.41537682205447324,0.2509926543093602,0.11796135654886838,0.0702012935867155,-0.1317258860106881,-0.03290946698720245,-0.0233417245888978,0.008824265971831856,0.060608617408958634,0.020919035403186723,-0.007596166948878517,-0.004727539455101582,0.060608617408958655,0.00882426597183177,-0.023341724588897817,-0.03290946698720246,-0.13172588601068802,0.07020129358671545,0.11796135654886832,0.25099265430936024,0.4153768220544732,-0.30703482413446986,0.014905935790640838,0.13036238044800436,0.18298935151874873,1.7313562736154424,0.48517467832711564,-6.003125766881045,-2.0228614602789152,1.3037800508516213,0.0,-7.488335567899668
373,-2.385550100175859,1.3145648276281494,-2.0686063045077603,-6.029610595432461,0.43317581016827006,1.7712125429210954,0.19537265184106511,0.1149022033777297,0.041252864390120464,-0.3333633314830091,0.388801722940371,0.26461275052823224,0.12435383423396305,0.08068726568543298,-0.12231677317170994,-0.039068856944988226,-0.027472220948707205,-0.0013505049103477303,0.05875770824693244,0.022274360163337288,-0.007881766340784314,-0.004088921367171667,0.05875770824693246,-0.0013505049103478292,-0.027472220948707226,-0.039068856944988226,-0.12231677317170982,0.08068726568543291,0.124353834233963,0.26461275052823235,0.388801722940371,-0.3333633314830091,0.04125286439012057,0.11490220337772962,0.19537265184106514,1.7712125429210956,0.43317581016826984,-6.02961059543246,-2.0686063045077607,1.3145648276281496,0.0,-7.657885138419859
374,-2.5670312081065294,1.325273355826702,-2.113871215001516,-6.052947931356142,0.3807749638743041,1.8085007233691097,0.20734806265091713,0.09911553365436336,0.06744670131647215,-0.35812622502037655,0.35997253986030003,0.2763767784261477,0.1297083744127739,0.09038294366906117,-0.11151840381416653,-0.04471892460437983,-0.03119529189728904,-0.011502668992386292,0.0558042918470799,0.02316409203973716,-0.00798485200207042,-0.0033459338662160014,0.05580429184707993,-0.011502668992386356,-0.031195291897289076,-0.04471892460437985,-0.11151840381416643,0.09038294366906112,0.12970837441277389,0.2763767784261478,0.35997253986030003,-0.35812622502037644,0.0674467013164722,0.09911553365436321,0.20734806265091707,1.8085007233691093,0.38077496387430393,-6.052947931356142,-2.113871215001517,1.3252733558267016,0.0,-7.834519477386601
375,-2.7530158055500227,1.335905014321542,-2.1586456899273725,-6.073125592423806,0.3280207663398358,1.8431667506626204,0.21889058226853655,0.08304722883093689,0.09339023978466454,-0.3812072078282694,0.3290564104463709,0.28620222179984506,0.1339802846307843,0.099193362896189,-0.09945342428189816,-0.049786012692772316,-0.034455722615459684,-0.021462283949273978,0.051803784988821114,0.023569633289193693,-0.007903036834743669,-0.0025175416527990933,0.05180378498882114,-0.021462283949274047,-0.034455722615459726,-0.049786012692772316,-0.09945342428189809,0.09919336289618896,0.1339802846307842,0.28620222179984517,0.3290564104463709,-0.3812072078282694,0.09339023978466454,0.08304722883093683,0.21889058226853653,1.8431667506626206,0.3280207663398358,-6.073125592423806,-2.1586456899273734,1.3359050143215419,0.0,-8.017809518695762
376,-2.9430828349021656,1.3464591864455986,-2.202919341237616,-6.090133045776245,0.27496217236207887,1.8751603623761575,0.22997611278331478,0.06674294672182003,0.11898720188115927,-0.4024978819455239,0.2962325714341483,0.2940201622236292,0.13713390876314627,0.10703222942182375,-0.08625886689702167,-0.05420406396782093,-0.037205159447043695,-0.0310626306353884,0.04683125165776406,0.0234825070298378,-0.007638215387660804,-0.001624889376403213,0.04683125165776408,-0.03106263063538846,-0.037205159447043744,-0.05420406396782093,-0.0862588668970216,0.10703222942182368,0.1371339087631462,0.29402016222362926,0.2962325714341482,-0.4024978819455239,0.11898720188115934,0.06674294672181996,0.22997611278331478,1.875160362376158,0.2749621723620787,-6.090133045776245,-2.202919341237616,1.3464591864455986,0.0,-8.207266365406266
377,-3.1368112385588365,1.3569352600262359,-2.246681897079748,-6.103961413421556,0.22164841921180994,1.9044351708313558,0.24058151036424757,0.05024901566681896,0.14414259585660089,-0.42189825745033654,0.26169131953492103,0.29977576246260956,0.13914292462375388,0.11382276520631379,-0.07208459356629934,-0.0579154823746168,-0.03940282700537524,-0.040143003882496,0.0409799945736946,0.022904534430315687,-0.00719651998550203,-0.0006907619198269204,0.04097999457369463,-0.04014300388249605,-0.039402827005375306,-0.057915482374616814,-0.07208459356629926,0.11382276520631372,0.13914292462375383,0.2997757624626097,0.26169131953492103,-0.42189825745033654,0.14414259585660083,0.05024901566681888,0.2405815103642475,1.9044351708313556,0.22164841921180994,-6.103961413421554,-2.2466818970797484,1.3569352600262359,0.0,-8.402348220319144
378,-3.333779958915839,1.3673326274207587,-2.289923204179635,-6.114603476869501,0.1681289809422071,1.930948730354655,0.2506846335784985,0.03361230288998811,0.16876306864547905,-0.4393172220548108,0.2256329081875929,0.3034286511165029,0.13999056366722784,0.11949846012041877,-0.05709159367090936,-0.06087188389834443,-0.04101613289064924,-0.04855140262667578,0.03435980449391147,0.02184779664256021,-0.006588178725899273,0.00026099718324952,0.0343598044939115,-0.04855140262667582,-0.041016132890649294,-0.06087188389834442,-0.05709159367090931,0.11949846012041869,0.1399905636672278,0.30342865111650297,0.22563290818759282,-0.43931722205481083,0.168763068645479,0.03361230288998807,0.2506846335784985,1.9309487303546553,0.1681289809422071,-6.114603476869501,-2.2899232041796345,1.3673326274207587,0.0,-8.602467754446662
379,-3.5335679383690284,1.3776506855516615,-2.332633230197155,-6.122053680899608,0.11445352247795765,1.9546625988194668,0.26026438961720527,0.016880081327211742,0.19275725230454493,-0.45467296900641707,0.18826638658629205,0.30495320579599905,0.13966975095003759,0.12400372338098903,-0.04145015557194413,-0.0630347273239086,-0.042021151049891244,-0.05614707433273934,0.027094900141310982,0.020334382273847238,-0.005827278633001606,0.0012060943526835503,0.027094900141311017,-0.056147074332739376,-0.04202115104989129,-0.0630347273239086,-0.041450155571944085,0.12400372338098896,0.13966975095003753,0.3049532057959991,0.18826638658629202,-0.45467296900641707,0.19275725230454496,0.016880081327211655,0.26026438961720516,1.9546625988194672,0.11445352247795751,-6.122053680899606,-2.332633230197154,1.3776506855516613,0.0,-8.806999784864441
380,-3.735754119314242,1.3878888359416055,-2.3748020660537805,-6.126308136461014,0.06067185352724113,1.9755423933835865,0.2693007783320189,9.989530096196163e-05,0.21603610308432766,-0.4678933812867619,0.14980838771445426,0.3043387328454123,0.13818316418255464,0.12729442803674534,-0.025337932499416637,-0.06437581667961431,-0.04240297661110038,-0.06280287112371104,0.01932159741162542,0.018395925676637278,-0.004931439452000537,0.002120406053692123,0.019321597411625462,-0.06280287112371105,-0.04240297661110045,-0.06437581667961433,-0.025337932499416602,0.1272944280367453,0.1381831641825546,0.3043387328454124,0.14980838771445423,-0.4678933812867619,0.21603610308432755,9.989530096190995e-05,0.2693007783320188,1.9755423933835865,0.06067185352724113,-6.126308136461014,-2.3748020660537805,1.3878888359416053,0.0,-9.015289129631403
381,-3.939917444147314,1.398046484748131,-2.41641992823157,-6.127364622702589,0.0068338823593585675,1.9935578403410237,0.2777749339904398,-0.01668057457608339,0.23851323187543902,-0.4789163703033073,0.11048187241177077,0.30158954235099283,0.13554321137915037,0.12933834317117507,-0.008937924792132967,-0.06487766881477817,-0.04215594692921482,-0.06840737817489828,0.011185751593922209,0.016072945707162424,-0.003921405638376017,0.0029805945482783685,0.011185751593922242,-0.0684073781748983,-0.04215594692921489,-0.06487766881477817,-0.008937924792132882,0.12933834317117504,0.13554321137915032,0.30158954235099295,0.11048187241177086,-0.4789163703033072,0.23851323187543913,-0.01668057457608344,0.2777749339904398,1.9935578403410246,0.0068338823593587054,-6.12736462270259,-2.4164199282315706,1.398046484748131,0.0,-9.226658505989281
382,-4.145636855264085,1.408123042798108,-2.4574771610430193,-6.125222588132228,-0.04701043050910371,2.0086828190159842,0.28566916466277653,-0.03341364688468933,0.2601052248033611,-0.4876901674834034,0.07051483675529317,0.2967249179087684,0.1317719272928853,0.130115449589319,0.0075635985941368425,-0.06453374131933434,-0.041283725565688725,-0.07286677874426299,0.0028400205975629453,0.013413998774448658,-0.002820565989943932,0.0037647035892539077,0.0028400205975629795,-0.07286677874426299,-0.04128372556568878,-0.06453374131933434,0.00756359859413692,0.13011544958931892,0.1317719272928853,0.2967249179087685,0.07051483675529324,-0.48769016748340344,0.26010522480336123,-0.033413646884689396,0.28566916466277653,2.008682819015985,-0.04701043050910371,-6.125222588132227,-2.45747716104302,1.4081230427981077,0.0,-9.44041633895331
383,-4.3524912950603944,1.4181179256219023,-2.4979642388712686,-6.119883150904724,-0.10081111867659281,2.020895399635352,0.29296698915849445,-0.05005177488500387,0.2807319527819717,-0.49417356740118507,0.03013899024867073,0.28977898136397323,0.1269007894992126,0.12961813589644414,0.023979215702974333,-0.06334851781415528,-0.039799247956225636,-0.07610642461938626,-0.005558999462611229,0.01047466388328284,-0.0016544120453216783,0.004452718851811268,-0.005558999462611194,-0.07610642461938626,-0.03979924795622572,-0.06334851781415528,0.023979215702974392,0.12961813589644403,0.1269007894992126,0.28977898136397334,0.0301389902486708,-0.49417356740118507,0.2807319527819717,-0.050051774885003904,0.29296698915849445,2.0208953996353523,-0.10081111867659288,-6.119883150904724,-2.4979642388712686,1.4181179256219023,0.0,-9.655864350674541
384,-4.560059705932085,1.4280305534872815,-2.5378717683801155,-6.111349098238101,-0.15451825622437126,2.030177875124762,0.2996531714348438,-0.06654768161980942,0.30031686887703757,-0.49833612129550797,-0.010411587517258505,0.2808004534708207,0.12097045566378023,0.12785127304810326,0.040122480289245935,-0.061337449500196733,-0.03772452957244043,-0.07807208569250208,-0.013853712576080736,0.007316380886403795,-0.0004499477903808684,0.005027078797672311,-0.013853712576080692,-0.07807208569250207,-0.03772452957244052,-0.06133744950019673,0.04012248028924595,0.12785127304810323,0.12097045566378023,0.2808004534708208,-0.010411587517258453,-0.49833612129550797,0.30031686887703757,-0.06654768161980949,0.29965317143484377,2.0301778751247626,-0.15451825622437135,-6.111349098238101,-2.537871768380116,1.4280305534872817,0.0,-9.872304806547321
385,-4.767921030274964,1.4378603514330401,-2.5771904906933525,-6.099624884958657,-0.20808200404672877,2.0365167867821694,0.3057137524059275,-0.08285449425119103,0.3187872923761429,-0.500158280070082,-0.050901803944494395,0.26985231215141786,0.11403042418726474,0.12483216664139844,0.05581003944904595,-0.05852675372846374,-0.03509033942249862,-0.07873085774631775,-0.021888479908109843,0.004005166229511172,0.000764935658209665,0.0054731229320433995,-0.021888479908109812,-0.07873085774631773,-0.03509033942249868,-0.058526753728463735,0.05581003944904597,0.12483216664139839,0.11403042418726475,0.2698523121514179,-0.05090180394449436,-0.500158280070082,0.31878729237614295,-0.08285449425119111,0.3057137524059275,2.0365167867821694,-0.20808200404672914,-6.099624884958656,-2.5771904906933534,1.4378603514330401,0.0,-10.089047301867213
386,-4.975654210484937,1.447606749302347,-2.6159112835429017,-6.084716631175523,-0.2614526561006355,2.039902943791676,0.31113607908580215,-0.09892587724890656,0.3360746785108538,-0.49963148610421493,-0.09109691638082605,0.2570113507508915,0.1061386210597141,0.12059038741473273,0.07086371611591001,-0.05495307221674604,-0.031935743732865646,-0.07807171325472435,-0.029512540147508814,0.0006102330334091366,0.001962105912241073,0.005779466011651909,-0.029512540147508783,-0.07807171325472431,-0.03193574373286572,-0.054953072216746036,0.07086371611591001,0.1205903874147327,0.10613862105971415,0.25701135075089154,-0.09109691638082602,-0.49963148610421493,0.33607467851085376,-0.09892587724890663,0.31113607908580204,2.0399029437916756,-0.26145265610063556,-6.084716631175522,-2.615911283542903,1.447606749302347,0.0,-10.305414982788546
387,-5.182838188957769,1.45726918177582,-2.654025163385255,-6.06663211908593,-0.3145806855319152,2.040331436549338,0.3159088310047647,-0.11471616405200659,0.35211487283016407,-0.496758213442982,-0.13076389304396646,0.24236763938724842,0.09736091637278052,0.11516748161622682,0.08511253277060238,-0.05066299336879038,-0.02830752657857154,-0.07610568597825937,-0.036582838334403504,-0.002797455642792061,0.0031138407582141365,0.005938288652231872,-0.03658283833440348,-0.0761056859782593,-0.028307526578571607,-0.05066299336879037,0.0851125327706024,0.1151674816162268,0.09736091637278058,0.24236763938724842,-0.1307638930439664,-0.496758213442982,0.35211487283016396,-0.1147161640520067,0.31590883100476463,2.0403314365493377,-0.31458068553191554,-6.06663211908593,-2.6540251633852563,1.45726918177582,0.0,-10.520750107222621
388,-5.38905190808935,1.4668470884043108,-2.6915232874857296,-6.045380788912855,-0.3674167906351359,2.0378016437816213,0.3200220438436796,-0.1301804868295891,0.3668483492812301,-0.49155195617807496,-0.16967276402689285,0.22602389317421237,0.08777057452534462,0.10861656407760582,0.09839465337946988,-0.04571244492320986,-0.0242594960543048,-0.07286568626428278,-0.04296671008896677,-0.006146670116801082,0.004193470105398618,0.005945536917724348,-0.042966710088966756,-0.0728656862642827,-0.02425949605430486,-0.04571244492320985,0.09839465337946987,0.10861656407760575,0.08777057452534467,0.22602389317421243,-0.16967276402689274,-0.49155195617807484,0.3668483492812301,-0.1301804868295892,0.3200220438436796,2.0378016437816213,-0.3674167906351362,-6.045380788912853,-2.6915232874857304,1.4668470884043112,0.0,-10.734418864956815
389,-5.593874310275501,1.4763399136414188,-2.72839695597006,-6.020973733977162,-0.41991194060456466,2.0323172334461885,0.3234671302369985,-0.14527490397197654,0.38022043111386183,-0.48403716507389616,-0.20759795455191848,0.20809475174850245,0.07744764271147044,0.10100179797920833,0.11055922150510195,-0.04016596484988074,-0.019851686276130886,-0.06840595014365213,-0.04854437087526708,-0.009367402971398375,0.005175993570464007,0.00580102579669308,-0.048544370875267064,-0.06840595014365206,-0.01985168627613094,-0.040165964849880734,0.11055922150510195,0.10100179797920829,0.0774476427114705,0.20809475174850245,-0.20759795455191835,-0.4840371650738961,0.38022043111386167,-0.14527490397197662,0.3234671302369985,2.032317233446188,-0.4199119406045648,-6.020973733977161,-2.72839695597006,1.4763399136414188,0.0,-10.945815391427761
390,-5.79688433791206,1.4857471068757084,-2.764637613842833,-5.993423694906839,-0.47201742103373623,2.023886157413711,0.3262368977010441,-0.1599565249500509,0.39218149378898215,-0.47424913273652936,-0.24431959274393356,0.18870597515514964,0.06647828279476628,0.09239776640157657,0.12146807371229787,-0.034095859998806925,-0.015149467048509318,-0.06280113144575253,-0.05321116359263613,-0.012392332394124841,0.006038659397613818,0.005508443924727595,-0.053211163592636126,-0.06280113144575244,-0.015149467048509361,-0.03409585999880691,0.12146807371229791,0.09239776640157657,0.06647828279476635,0.18870597515514964,-0.24431959274393344,-0.47424913273652936,0.39218149378898204,-0.15995652495005092,0.3262368977010441,2.0238861574137115,-0.4720174210337365,-5.993423694906839,-2.764637613842834,1.4857471068757087,0.0,-11.154364925984565
391,-5.997660933394863,1.495068122462651,-2.800236852972325,-5.962745052986297,-0.5236848791214072,2.0125206399384177,0.3283255636501272,-0.17418363218796148,0.40268714913805076,-0.46223382786488143,-0.27962478434098176,0.16799356173113952,0.05495405214575957,0.08288874181898616,0.1309973088087197,-0.027581263469751097,-0.010222574400648395,-0.056145052129437545,-0.05687952232160832,-0.015158229380746827,0.006761491308488145,0.005075259432294808,-0.05687952232160832,-0.056145052129437434,-0.010222574400648431,-0.02758126346975109,0.13099730880871974,0.08288874181898613,0.05495405214575964,0.16799356173113955,-0.27962478434098165,-0.46223382786488126,0.40268714913805076,-0.17418363218796154,0.32832556365012716,2.0125206399384177,-0.5236848791214075,-5.962745052986294,-2.8002368529723256,1.495068122462651,0.0,-11.359526082842859
392,-6.195783039119755,1.5043024197562709,-2.8351864140412535,-5.928953822649258,-0.5748663685419495,1.9982371599340925,0.3297287674691485,-0.187915799602906,0.411698410090025,-0.4480476793624217,-0.313308846952017,0.14610279417479302,0.04297113944488267,0.07256786068988591,0.13903869509701833,-0.02070710299126086,-0.005144076369780215,-0.04854913174873758,-0.05948061537745154,-0.017607279388233,0.007327751081860873,0.00451252932126569,-0.059480615377451536,-0.048549131748737484,-0.005144076369780246,-0.02070710299126085,0.1390386950970183,0.07256786068988588,0.042971139444882775,0.14610279417479302,-0.3133088469520169,-0.4480476793624217,0.4116984100900249,-0.18791579960290603,0.3297287674691485,1.9982371599340925,-0.5748663685419497,-5.928953822649257,-2.835186414041255,1.5043024197562709,0.0,-11.560792220946942
393,-6.390829597482552,1.5134494631405044,-2.8694781884630074,-5.892067643119136,-0.6255143939385432,1.9810564270812276,0.33044357961747733,-0.20111400747515562,0.4191818353545476,-0.4317573113234201,-0.3451764967062115,0.12318722049202312,0.030629561829551476,0.061536211228748985,0.1455008996550634,-0.013562993757846907,1.0710630744132787e-05,-0.04014052234332165,-0.06096563684165927,-0.01968829081120958,0.007724326151427754,0.003834617235766924,-0.060965636841659274,-0.040140522343321564,1.0710630744120944e-05,-0.01356299375784689,0.14550089965506338,0.061536211228748985,0.03062956182955156,0.1231872204920231,-0.3451764967062114,-0.4317573113234201,0.4191818353545474,-0.20111400747515573,0.33044357961747733,1.9810564270812283,-0.6255143939385434,-5.892067643119136,-2.8694781884630074,1.513449463140504,0.0,-11.757691917300841
394,-6.582379550879134,1.5225087220602702,-2.903104220262907,-5.852105769201244,-0.6755819549978772,1.961003351799966,0.33046850774510506,-0.2137407533219244,0.4251096535244349,-0.41343923013829875,-0.37504298041419976,0.09940757696739752,0.018032330086466417,0.04990184329418448,0.15031052568228725,-0.006242070158873722,0.00516533878779007,-0.03105997997474552,-0.06130672233759971,-0.0213577650215482,0.007942033246296457,0.0030588268312355146,-0.06130672233759971,-0.03105997997474542,0.005165338787790065,-0.006242070158873701,0.1503105256822872,0.04990184329418449,0.01803233008646652,0.0994075769673975,-0.3750429804141996,-0.41343923013829864,0.4251096535244349,-0.21374075332192446,0.33046850774510494,1.9610033517999668,-0.6755819549978777,-5.852105769201241,-2.903104220262906,1.5225087220602698,0.0,-11.94978856666355
395,-6.7700118417053226,1.5314796710522385,-2.936056707924055,-5.809089061231678,-0.7250225900654635,1.9381070091323724,0.32980349980830026,-0.2257601584600344,0.4294598661369126,-0.39317946518758395,-0.40273514667753396,0.07493066071459109,0.005284588856981309,0.03777871009099319,0.15341294613011003,0.0011602283706363676,0.010243362643943325,-0.02145950853794194,-0.06049747186705623,-0.022580805604436555,0.007975831042942692,0.002204960099903944,-0.06049747186705625,-0.021459508537941846,0.010243362643943325,0.0011602283706363891,0.15341294613010997,0.03777871009099321,0.0052845888569814075,0.07493066071459112,-0.40273514667753396,-0.39317946518758395,0.42945986613691234,-0.22576015846003442,0.32980349980830026,1.9381070091323724,-0.7250225900654637,-5.809089061231677,-2.936056707924055,1.5314796710522378,0.0,-12.136679148490124
396,-6.953305412356942,1.5403617897753126,-2.968328006197355,-5.763039974188094,-0.7737904192610852,1.912400596586402,0.3284499441782632,-0.23713806995458303,0.43221632931113335,-0.3710731648119068,-0.4280924497365787,0.04992815971447726,-0.007507260968058885,0.02528555205170234,0.15477292414819058,0.008547401548994608,0.01516947281807743,-0.011499815289410723,-0.05855306989735421,-0.02333184778549928,0.007824936904367849,0.0012948119264248657,-0.05855306989735423,-0.011499815289410631,0.015169472818077435,0.008547401548994622,0.15477292414819058,0.025285552051702322,-0.0075072609680587946,0.04992815971447724,-0.4280924497365785,-0.3710731648119068,0.4322163293111334,-0.23713806995458303,0.3284499441782631,1.9124005965864026,-0.7737904192610853,-5.763039974188095,-2.9683280061973556,1.5403617897753126,0.0,-12.317992219298455
397,-7.131839205229845,1.5491545630408112,-2.9999106278752654,-5.713982545968082,-0.8218401870543691,1.88392138600269,0.32641066674255176,-0.24784215766392542,0.43336881365901764,-0.34722414945554986,-0.45096788023701967,0.024575448547299657,-0.020236450338950582,0.012544733829438522,0.15437501329956255,0.01582314627659573,0.0198706128773981,-0.0013476206853386362,-0.05551000044580471,-0.023595192802018387,0.0074928450031937965,0.00035161377506539465,-0.05551000044580472,-0.0013476206853385328,0.019870612877398112,0.015823146276595743,0.15437501329956252,0.012544733829438506,-0.020236450338950482,0.024575448547299622,-0.45096788023701956,-0.34722414945554986,0.4333688136590176,-0.24784215766392545,0.3264106667425517,1.8839213860026907,-0.8218401870543695,-5.713982545968082,-2.9999106278752663,1.5491545630408106,0.0,-12.493385204921646
398,-7.305192162719855,1.5578574808423464,-3.030797245528904,-5.661942384841229,-0.8691273042609758,1.8527106695139433,0.32368992500533167,-0.2578420061052214,0.4329130422470801,-0.32174442408216253,-0.47122881751885665,-0.0009496417340018711,-0.03279673321065603,-0.00031895420674883017,0.15222373299906927,0.02289261209409793,0.024277062797249043,0.00882713243834041,-0.05142536250751222,-0.023365336048484963,0.006987245409028187,-0.000600559291686186,-0.051425362507512236,0.00882713243834049,0.02427706279724907,0.02289261209409797,0.15222373299906924,-0.0003189542067488474,-0.03279673321065593,-0.0009496417340019227,-0.4712288175188565,-0.32174442408216236,0.43291304224707994,-0.2578420061052214,0.3236899250053317,1.8527106695139433,-0.8691273042609764,-5.661942384841229,-3.030797245528906,1.5578574808423464,0.0,-12.662541082048769
399,-7.472943227222839,1.5664700383854093,-3.0609806932080668,-5.6069466560814645,-0.9156078894204384,1.8188136996752955,0.32029339919876576,-0.26710920087951123,0.4308507064683681,-0.29475365215254573,-0.48875779848671763,-0.02646807096085602,-0.045083273340992734,-0.013179518235319468,0.14834351718249264,0.029663637703215527,0.028323472940482205,0.018854123626966122,-0.04637579867159783,-0.022647082137374624,0.006319846013749707,-0.001537403127295371,-0.046375798671597857,0.018854123626966195,0.02832347294048224,0.029663637703215548,0.14834351718249258,-0.013179518235319442,-0.04508327334099263,-0.02646807096085602,-0.4887577984867174,-0.29475365215254573,0.4308507064683679,-0.26710920087951134,0.3202933991987657,1.818813699675296,-0.9156078894204385,-5.606946656081465,-3.0609806932080676,1.5664700383854089,0.0,-12.825164551763947
400,-7.634671341134608,1.5749917361166486,-3.09045396810378,-5.549024067786615,-0.9612388095172385,1.7822796238524314,0.31622818042410195,-0.2756174094107466,0.4271894597656082,-0.2663785936349278,-0.5034531986039606,-0.0518008456872025,-0.05699351932169651,-0.02591099503292978,0.14277843678938443,0.036047952430184556,0.031949833222012725,0.02856550588932771,-0.04045605702887485,-0.021455444470072943,0.00550610141829156,-0.0024350048627096196,-0.04045605702887487,0.0285655058893278,0.031949833222012766,0.036047952430184584,0.1427784367893844,-0.025910995032929797,-0.05699351932169639,-0.0518008456872025,-0.5034531986039604,-0.2663785936349277,0.4271894597656082,-0.27561740941074675,0.3162281804241019,1.782279623852431,-0.9612388095172388,-5.549024067786614,-3.0904539681037826,1.5749917361166488,0.0,-12.980977819191033
401,-7.789955446851019,1.583422079752846,-3.119210232173026,-5.488204855892606,-1.005977720007351,1.743161412962601,0.31150275584721776,-0.28334245576935646,0.4219428892288546,-0.23675250968706815,-0.5152298210624872,-0.07677027469990957,-0.0684280605387836,-0.03838868572542585,0.13559169921160089,0.04196232696898794,0.03510236308541161,0.03779871537525608,-0.0337772133547928,-0.01981533141718347,0.004564855058942914,-0.003270453280557961,-0.033777213354792834,0.03779871537525616,0.03510236308541166,0.041962326968987974,0.13559169921160086,-0.038388685725425795,-0.06842806053878346,-0.07677027469990955,-0.515229821062487,-0.2367525096870681,0.42194288922885465,-0.28334245576935646,0.31150275584721776,1.7431614129626003,-1.005977720007351,-5.488204855892604,-3.1192102321730273,1.5834220797528462,0.0,-13.129716102594859
402,-7.9383744867679,1.5917605803095858,-3.1472428137252084,-5.424520768390133,-1.049783104113098,1.7015157846718565,0.30612699097952767,-0.29026238936773896,0.4151304651730426,-0.2060145368060534,-0.5240193907125464,-0.10120121539496293,-0.07929145691781263,-0.05049037715512502,0.12686493039273322,0.0473296584026423,0.03773430909278242,0.0463991926159856,-0.026464586925931365,-0.017761025667877607,0.0035179028602528133,-0.004022423622266121,-0.026464586925931382,0.04639919261598564,0.037734309092782484,0.0473296584026423,0.1268649303927331,-0.050490377155125034,-0.07929145691781252,-0.10120121539496296,-0.5240193907125462,-0.20601453680605325,0.4151304651730425,-0.290262389367739,0.30612699097952767,1.701515784671856,-1.0497831041130983,-5.424520768390132,-3.1472428137252098,1.5917605803095858,0.0,-13.2711230021708
403,-8.079507403281092,1.600006754129617,-3.174545208970054,-5.358005048752012,-1.0926143113498559,1.657403121159859,0.3001121090812493,-0.29635754733248226,0.4067774688825671,-0.17430903338503922,-0.5297709498889664,-0.12492230227699362,-0.08949303552845632,-0.062097538901665875,0.11669724773224537,0.05207997535763433,0.039806638299304864,0.05422296977503603,-0.018655389076869117,-0.015335467631258523,0.0023894885187864144,-0.0046717219009291535,-0.018655389076869127,0.05422296977503608,0.039806638299304926,0.05207997535763435,0.11669724773224527,-0.062097538901665826,-0.08949303552845624,-0.12492230227699372,-0.5297709498889662,-0.17430903338503922,0.406777468882567,-0.2963575473324823,0.30011210908124925,1.6574031211598586,-1.092614311349856,-5.358005048752008,-3.1745452089700543,1.6000067541296172,0.0,-13.404945863103158
404,-8.212933138786447,1.6081601229109093,-3.201111083526534,-5.288692418579886,-1.1344315952488548,1.6108873815714875,0.2934706677300267,-0.3016106103760845,0.3969148987910316,-0.1417849017457818,-0.5324511538390005,-0.1477671489651016,-0.09894764739940613,-0.07309648423216356,0.10520413432414412,0.05615135018778229,0.04128861712938843,0.061139080600283835,-0.010496148619009426,-0.012589357868540686,0.0012057421051701511,-0.005201774826396076,-0.010496148619009446,0.06113908060028387,0.04128861712938851,0.05615135018778233,0.10520413432414404,-0.07309648423216353,-0.0989476473994061,-0.14776714896510168,-0.5324511538390003,-0.1417849017457818,0.3969148987910314,-0.3016106103760845,0.2934706677300267,1.6108873815714868,-1.1344315952488553,-5.288692418579883,-3.201111083526535,1.6081601229109093,0.0,-13.5309312691633
405,-8.338230635679778,1.6162202137343917,-3.2269342738925006,-5.216619059479356,-1.1751961502410806,1.5620360092821968,0.2862165326038311,-0.3060066520094134,0.38557935544433686,-0.10859488883097632,-0.5320444640390446,-0.1695755152737694,-0.10757637822674335,-0.08337948360970746,0.09251612731641654,0.059490706295809874,0.04215826716944201,0.06703175273578889,-0.0021399624298232673,-0.00958009731758017,-5.9250155902855865e-06,-0.0055990528372652625,-0.0021399624298233063,0.06703175273578889,0.04215826716944207,0.059490706295809874,0.09251612731641644,-0.08337948360970741,-0.10757637822674326,-0.16957551527376946,-0.5320444640390443,-0.10859488883097639,0.38557935544433675,-0.3060066520094134,0.2862165326038311,1.5620360092821968,-1.1751961502410802,-5.216619059479355,-3.2269342738925006,1.6162202137343922,0.0,-13.648820802070835
406,-8.454978836356931,1.6241865590913882,-3.252008788874668,-5.14182259417296,-1.2148701476680286,1.5109198341115693,0.27836484853287335,-0.30953318095507154,0.372812905674021,-0.07489486884064732,-0.5285532382794655,-0.19019443118263132,-0.1153072070437442,-0.09284581985390354,0.07877733528866307,0.06205451006796192,0.042402691117647336,0.07180234569513512,0.006256377198595781,-0.006370587461858649,-0.0012174549340216217,-0.005853415441930454,0.006256377198595733,0.07180234569513512,0.0424026911176474,0.06205451006796191,0.07877733528866296,-0.09284581985390347,-0.11530720704374413,-0.19019443118263138,-0.5285532382794654,-0.07489486884064739,0.3728129056740209,-0.30953318095507165,0.27836484853287335,1.510919834111569,-1.2148701476680286,-5.14182259417296,-3.252008788874668,1.6241865590913882,0.0,-13.758347198024339
407,-8.562756683213772,1.6320586969107307,-3.276328810978616,-5.064342066860881,-1.2534167708859159,1.4576129696268463,0.2699320078809646,-0.3121801766411482,0.35866292648490883,-0.040843111181627624,-0.5219977169952774,-0.20947926981125736,-0.12207560735443658,-0.10140277461865728,0.06414380148733992,0.06380933840123588,0.04201826405675446,0.07537100205554687,0.014535324550327706,-0.003027915523554174,-0.002400792917769508,-0.005958370053872934,0.014535324550327668,0.07537100205554685,0.04201826405675454,0.0638093384012359,0.06414380148733984,-0.10140277461865721,-0.12207560735443651,-0.20947926981125745,-0.5219977169952773,-0.040843111181627624,0.35866292648490866,-0.3121801766411482,0.2699320078809646,1.457612969626846,-1.253416770885916,-5.064342066860879,-3.276328810978617,1.6320586969107307,0.0,-13.85923102624152
408,-8.661143118646105,1.6398361705855613,-3.2998886977585022,-4.984217922839651,-1.2908002494307595,1.4021927056853452,0.260935616322337,-0.3139401176745031,0.34318192923641266,-0.006599537168143398,-0.5124159059219058,-0.22729476187280512,-0.12782508571345716,-0.10896653652510704,0.04878173150875237,0.06473231442464356,0.041010687213237376,0.07767798423258908,0.022541536613379827,0.00037804783636812586,-0.003528537059614202,-0.005911237714448316,0.022541536613379782,0.07767798423258908,0.04101068721323743,0.06473231442464354,0.0487817315087523,-0.10896653652510695,-0.12782508571345708,-0.22729476187280515,-0.5124159059219056,-0.006599537168143467,0.34318192923641255,-0.3139401176745032,0.2609356163223369,1.4021927056853454,-1.2908002494307595,-4.984217922839651,-3.299888697758502,1.6398361705855609,0.0,-13.951178005102847
409,-8.749717085049785,1.647518528999819,-3.3226829831261515,-4.901491987389465,-1.3269858922126194,1.3447393963715513,0.25139445608537414,-0.31480800321267743,0.326427364769959,0.02767503103564905,-0.4998633557563541,-0.2435159444908762,-0.1325076532568746,-0.11546302205496992,0.03286560555952299,0.06481140573420982,0.03939490340553725,0.0786846744584879,0.030124787876743574,0.0037761089992782767,-0.004574572808373503,-0.005713221473106212,0.03012478787674352,0.07868467445848787,0.039394903405537314,0.0648114057342098,0.0328656055595229,-0.11546302205496982,-0.13250765325687455,-0.2435159444908763,-0.4998633557563539,0.02767503103564898,0.3264273647699589,-0.31480800321267743,0.25139445608537414,1.3447393963715515,-1.3269858922126199,-4.9014919873894645,-3.32268298312615,1.647518528999819,0.0,-14.033877059688468
410,-8.828057524820654,1.6551053265544036,-3.3447063786192315,-4.816207443941132,-1.361940119708213,1.2853363434913783,0.241328446739989,-0.31478136717370225,0.3084614102057219,0.06181962570389604,-0.4844128401011832,-0.2580290377243085,-0.13608422624827696,-0.12082860116403264,0.01657619673521262,0.06404558125375992,0.03719487543533425,0.07837422122491744,0.03714278910461385,0.00709523952330863,-0.005514677689209543,-0.0053693756796427275,0.037142789104613806,0.07837422122491738,0.03719487543533432,0.06404558125375992,0.016576196735212594,-0.12082860116403253,-0.13608422624827693,-0.2580290377243087,-0.48441284010118313,0.06181962570389594,0.3084614102057217,-0.31478136717370225,0.241328446739989,1.2853363434913783,-1.361940119708213,-4.8162074439411295,-3.3447063786192315,1.6551053265544036,0.0,-14.106999210307249
411,-8.895743380354546,1.662596123193021,-3.365953774628231,-4.728408811534066,-1.3956304951220095,1.2240696757925142,0.23075860361051487,-0.31386028524342857,0.2893507381998728,0.09567388952089768,-0.4661539335584312,-0.27073224265171264,-0.13852495229690678,-0.12501072050874196,9.851782520371443e-05,0.06244482467657418,0.03444323070840478,0.07675182136911293,0.043463857197365924,0.010266060825151009,-0.006327082210163734,-0.004888476972298762,0.04346385719736589,0.07675182136911286,0.03444323070840484,0.06244482467657418,9.851782520363693e-05,-0.1250107205087419,-0.13852495229690673,-0.2707322426517128,-0.46615393355843115,0.09567388952089773,0.28935073819987267,-0.31386028524342857,0.2307586036105148,1.2240696757925147,-1.395630495122009,-4.728408811534067,-3.365953774628231,1.6625961231930215,0.0,-14.170197365257403
412,-8.952353594047297,1.6699904844277118,-3.3864202415819133,-4.63814192157709,-1.4280257544869022,1.1610282240859724,0.21970699390093515,-0.31204737466046684,0.26916626951864775,0.12907882868621656,-0.4451924924194826,-0.281536455417763,-0.1398094595250166,-0.12796841818168103,-0.016380280036256533,0.060030004312677826,0.031180777355497128,0.07384463308132454,0.048969386043036335,0.013222294375457907,-0.00699297396631557,-0.004282800254723301,0.04896938604303632,0.07384463308132445,0.031180777355497197,0.060030004312677826,-0.016380280036256592,-0.12796841818168095,-0.1398094595250166,-0.28153645541776307,-0.44519249241948244,0.12907882868621656,0.2691662695186475,-0.3120473746604669,0.21970699390093507,1.1610282240859726,-1.4280257544869022,-4.638141921577089,-3.3864202415819147,1.6699904844277118,0.0,-14.223107072794688
413,-8.997467108294748,1.6772879813640473,-3.406101031091038,-4.545453893924155,-1.4590958356765193,1.096303392449903,0.20819669062404808,-0.3093477867793488,0.24798290984744092,0.16187755961614833,-0.42165004096158953,-0.2903658922327218,-0.139927026604733,-0.12967272491433796,-0.03267303300602927,0.056832601038506084,0.027455899029370987,0.06970132128982526,0.05355607199719252,0.015902147094938382,-0.007496933268302365,-0.003567805379973011,0.053556071997192506,0.06970132128982522,0.027455899029371053,0.05683260103850606,-0.03267303300602935,-0.12967272491433784,-0.139927026604733,-0.2903658922327219,-0.4216500409615895,0.16187755961614825,0.24798290984744079,-0.3093477867793487,0.20819669062404814,1.096303392449903,-1.4590958356765196,-4.545453893924155,-3.4061010310910387,1.677287981364048,0.0,-14.265348267421317
414,-9.030662865492728,1.684488190726011,-3.4249915770500086,-4.450393112277514,-1.4888119063022536,1.029989025702424,0.1962517244307544,-0.30576919243304046,0.22587927181164147,0.19391604573473167,-0.39566306690900793,-0.2971586209412738,-0.13887667224519112,-0.13010694781757223,-0.048594690312403564,0.05289429789553584,0.023323837353433047,0.06439124303350834,0.05713785223313537,0.018249602992715896,-0.007827290207589764,-0.0027617425389156406,0.05713785223313535,0.06439124303350824,0.023323837353433123,0.05289429789553584,-0.04859469031240358,-0.13010694781757218,-0.1388766722451911,-0.29715862094127393,-0.3956630669090078,0.19391604573473167,0.22587927181164133,-0.30576919243304046,0.1962517244307544,1.029989025702424,-1.4888119063022538,-4.450393112277516,-3.4249915770500095,1.6844881907260114,0.0,-14.296528024487975
415,-9.051519808037082,1.6915906948805475,-3.4430874966962577,-4.353009198931126,-1.5171463904691147,0.9621812733356035,0.18389703344003383,-0.30132176013640166,0.202937383240811,0.22504382089401562,-0.36738223014331695,-0.3018669954320974,-0.1366671633830228,-0.12926683388067473,-0.06396441603545037,0.048266436688094154,0.01884587266357901,0.05800328645854334,0.05964751959197031,0.020215594048299222,-0.007976394890128835,-0.0018851864254688716,0.05964751959197028,0.05800328645854326,0.018845872663579056,0.04826643668809414,-0.06396441603545039,-0.12926683388067467,-0.13666716338302276,-0.30186699543209755,-0.36738223014331667,0.22504382089401562,0.2029373832408109,-0.30132176013640166,0.18389703344003375,0.9621812733356032,-1.5171463904691151,-4.353009198931125,-3.443087496696259,1.6915906948805477,0.0,-14.316244315095824
416,-9.05961687832367,1.6985950818617888,-3.4603845916270792,-4.25335298886752,-1.5440729943655886,0.8929784501078867,0.17115841117435396,-0.29601812719252407,0.17924238275884752,0.25511469602610354,-0.33697148925043946,-0.30445798984110173,-0.13331694200783478,-0.1271606116276224,-0.07860764301569013,0.04300934866442159,0.014088415193209063,0.05064438287372703,0.061037983632116086,0.021759025862644582,-0.00794079458074748,-0.0009605110690721217,0.06103798363211608,0.050644382873726954,0.014088415193209122,0.04300934866442156,-0.07860764301569013,-0.12716061162762235,-0.13331694200783478,-0.3044579898411018,-0.33697148925043924,0.25511469602610354,0.1792423827588475,-0.296018127192524,0.17115841117435407,0.8929784501078863,-1.5440729943655886,-4.253352988867518,-3.4603845916270806,1.6985950818617888,0.0,-14.32409073079307
417,-9.054533018748302,1.7055009453949452,-3.4768788487736946,-4.151476503221651,-1.5695667306637466,0.8224808934970993,0.15806245270921024,-0.28987336378404954,0.15488220382981896,0.2839874457082371,-0.3046071509682197,-0.30491343020413464,-0.1288539712334394,-0.12380891052252609,-0.09235805556306965,0.03719156800658664,0.009122020179552949,0.042437716772003066,0.06128315421639859,0.02284763663949635,-0.007721313656240885,-1.1318739253326864e-05,0.06128315421639859,0.04243771677200298,0.009122020179552983,0.03719156800658663,-0.09235805556306967,-0.12380891052252602,-0.1288539712334394,-0.30491343020413464,-0.30460715096821966,0.2839874457082372,0.1548822038298189,-0.2898733637840496,0.15806245270921018,0.8224808934970992,-1.5695667306637469,-4.15147650322165,-3.476878848773695,1.7055009453949455,0.0,-14.319662124997357
418,-9.033639327224222,1.712307884919875,-3.4925664413323156,-4.047432922125541,-1.5936039417069663,0.7507908182206936,0.14463649914922105,-0.2829049301515034,0.12994724843198985,0.31152647141652434,-0.2704768480454006,-0.30323012193428284,-0.12331550189962544,-0.1192445589136561,-0.10505947844692301,0.03088893838261305,0.004020341497720918,0.03352066378152681,0.060378431057438724,0.0234586715420305,-0.007323034515731223,0.0009381625005409824,0.06037843105743872,0.03352066378152669,0.004020341497720944,0.030888938382613026,-0.10505947844692297,-0.119244558913656,-0.12331550189962544,-0.30323012193428295,-0.2704768480454006,0.31152647141652434,0.1299472484319898,-0.28290493015150336,0.14463649914922103,0.7507908182206932,-1.5936039417069665,-4.047432922125538,-3.492566441332316,1.7123078849198758,0.0,-14.302561095870379
419,-8.995016406701131,1.7190155056143168,-3.507443729651999,-3.9412765569479378,-1.6161623214637422,0.6780121680341809,0.13090858054670118,-0.27513262698031815,0.10453005157105413,0.33760243835339354,-0.2347784514378772,-0.2994198722296041,-0.11674776165256393,-0.11351226249508989,-0.11656765071203615,0.024183624208279065,-0.001140960659440712,0.024042491063978388,0.05834079003569103,0.023579358328967966,-0.006755179890344923,0.001863697212458685,0.05834079003569104,0.024042491063978298,-0.0011409606594406903,0.024183624208279055,-0.11656765071203615,-0.11351226249508982,-0.116747761652564,-0.29941987222960414,-0.2347784514378772,0.3376024383533935,0.10453005157105406,-0.27513262698031804,0.13090858054670126,0.6780121680341801,-1.6161623214637422,-3.9412765569479364,-3.5074437296519996,1.7190155056143175,0.0,-14.272405213954947
420,-8.939307457129635,1.7256234184167878,-3.521507262079071,-3.8330628219434617,-1.6372209362272219,0.6042504650226241,0.11690735738188246,-0.2665785391375232,0.0787249378775843,0.3620928828579665,-0.1977189231487891,-0.29350940725411606,-0.10920556909898262,-0.10666816643530058,-0.1267518641740652,0.01716303950830355,-0.006285341856089709,0.014161858654346276,0.05520846467049439,0.023207174328108548,-0.0060308992774976335,0.0027416611919862497,0.055208464670494416,0.014161858654346202,-0.006285341856089697,0.017163039508303543,-0.12675186417406517,-0.10666816643530055,-0.10920556909898264,-0.2935094072541161,-0.1977189231487891,0.36209288285796654,0.07872493787758424,-0.26657853913752316,0.11690735738188247,0.6042504650226244,-1.6372209362272216,-3.8330628219434613,-3.5215072620790715,1.7256234184167882,0.0,-14.228834877686662
421,-8.867155678460273,1.732131240049155,-3.5347537757579373,-3.722848205326028,-1.6567602440412472,0.5296126566037016,0.1026620607269584,-0.2572669729179717,0.05262767156308431,0.3848827875466948,-0.1595131163631249,-0.28554018467295855,-0.10075187625462907,-0.09877930546143142,-0.13549644798450994,0.009918708340851201,-0.011336508601850141,0.0040441635685466455,0.051040228720890674,0.02234989916683439,-0.005166964445210729,0.0035496444740075158,0.051040228720890694,0.004044163568546565,-0.011336508601850138,0.009918708340851193,-0.13549644798450994,-0.09877930546143138,-0.1007518762546291,-0.2855401846729586,-0.1595131163631249,0.38488278754669486,0.052627671563084205,-0.2572669729179716,0.1026620607269583,0.5296126566037015,-1.6567602440412472,-3.7228482053260263,-3.534753775757938,1.732131240049155,0.0,-14.171521661327981
422,-8.779204270643643,1.7385385930388615,-3.5471801973881036,-3.6106902397816647,-1.674762112834885,0.4542069604641748,0.08820243121887436,-0.24722438697841784,0.02633510103367612,0.4058651214831609,-0.12038252983307941,-0.27556810285665984,-0.0914572431060434,-0.08992294728542485,-0.1427020824037648,0.0025450716414664454,-0.016219549818640155,-0.006141228862765241,0.045914293377215844,0.021025452157376157,-0.00418338105749851,0.004267023345492389,0.045914293377215865,-0.006141228862765312,-0.01621954981864016,0.002545071641466424,-0.14270208240376478,-0.08992294728542483,-0.09145724310604346,-0.2755681028566599,-0.12038252983307943,0.4058651214831609,0.02633510103367612,-0.24722438697841778,0.08820243121887444,0.45420696046417464,-1.674762112834885,-3.6106902397816625,-3.5471801973881036,1.7385385930388613,0.0,-14.100177003338667
423,-8.676096433630324,1.744845105740825,-3.558783643937191,-3.4966474724361145,-1.6912098372486104,0.3781427076545909,0.07355865696827393,-0.2364793171556942,-5.5200519718916686e-05,0.42494134284017754,-0.08055402373563234,-0.2636631087942304,-0.08139924867128724,-0.08018583580284065,-0.1482869268606002,-0.004861743958950278,-0.020862047805702815,-0.016223820088056208,0.039926839736140314,0.019261517735919092,-0.003102925414203566,0.0048754867642342185,0.03992683973614033,-0.016223820088056277,-0.020862047805702822,-0.004861743958950278,-0.1482869268606001,-0.08018583580284065,-0.08139924867128726,-0.2636631087942304,-0.08055402373563222,0.4249413428401776,-5.520051971902004e-05,-0.23647931715569415,0.07355865696827392,0.378142707654591,-1.6912098372486106,-3.4966474724361136,-3.558783643937192,1.744845105740825,0.0,-14.014561069063292
424,-8.558475367370878,1.7510504123589925,-3.569561423309839,-3.380779434292878,-1.7060881541365334,0.30153018406970916,0.058761310534230234,-0.225062295382618,-0.026445297220916576,0.44202186169347596,-0.04025850444718511,-0.24990870746529176,-0.07066184347529715,-0.0696633414768775,-0.15218754948573388,-0.012205179291782955,-0.025195152226728083,-0.026034832398346867,0.03319021409523742,0.01709496678485939,-0.0019506170327412268,0.005359503746836847,0.033190214095237446,-0.026034832398346926,-0.025195152226728097,-0.012205179291782962,-0.15218754948573385,-0.06966334147687751,-0.0706618434752972,-0.24990870746529176,-0.04025850444718504,0.44202186169347596,-0.026445297220916715,-0.225062295382618,0.0587613105342302,0.30153018406970916,-1.7060881541365334,-3.380779434292876,-3.5695614233098385,1.7510504123589923,0.0,-13.914491610217809
425,-8.426984271815888,1.7571541529675574,-3.579511034972281,-3.2631466091576766,-1.7193832567302785,0.22448047054449682,0.04384128509634587,-0.21300576293202414,-0.052737253953950285,0.45702646077350917,0.0002704141397065417,-0.23440137611264258,-0.059334648844522365,-0.058458527229190094,-0.15435964756198414,-0.01938950144713114,-0.029154601191353168,-0.03541003418456968,0.025830819929884518,0.014571085934102475,-0.000753139284887792,0.005706719795907813,0.025830819929884553,-0.0354100341845697,-0.029154601191353192,-0.01938950144713116,-0.15435964756198403,-0.05845852722919009,-0.05933464884452243,-0.23440137611264267,0.0002704141397065934,0.45702646077350917,-0.05273725395395032,-0.21300576293202408,0.043841285096345925,0.22448047054449685,-1.7193832567302785,-3.2631466091576753,-3.5795110349722807,1.7571541529675574,0.0,-13.799852635287083
426,-8.282266346915938,1.7631559735318372,-3.588630170532497,-3.143810402065555,-1.731082807451382,0.14710528179754095,0.028829729957475986,-0.200343978235441,-0.0788334998057313,0.46988467219934277,0.04079776499646624,-0.21724988752371963,-0.04751220886938581,-0.046681138986665247,-0.1547785507082318,-0.02632105179869521,-0.03268167428794267,-0.044192489095409584,0.01798674610663885,0.01174263095103873,0.00046177849539211045,0.005908272247683116,0.017986746106638876,-0.04419248909540963,-0.032681674287942705,-0.026321051798695223,-0.15477855070823177,-0.046681138986665247,-0.04751220886938587,-0.21724988752371968,0.040797764996466104,0.4698846721993428,-0.07883349980573147,-0.20034397823544092,0.028829729957475993,0.14710528179754065,-1.731082807451382,-3.1438104020655526,-3.5886301705324977,1.7631559735318367,0.0,-13.670602699848594
427,-8.124964792621597,1.7690555259288074,-3.5969167142757743,-3.022833107227072,-1.7411759493603058,0.0695168044553829,0.013757985511730155,-0.18711291953834097,-0.1046371901571314,0.48053610842533495,0.08108859018345653,-0.19857454706764666,-0.03529320127817446,-0.034446530771280646,-0.15343950108210197,-0.03290946698720245,-0.03572406343374306,-0.05223518307605215,0.009805175836387856,0.00866872400584351,0.0016660031248895753,0.005959016490859009,0.009805175836387889,-0.05223518307605218,-0.0357240634337431,-0.03290946698720244,-0.1534395010821019,-0.034446530771280626,-0.0352932012781745,-0.1985745470676467,0.08108859018345647,0.480536108425335,-0.10463719015713165,-0.18711291953834092,0.013757985511730086,0.06951680445538286,-1.7411759493603065,-3.02283310722707,-3.5969167142757756,1.7690555259288072,0.0,-13.52678262420586
428,-7.955722808883422,1.774852467967295,-3.6043687436555754,-2.9002778755103655,-1.74965331623145,-0.008172465607363214,-0.0013424821864770672,-0.1733501826685696,-0.13005256607874854,0.48893074584633983,0.1209093030222473,-0.17850634883950925,-0.022779613808915095,-0.021874534861288618,-0.15035770741886073,-0.0390688569449882,-0.038236648627311576,-0.05940348531247899,0.0014396249846896408,0.005413617862165243,0.002831649035810437,0.005857657282411936,0.0014396249846896666,-0.059403485312479014,-0.03823664862731162,-0.03906885694498822,-0.15035770741886065,-0.021874534861288625,-0.022779613808915196,-0.17850634883950933,0.12090930302224727,0.48893074584633983,-0.13005256607874857,-0.1733501826685695,-0.001342482186476981,-0.00817246560736349,-1.7496533162314505,-2.9002778755103633,-3.6043687436555767,1.774852467967295,0.0,-13.368522447682272
429,-7.77518359565202,1.7805464634078245,-3.610984529739583,-2.7762086814760174,-1.756507041244818,-0.08584988637627393,-0.016440147115722635,-0.15909487420844035,-0.15498530969761679,0.49502915972950623,0.16002904231797407,-0.15718605683089745,-0.010075892953768774,-0.009088288089969969,-0.14556817229276278,-0.04471892460437983,-0.040182167098461355,-0.06557740188629133,-0.0069529384414048784,0.0020453528248762566,0.003931724006540246,0.0056067818085801325,-0.006952938441404848,-0.06557740188629134,-0.04018216709846143,-0.04471892460437984,-0.1455681722927627,-0.009088288089969993,-0.010075892953768878,-0.15718605683089754,0.16002904231797405,0.49502915972950634,-0.15498530969761684,-0.15909487420844026,-0.016440147115722566,-0.08584988637627416,-1.756507041244818,-2.7762086814760165,-3.610984529739585,1.7805464634078254,0.0,-13.196047434562216
430,-7.58399035287794,1.7861371819821246,-3.6167625376108234,-2.6506902899819513,-1.7617307642862607,-0.16340283301726952,-0.031503489106068074,-0.14438750037404802,-0.17934289421607713,0.4988027093693334,0.19822101078066462,-0.13476321757164295,0.0027119278189268433,0.0037869742221867723,-0.13912529456278952,-0.04978601269277231,-0.041531765931927984,-0.07065358441496775,-0.015215039581196556,-0.0013656654817788797,0.004940754205682822,0.005212793647127798,-0.015215039581196533,-0.07065358441496775,-0.04153176593192804,-0.049786012692772316,-0.1391252945627895,0.003786974222186755,0.00271192781892674,-0.134763217571643,0.1982210107806646,0.4988027093693334,-0.17934289421607727,-0.14438750037404793,-0.031503489106068094,-0.1634028330172698,-1.761730764286261,-2.6506902899819496,-3.6167625376108243,1.7861371819821246,0.0,-13.009682955978086
431,-7.382786280511773,1.7916242994122786,-3.621701426723784,-2.523788222375793,-1.765319637849529,-0.24071886117185604,-0.046501059645336365,-0.12926985191754586,-0.203034927283867,0.5002336725964185,0.2352637898860145,-0.11139511116836151,0.015477113088544199,0.016625144889009374,-0.13110225151814336,-0.054204063967820924,-0.042265429969099245,-0.0745470600538885,-0.023191651518591393,-0.0047481377774493,0.00583537407557116,0.004685749316500116,-0.02319165151859135,-0.0745470600538885,-0.042265429969099336,-0.05420406396782093,-0.13110225151814325,0.016625144889009312,0.015477113088544074,-0.11139511116836152,0.2352637898860145,0.5002336725964185,-0.203034927283867,-0.12926985191754573,-0.04650105964533628,-0.2407188611718562,-1.7653196378495286,-2.5237882223757917,-3.621701426723786,1.7916242994122786,0.0,-12.809858084968083
432,-7.1722145785041,1.7970074974295407,-3.62580005121543,-2.395568722292338,-1.7672703315346596,-0.31768586999069415,-0.061401547535784154,-0.11378488537943489,-0.22597348644915718,0.49931532900818554,0.27094262355268534,-0.08724564809751102,0.028113116365000232,0.02930048001968287,-0.12159016774100113,-0.05791548237461682,-0.04237227864183307,-0.07719265390072731,-0.030733104148054424,-0.008031361468713699,0.006594867395642504,0.004039101583939765,-0.03073310414805439,-0.07719265390072727,-0.042372278641833155,-0.057915482374616835,-0.12159016774100102,0.029300480019682846,0.028113116365000128,-0.08724564809751101,0.2709426235526852,0.49931532900818565,-0.22597348644915732,-0.11378488537943482,-0.061401547535784105,-0.3176858699906942,-1.7672703315346596,-2.395568722292335,-3.6258000512154314,1.7970074974295402,0.0,-12.597107758341425
433,-6.952918446805484,1.8022864637927893,-3.6290574601710524,-2.2660987210739743,-1.7675810351385175,-0.3941922646691156,-0.07617384426409678,-0.09797660102828654,-0.24807344544365878,0.4960519915307107,0.3050506631939877,-0.06248421949116815,0.040514469394654445,0.04168883062148262,-0.11069708012646626,-0.06087188389834443,-0.04185072733618399,-0.0785460799918482,-0.03769789252741252,-0.011146708519785423,0.007201646996570395,0.003289356084606079,-0.037697892527412506,-0.07854607999184819,-0.041850727336184064,-0.06087188389834444,-0.11069708012646612,0.04168883062148259,0.04051446939465437,-0.062484219491168135,0.3050506631939876,0.4960519915307107,-0.2480734454436589,-0.09797660102828645,-0.07617384426409674,-0.3941922646691159,-1.7675810351385177,-2.2660987210739725,-3.6290574601710515,1.8022864637927896,0.0,-12.37207337869161
434,-6.725541085366505,1.8074608923066449,-3.6314728978448896,-2.1354458028321304,-1.766251460334626,-0.4701271182489212,-0.09078710894822807,-0.08188991783472895,-0.26925279009093717,0.4904589861634148,0.33739016692574353,-0.03728450897994447,0.05257766246654826,0.05366885858122436,-0.09854671081487466,-0.06303472732390857,-0.040708510892941786,-0.07858468262795443,-0.043955332022644546,-0.014029059959490595,0.00764166201667726,0.002455650016468284,-0.04395533202264454,-0.07858468262795437,-0.04070851089294187,-0.0630347273239086,-0.09854671081487454,0.05366885858122433,0.052577662466548186,-0.03728450897994443,0.33739016692574336,0.4904589861634149,-0.26925279009093717,-0.08188991783472883,-0.090787108948228,-0.47012711824892134,-1.766251460334626,-2.135445802832129,-3.63147289784489,1.8074608923066449,0.0,-12.13550175263265
435,-6.490725694137733,1.8125304828392241,-3.6330458038354667,-2.0036781691679635,-1.763282840940727,-0.5453803324518633,-0.10521083272549249,-0.06557054583495742,-0.2894329226655799,0.48256258000175206,0.36777364597789797,-0.011823274427109244,0.06420200837138104,0.0651232251154612,-0.08527706197331594,-0.06437581667961433,-0.038962568896458556,-0.0773078156195559,-0.04938801042453432,-0.016618167039539503,0.007904723270014664,0.0015592636647541996,-0.04938801042453431,-0.07730781561955584,-0.038962568896458626,-0.06437581667961433,-0.08527706197331587,0.06512322511546116,0.06420200837138092,-0.011823274427109244,0.3677736459778979,0.482562580001752,-0.2894329226655799,-0.06557054583495736,-0.10521083272549249,-0.5453803324518635,-1.7632828409407268,-2.0036781691679617,-3.633045803835468,1.8125304828392241,0.0,-11.888242286778619
436,-6.249115473069752,1.8174949413395534,-3.6337758132156126,-1.8708646035707168,-1.7586779317738253,-0.6198427973116266,-0.11941490244748369,-0.04906485624644524,-0.3085389535737257,0.4723998578759295,0.3960249516635476,0.013720891900821193,0.07529048280206185,0.07593974004911179,-0.07103884838664087,-0.06487766881477816,-0.036638794452982376,-0.07473685310386924,-0.05389399102660418,-0.018859910592292795,0.007984739191741403,0.000623077224256473,-0.05389399102660416,-0.0747368531038692,-0.03663879445298243,-0.06487766881477817,-0.0710388483866408,0.0759397400491117,0.07529048280206171,0.01372089190082121,0.39602495166354745,0.4723998578759295,-0.3085389535737257,-0.049064856246445146,-0.11941490244748372,-0.6198427973116268,-1.7586779317738253,-1.8708646035707146,-3.6337758132156126,1.8174949413395534,0.0,-11.63124239076286
437,-6.001353622113145,1.8223539798546198,-3.6336627566171256,-1.7370744355123278,-1.7524410060937747,-0.6934065493728466,-0.13336966354883997,-0.032419749704919565,-0.32649997927251,0.46001854818501403,0.42198029660366,0.03916881603051459,0.08575053418131147,0.0860124606658723,-0.05599378566036364,-0.06453374131933433,-0.033771650184228515,-0.0709148317520809,-0.057388725326614896,-0.020707432264123134,0.007879856897142061,-0.0003290132159335624,-0.05738872532661488,-0.07091483175208085,-0.03377165018422859,-0.06453374131933434,-0.055993785660363574,0.08601246066587223,0.08575053418131139,0.039168816030514635,0.42198029660366,0.46001854818501403,-0.32649997927250995,-0.03241974970491947,-0.13336966354883992,-0.6934065493728468,-1.7524410060937747,-1.737074435512327,-3.633662756617126,1.8223539798546196,0.0,-11.365541066270865
438,-5.748083341218464,1.8271073165460776,-3.6327066602700704,-1.6023775042570367,-1.7445778516377826,-0.7659649282277988,-0.14704598195860227,-0.015682522997003907,-0.3432493453970549,0.4454767987443825,0.44548920428692174,0.06434199905850944,0.09549485615696916,0.09524272936768514,-0.040312753477807536,-0.06334851781415528,-0.030403657131176057,-0.06590573035625048,-0.05980663946242995,-0.0221221139786112,0.007592505087859848,-0.001272705618318224,-0.05980663946242995,-0.06590573035625044,-0.030403657131176112,-0.06334851781415528,-0.040312753477807474,0.09524272936768508,0.09549485615696905,0.0643419990585095,0.44548920428692185,0.4454767987443825,-0.3432493453970548,-0.015682522997003907,-0.14704598195860233,-0.7659649282277989,-1.7445778516377823,-1.6023775042570356,-3.6327066602700704,1.8271073165460767,0.0,-11.092260692162315
439,-5.489947830336307,1.8317546757065934,-3.6309077459966907,-1.4668441224048685,-1.7350957652495103,-0.837412731163793,-0.1604153049249096,0.0010992653327948883,-0.3587248941185224,0.42884290369922956,0.4664153814596262,0.08906386919277134,0.10444211631725885,0.1035401399798737,-0.0241738547729574,-0.061337449500196733,-0.026584764147876975,-0.059793398855222404,-0.06110236461496651,-0.023074385156211352,0.00712933781178769,-0.002183912304688657,-0.0611023646149665,-0.05979339885522234,-0.02658476414787703,-0.06133744950019673,-0.02417385477295736,0.10354013997987362,0.10444211631725872,0.0890638691927714,0.46641538145962613,0.42884290369922945,-0.3587248941185223,0.0010992653327949917,-0.1604153049249096,-0.8374127311637932,-1.7350957652495103,-1.4668441224048663,-3.6309077459966903,1.8317546757065928,0.0,-10.812597047771845
440,-5.2275902894172575,1.8362957877758384,-3.628266431159944,-1.3305450391880382,-1.7240035461077514,-0.9076463656970506,-0.17344972062604413,0.017877930118880822,-0.37286919481527253,0.4101949827866614,0.4846375082879072,0.1131610202769477,0.11251763504368668,0.11082342323743578,-0.007760392862658463,-0.05852675372846373,-0.02237160713745175,-0.05268015472713447,-0.061251588291421015,-0.02354434081736684,0.006501080378938836,-0.003039374792315127,-0.061251588291421036,-0.05268015472713441,-0.022371607137451805,-0.058526753728463735,-0.007760392862658438,0.11082342323743569,0.11251763504368659,0.1131610202769478,0.4846375082879073,0.41019498278666155,-0.3728691948152724,0.017877930118880857,-0.1734497206260441,-0.9076463656970506,-1.7240035461077512,-1.3305450391880356,-3.6282664311599433,1.8362957877758377,0.0,-10.527807648858484
441,-4.961653918411846,1.8407303893561222,-3.6247833285666706,-1.1935514035394337,-1.7113114875609823,-0.9765639997718991,-0.18612201644337434,0.03460579507115406,-0.3856297572010938,0.38962061445269497,0.5000499417113411,0.13646442810996218,0.11965400883542386,0.1170212427795704,0.008741210486394207,-0.054953072216746036,-0.017826669116134976,-0.04468507024423537,-0.06025151051561583,-0.02352215764908871,0.00572228100133848,-0.0038172574649845263,-0.06025151051561584,-0.044685070244235285,-0.017826669116135035,-0.05495307221674604,0.008741210486394311,0.11702124277957034,0.11965400883542378,0.13646442810996226,0.5000499417113409,0.3896206144526949,-0.3856297572010938,0.034605795071154126,-0.18612201644337434,-0.9765639997718997,-1.7113114875609818,-1.1935514035394315,-3.6247833285666715,1.8407303893561222,0.0,-10.239198502859782
442,-4.6927819172707,1.845058223227676,-3.620459246325419,-1.0559347269524468,-1.6970313675753432,-1.0440657094075219,-0.1984057357745352,0.051235328246377033,-0.39695922611957263,0.36721642454719944,0.512563327910213,0.1588106360293416,0.12579167290250684,0.12207289385604311,0.02514353240957636,-0.05066299336879037,-0.013017353561999892,-0.035941979260538284,-0.058120896365684696,-0.023008299338109797,0.004810973908074919,-0.004497704925476154,-0.058120896365684696,-0.0359419792605382,-0.013017353561999944,-0.050662993368790356,0.025143532409576435,0.12207289385604303,0.12579167290250678,0.15881063602934167,0.5125633279102129,0.3672164245471995,-0.39695922611957274,0.051235328246377124,-0.19840573577453527,-1.0440657094075223,-1.6970313675753432,-1.0559347269524446,-3.62045924632542,1.8450582232276753,0.0,-9.948109421521352
443,-4.4216174859443615,1.8492790383635633,-3.615295187658957,-0.9177668461515477,-1.6811764378049356,-1.1100536235781744,-0.21027523326823533,0.0677192771093811,-0.40681555728171187,0.3430876325284403,0.5221051203356611,0.18004290144225968,0.1308793983320884,0.12592889790188702,0.041260277666582704,-0.045712444923209854,-0.008014984791017329,-0.02659723689772324,-0.054899723873300346,-0.022013506878608747,0.0037882617365698028,-0.005063348803095348,-0.05489972387330037,-0.026597236897723173,-0.008014984791017374,-0.045712444923209854,0.04126027766658277,0.1259288979018869,0.1308793983320883,0.18004290144225982,0.5221051203356611,0.3430876325284403,-0.4068155572817118,0.06771927710938112,-0.21027523326823533,-1.1100536235781746,-1.6811764378049356,-0.9177668461515449,-3.615295187658958,1.849279038363563,0.0,-9.655898059043032
444,-4.148803824383423,1.8533925899442487,-3.6092923506715153,-0.7791198855930899,-1.66376141129456,-1.1744320661168162,-0.2217057283653724,0.0840108028003402,-0.41516217329462424,0.31734755730843883,0.5286200002994091,0.20001229526220662,0.1348747196780681,0.12855148715685757,0.05690839455627888,-0.04016596484988076,-0.0028937501853226835,-0.016807269631064013,-0.05064843389112873,-0.020558574057098686,0.00267782687040328,-0.005499751080040467,-0.05064843389112877,-0.016807269631063933,-0.00289375018532272,-0.040165964849880734,0.0569083945562789,0.12855148715685755,0.13487471967806802,0.20001229526220665,0.528620000299409,0.31734755730843883,-0.41516217329462407,0.08401080280034028,-0.22170572836537228,-1.1744320661168166,-1.66376141129456,-0.7791198855930882,-3.609292350671516,1.8533925899442487,0.0,-9.363922872041787
445,-3.8749841325384615,1.857398639371793,-3.602452128070815,-0.6400662198159096,-1.6448024488263175,-1.2371076944364068,-0.23267335703467842,0.1000636132265931,-0.42196809940227137,0.2901170850599057,0.5320701976847105,0.21857874653952497,0.1377442894051633,0.1299149745830203,0.07191015399189633,-0.03409585999880694,0.0022704000390780803,-0.006735956785758809,-0.045446796003710946,-0.0186739128074382,0.001505383039375421,-0.005795772620730784,-0.04544679600371095,-0.006735956785758725,0.002270400039078061,-0.03409585999880691,0.07191015399189633,0.12991497458302023,0.13774428940516326,0.21857874653952505,0.5320701976847104,0.29011708505990563,-0.42196809940227137,0.10006361322659323,-0.23267335703467842,-1.2371076944364066,-1.644802448826318,-0.6400662198159074,-3.602452128070816,1.8573986393717925,0.0,-9.073525223334775
446,-3.600801610360037,1.861296954283694,-3.5947761068449555,-0.5006784356613913,-1.6243171439227417,-1.2979896348677318,-0.24315522159488345,0.11583209460083567,-0.427208078434505,0.2615241014841486,0.5324357099191829,0.2356120249584813,0.13946415622900077,0.13000600545730023,0.08609516812273021,-0.027581263469751097,0.007400879208222727,0.003448112723848406,-0.03939241176138872,-0.0163989175211918,0.00029807988079984027,-0.005943857497411642,-0.03939241176138877,0.0034481127238484986,0.007400879208222701,-0.02758126346975109,0.08609516812273023,0.13000600545730018,0.13946415622900069,0.23561202495848133,0.5324357099191829,0.2615241014841486,-0.427208078434505,0.11583209460083575,-0.24315522159488337,-1.2979896348677318,-1.6243171439227415,-0.500678435661389,-3.594776106844956,1.861296954283694,0.0,-8.786010874277613
447,-3.3268994577987243,1.8650873085663653,-3.58626606789421,-0.36102929438269876,-1.6023245065203724,-1.3569896144175368,-0.2531294385193784,0.13127144105192043,-0.43086266453782945,0.23170289120626328,0.5297144179400276,0.2509926543093602,0.14001996502902248,0.12882368817476297,0.09930232557512181,-0.020707102991260874,0.01242160000506519,0.013574462491295094,-0.03259888332202177,-0.013781141600929744,-0.0009161257497236775,-0.005940225854647017,-0.03259888332202181,0.013574462491295167,0.012421600005065188,-0.02070710299126086,0.09930232557512184,0.12882368817476292,0.14001996502902245,0.25099265430936024,0.5297144179400275,0.23170289120626325,-0.4308626645378293,0.13127144105192054,-0.2531294385193784,-1.3569896144175364,-1.6023245065203722,-0.36102929438269765,-3.586266067894211,1.865087308566365,0.0,-8.502631129677509
448,-3.053920874805126,1.8687694823682495,-3.5769239856178494,-0.2211916936629738,-1.5788449453289348,-1.4140220887559285,-0.2625751841235781,0.14633778193997596,-0.4329182953400455,0.20079350711829744,0.5239220984793295,0.26461275052823224,0.13940707666560387,0.12637960298146866,0.11138162133253347,-0.01356299375784689,0.017258102878660128,0.023473582310733883,-0.025193681863405263,-0.010875303468675858,-0.00210911715984667,-0.0057849703898477005,-0.025193681863405287,0.02347358231073397,0.01725810287866013,-0.013562993757846881,0.11138162133253343,0.12637960298146858,0.13940707666560384,0.26461275052823235,0.5239220984793295,0.20079350711829744,-0.4329182953400455,0.14633778193997607,-0.2625751841235781,-1.414022088755929,-1.5788449453289346,-0.22119169366297214,-3.5769239856178494,1.86876948236825,0.0,-8.224563914713324
449,-2.782509061329799,1.8723432621125722,-3.566752027456064,-0.08123862956230479,-1.5539002488924785,-1.4690043662474757,-0.2714727380395955,0.16098830651408266,-0.4333673422809672,0.16894111263221886,0.51509233259821,0.2763767784261477,0.13763060670131258,0.12269768855136569,0.12219586047119865,-0.006242070158873713,0.021838660312842876,0.03297976569593467,-0.017315755762684473,-0.007742142806548408,-0.003253268903261235,-0.005482053987176796,-0.017315755762684515,0.032979765695934735,0.021838660312842886,-0.006242070158873693,0.12219586047119868,0.12269768855136567,0.13763060670131258,0.2763767784261478,0.5150923325982099,0.1689411126322188,-0.433367342280967,0.16098830651408275,-0.27147273803959543,-1.4690043662474754,-1.553900248892478,-0.08123862956230259,-3.566752027456064,1.8723432621125717,0.0,-7.9528950744661016
450,-2.513307217323316,1.8758084405097277,-3.555752553387098,0.05875684158664433,-1.5275135653700636,-1.5218567278461725,-0.27980352438746614,0.17518138555829182,-0.4322081389224326,0.13629529993174005,0.5032763110001085,0.28620222179984506,0.13470538270311586,0.11781400751815052,0.1316222164005596,0.0011602283706363763,0.026095340577603026,0.04193388372685673,-0.009112923421976189,-0.004447150937181887,-0.004322086486974722,-0.005039208565226935,-0.009112923421976223,0.04193388372685679,0.026095340577603054,0.0011602283706363807,0.1316222164005596,0.11781400751815051,0.13470538270311583,0.28620222179984517,0.5032763110001084,0.13629529993174005,-0.4322081389224324,0.17518138555829185,-0.27980352438746614,-1.5218567278461728,-1.5275135653700636,0.05875684158664488,-3.5557525533870984,1.8758084405097282,0.0,-7.688600193293239
451,-2.246958542736257,1.8791648165693062,-3.543928115379714,0.19872164131448009,-1.4997093810547504,-1.5725025426804369,-0.2875501505569662,0.18887668968033364,-0.42944498713254925,0.10300938742477786,0.48854253725189306,0.2940201622236292,0.13065582048191893,0.11177639325859866,0.13955362591021916,0.008547401548994613,0.029965015187239638,0.05018604879093882,-0.0007390996602229775,-0.0010592018823279425,-0.005290819889720187,-0.004467737720374687,-0.0007390996602230077,0.05018604879093885,0.02996501518723967,0.008547401548994617,0.1395536259102191,0.11177639325859862,0.13065582048191893,0.29402016222362926,0.488542537251893,0.10300938742477786,-0.42944498713254925,0.18887668968033372,-0.28755015055696614,-1.572502542680437,-1.4997093810547504,0.19872164131448064,-3.543928115379714,1.8791648165693062,0.0,-7.432527233137042
452,-1.984106237519205,1.882412195611747,-3.5312814568011186,0.33858270716247274,-1.470513497650828,-1.620868379160547,-0.2946964435190574,0.20203530390689825,-0.42508814112122173,0.06923969969600252,0.470976430633378,0.29977576246260956,0.12551572030242059,0.10464398138696064,0.1459000051786622,0.01582314627659573,0.033390295124239626,0.057598123629363736,0.007648592285793763,0.0023508872858783486,-0.006137036684594022,-0.003782228203325854,0.007648592285793721,0.05759812362936377,0.033390295124239674,0.015823146276595743,0.1459000051786622,0.10464398138696061,0.1255157203024206,0.2997757624626097,0.470976430633378,0.06923969969600259,-0.42508814112122156,0.20203530390689825,-0.2946964435190573,-1.6208683791605472,-1.470513497650828,0.3385827071624733,-3.5312814568011195,1.882412195611747,0.0,-7.185380286793298
453,-1.7253935016227278,1.8855503892796344,-3.5178155117804772,0.4782670308215948,-1.4399530083303733,-1.6668841114474267,-0.30122748359114965,0.2146198382598689,-0.41915376938620846,0.035144833341122075,0.45067983091773567,0.3034286511165029,0.11932798476424891,0.09648663054921566,0.15058927293249222,0.022892612094097934,0.036320381944257824,0.06404603368807485,0.015892768961969953,0.005711836708530623,-0.006841141494434859,-0.0030001775933912946,0.01589276896196991,0.06404603368807488,0.036320381944257865,0.02289261209409794,0.1505892729324922,0.09648663054921565,0.11932798476424891,0.30342865111650297,0.45067983091773556,0.03514483334112218,-0.41915376938620835,0.2146198382598689,-0.30122748359114965,-1.6668841114474269,-1.4399530083303733,0.4782670308215959,-3.5178155117804772,1.8855503892796344,0.0,-6.9477047341089335
454,-1.4714635349973975,1.8885792155486216,-3.5035334045281696,0.6177016962432963,-1.408056272591348,-1.7104830211284072,-0.30712963558568834,0.22659453399930823,-0.4116638947109288,0.0008849121308518685,0.427770407953846,0.30495320579599905,0.11214426070912448,0.08738423819023339,0.15356816913528593,0.029663637703215538,0.03871182113992812,0.06942184406590464,0.023838739780013676,0.008953393677027681,-0.007386829751201093,-0.002141547674079641,0.02383873978001363,0.06942184406590464,0.03871182113992816,0.02966363770321554,0.15356816913528587,0.08738423819023339,0.11214426070912449,0.3049532057959991,0.4277704079538459,0.0008849121308518685,-0.4116638947109288,0.22659453399930832,-0.30712963558568823,-1.7104830211284074,-1.408056272591348,0.6177016962432968,-3.5035334045281696,1.8885792155486212,0.0,-6.7198740760460804
455,-1.2229595375938125,1.8914984987379877,-3.488438448610951,0.7568139177021085,-1.3748528899405736,-1.7516018939525486,-0.31239057727703534,0.2379253652313082,-0.40264631243668825,-0.03337916499736993,0.40238097947353907,0.3043387328454123,0.1040245081429252,0.0774259579955853,0.15480285990751433,0.036047952430184556,0.040529146590781384,0.07363556629270644,0.03133740957267242,0.01200780109999912,-0.007761465251890564,-0.0012282549100615955,0.031337409572672385,0.07363556629270643,0.04052914659078143,0.03604795243018456,0.15480285990751427,0.0774259579955853,0.10402450814292526,0.3043387328454124,0.40238097947353907,-0.03337916499736986,-0.4026463124366882,0.23792536523130825,-0.31239057727703534,-1.7516018939525486,-1.3748528899405736,0.756813917702109,-3.488438448610951,1.8914984987379875,0.0,-6.502078703646835
456,-0.980524709362502,1.8943080695208288,-3.472534146183174,0.8955310777902344,-1.340373672426011,-1.7901811114852584,-0.3169993251272112,0.24858013559198788,-0.39213448731262224,-0.06748647958817418,0.37465874107875236,0.30158954235099283,0.09503649977070774,0.06670932667279746,0.1542793218069361,0.04196232696898795,0.04174540654178729,0.07661666469289606,0.03824807615861311,0.01481121380524773,-0.007956372768147467,-0.00028361103104331356,0.03824807615861308,0.07661666469289606,0.04174540654178736,0.04196232696898797,0.15427932180693602,0.06670932667279746,0.09503649977070777,0.30158954235099295,0.37465874107875236,-0.06748647958817425,-0.3921344873126222,0.24858013559198788,-0.3169993251272112,-1.7901811114852593,-1.340373672426011,0.8955310777902361,-3.4725341461831754,1.8943080695208288,0.0,-6.294316836347802
457,-0.7448022502541001,1.8970077649338803,-3.4558241871742608,1.0337807653242663,-1.3046506160438145,-1.8261647375493248,-0.32094625721679193,0.25852856973291277,-0.3801674293061515,-0.10127684940871666,0.3447644128727661,0.2967249179087684,0.08525525532189009,0.05533930862481544,0.15200350110486033,0.04732965840264229,0.0423425633100216,0.0783152371186046,0.04444107042451387,0.017305033072262187,-0.007967038933756691,0.0006682719983962173,0.04444107042451383,0.07831523711860457,0.04234256331002165,0.04732965840264229,0.15200350110486027,0.05533930862481541,0.08525525532189011,0.2967249179087685,0.3447644128727661,-0.1012768494087167,-0.3801674293061513,0.25852856973291277,-0.32094625721679193,-1.8261647375493257,-1.304650616043815,1.0337807653242679,-3.4558241871742625,1.8970077649338801,0.0,-6.096387837101336
458,-0.516435360219134,1.899597428386967,-3.438312448432613,1.171490813144249,-1.2677168710467193,-1.8595005993270233,-0.32422313333308383,0.26774239934798183,-0.3667895488348244,-0.13459158073152483,0.31287130768293303,0.28977898136397323,0.07476241538708277,0.04342726787265845,0.14800124624924282,0.05207997535763433,0.04231176079162869,0.07870285028753975,0.04980018938687374,0.019437131500050133,-0.007793216758184318,0.0016030974349032637,0.04980018938687373,0.0787028502875397,0.042311760791628766,0.05207997535763433,0.14800124624924274,0.04342726787265846,0.07476241538708281,0.28977898136397334,0.31287130768293314,-0.13459158073152483,-0.36678954883482434,0.2677423993479818,-0.32422313333308383,-1.859500599327024,-1.2677168710467193,1.1714908131442499,-3.4383124484326144,1.899597428386967,0.0,-5.907888080717281
459,-0.29606723920821665,1.9020769096720869,-3.4200029928261446,1.3085893357853706,-1.229606711181292,-1.8901403630057159,-0.3268231121736379,0.2761954434973371,-0.3520504919567884,-0.1672742136267006,0.2791643262768984,0.2808004534708207,0.06364555999293207,0.031089877296801058,0.14231801428168916,0.05615135018778229,0.04165345580183101,0.07777301574240301,0.05422487658049597,0.021162942607323015,-0.007438931346001641,0.00249700392891187,0.054224876580495955,0.07777301574240296,0.041653455801831094,0.0561513501877823,0.14231801428168908,0.031089877296801093,0.06364555999293214,0.2808004534708208,0.27916432627689836,-0.1672742136267006,-0.35205049195678834,0.27619544349733716,-0.32682311217363785,-1.8901403630057168,-1.229606711181292,1.3085893357853706,-3.4200029928261464,1.902076909672087,0.0,-5.728209517177432
460,-0.08434108717188238,1.9044460649721249,-3.4009000682996646,1.4450047670026074,-1.1903555018826115,-1.9180396038572594,-0.32874076562918836,0.28386368300005893,-0.33600495613150844,-0.1991712567632733,0.24383888539755597,0.26985231215141786,0.05199747760258914,0.018447975880753646,0.1350183545428393,0.05949070629580987,0.04037741130015347,0.07554129846453221,0.057632108861666635,0.022446392389514496,-0.0069123866897511654,0.0033271745838124255,0.057632108861666614,0.07554129846453216,0.04037741130015354,0.059490706295809874,0.13501835454283928,0.018447975880753663,0.05199747760258922,0.2698523121514179,0.24383888539755597,-0.1991712567632733,-0.3360049561315084,0.283863683000059,-0.3287407656291883,-1.9180396038572596,-1.1903555018826115,1.445004767002607,-3.400900068299665,1.9044460649721249,0.0,-5.556541033899218
461,0.11809989593923831,1.906704756869192,-3.381008106889324,1.5806658971287213,-1.149999667455878,-1.9431578706496122,-0.3299720901161958,0.29072532868425854,-0.3187124872344538,-0.23013290826876937,0.20709978483147748,0.2570113507508915,0.03991539064320062,0.005625385149607746,0.12618517553013434,0.06205451006796191,0.038502551601336074,0.07204505632362893,0.05995795422277304,0.023260653360633616,-0.006225775694600974,0.004072419355536391,0.05995795422277304,0.07204505632362887,0.038502551601336164,0.06205451006796192,0.12618517553013428,0.00562538514960778,0.039915390643200724,0.25701135075089154,0.20709978483147748,-0.2301329082687693,-0.31871248723445383,0.29072532868425854,-0.32997209011619577,-1.9431578706496122,-1.149999667455878,1.5806658971287217,-3.3810081068893245,1.906704756869192,0.0,-5.391872680600531
462,0.3106125101746251,1.9088528543525987,-3.3603317236943386,1.7155019102461364,-1.1085766572754172,-1.9654587442972562,-0.3305145149353323,0.29676088330063904,-0.30023725857904404,-0.2600137592615399,0.16916002007900127,0.24236763938724842,0.027500144024668827,-0.00725230360402136,0.11591880323489044,0.06380933840123591,0.03605668171922211,0.06734281472505707,0.06115877138812235,0.023588705318488747,-0.005394997833942061,0.004713715926851202,0.06115877138812235,0.067342814725057,0.03605668171922218,0.06380933840123593,0.11591880323489034,-0.007252303604021351,0.02750014402466892,0.24236763938724842,0.16916002007900127,-0.2600137592615399,-0.3002372585790439,0.29676088330063916,-0.33051451493533224,-1.965458744297256,-1.108576657275417,1.7155019102461369,-3.3603317236943395,1.9088528543525987,0.0,-5.233002778164858
463,0.49255355558366887,1.9108902328264514,-3.338875715806254,1.8494424211532687,-1.0661249110324416,-1.9849098906653861,-0.330366907638464,0.3019531969235972,-0.2806478327659155,-0.2886734767517636,0.13023954750954486,0.22602389317421237,0.014855363422828522,-0.02005895942809944,0.1043358416539541,0.06473231442464354,0.03307607500587839,0.061513286922814686,0.061212028682201595,0.023423691111810096,-0.004439290974022823,0.005234695250589329,0.06121202868220161,0.06151328692281459,0.03307607500587846,0.06473231442464354,0.104335841653954,-0.02005895942809942,0.014855363422828607,0.22602389317421243,0.1302395475095449,-0.2886734767517635,-0.2806478327659154,0.3019531969235973,-0.3303669076384638,-1.9849098906653866,-1.0661249110324416,1.8494424211532687,-3.3388757158062545,1.9108902328264517,0.0,-5.0785478893894815
464,0.6632798322158031,1.912816774116882,-3.3166450611959815,1.9824175121060175,-1.022683823063816,-2.0014831074513175,-0.32952957639292024,0.3062875156824448,-0.26001690724329823,-0.3159774627039353,0.09056400916117127,0.20809475174850245,0.0020865903525531873,-0.03266914710499004,0.0915678484180847,0.06481140573420979,0.02960493520144514,0.054654056397666746,0.06011672680544756,0.022769059972799363,-0.0033807858932552097,0.005622059368356747,0.06011672680544757,0.054654056397666656,0.029604935201445207,0.0648114057342098,0.0915678484180846,-0.032669147104990005,0.002086590352553273,0.20809475174850245,0.0905640091611713,-0.31597746270393523,-0.2600169072432982,0.3062875156824448,-0.32952957639292024,-2.001483107451317,-1.0226838230638158,1.9824175121060186,-3.3166450611959815,1.912816774116882,0.0,-4.926955585415762
465,0.8221481401204542,1.9146323664789,-3.2936449175588605,2.1143577693152458,-0.9782937057949324,-2.0151543650751247,-0.3280042693381171,0.30975152368428027,-0.23842104452274474,-0.34179748616560895,0.05036342457740499,0.18870597515514964,-0.010699598749970004,-0.04495935573087753,0.07775984057908944,0.06404558125375992,0.025694740872758658,0.046879943356792915,0.05789341758472268,0.021638495419078137,-0.002243993811944136,0.005865920839929437,0.05789341758472269,0.04687994335679284,0.025694740872758717,0.06404558125375992,0.07775984057908934,-0.04495935573087752,-0.0106995987499699,0.18870597515514964,0.050363424577405,-0.34179748616560895,-0.2384210445227447,0.30975152368428027,-0.3280042693381171,-2.015154365075125,-0.9782937057949321,2.1143577693152467,-3.293644917558862,1.9146323664789002,0.0,-4.7765198977092
466,0.9685152793470344,1.9163369046028758,-3.26988062111804,2.245194319181194,-0.9329957523306199,-2.0259038415202393,-0.32579417093587726,0.3123353780093894,-0.21594038805139268,-0.36601228549365006,0.009870857265391867,0.16799356173113952,-0.023396482083087762,-0.05680920844743433,0.06306864752676747,0.06244482467657418,0.021403481963017175,0.0383210826989576,0.0545838183466707,0.020055629232074646,-0.0010552387994324567,0.005960055119427893,0.05458381834667072,0.03832108269895749,0.02140348196301723,0.06244482467657418,0.06306864752676739,-0.0568092084474343,-0.023396482083087672,0.16799356173113955,0.00987085726539197,-0.36601228549365,-0.21594038805139262,0.31233537800938943,-0.3257941709358772,-2.0259038415202393,-0.9329957523306198,2.2451943191811945,-3.2698806211180402,1.9163369046028758,0.0,-4.625399302404654
467,1.1017380499449843,1.9179302896206467,-3.2453576853864208,2.3748588642459025,-0.886831998228799,-2.033715951073475,-0.322903895322065,0.3140317366797335,-0.1926583647951777,-0.3885081378496946,-0.03067893649336647,0.14610279417479302,-0.035898083248842326,-0.06810264147697487,0.04766112974299881,0.060030004312677826,0.016794799774802294,0.029120745619136922,0.05025002914970308,0.01805354749045486,0.0001579517979027013,0.0059020594363866025,0.0502500291497031,0.02912074561913683,0.016794799774802343,0.06003000431267784,0.047661129742998735,-0.06810264147697484,-0.035898083248842236,0.14610279417479302,-0.030678936493366386,-0.3885081378496946,-0.1926583647951777,0.3140317366797334,-0.322903895322065,-2.033715951073475,-0.886831998228799,2.3748588642459025,-3.2453576853864226,1.9179302896206467,0.0,-4.471637042384098
468,1.2211732519637195,1.9194124291112538,-3.220081799887486,2.503283718844898,-0.8398452824923609,-2.038579366922825,-0.3193394766734184,0.3148357795210546,-0.16866137563672434,-0.40917939329022285,-0.07105086864616361,0.12318722049202312,-0.048100055800511965,-0.07872904091299754,0.0317122836241155,0.05683260103850609,0.011937043140895205,0.019432941317889914,0.04497336756217678,0.01567409898380241,0.0013674847922784626,0.0056934141262910175,0.044973367562176805,0.019432941317889828,0.011937043140895238,0.05683260103850609,0.03171228362411543,-0.07872904091299747,-0.048100055800511854,0.1231872204920231,-0.07105086864616365,-0.40917939329022285,-0.16866137563672426,0.3148357795210546,-0.3193394766734184,-2.038579366922826,-0.8398452824923608,2.503283718844899,-3.220081799887486,1.9194124291112538,0.0,-4.313183553317422
469,1.3261776854526701,1.9207832371063036,-3.1940588288352743,2.6304018444395125,-0.7920792078154628,-2.040487037580256,-0.3151083566096889,0.31474522185931936,-0.1440384747368675,-0.42792897094293864,-0.1110108822956879,0.09940757696739752,-0.0599005541855245,-0.08858432613178134,0.0154032538967131,0.052894297895535854,0.006902254780299502,0.00941983896170066,0.03885284285054179,0.012967020462525587,0.0025453516930131373,0.005339444845124663,0.03885284285054181,0.009419838961700566,0.006902254780299525,0.05289429789553584,0.015403253896713065,-0.0885843261317813,-0.059900554185524396,0.0994075769673975,-0.11101088229568783,-0.4279289709429386,-0.1440384747368675,0.31474522185931936,-0.3151083566096888,-2.0404870375802564,-0.7920792078154627,2.6304018444395125,-3.1940588288352743,1.9207832371063032,0.0,-4.147920723751653
470,1.4161081504612483,1.922042634094949,-3.1672948097738414,2.7561468846113946,-0.7435781001211362,-2.0394361971056885,-0.3102193686573895,0.31376032101258045,-0.11888103904971106,-0.44466881493920124,-0.15032730864848326,0.07493066071459109,-0.07120108381429135,-0.09757196921352677,-0.0010807237983983479,0.04826643668809416,0.0017651028722675886,-0.0007509469505691804,0.03200329820720975,0.009988897008575963,0.0036642772837489268,0.004849186632397251,0.032003298207209784,-0.0007509469505692579,0.0017651028722676086,0.04826643668809414,-0.0010807237983983737,-0.09757196921352669,-0.07120108381429126,0.07493066071459112,-0.15032730864848326,-0.44466881493920124,-0.11888103904971106,0.31376032101258045,-0.3102193686573895,-2.0394361971056885,-0.7435781001211361,2.7561468846113937,-3.1672948097738405,1.922042634094949,0.0,-3.973687686817577
471,1.4903214470388981,1.9231905470285082,-3.1397959521764944,2.880453199700957,-0.694386967427753,-2.03542836911735,-0.30468271980758854,0.3118838755598124,-0.0932824292176709,-0.45932030796126044,-0.18877221011834047,0.04992815971447726,-0.08190732315973759,-0.10560394038828573,-0.017552426786265937,0.04300934866442157,-0.0033982263064311364,-0.010909162373462823,0.024553255876672463,0.0068019792579728,0.004698351219644179,0.004235153292434829,0.024553255876672498,-0.010909162373462912,-0.003398226306431114,0.04300934866442158,-0.017552426786266017,-0.10560394038828569,-0.0819073231597375,0.04992815971447724,-0.18877221011834033,-0.45932030796126044,-0.0932824292176708,0.31188387555981234,-0.3046827198075885,-2.035428369117351,-0.6943869674277531,2.880453199700958,-3.139795952176495,1.9231905470285082,0.0,-3.788307812821532
472,1.580654398293504,1.9242269093246964,-3.1115686360051487,3.0032559010716757,-0.6445514580825207,-2.028469364582671,-0.29850996920624995,0.3091212173887964,-0.0673376431049408,-0.4718146404621048,-0.22612270179795732,0.024575448547299657,-0.0919299110257542,-0.1126015702464797,-0.03382477180631643,0.03719156800658665,-0.008511158258312,-0.020884763685446263,0.016642505613101603,0.0034728821983026716,0.005623628018986216,0.0035130179804574195,0.01664250561310163,-0.020884763685446353,-0.00851115825831199,0.037191568006586635,-0.03382477180631654,-0.11260157024647963,-0.09192991102575411,0.024575448547299622,-0.22612270179795718,-0.4718146404621048,-0.06733764310494063,0.3091212173887964,-0.2985099692062499,-2.028469364582672,-0.6445514580825206,3.0032559010716757,-3.11156863600515,1.9242269093246964,0.0,-3.589616548425745
473,1.718137844599113,1.9251516608714914,-3.082619410230118,3.1244908849823365,-0.5941178184007667,-2.01856927339294,-0.2917140040216117,0.3054801965456531,-0.04114296325513716,-0.48209313382391,-0.2621622436376156,-0.0009496417340018711,-0.10118519241352068,-0.11849632026905582,-0.049712939877430105,0.030888938382613057,-0.013497865899464948,-0.03051076413703141,0.008419481718692395,7.119273975880551e-05,0.006418681555548754,0.002701213146460595,0.00841948171869243,-0.030510764137031476,-0.013497865899464953,0.030888938382613026,-0.04971293987743018,-0.11849632026905575,-0.10118519241352064,-0.0009496417340019227,-0.2621622436376155,-0.48209313382391,-0.041142963255137055,0.30548019654565295,-0.2917140040216118,-2.01856927339294,-0.5941178184007667,3.1244908849823365,-3.08261941023012,1.9251516608714914,0.0,-3.3754897297418696
474,1.9009196119043956,1.9259647480306166,-3.0529549913107057,3.244094866049571,-0.543132849750321,-2.0057424497339236,-0.2843090125389828,0.300971158929069,-0.014795599581427137,-0.49010751593740215,-0.296681895839448,-0.02646807096085602,-0.10959591676021574,-0.1232304541302979,-0.06503647544565067,0.02418362420827909,-0.01828439410936434,-0.03962602912833703,3.84778790035856e-05,-0.0033319848348415133,0.007065101211619163,0.0018204600483036988,3.847787900361144e-05,-0.03962602912833709,-0.018284394109364357,0.02418362420827907,-0.06503647544565068,-0.12323045413029786,-0.10959591676021567,-0.02646807096085602,-0.29668189583944776,-0.49010751593740215,-0.014795599581427102,0.30097115892906906,-0.2843090125389827,-2.005742449733924,-0.5431328497503208,3.244094866049571,-3.052954991310707,1.9259647480306168,0.0,-3.1438719838357043
475,2.1271475261579837,1.926666123640656,-3.0225822616369227,3.3620054102832104,-0.49164386512082,-1.9900074912736712,-0.27631045453913167,0.2956069168926029,0.011606671384863293,-0.49582014790789813,-0.32948153018912824,-0.0518008456872025,-0.11709188272216356,-0.12675760319819443,-0.0796213359727095,0.01716303950830356,-0.022799756518618656,-0.04807797352449086,-0.00834324794493823,-0.0066655151371300195,0.007547918202552717,0.0008932398431479432,-0.00834324794493822,-0.04807797352449092,-0.022799756518618677,0.01716303950830354,-0.07962133597270953,-0.1267576031981944,-0.11709188272216346,-0.0518008456872025,-0.329481530189128,-0.49582014790789797,0.011606671384863362,0.295606916892603,-0.27631045453913156,-1.9900074912736705,-0.4916438651208197,3.3620054102832095,-3.0225822616369244,1.9266661236406561,0.0,-2.892804826143937
476,2.3949694133085515,1.9272557470197866,-2.991508267932725,3.4781609676771885,-0.4396986452182373,-1.9713872121976719,-0.26773502902210905,0.2894027128386007,0.037965869348393244,-0.4992042008233178,-0.3603709903022707,-0.07677027469990957,-0.12361052412063987,-0.12904322069355137,-0.09330186868643019,0.009918708340851224,-0.026976988268803574,-0.0557251158571154,-0.01656842424506922,-0.00985971859044854,0.007855952200690382,-5.678024240391059e-05,-0.016568424245069185,-0.05572511585711546,-0.0269769882688036,0.009918708340851188,-0.09330186868643019,-0.12904322069355134,-0.12361052412063979,-0.07677027469990955,-0.36037099030227066,-0.49920420082331757,0.037965869348393244,0.28940271283860064,-0.2677350290221091,-1.9713872121976714,-0.4396986452182372,3.4781609676771867,-2.991508267932725,1.9272557470197873,0.0,-2.620454060318224
477,2.702533099304741,1.9277335839681407,-2.9597402196211062,3.592500904339022,-0.38734539412538355,-1.9499086101304712,-0.258600639343888,0.2823761759071689,0.06418417386012948,-0.5002437817539899,-0.3891711940589923,-0.10120121539496293,-0.12909743215965408,-0.13006492005957346,-0.1059226920413618,0.0025450716414664454,-0.030754139131475983,-0.06243944665579771,-0.024482716948910174,-0.012847827916805193,0.007982070232060719,-0.0010053510165019574,-0.024482716948910146,-0.062439446655797724,-0.030754139131476024,0.00254507164146642,-0.10592269204136183,-0.13006492005957346,-0.12909743215965405,-0.10120121539496296,-0.38917119405899214,-0.5002437817539898,0.06418417386012948,0.2823761759071689,-0.2586006393438879,-1.9499086101304706,-0.38734539412538305,3.5925009043390217,-2.959740219621107,1.9277335839681407,0.0,-2.325136092120526
478,3.047986410095195,1.9280996067697866,-2.9272854871514618,3.7049655341410586,-0.3346326945695203,-1.9256028269916907,-0.24892635583860886,0.27454727188327377,0.09016428733447084,-0.4989340083925066,-0.4157151718352548,-0.12492230227699362,-0.13350680955694058,-0.12981269422774128,-0.11734046052028017,-0.004861743958950278,-0.03407519225796658,-0.06810857126481785,-0.03193762528526709,-0.015567383749106193,0.0079233518507372,-0.0019282602808630904,-0.031937625285267085,-0.06810857126481787,-0.03407519225796663,-0.004861743958950303,-0.11734046052028013,-0.1298126942277412,-0.13350680955694053,-0.12492230227699372,-0.4157151718352546,-0.49893400839250646,0.0901642873344709,0.2745472718832737,-0.24892635583860878,-1.925602826991691,-0.3346326945695197,3.704965534141058,-2.927285487151462,1.9280996067697875,0.0,-2.0053427801780535
479,3.4294771716285837,1.9283537941943398,-2.894151600289578,3.815496149876989,-0.28160946283860083,-1.8985051038432272,-0.23873237600446418,0.2659382464643036,0.11580979612599819,-0.49528103198308276,-0.4398490345118281,-0.1477671489651016,-0.13680185279768847,-0.12828901363237769,-0.12742549273219125,-0.012205179291782942,-0.03689089493447788,-0.07263759127541863,-0.03879326819609015,-0.01796154019668636,0.007681156765999182,-0.002801950845326909,-0.03879326819609014,-0.07263759127541866,-0.03689089493447794,-0.012205179291782985,-0.12742549273219123,-0.12828901363237763,-0.13680185279768847,-0.14776714896510168,-0.43984903451182783,-0.4952810319830826,0.11580979612599818,0.2659382464643035,-0.23873237600446418,-1.8985051038432266,-0.28160946283860055,3.815496149876989,-2.894151600289578,1.9283537941943398,0.0,-1.6597644635445714
480,3.8451532098535495,1.92849613149819,-2.8603462463706633,3.9240350539073625,-0.22832490338797312,-1.8686547297930762,-0.2280399823363447,0.2565735620492978,0.1410255283258717,-0.48930200843273747,-0.4614328656488241,-0.1695755152737694,-0.13895505932047342,-0.12550880201389658,-0.136063244315132,-0.019389501447131155,-0.03915948902201505,-0.07595069307934886,-0.04492100901132117,-0.01998025307437472,0.00726109335629155,-0.003604121823378124,-0.044921009011321136,-0.07595069307934885,-0.03915948902201511,-0.01938950144713116,-0.136063244315132,-0.12550880201389653,-0.13895505932047336,-0.16957551527376946,-0.46143286564882396,-0.48930200843273747,0.14102552832587167,0.2565735620492978,-0.22803998233634468,-1.8686547297930767,-0.22832490338797326,3.9240350539073616,-2.860346246370664,1.9284961314981903,0.0,-1.2873108288854314
481,4.293162350718738,1.9285266104253616,-2.8258772685158267,4.030525588278094,-0.1748284631796696,-1.8360949850298882,-0.21687149789328297,0.24647982822945802,0.16571790695007593,-0.4810250177399697,-0.4803415326534081,-0.19019443118263132,-0.13994845707141734,-0.1214992902477294,-0.14315560891474735,-0.026321051798695205,-0.04084733024839678,-0.07799241695206074,-0.05020586913833149,-0.02158132595797342,0.006672888799087946,-0.004314297860612109,-0.050205869138331465,-0.07799241695206072,-0.040847330248396846,-0.02632105179869521,-0.14315560891474732,-0.12149929024772933,-0.13994845707141734,-0.19019443118263138,-0.48034153265340784,-0.48102501773996975,0.16571790695007602,0.24647982822945805,-0.21687149789328286,-1.8360949850298884,-0.17482846317966946,4.030525588278094,-2.8258772685158267,1.9285266104253622,0.0,-0.8871293083856273
482,4.771652420172806,1.9284452292079877,-2.7907526638124067,4.13491216429626,-0.12116978579665515,-1.8008730780708258,-0.20525023969345674,0.23568572617744732,0.1897952972088096,-0.47048893211932685,-0.4964654122379299,-0.20947926981125736,-0.1397737545105714,-0.11629974963060766,-0.14862203246231426,-0.032909466987202436,-0.04192938716796642,-0.07872858542172133,-0.05454868547640177,-0.022731292200831196,0.005930163823988943,-0.004914351766629424,-0.05454868547640176,-0.0787285854217213,-0.04192938716796649,-0.03290946698720245,-0.1486220324623142,-0.11629974963060759,-0.1397737545105714,-0.20947926981125745,-0.4964654122379297,-0.47048893211932685,0.18979529720880953,0.2356857261774472,-0.20525023969345685,-1.8008730780708255,-0.12116978579665501,4.13491216429626,-2.7907526638124076,1.9284452292079877,0.0,-0.45862073275975
483,5.2787712441644175,1.9282519925664148,-2.7549805814585824,4.237140291547717,-0.06739866537461556,-1.7630400773137325,-0.19320047003405402,0.2242219271503268,0.21316834656828482,-0.4577432334412052,-0.5097110259626184,-0.22729476187280512,-0.13843240981846902,-0.10996110723653704,-0.15240042809640092,-0.03906885694498822,-0.04238961238920617,-0.07814687538358944,-0.05786797107534072,-0.0234061144750382,0.005050117304973879,-0.005388967210219188,-0.05786797107534069,-0.07814687538358941,-0.04238961238920623,-0.0390688569449882,-0.15240042809640084,-0.10996110723653697,-0.13843240981846902,-0.22729476187280515,-0.5097110259626183,-0.45774323344120543,0.21316834656828473,0.22422192715032677,-0.19320047003405394,-1.763040077313733,-0.06739866537461556,4.237140291547718,-2.754980581458583,1.9282519925664148,0.0,-0.0014520015190870872
484,5.81266664864221,1.9279469117089303,-2.718569320872691,4.337156606341434,-0.013565000394036856,-1.722650836992836,-0.18074734583762944,0.21212100533770162,0.23575031634294724,-0.4428477808442651,-0.5200015821782741,-0.2435159444908762,-0.1359356187252086,-0.10254544710987239,-0.15444788133661141,-0.044718924604379845,-0.04222118056478166,-0.07625702438283899,-0.06010144412555385,-0.023591687214986095,0.004053127995530177,-0.005726029667571257,-0.060101444125553814,-0.07625702438283893,-0.042221180564781725,-0.044718924604379845,-0.15444788133661133,-0.10254544710987233,-0.1359356187252086,-0.2435159444908763,-0.520001582178274,-0.44284778084426507,0.23575031634294735,0.21212100533770156,-0.18074734583762941,-1.7226508369928362,-0.013565000394036443,4.337156606341435,-2.718569320872691,1.9279469117089303,0.0,0.4844344256552897
485,6.371486459554841,1.9275300043311094,-2.681527329767694,4.434908899565646,0.0402812526245473,-1.679763917645351,-0.1679168661307064,0.19941734530271615,0.2574574035875607,-0.42587252961184774,-0.5272774212270356,-0.2580290377243085,-0.13230422106365108,-0.09412540218107458,-0.1547411375001523,-0.049786012692772295,-0.041426589614517395,-0.07309066761275432,-0.06120719659017557,-0.023284131460897643,0.002962282629060846,-0.005916935644593209,-0.06120719659017556,-0.07309066761275423,-0.04142658961451746,-0.049786012692772316,-0.15474113750015223,-0.09412540218107456,-0.13230422106365114,-0.2580290377243087,-0.5272774212270357,-0.42587252961184785,0.25745740358756064,0.19941734530271613,-0.1679168661307064,-1.679763917645351,0.04028125262454688,4.434908899565644,-2.681527329767694,1.9275300043311094,0.0,0.9988143676226453
486,6.953378502850974,1.9270012946147905,-2.6438632021912403,4.530346143941326,0.09409012547916464,-1.6344415012043012,-0.1547358177642745,0.1861470442789035,0.278209052094595,-0.4068972026326682,-0.5314963613201629,-0.27073224265171264,-0.12756852682670008,-0.08478344286105033,-0.1532768658252136,-0.05420406396782093,-0.040017623680120476,-0.06870080835686887,-0.06116448055149667,-0.02248987593931806,0.0018028413120896411,-0.005956812280455566,-0.06116448055149667,-0.0687008083568688,-0.040017623680120545,-0.05420406396782093,-0.15327686582521355,-0.08478344286105033,-0.12756852682670008,-0.2707322426517128,-0.5314963613201626,-0.40689720263266804,0.2782090520945951,0.18614704427890347,-0.15473581776427445,-1.6344415012043019,0.0940901254791645,4.530346143941328,-2.643863202191241,1.9270012946147907,0.0,1.5411791942426143
487,7.556490604479244,1.9263608132266734,-2.605585676531772,4.623418520658734,0.1478116846558589,-1.586749300840662,-0.1412317194895065,0.17234780960051158,0.2979282513427915,-0.3860109159887441,-0.5326339430876063,-0.281536455417763,-0.1217680631805028,-0.0746110692819618,-0.15007169730128764,-0.057915482374616814,-0.03801517836105116,-0.06316093073959028,-0.05997409751698262,-0.021225522685772307,0.0006016525898595237,-0.005844641727001154,-0.05997409751698262,-0.0631609307395902,-0.03801517836105123,-0.057915482374616814,-0.15007169730128753,-0.07461106928196173,-0.12176806318050287,-0.28153645541776307,-0.5326339430876061,-0.38601091598874415,0.29792825134279166,0.1723478096005115,-0.14123171948950644,-1.5867493008406621,0.1478116846558589,4.623418520658735,-2.605585676531773,1.9263608132266734,0.0,2.110736586922131
488,8.178970590388307,1.9256085973165384,-2.5667036334911537,4.7140774453831185,0.20139607766594755,-1.536756465685539,-0.1274327645054487,0.15805885155775545,0.3165418222874879,-0.3633117604289542,-0.5306835713815807,-0.2903658922327218,-0.11495124454516399,-0.06370791509613001,-0.1451620357767551,-0.06087188389834443,-0.03544895082337059,-0.05656376963743775,-0.057658383380093096,-0.019517500018428946,-0.0006134682706711241,-0.00558328712924343,-0.05765838338009312,-0.056563769637437686,-0.03544895082337066,-0.06087188389834443,-0.14516203577675504,-0.06370791509612997,-0.11495124454516405,-0.2903658922327219,-0.5306835713815806,-0.3633117604289542,0.31654182228748784,0.15805885155775534,-0.12743276450544874,-1.536756465685539,0.2013960776659477,4.7140774453831185,-2.5667036334911546,1.9256085973165389,0.0,2.7064147912379655
489,8.81896628652682,1.9247446905150933,-2.5272260940242677,4.802275593616044,0.25479357930809654,-1.4845354805705455,-0.11336776159863252,0.1433207719814454,0.3339806889321215,-0.3389063406938025,-0.5256565535120356,-0.2971586209412738,-0.10717496849669111,-0.05218077161090409,-0.13860364448915122,-0.06303472732390858,-0.03235699937739139,-0.04901975834198379,-0.05426078931809198,-0.017401510116536605,-0.0018143833836756571,-0.005179419543803473,-0.054260789318092,-0.04901975834198371,-0.03235699937739148,-0.06303472732390858,-0.13860364448915113,-0.05218077161090409,-0.10717496849669116,-0.29715862094127393,-0.5256565535120354,-0.33890634069380254,0.33398068893212135,0.14332077198144538,-0.11336776159863252,-1.4845354805705457,0.2547935793080968,4.802275593616045,-2.5272260940242686,1.924744690515094,0.0,3.3268703150642276
490,9.474625518843439,1.9237691429314412,-2.4871622172460826,4.887966925399052,0.3079546378122718,-1.4301620609317234,-0.09906607499749227,0.1281754488735772,0.3501801346730926,-0.3129092748549132,-0.5175820336923523,-0.3018669954320974,-0.09850414086303588,-0.04014254181763945,-0.13047101271424202,-0.06437581667961433,-0.02878517905579282,-0.04065517995987343,-0.04984506649072176,-0.01492178275070081,-0.002973283818014131,-0.00464334766068714,-0.049845066490721776,-0.04065517995987333,-0.02878517905579287,-0.06437581667961431,-0.13047101271424197,-0.04014254181763944,-0.0985041408630359,-0.30186699543209755,-0.517582033692352,-0.3129092748549132,0.3501801346730927,0.12817544887357715,-0.09906607499749222,-1.4301620609317234,0.30795463781227206,4.887966925399051,-2.487162217246083,1.923769142931442,0.0,3.9704989756783053
491,10.144096113286803,1.9226820111501766,-2.446521298306663,4.97110670934679,0.3608299208227475,-1.3737150430293974,-0.08455756306715823,0.11266591741170237,0.3650800424666787,-0.2854426560205663,-0.5065068240753186,-0.30445798984110173,-0.08901113397808672,-0.027711134559582632,-0.12085650972742139,-0.06487766881477817,-0.024786461562831107,-0.0316100534945916,-0.04449406983774543,-0.012130150764007018,-0.004063333553365389,-0.00398875467474128,-0.04449406983774546,-0.03161005349459151,-0.02478646156283118,-0.06487766881477816,-0.12085650972742132,-0.027711134559582674,-0.08901113397808678,-0.3044579898411018,-0.5065068240753183,-0.2854426560205663,0.36508004246667863,0.11266591741170229,-0.0845575630671583,-1.3737150430293972,0.3608299208227475,4.971106709346788,-2.446521298306663,1.922682011150177,0.0,4.63545015077359
492,10.82552589580557,1.9214833582280986,-2.4053127662346165,5.05165154599707,0.41337036117750886,-1.3152762696431382,-0.06987251597261555,0.0968362476652044,0.37862511792672476,-0.2566354789353305,-0.4924951333589532,-0.30491343020413464,-0.07877518261537518,-0.015008309669773868,-0.10986933568661408,-0.06453374131933436,-0.020420149680105002,-0.022035789995949608,-0.03830820342044285,-0.009084966628873028,-0.00505929090719813,-0.003232349023125498,-0.03830820342044288,-0.022035789995949528,-0.020420149680105054,-0.06453374131933436,-0.109869335686614,-0.01500830966977385,-0.07877518261537524,-0.30491343020413464,-0.4924951333589531,-0.2566354789353305,0.3786251179267247,0.09683624766520436,-0.06987251597261555,-1.3152762696431377,0.4133703611775094,5.051651545997071,-2.4053127662346165,1.9214833582280988,0.0,5.319644041957253
493,11.517062692348404,1.9201732536905585,-2.363546181749482,5.129559390465645,0.46552720244155654,-1.254930471407553,-0.05504159244037213,0.08073141937094812,0.39076509452518554,-0.22662303416672228,-0.4756281945355925,-0.30323012193428284,-0.06788172264342347,-0.0021584853903005444,-0.09763428135240847,-0.06334851781415529,-0.015750997779592258,-0.012092658012216345,-0.03140353647808122,-0.005849882726450635,-0.005938093042538169,-0.0023934379036994313,-0.03140353647808123,-0.012092658012216227,-0.0157509977795923,-0.06334851781415528,-0.09763428135240833,-0.002158485390300553,-0.06788172264342354,-0.30323012193428295,-0.47562819453559235,-0.2266230341667223,0.39076509452518543,0.08073141937094797,-0.05504159244037207,-1.2549304714075529,0.46552720244155654,5.129559390465644,-2.3635461817494825,1.9201732536905594,0.0,6.020791715906737
494,12.216854328863942,1.918751773527425,-2.321231235043567,5.204789574393879,0.51725204415186,-1.192765143960969,-0.040095755750661634,0.06439719412412308,0.40145492013400463,-0.1955462727240435,-0.45600379394236784,-0.2994198722296041,-0.05642167792274425,0.010712480246324622,-0.08429031073234025,-0.06133744950019671,-0.010848251487145312,-0.0019471007720019754,-0.023909625548957442,-0.0024925208439543324,-0.006679390021406825,-0.0014934344602369454,-0.02390962554895748,-0.0019471007720018936,-0.010848251487145353,-0.06133744950019673,-0.08429031073234014,0.010712480246324596,-0.05642167792274435,-0.29941987222960414,-0.4560037939423677,-0.1955462727240436,0.4014549201340045,0.06439719412412294,-0.04009575575066172,-1.1927651439609683,0.5172520441518602,5.204789574393881,-2.3212312350435664,1.9187517735274255,0.0,6.736417648600442
495,12.92304863130084,1.9172190001886757,-2.2783777435337353,5.277302827177888,0.5684968867319856,-1.1288704210851188,-0.025066209093814438,0.047879985347451186,0.41065492421606664,-0.16355114409341412,-0.4337357043434128,-0.29350940725411606,-0.044490701396510096,0.02347852213786109,-0.06998898274745341,-0.05852675372846374,-0.005784620738669052,0.008231049995025833,-0.015967083520903442,0.0009169412990673184,-0.0072660160371485,-0.0005553112135278722,-0.01596708352090348,0.008231049995025903,-0.005784620738669082,-0.058526753728463735,-0.06998898274745333,0.023478522137861054,-0.0444907013965102,-0.2935094072541161,-0.4337357043434128,-0.1635511440934141,0.4106549242160666,0.04787998534745114,-0.025066209093814455,-1.128870421085119,0.5684968867319857,5.277302827177888,-2.278377743533736,1.9172190001886762,0.0,7.463884462567075
496,13.633793425607749,1.9155750225796162,-2.2349956495836913,5.347061296468012,0.6192141760346986,-1.063338944019777,-0.009984330425755594,0.031226726408236333,0.41833096504476613,-0.13078791079786392,-0.4089530253305149,-0.28554018467295855,-0.032188376709241934,0.03601460286118943,-0.05489272984762343,-0.054953072216746036,-0.0006352014590198574,0.01827141695929758,-0.007724941224663471,0.004307236950188313,-0.007684386913579551,0.0003969863105023154,-0.007724941224663501,0.018271416959297643,-0.0006352014590198812,-0.054953072216746036,-0.054892729847623334,0.03601460286118938,-0.032188376709242024,-0.2855401846729586,-0.4089530253305149,-0.13078791079786395,0.4183309650447662,0.031226726408236233,-0.009984330425755559,-1.063338944019777,0.6192141760346987,5.347061296468012,-2.2349956495836927,1.9155750225796162,0.0,8.200419516483029
497,14.347236537733323,1.9138199360557224,-2.191095018197271,5.414028567927978,0.6693568474712253,-0.9962657271418159,0.005118393041364334,0.014484737258001356,0.4244545564058525,-0.09741044270159795,-0.38179943486624657,-0.27556810285665984,-0.019617387017322168,0.04819793735552251,-0.039173013126886404,-0.05066299336879037,0.004523638144386077,0.02800592922557637,0.0006621489238001227,0.007607499987221634,-0.007924814666289056,0.0013391507885563614,0.0006621489238000925,0.02800592922557643,0.004523638144386057,-0.050662993368790356,-0.03917301312688632,0.04819793735552244,-0.01961738701732226,-0.2755681028566599,-0.38179943486624657,-0.09741044270159797,0.4244545564058524,0.01448473725800127,0.005118393041364239,-0.9962657271418158,0.6693568474712253,5.414028567927978,-2.191095018197271,1.9138199360557215,0.0,8.943142981175162
498,15.061525793626224,1.9119538424171096,-2.1466860346832712,5.478169684243401,0.7188783696862113,-0.9277480202034469,0.0202104305766377,-0.0022984100263484337,0.42900297331135495,-0.06357549437267548,-0.3524323563087684,-0.2636631087942304,-0.006882657928977751,0.059909195544779005,-0.02300837489271176,-0.04571244492320988,0.00961539015648797,0.03727163575859526,0.009036814762283138,0.010748746207106872,-0.007981731841968423,0.0022471335425800227,0.009036814762283104,0.037271635758595316,0.009615390156487958,-0.04571244492320986,-0.023008374892711684,0.05990919554477892,-0.006882657928977815,-0.2636631087942304,-0.3524323563087683,-0.06357549437267553,0.42900297331135473,-0.0022984100263484853,0.02021043057663772,-0.9277480202034472,0.7188783696862117,5.478169684243402,-2.1466860346832726,1.9119538424171096,0.0,9.689097016554156
499,15.774809019235093,1.9099768499026293,-2.10177900229238,5.539451163369704,0.7677327877378503,-0.8578851673293726,0.03526027375872545,-0.019075026417770712,0.4319593363332765,-0.02944196889791301,-0.32102204574749066,-0.24990870746529176,0.0059095182726898905,0.07103367111999385,-0.006582410807859043,-0.04016596484988076,0.014564541601422946,0.04591343310471075,0.017241917253597423,0.013665315277723923,-0.007853820440867285,0.003097758380476338,0.017241917253597385,0.045913433104710785,0.01456454160142294,-0.040165964849880734,-0.006582410807858966,0.07103367111999379,0.00590951827268977,-0.24990870746529176,-0.3210220457474906,-0.029441968897912976,0.4319593363332765,-0.019075026417770813,0.03526027375872545,-0.8578851673293726,0.7677327877378503,5.539451163369702,-2.1017790022923806,1.9099768499026288,0.0,10.435275650510615
500,16.485234040508573,1.9078890731835891,-2.0563843398267356,5.597841016009945,0.8158747657431125,-0.7867784629773044,0.05023650225760513,-0.0357974414466442,0.4333126742440894,0.004829828392557554,-0.2877506049407771,-0.23440137611264258,0.018652369813826678,0.08146240503408747,0.00991831536305571,-0.034095859998806925,0.01929769433397205,0.0537866617488288,0.025123498982559875,0.01629624321203618,-0.007544042436989237,0.0038693131666808693,0.025123498982559847,0.053786661748828804,0.019297694333972052,-0.03409585999880691,0.009918315363055744,0.08146240503408735,0.018652369813826564,-0.23440137611264267,-0.2877506049407771,0.004829828392557519,0.43331267424408937,-0.03579744144664429,0.05023650225760505,-0.7867784629773046,0.8158747657431128,5.597841016009945,-2.0563843398267356,1.9078890731835891,0.0,11.178654953550367
501,17.19094868339534,1.9056906333571018,-2.0105125792226763,5.653308762313429,0.863259628948503,-0.7145310050706857,0.0651078494324065,-0.052418138655595733,0.43305796473157016,0.03907894278625212,-0.2528109255782011,-0.21724988752371963,0.031239536616088255,0.09109325270488651,0.026306390718272652,-0.027581263469751104,0.023744653567115272,0.0607595276448423,0.03253367295423898,0.01858653667623318,-0.007059571189287986,0.0045421040228031204,0.03253367295423896,0.06075952764484232,0.02374465356711528,-0.02758126346975109,0.02630639071827274,0.09109325270488645,0.031239536616088144,-0.21724988752371968,-0.2528109255782011,0.039078942786252145,0.43305796473157004,-0.052418138655595824,0.06510784943240648,-0.7145310050706858,0.863259628948503,5.653308762313429,-2.0105125792226777,1.9056906333571015,0.0,11.9162231020179
502,17.89010077384404,1.9033816579390634,-1.964174363107248,5.70582544778636,0.9098434051873012,-0.6412475455165555,0.07984326760838265,-0.0688898906167044,0.43119615303687975,0.0731445260990687,-0.21640557098801072,-0.19857454706764666,0.043565958046624845,0.09983188447364133,0.04239568182798,-0.02070710299126086,0.02783946889234144,0.06671530838432929,0.03933339748915,0.020488322495471237,-0.006411625332137195,0.005098958012404075,0.03933339748914996,0.0667153083843293,0.027839468892341453,-0.020707102991260856,0.04239568182798008,0.09983188447364126,0.04356595804662475,-0.1985745470676467,-0.21640557098801075,0.07314452609906873,0.4311961530368797,-0.06888989061670453,0.07984326760838271,-0.6412475455165557,0.9098434051873014,5.70582544778636,-1.964174363107249,1.903381657939063,0.0,12.645009928143129
503,18.580838137803305,1.9009622808567535,-1.9173804423290237,5.755363658406264,0.9555828656848148,-0.5670343383252988,0.09441199289673384,-0.08516589312743306,0.42773414844672153,0.10686659208572079,-0.17874560177311813,-0.17850634883950925,0.055528749822054066,0.10759270952001478,0.05800344881134487,-0.0135629937578469,0.03152141235391316,0.0715543070733135,0.04539508514832303,0.021961848329509717,-0.005615208991581079,0.005525661478918386,0.04539508514832302,0.0715543070733135,0.031521412353913196,-0.013562993757846883,0.058003448811344914,0.10759270952001469,0.05552874982205396,-0.17850634883950933,-0.17874560177311816,0.10686659208572082,0.4277341484467213,-0.08516589312743311,0.09441199289673377,-0.5670343383252988,0.955582865684815,5.755363658406264,-1.9173804423290246,1.9009622808567535,0.0,13.36211556672433
504,19.261308601221813,1.8984326424410698,-1.870141673463819,5.8018975349322774,1.0004355651737868,-0.4919989855524905,0.108783609421957,-0.10119989820397243,0.4226847986525928,0.14008676780214452,-0.1400493521840102,-0.15718605683089745,0.06702806274721382,0.11429971418422687,0.07295242087009789,-0.006242070158873725,0.03473587907180461,0.0751955212101332,0.05060499673536884,0.022976313601482654,-0.004688764343035224,0.005811322848178423,0.05060499673536883,0.07519552121013318,0.034735879071804664,-0.00624207015887371,0.07295242087009793,0.1142997141842268,0.06702806274721371,-0.15718605683089754,-0.14004935218401016,0.1400867678021445,0.42268479865259273,-0.10119989820397253,0.10878360942195689,-0.4919989855524904,1.0004355651737868,5.801897534932277,-1.8701416734638208,1.8984326424410707,0.0,14.064737825803846
505,19.9296599900482,1.8957928894183877,-1.8224690162958794,5.845402786403817,1.0443598812827177,-0.41625028128620006,0.12292811282263005,-0.11694634549409931,0.416066842072289,0.17264903739116727,-0.10054116432257447,-0.13476321757164295,0.07796791612110648,0.11988720648538108,0.08707280970505527,0.0011602283706363633,0.03743519705666845,0.07757799862820894,0.054865375455399955,0.02351051331120241,-0.0036537445559679704,0.00594865063503283,0.05486537545539992,0.07757799862820892,0.0374351970566685,0.0011602283706363848,0.08707280970505528,0.11988720648538102,0.07796791612110637,-0.134763217571643,-0.10054116432257444,0.17264903739116727,0.41606684207228894,-0.11694634549409945,0.12292811282263005,-0.4162502812861998,1.0443598812827184,5.845402786403816,-1.8224690162958794,1.8957928894183877,0.0,14.7501979318764
506,20.584040130231116,1.893043174902049,-1.7743735312751132,5.885856702820609,1.0873150531605587,-0.3398980539059652,0.13681597289305775,-0.1323604917361408,0.40790483831059277,0.20440047479831008,-0.06045008751531449,-0.11139511116836151,0.08825699885388946,0.12430045954376227,0.10020423794748035,0.008547401548994596,0.039579334206911204,0.078661857805883,0.05809628118626291,0.02355328127559918,-0.00253411701464766,0.005934139557961351,0.05809628118626291,0.07866185780588296,0.039579334206911274,0.008547401548994622,0.10020423794748032,0.1243004595437622,0.08825699885388934,-0.11139511116836152,-0.06045008751531453,0.20440047479831003,0.40790483831059277,-0.13236049173614092,0.13681597289305766,-0.339898053905965,1.0873150531605587,5.8858567028206075,-1.7743735312751139,1.893043174902049,0.0,15.415964328573843
507,21.22259684771924,1.890183658383482,-1.7258663769509839,5.923238166997441,1.1292612193019351,-0.2630530068421431,0.15041819523499675,-0.14739853789619,0.39822907701721494,0.23519196197658182,-0.020008550396358373,-0.08724564809751102,0.09780943160827174,0.1274962476050856,0.11219756070243503,0.01582314627659573,0.04113649200279189,0.0784289554638359,0.06023709044451551,0.023103723531401735,-0.0013558083185997722,0.005768160011124288,0.060237090444515494,0.07842895546383585,0.04113649200279197,0.015823146276595756,0.11219756070243503,0.12749624760508552,0.09780943160827164,-0.08724564809751101,-0.02000855039635834,0.23519196197658188,0.39822907701721477,-0.14739853789619023,0.1504181952349967,-0.26305300684214294,1.1292612193019358,5.92323816699744,-1.7258663769509848,1.8901836583834817,0.0,16.05967424088792
508,21.843477968461197,1.8872145057229495,-1.6769588073836308,5.957527665587469,1.1701594545377931,-0.18582655806651652,0.16370638179074962,-0.1620177536223149,0.38707546548022126,0.26487888920727637,0.020548986601120926,-0.06248421949116815,0.10654548360399146,0.12944326941658846,0.122916559515291,0.022892612094097934,0.042083577092793104,0.07688319027482238,0.06124763390135903,0.022171237021328005,-0.0001461039145933282,0.005454948610079163,0.06124763390135903,0.07688319027482232,0.042083577092793166,0.022892612094097965,0.12291655951529093,0.12944326941658835,0.10654548360399138,-0.062484219491168135,0.02054898660112089,0.26487888920727637,0.38707546548022115,-0.16201775362231505,0.16370638179074956,-0.18582655806651632,1.170159454537794,5.957527665587468,-1.6769588073836301,1.8872145057229497,0.0,16.679152754242597
509,22.444831318405637,1.88413588913993,-1.6276621695328322,5.988707299268284,1.209971806157146,-0.10833067854688799,0.17665279013124724,-0.17617659866212496,0.3744853953720899,0.2933218342477702,0.060987390532871624,-0.03728450897994447,0.114392238102461,0.13012245480819498,0.13223948952156955,0.029663637703215527,0.04240654377842607,0.07405043760177164,0.06110895010461046,0.020775313173194563,0.0010669837374513876,0.0050025000524845115,0.06110895010461047,0.07405043760177157,0.042406543778426155,0.02966363770321556,0.13223948952156953,0.1301224548081949,0.11439223810246095,-0.03728450897994443,0.06098739053287156,0.29332183424777014,0.3744853953720898,-0.17617659866212507,0.1766527901312472,-0.10833067854688776,1.209971806157146,5.988707299268285,-1.6276621695328317,1.88413588913993,0.0,17.272429198458727
510,23.024804723501237,1.880947987203126,-1.5779879006254192,6.016760792085483,1.2486613291263993,-0.03067772989988236,0.18923039137534164,-0.18983484089869046,0.36050558914291364,0.3203872171167631,0.10107221913042155,-0.011823274427109244,0.12128420101701448,0.12952715147593274,0.14006046220780283,0.03604795243018456,0.042100602318266137,0.06997811635670542,0.05982364126416271,0.018945130477659854,0.0022553638335990065,0.0044223630540382265,0.05982364126416274,0.06997811635670537,0.042100602318266206,0.03604795243018456,0.14006046220780283,0.12952715147593272,0.1212842010170144,-0.011823274427109244,0.1010722191304215,0.32038721711676316,0.3605055891429135,-0.18983484089869052,0.18923039137534164,-0.030677729899882156,1.2486613291263995,6.016760792085483,-1.57798790062542,1.8809479872031256,0.0,17.837750670164127
511,23.58154600969662,1.877650984820109,-1.527947525501748,6.0416734999488,1.2861921203735749,0.04701969852265813,0.20141292661938848,-0.2029536706694175,0.3451879266307901,0.34594792744180985,0.14057107998373466,0.013720891900821193,0.1271638475689026,0.1276631901381461,0.1462906480782141,0.041962326968987954,0.04117028996197539,0.06473439523104563,0.057415824425110194,0.016718944580801063,0.0033915177092045524,0.0037293455683704447,0.057415824425110215,0.06473439523104557,0.04117028996197544,0.041962326968987974,0.14629064807821407,0.12766319013814598,0.1271638475689025,0.01372089190082121,0.1405710799837346,0.34594792744180985,0.34518792663078995,-0.20295367066941755,0.2014129266193885,0.047019698522658436,1.2861921203735749,6.041673499948799,-1.527947525501748,1.877650984820109,0.0,18.37359257274418
512,24.11320300294047,1.8742450732265927,-1.4775526539418344,6.06343241827641,1.3225293521056127,0.12464895287746865,0.21317496175930803,-0.21549581104304294,0.3285892525328591,0.36988392142286136,0.17925497783978037,0.03916881603051459,0.13198210242629102,0.12454882742633051,0.15085928556750125,0.04732965840264227,0.03962940366084652,0.0584070515846337,0.053930678944708633,0.01414328864019863,0.004449136073503879,0.002941136815131226,0.05393067894470866,0.058407051584633635,0.0396294036608466,0.04732965840264229,0.1508592855675012,0.12454882742633044,0.13198210242629096,0.039168816030514635,0.17925497783978037,0.36988392142286136,0.32858925253285887,-0.215495811043043,0.21317496175930797,0.12464895287746902,1.3225293521056127,6.063432418276408,-1.4775526539418342,1.8742450732265925,0.0,18.8786660997278
513,24.617923529181407,1.8707304499753419,-1.4268149779717965,6.0820261887834075,1.357639304127839,0.20209747816716472,0.22449194059066932,-0.22742562374139927,0.31077116545147004,0.3920827856082218,0.21689964220603336,0.06434199905850944,0.1356987493187116,0.12021456706994686,0.15371448474063426,0.05207997535763433,0.037500795452800516,0.051102002095107756,0.04943359876413886,0.01127200065919544,0.005403728239397907,0.0020778557639779018,0.04943359876413889,0.05110200209510769,0.03750079545280058,0.05207997535763433,0.15371448474063423,0.12021456706994686,0.1356987493187115,0.0643419990585095,0.21689964220603342,0.3920827856082218,0.3107711654514698,-0.22742562374139935,0.22449194059066932,0.20209747816716486,1.3576393041278385,6.0820261887834075,-1.426814977971797,1.8707304499753414,0.0,19.351922634771437
514,25.093855414368104,1.867107318924713,-1.375746269151202,6.097445105410894,1.3914893951356029,0.2792529814342284,0.23534023607593885,-0.23870921040497486,0.29179978929834566,0.412440264835194,0.2532868275621021,0.08906386919277134,0.13828276670805872,0.11470286112662555,0.1548238166513598,0.05615135018778231,0.0348160335563707,0.04294152976385847,0.0440089653815241,0.008165098130610638,0.006233189240831489,0.001161537599374644,0.04400896538152413,0.04294152976385839,0.034816033556370765,0.0561513501877823,0.15482381665135972,0.11470286112662553,0.1382827667080586,0.0890638691927714,0.253286827562102,0.41244026483519397,0.2917997892983455,-0.238709210404975,0.23534023607593876,0.27925298143422855,1.3914893951356029,6.097445105410892,-1.3757462691512024,1.8671073189247123,0.0,19.792555088349193
515,25.5391464844492,1.8633758902268291,-1.3243583758419737,6.109681119392591,1.4240482129490515,0.35600359457506275,0.24569719967185902,-0.24931450891452503,0.27174552790506845,0.4308607518559848,0.2882055786414883,0.1131610202769477,0.1397125867144048,0.108067694184072,0.1541746816655617,0.05949070629580987,0.031614934199802464,0.03406223695762695,0.03775856454966724,0.004887523512822765,0.006918311705341451,0.00021557127415197026,0.0377585645496673,0.03406223695762689,0.031614934199802526,0.059490706295809874,0.15417468166556159,0.10806769418407197,0.13971258671440479,0.1131610202769478,0.2882055786414885,0.4308607518559848,0.27174552790506834,-0.2493145089145251,0.245697199671859,0.35600359457506275,1.4240482129490517,6.109681119392589,-1.3243583758419735,1.8633758902268285,0.0,20.199996237102972
516,25.95194456537337,1.859536380315392,-1.2726632204594688,6.118727843456354,1.4552855436629795,0.43223803653804327,0.25554120861397456,-0.25921138449503744,0.25068280375054836,0.44725773634937777,0.3214534534479881,0.13646442810996218,0.1399762751354717,0.10037405460622184,0.15177445256611397,0.06205451006796192,0.027944971128453514,0.024612758750840718,0.030799676406988243,0.0015077867610814256,0.007443230628622597,-0.000735897491770369,0.030799676406988274,0.02461275875084064,0.027944971128453587,0.06205451006796193,0.15177445256611388,0.10037405460622181,0.13997627513547165,0.13646442810996226,0.32145345344798804,0.4472577363493777,0.2506828037505481,-0.25921138449503744,0.25554120861397456,0.4322380365380438,1.4552855436629788,6.118727843456354,-1.2726632204594694,1.859536380315392,0.0,20.573914175802273
517,26.330397483089232,1.8555890118931293,-1.2206727967063828,6.124580555158365,1.485172399684699,0.5078457746704096,0.2648517110595877,-0.26837171534318177,0.22868978177506563,0.46155421120943185,0.35283769691627603,0.1588106360293416,0.13907163105719925,0.09169729800254257,0.14765039081386122,0.06380933840123591,0.023860571547766288,0.014751274846232485,0.023262874877716496,-0.001903466711276134,0.0077957907517115675,-0.0016685825290840258,0.023262874877716513,0.0147512748462324,0.023860571547766343,0.0638093384012359,0.14765039081386117,0.09169729800254252,0.1390716310571992,0.15881063602934167,0.3528376969162759,0.46155421120943196,0.2286897817750654,-0.26837171534318177,0.2648517110595878,0.50784577467041,1.485172399684699,6.124580555158365,-1.2206727967063835,1.8555890118931293,0.0,20.914205033297943
518,26.672653063545482,1.8515340139188727,-1.1683991667901095,6.127236199348269,1.513681046633929,0.582717184980041,0.27360926899489496,-0.2767694725349349,0.20584807930583254,0.4736830342030993,0.38217635841236086,0.18004290144225968,0.13700620522399715,0.08212240915500317,0.14184933691582247,0.06473231442464354,0.01942230894329498,0.004642861722989706,0.015289577632554199,-0.005274932708315538,0.007967828033637023,-0.0025586771217528705,0.015289577632554242,0.004642861722989637,0.01942230894329504,0.06473231442464354,0.14184933691582238,0.08212240915500316,0.13700620522399715,0.18004290144225982,0.38217635841236086,0.47368303420309943,0.2058480793058324,-0.2767694725349349,0.27360926899489496,0.5827171849800415,1.513681046633929,6.127236199348269,-1.1683991667901095,1.8515340139188725,0.0,21.22098314206921
519,26.97685913269074,1.8473716215942821,-1.1158544586242083,6.126693389763991,1.5407850290797183,0.656743711079766,0.28179559881672583,-0.28438079398632493,0.18224246317055434,0.48358724329827063,0.4092993465951828,0.20001229526220662,0.13379723701535012,0.0717431696317924,0.13443717841737196,0.0648114057342098,0.014696004748630252,-0.005543270663803967,0.007029392581414908,-0.00853613869728979,0.007955358701628714,-0.003383461671664771,0.0070293925814149385,-0.005543270663804048,0.01469600474863031,0.0648114057342098,0.13443717841737188,0.07174316963179245,0.13379723701535012,0.20001229526220665,0.40929934659518274,0.48358724329827063,0.18224246317055406,-0.28438079398632504,0.2817955988167257,0.6567437110797664,1.5407850290797183,6.12669338976399,-1.1158544586242092,1.8473716215942828,0.0,21.494568885362945
520,27.24116351647367,1.8431020763502026,-1.0630508630146331,6.1229524097553645,1.5664591950905375,0.7298180215837462,0.2893936095041596,-0.2911840522571363,0.15796053512301944,0.49122032418133116,0.43404941552377807,0.21857874653952497,0.12947151055480963,0.060661239240621244,0.1254981015608672,0.06404558125375993,0.009751752183890452,-0.015636611376117906,-0.0013626893123643861,-0.011618916870469419,0.007758671501153679,-0.004121883614679431,-0.001362689312364356,-0.015636611376117986,0.009751752183890489,0.06404558125375992,0.12549810156086716,0.06066123924062122,0.12947151055480963,0.21857874653952505,0.43404941552377785,0.49122032418133116,0.1579605351230193,-0.29118405225713634,0.2893936095041596,0.7298180215837463,1.5664591950905378,6.122952409755364,-1.0630508630146327,1.8431020763502024,0.0,21.735474475986724
521,27.463714040842902,1.8387256258326568,-1.0100006308313585,6.116015212136224,1.5906797195747453,0.8018341657277244,0.29638743830032777,-0.2971599160049124,0.13309240674812084,0.49654642870785815,0.4562830762930393,0.2356120249584813,0.12406513115238062,0.0489851603183449,0.1151336351102776,0.06244482467657418,0.004662876741694573,-0.025468202763750027,-0.009729202223373331,-0.014458829032140193,0.007382321009596189,-0.004755094785758384,-0.009729202223373295,-0.02546820276375011,0.0046628767416946205,0.06244482467657418,0.11513363511027755,0.04898516031834493,0.12406513115238059,0.23561202495848133,0.4562830762930393,0.49654642870785815,0.1330924067481208,-0.2971599160049125,0.2963874383003277,0.8018341657277244,1.590679719574745,6.116015212136223,-1.0100006308313574,1.8387256258326568,0.0,21.944387946101802
522,27.642658531747095,1.8342425238884872,-0.9567160701660795,6.105885418165029,1.6134241263897795,0.8726877269875022,0.3027624838299043,-0.3022914049146361,0.10773036505275506,0.4995405432605189,0.475871428912849,0.2509926543093602,0.1176232239462588,0.03682929460942476,0.10346149720191897,0.060030004312677854,-0.0004951512629219062,-0.03487346873381423,-0.017913160092846863,-0.016996513526871607,0.006835022168412868,-0.00526693251697227,-0.01791316009284683,-0.034873468733814285,-0.0004951512629218836,0.06003000431267785,0.10346149720191887,0.03682929460942475,0.11762322394625883,0.25099265430936024,0.4758714289128489,0.4995405432605189,0.10773036505275496,-0.3022914049146362,0.3027624838299042,0.8726877269875024,1.6134241263897793,6.105885418165028,-0.9567160701660804,1.834242523888487,0.0,22.122155647516898
523,27.77614481513494,1.8296530305506262,-0.9032095434766363,6.092568315654542,1.6346713091995493,0.9422759744729218,0.3085054365831471,-0.3065639379480052,0.08196852998360923,0.5001886062234929,0.492700909607753,0.26461275052823224,0.11019955725925007,0.024312703146007128,0.09061425831859836,0.05683260103850609,-0.005645835951273845,-0.043694969675073705,-0.025761002255225266,-0.019178926054702287,0.006129448476023901,-0.005644332188394641,-0.02576100225522525,-0.04369496967507377,-0.005645835951273823,0.05683260103850609,0.09061425831859825,0.02431270314600712,0.11019955725925011,0.26461275052823235,0.49270090960775287,0.5001886062234929,0.08196852998360916,-0.30656393794800524,0.3085054365831471,0.9422759744729223,1.6346713091995497,6.092568315654538,-0.9032095434766361,1.8296530305506267,0.0,22.269763576752972
524,27.86232071695506,1.824957412023017,-0.8494934647188144,6.076070856211548,1.6544015510606749,1.010498011877832,0.3136043067028448,-0.3099653747752047,0.055902505142806314,0.49848757402170923,0.5066739492046957,0.2763767784261477,0.10185609381358215,0.011557980100672813,0.07673783557291942,0.05289429789553584,-0.010712790349363996,-0.05178503792101721,-0.03312547479194219,-0.020960448436931928,0.005281938514576623,-0.0058776607015514825,-0.03312547479194217,-0.05178503792101726,-0.010712790349363987,0.05289429789553583,0.07673783557291933,0.011557980100672839,0.10185609381358222,0.2763767784261478,0.5066739492046956,0.4984875740217091,0.055902505142806244,-0.3099653747752047,0.31360430670284467,1.0104980118778315,1.6544015510606749,6.076070856211547,-0.8494934647188135,1.8249574120230165,0.0,22.388317848371372
525,27.899334063156097,1.8201559406651722,-0.7955802964662113,6.056401651608101,1.672596542719402,1.0772549237700852,0.31804844901615636,-0.3124860502714467,0.029629022997622597,0.49444543541474906,0.5177095387918,0.28620222179984506,0.09266247354996072,-0.0013099479662753053,0.061989835401464216,0.048266436688094154,-0.01562086924111509,-0.05900824963529873,-0.03986839354781611,-0.022303842156389832,0.004312117606379905,-0.005960962363541522,-0.039868393547816086,-0.05900824963529876,-0.015620869241115092,0.048266436688094154,0.061989835401464126,-0.0013099479662752793,0.09266247354996078,0.28620222179984517,0.5177095387917999,0.49444543541474906,0.029629022997622528,-0.3124860502714468,0.31804844901615625,1.0772549237700855,1.672596542719402,6.056401651608101,-0.7955802964662119,1.8201559406651726,0.0,22.479024643675025
526,27.90428272991759,1.815248894976376,-0.7414825470188131,6.0335709692861,1.6892393996022068,1.1424499190094632,0.32182858525908503,-0.3141188019802583,0.003245585900924239,0.4880811739782847,0.5257436993687797,0.2940201622236292,0.08269543236759556,-0.014165045704174277,0.04653776349329493,0.04300934866442157,-0.02029728360577258,-0.06524369174137187,-0.0458632369658594,-0.023181026740673277,0.0032424433611033016,-0.005892110905653455,-0.04586323696585938,-0.0652436917413719,-0.020297283605772588,0.04300934866442157,0.04653776349329485,-0.014165045704174246,0.08269543236759562,0.29402016222362926,0.5257436993687796,0.4880811739782847,0.0032455859009241357,-0.3141188019802583,0.321828585259085,1.1424499190094635,1.6892393996022073,6.0335709692860995,-0.7414825470188134,1.815248894976376,0.0,22.543169959942603
527,27.895699652501946,1.81023655957953,-0.6872127675009668,6.007590726997638,1.704314677484329,1.2059884710855722,0.3249368234471867,-0.31485899046547916,-0.02314989574548473,0.4794246789492597,0.530729852766177,0.29977576246260956,0.07203816163676957,-0.02688140342944695,0.030557122284153772,0.037191568006586635,-0.02467268011186943,-0.07038698594901131,-0.05099752008954089,-0.023573666718092683,0.0020976856372546693,-0.005672863756216291,-0.05099752008954088,-0.07038698594901133,-0.02467268011186945,0.03719156800658663,0.030557122284153714,-0.026881403429446907,0.07203816163676964,0.2997757624626097,0.530729852766177,0.4794246789492597,-0.023149895745484695,-0.3148589904654791,0.32493682344718666,1.2059884710855724,1.704314677484329,6.007590726997638,-0.6872127675009667,1.8102365595795298,0.0,22.582099477978964
528,27.87388524548217,1.8051192252046442,-0.6327835489494145,5.9784744865838615,1.717808386821692,1.2677784551722469,0.32736667435207023,-0.31470451249414033,-0.04945946684180681,0.46851660485351354,0.5326390916830162,0.3034286511165029,0.060779613829871654,-0.039334470352197504,0.014229417624750917,0.03088893838261306,-0.028682169658371243,-0.07435203599649466,-0.055174905187628444,-0.023473554877396108,0.0009043529601824698,-0.005308817182372276,-0.05517490518762842,-0.07435203599649466,-0.028682169658371264,0.03088893838261305,0.014229417624750856,-0.03933447035219744,0.06077961382987173,0.30342865111650297,0.5326390916830162,0.4685166048535136,-0.04945946684180681,-0.31470451249414033,0.32736667435207023,1.267778455172247,1.717808386821692,5.9784744865838615,-0.6327835489494152,1.8051192252046442,0.0,22.59719885318988
529,27.83913992343129,1.799897188671976,-0.5782075193920713,5.946237446895611,1.7297080057329073,1.3277302816997425,0.32911306504929294,-0.3136558070127654,-0.07558549110707186,0.4554081805751038,0.5314603472773252,0.30495320579599905,0.0490137600665464,-0.05140227449307755,-0.0022599027368813015,0.024183624208279072,-0.032266289709273144,-0.07707246886045423,-0.058317009398651816,-0.02288278382013374,-0.0003099213212742406,-0.004809263445775344,-0.05831700939865179,-0.07707246886045421,-0.03226628970927318,0.024183624208279065,-0.002259902736881336,-0.05140227449307748,0.049013760066546466,0.3049532057959991,0.5314603472773249,0.4554081805751038,-0.07558549110707193,-0.3136558070127654,0.32911306504929283,1.3277302816997425,1.7297080057329075,5.946237446895608,-0.5782075193920719,1.799897188671976,0.0,22.58987471793789
530,27.791764100922315,1.79457075287481,-0.5234973409182169,5.91089643585952,1.740002491619319,1.3857570262510461,0.3301723495093653,-0.311715853900111,-0.10143101341280378,0.4401609687640128,0.5272004533379172,0.3043387328454123,0.03683880576996899,-0.0629666173419062,-0.01872355544454321,0.01716303950830355,-0.03537188614979301,-0.07850274580824167,-0.060364875477033945,-0.021813702219765575,-0.0015170189250550807,-0.004186953618305247,-0.06036487547703394,-0.07850274580824164,-0.03537188614979306,0.017163039508303547,-0.01872355544454321,-0.06296661734190612,0.03683880576996909,0.3043387328454124,0.5272004533379173,0.44016096876401284,-0.10143101341280374,-0.3117158539001109,0.33017234950936525,1.3857570262510461,1.740002491619319,5.910896435859519,-0.523497340918217,1.79457075287481,0.0,22.561536661010926
531,27.732058192528235,1.7891402267618925,-0.46866570674078545,5.872469901693753,1.74868229141231,1.4417745555939703,0.33054231620975355,-0.3088901654998919,-0.12690011958889216,0.4228465767121614,0.5198841066653958,0.30158954235099283,0.024356370980884914,-0.07391423155692059,-0.034974548671599465,0.009918708340851212,-0.03795290158583634,-0.07861892469432516,-0.06128007804437127,-0.020288656701812183,-0.0026889877554796527,-0.0034577721119085315,-0.06128007804437127,-0.07861892469432512,-0.0379529015858364,0.009918708340851205,-0.03497454867159955,-0.07391423155692056,0.024356370980885007,0.30158954235099295,0.5198841066653955,0.42284657671216136,-0.12690011958889227,-0.30889016549989184,0.33054231620975355,1.4417745555939707,1.74868229141231,5.872469901693753,-0.46866570674078617,1.789140226761893,0.0,22.513580424109485
532,27.66032261282208,1.7836059253195116,-0.4137253382514391,5.830977903277916,1.7557393504383452,1.495701649666296,0.3302221927519896,-0.3051867709575508,-0.15189829236641006,0.4035463200555791,0.5095537238920717,0.2967249179087684,0.011670642171043445,-0.08413789036553278,-0.05082830594755947,0.0025450716414664367,-0.03997105839589674,-0.07741906074024578,-0.06104544458858545,-0.01833952474043435,-0.00379868917456221,-0.0026403312301679655,-0.06104544458858545,-0.07741906074024572,-0.03997105839589679,0.0025450716414664367,-0.050828305947559535,-0.08413789036553271,0.01167064217104353,0.2967249179087685,0.5095537238920715,0.4035463200555791,-0.15189829236641023,-0.30518677095755076,0.3302221927519896,1.4957016496662965,1.7557393504383454,5.830977903277915,-0.4137253382514397,1.7836059253195118,0.0,22.44737252587437
533,27.576857776376862,1.777968169553223,-0.35868898206909594,5.786442099682197,1.7611671198935424,1.5474601193370996,0.329212647474246,-0.3006161934055781,-0.1763327621364532,0.38235084088212334,0.4962691955708871,0.28977898136397323,-0.0011124973644613398,-0.0935374578005305,-0.06610476255138562,-0.004861743958950278,-0.0413964264054246,-0.07492323908926996,-0.059665377682393446,-0.016007048335135263,-0.0048204264365336365,-0.0017554960906413168,-0.05966537768239346,-0.0749232390892699,-0.041396426405424666,-0.004861743958950292,-0.06610476255138566,-0.09353745780053042,-0.001112497364461245,0.28977898136397334,0.4962691955708872,0.38235084088212334,-0.17633276213645319,-0.300616193405578,0.3292126474742461,1.5474601193371005,1.7611671198935426,5.786442099682197,-0.3586889820690964,1.777968169553223,0.0,22.36423649172519
534,27.481964097765562,1.7722272864692357,-0.3035694070826114,5.738885738861218,1.7649605629208294,1.596974919773518,0.32751578805601267,-0.29519142006221,-0.20011285122331593,0.35935968203827556,0.4801075389590132,0.2808004534708207,-0.013886351277634245,-0.10202086948514792,-0.08063041066099327,-0.012205179291782942,-0.042207866764797326,-0.07117323859078871,-0.05716577237511145,-0.013339982395499774,-0.005730539733257957,-0.0008258520442914111,-0.057165772375111466,-0.07117323859078864,-0.0422078667647974,-0.012205179291782954,-0.08063041066099329,-0.10202086948514785,-0.013886351277634133,0.2808004534708208,0.48010753895901304,0.3593596820382756,-0.20011285122331593,-0.29519142006221,0.32751578805601267,1.5969749197735186,1.7649605629208294,5.738885738861218,-0.30356940708261176,1.772227286469236,0.0,22.26544083329601
535,27.375941991561213,1.7663836090554426,-0.24837940148829113,5.688333645518452,1.767116159284039,1.6441742592485797,0.32513515711778557,-0.28892786532846965,-0.22315031039438715,0.33468081963424756,0.4611624515091174,0.26985231215141786,-0.02654430072428807,-0.1095050343606749,-0.09424027003042446,-0.01938950144713114,-0.042393345447981116,-0.0662318324425508,-0.05359353030782131,-0.01039407563497608,-0.0065079540714037595,0.00012487181391323702,-0.05359353030782131,-0.06623183244255074,-0.04239334544798118,-0.01938950144713116,-0.09424027003042447,-0.10950503436067484,-0.026544300724287966,0.2698523121514179,0.4611624515091172,0.33468081963424756,-0.22315031039438724,-0.2889278653284696,0.32513515711778546,1.6441742592485797,1.7671161592840394,5.688333645518452,-0.248379401488291,1.7663836090554426,0.0,22.152188885201657
536,27.259091872336835,1.7604374762621051,-0.19313176982292196,5.634812208147581,1.7676319086346153,1.6889897032323469,0.3220757248249571,-0.281843326988409,-0.2453596463579583,0.3084301559429494,0.4395437676569419,0.2570113507508915,-0.03898069427385572,-0.1159166485246029,-0.10677976181202432,-0.026321051798695195,-0.04195011172255751,-0.06018173739764099,-0.049015679668857094,-0.007230905275708176,-0.007134667294480057,0.0010724083283782332,-0.04901567966885713,-0.06018173739764091,-0.0419501117225576,-0.02632105179869522,-0.10677976181202434,-0.11591664852460283,-0.03898069427385558,0.25701135075089154,0.43954376765694186,0.30843015594294937,-0.24535964635795826,-0.2818433269884089,0.32207572482495705,1.6889897032323469,1.7676319086346153,5.634812208147579,-0.19313176982292135,1.7604374762621051,0.0,22.025610569927917
537,27.131714154665428,1.7543892329821957,-0.1378393299930149,5.578349365257549,1.7665073323678961,1.7313562736154424,0.31834387851134566,-0.27395793563700854,-0.26665843903358183,0.28073097507437805,0.4153768220544732,0.24236763938724842,-0.05109172974454262,-0.12119291320814315,-0.11810646424101479,-0.03290946698720245,-0.04088473894432428,-0.05312422912597097,-0.043518117502431904,-0.003916589922161754,-0.007596166948878516,0.001992571700220488,-0.04351811750243192,-0.05312422912597089,-0.040884738944324366,-0.032909466987202464,-0.11810646424101476,-0.1211929132081431,-0.05109172974454253,0.24236763938724842,0.4153768220544732,0.280730975074378,-0.2666584390335817,-0.27395793563700854,0.3183438785113456,1.7313562736154424,1.7665073323678961,5.578349365257548,-0.13783932999301496,1.7543892329821957,0.0,21.88675612449577
538,26.994109253119976,1.7482392300313903,-0.08251491030094601,5.518974590788494,1.763743474067249,1.7712125429210954,0.313947409344032,-0.26529409747943505,-0.28696764741757164,0.2517133639818077,0.388801722940371,0.22602389317421237,-0.06277632060345342,-0.12528214986086228,-0.12809173024164902,-0.039068856944988205,-0.03921302707146803,-0.045177446908463696,-0.037203997969245985,-0.0005204075078802017,-0.007881766340784314,0.0028618748279814086,-0.037203997969246005,-0.04517744690846359,-0.03921302707146811,-0.03906885694498822,-0.12809173024164897,-0.1252821498608622,-0.06277632060345334,0.22602389317421243,0.388801722940371,0.2517133639818077,-0.2869676474175717,-0.265294097479435,0.31394740934403187,1.7712125429210956,1.7637434740672493,5.518974590788493,-0.08251491030094608,1.748239230031391,0.0,21.73659178588045
539,26.846577582273536,1.7419878241277225,-0.02717134646868248,5.4567188787261705,1.7593428985356456,1.8085007233691097,0.3088954960573388,-0.255876430664191,-0.30621190290856226,0.22151360151897942,0.35997253986030003,0.20809475174850245,-0.07393693970015679,-0.12814430631796828,-0.13662214858240676,-0.04471892460437982,-0.03695976834406733,-0.03647441604253127,-0.03019179680114008,0.0028866527960710315,-0.00798485200207042,0.003658128814140425,-0.030191796801140116,-0.03647441604253118,-0.0369597683440674,-0.044718924604379845,-0.13662214858240673,-0.12814430631796822,-0.07393693970015672,0.20809475174850245,0.35997253986030003,0.22151360151897942,-0.30621190290856215,-0.2558764306641909,0.30889549605733885,1.8085007233691095,1.7593428985356456,5.45671887872617,-0.027171346468682064,1.7419878241277225,0.0,21.575997396627507
540,26.68941955669909,1.7356353778708906,0.028178521340210025,5.391614726922913,1.7533096894155804,1.8431667506626204,0.303198685789917,-0.24573169533106537,-0.32431978900457786,0.1902735184175323,0.329056410446371,0.18870597515514964,-0.08448043329134299,-0.1297513490925744,-0.14360083198463697,-0.04978601269277231,-0.034158379604005015,-0.02716082106282435,-0.0226130882676286,0.006233374442038188,-0.007903036834743669,0.0043610093350697834,-0.022613088267628624,-0.02716082106282426,-0.03415837960400509,-0.04978601269277232,-0.143600831984637,-0.1297513490925744,-0.0844804332913429,0.18870597515514964,0.3290564104463709,0.19027351841753223,-0.3243197890045778,-0.24573169533106534,0.303198685789917,1.843166750662621,1.7533096894155802,5.391614726922913,0.0281785213402103,1.7356353778708906,0.0,21.405765858321878
541,26.522935590969634,1.7291822597212274,0.08352185149959131,5.323696120133557,1.7456494453995333,1.8751603623761575,0.2968688720649422,-0.23488871757265212,-0.34122410633364203,0.1581398311904918,0.29623257143414833,0.16799356173113952,-0.09431879856219759,-0.13008753795062178,-0.14894851755449318,-0.05420406396782093,-0.030850406708150827,-0.017392567052462254,-0.01461007636646546,0.00944980211948348,-0.007638215387660803,0.0049525754178797576,-0.014610076366465483,-0.017392567052462143,-0.03085040670815089,-0.05420406396782094,-0.14894851755449318,-0.13008753795062172,-0.09431879856219752,0.16799356173113955,0.2962325714341484,0.15813983119049171,-0.34122410633364203,-0.23488871757265203,0.2968688720649421,1.875160362376158,1.7456494453995335,5.323696120133554,0.08352185149959145,1.7291822597212276,0.0,21.22660432911426
542,26.347426099658225,1.7226288439783284,0.138845803900109,5.252998512275192,1.7363692750344994,1.9044351708313558,0.2899192699593966,-0.22337830752549956,-0.3568621220343824,0.1252634530900826,0.261691319534921,0.14610279417479302,-0.10336991815479561,-0.12914958007912655,-0.1526044670396122,-0.05791548237461679,-0.027084908384590076,-0.007333169867216495,-0.006332926562041516,0.012468704005506688,-0.007196519985502028,0.005417727382413988,-0.006332926562041537,-0.0073331698672163955,-0.02708490838459014,-0.05791548237461682,-0.15260446703961214,-0.1291495800791265,-0.10336991815479551,0.14610279417479302,0.26169131953492103,0.1252634530900826,-0.35686212203438233,-0.22337830752549942,0.28991926995939665,1.9044351708313558,1.7363692750345,5.252998512275191,0.13884580390010956,1.7226288439783284,0.0,21.039137032916013
543,26.163191497337817,1.7159755107593386,0.19413754292821184,5.179558807920016,1.7254777901254088,1.9309487303546549,0.282364388514274,-0.2112331718236319,-0.37117580256116717,0.0917987853558962,0.22563290818759282,0.12318722049202312,-0.11155824557266676,-0.12694666233774682,-0.1545271566855485,-0.06087188389834443,-0.022917728669588293,0.0028489810409652017,0.002063051862142942,0.015226977087290974,-0.006588178725899276,0.0057445922594596185,0.0020630518621429115,0.0028489810409652832,-0.02291772866958834,-0.06087188389834444,-0.15452715668554842,-0.12694666233774676,-0.11155824557266666,0.1231872204920231,0.22563290818759277,0.09179878535589624,-0.371175802561167,-0.21123317182363183,0.282364388514274,1.9309487303546553,1.7254777901254084,5.179558807920015,0.19413754292821145,1.7159755107593389,0.0,20.843909522604513
544,25.97053219858145,1.7092226459769104,0.24938424044411603,5.103415343030924,1.712985097743545,1.9546625988194668,0.27422000044331063,-0.1984878206632065,-0.38411202904981895,0.05790299208200925,0.18826638658629202,0.09940757696739752,-0.11881543574070258,-0.12350036127777907,-0.15469474885667342,-0.0630347273239086,-0.018410668715378966,0.01298344138208179,0.010420319967666477,0.017666966181526782,-0.005827278633001606,0.005924826847401209,0.010420319967666455,0.012983441382081868,-0.018410668715379004,-0.0630347273239086,-0.15469474885667334,-0.12350036127777905,-0.11881543574070251,0.0994075769673975,0.18826638658629202,0.0579029920820092,-0.38411202904981895,-0.19848782066320642,0.2742200004433105,1.9546625988194675,1.7129850977435455,5.10341534303092,0.24938424044411528,1.7092226459769104,0.0,20.64139421802843
545,25.769748617962147,1.7023706413168125,0.30457307875804024,5.024607864949899,1.6989027908473993,1.9755423933835867,0.2655031092034811,-0.18517846974237895,-0.39562279444467313,0.02373526210858051,0.14980838771445423,0.07493066071459109,-0.12508091545734457,-0.11884443180990695,-0.15310534006493576,-0.06437581667961431,-0.013630570251238358,0.02290056518319866,0.018582065161769825,0.019737669079828574,-0.004931439452000537,0.005953830671819908,0.018582065161769804,0.022900565183198718,-0.0136305702512384,-0.06437581667961433,-0.15310534006493565,-0.11884443180990693,-0.1250809154573445,0.07493066071459112,0.14980838771445423,0.02373526210858058,-0.39562279444467285,-0.18517846974237892,0.2655031092034811,1.9755423933835867,1.6989027908473993,5.024607864949898,0.30457307875804013,1.7023706413168125,0.0,20.43199702208308
546,25.561141170052892,1.6954198942152159,0.3596912536040168,4.943177511649677,1.683243937524643,1.9935578403410237,0.2562319134960085,-0.17134293735501435,-0.4056653816554294,-0.010543938595608196,0.11048187241177075,0.04992815971447726,-0.13030238897769006,-0.11302447659060262,-0.14977698258940836,-0.06487766881477817,-0.008648324290532191,0.03243434458012519,0.026395143569065978,0.021395802629426003,-0.003921405638376018,0.005830863412259951,0.026395143569065957,0.03243434458012526,-0.008648324290532234,-0.06487766881477817,-0.14977698258940833,-0.11302447659060261,-0.13030238897768998,0.04992815971447724,0.11048187241177082,-0.01054393859560828,-0.4056653816554294,-0.1713429373550142,0.2562319134960085,1.9935578403410248,1.6832439375246433,4.943177511649677,0.3596912536040171,1.6954198942152159,0.0,20.216064804877234
547,25.345010269426723,1.6883708078356408,0.41472597711058384,4.859166790259471,1.6660230688652151,2.0086828190159842,0.24642576927200188,-0.157020536930649,-0.41420252208264996,-0.044773620548541435,0.07051483675529312,0.024575448547299657,-0.13443627450759318,-0.1060974993653869,-0.14474747944106917,-0.06453374131933434,-0.003537819785055365,0.04142518870890844,0.03371295356483623,0.022606707465231156,-0.0028205659899439325,0.005559063798853137,0.033712953564836196,0.04142518870890851,-0.0035378197850553955,-0.06453374131933436,-0.14474747944106908,-0.10609749936538682,-0.13443627450759313,0.024575448547299622,0.07051483675529319,-0.04477362054854147,-0.41420252208265,-0.1570205369306489,0.24642576927200177,2.008682819015985,1.6660230688652151,4.859166790259471,0.4147259771105842,1.688370807835641,0.0,19.99389353718405
548,25.121656330656613,1.68122379104557,0.4696644807676803,4.772619554875999,1.6472561654767715,2.020895399635352,0.23610514932204366,-0.1422519653260512,-0.4212025339236029,-0.07879302682899703,0.03013899024867066,-0.0009496417340018711,-0.13744806796549822,-0.09813134664374223,-0.13807395500157724,-0.06334851781415528,0.0016251521814056504,0.04972259517984124,0.0403981865520286,0.02334507248199495,-0.0016544120453216794,0.005145369496466199,0.04039818655202857,0.049722595179841296,0.0016251521814056333,-0.06334851781415528,-0.13807395500157718,-0.09813134664374214,-0.13744806796549822,-0.0009496417340019227,0.0301389902486708,-0.0787930268289971,-0.42120253392360285,-0.14225196532605106,0.2361051493220437,2.0208953996353523,1.6472561654767717,4.772619554875998,0.4696644807676807,1.68122379104557,0.0,19.765736850028613
549,24.891379768315602,1.6739792583927346,0.5244940183890446,4.683580983671385,1.626960642655017,2.030177875124762,0.22529160053409425,-0.12707918718579514,-0.42663943974519386,-0.1124423880583706,-0.010411587517258574,-0.02646807096085602,-0.13931263097581437,-0.08920404317421268,-0.12983220621266814,-0.06133744950019674,0.006764022408984577,0.05718766941479945,0.046325403367427936,0.023595463903173644,-0.0004499477903808699,0.0046003400213223905,0.04632540336742793,0.05718766941479948,0.006764022408984568,-0.06133744950019673,-0.12983220621266806,-0.08920404317421268,-0.13931263097581437,-0.02646807096085602,-0.010411587517258505,-0.11244238805837065,-0.42663943974519375,-0.12707918718579508,0.2252916005340942,2.030177875124763,1.626960642655017,4.683580983671386,0.5244940183890447,1.673979258392735,0.0,19.531814797389885
550,24.654480996976687,1.6666376300810697,0.5792018690694333,4.592097555309886,1.605155334222672,2.03651678678217,0.21400769890894766,-0.11154531570043906,-0.4304930628876642,-0.14556367274458573,-0.050901803944494485,-0.0518008456872025,-0.14001440069005236,-0.07940302772840202,-0.12011584168526632,-0.05852675372846374,0.011802579137459147,0.0636954496754179,0.05138338797429434,0.02335264788757053,0.0007649356582096639,0.003937887210137174,0.05138338797429433,0.06369544967541795,0.011802579137459147,-0.05852675372846374,-0.12011584168526626,-0.07940302772840198,-0.14001440069005233,-0.0518008456872025,-0.05090180394449438,-0.1455636727445857,-0.43049306288766426,-0.111545315700439,0.21400769890894755,2.0365167867821694,1.6051553342226723,4.592097555309884,0.5792018690694344,1.66663763008107,0.0,19.29232260348547
551,24.41126043121288,1.6591993319463398,0.6337753401359789,4.498217024685742,1.5818604750520755,2.0399029437916756,0.2022770024271566,-0.09569449010112879,-0.43274910234129704,-0.17800132946416164,-0.09109691638082605,-0.07677027469990957,-0.1395475196844209,-0.06882429667900804,-0.10903521850619172,-0.05495307221674604,0.016666098300983898,0.069136998862256,0.05547723427767856,0.022621699930423043,0.0019621059122410735,0.0031749201215233603,0.055477234277678554,0.06913699886225604,0.016666098300983895,-0.054953072216746036,-0.10903521850619165,-0.06882429667900805,-0.13954751968442086,-0.07677027469990955,-0.09109691638082602,-0.17800132946416153,-0.43274910234129715,-0.0956944901011287,0.20227700242715663,2.0399029437916756,1.5818604750520753,4.498217024685741,0.6337753401359802,1.65919933194634,0.0,19.047439184776582
552,24.162018485597194,1.6516647954314403,0.688201770092993,4.401988397994856,1.5570976822876468,2.0403314365493377,0.19012400186582687,-0.07957175023872416,-0.43339918581826004,-0.20960301739683973,-0.1307638930439665,-0.10120121539496293,-0.13791588484967285,-0.057571463760149044,-0.09671618881805844,-0.05066299336879039,0.021282451719645306,0.07342122806924466,0.05853012690620733,0.021417898772163865,0.0031138407582141357,0.00233091343353074,0.05853012690620731,0.07342122806924464,0.021282451719645327,-0.05066299336879037,-0.09671618881805831,-0.05757146376014901,-0.13791588484967288,-0.10120121539496296,-0.13076389304396643,-0.20960301739683976,-0.43339918581826,-0.07957175023872405,0.1901240018658268,2.0403314365493377,1.5570976822876463,4.401988397994854,0.6882017700929932,1.65166479543144,0.0,18.797335249419458
553,23.907055574702625,1.6440344575613717,0.7424685315595375,4.303461907153251,1.5308899352856247,2.0378016437816213,0.17757406966796535,-0.06322290860383054,-0.4324409008226296,-0.24022032178187364,-0.16967276402689288,-0.12492230227699362,-0.13513311486513557,-0.04575474521918823,-0.08329867040853242,-0.045712444923209875,0.02558317679285925,0.07647642136799394,0.06048478254642812,0.01976640703244295,0.0041934701053986155,0.0014274103539409127,0.06048478254642811,0.07647642136799394,0.025583176792859277,-0.04571244492320985,-0.08329867040853234,-0.0457547452191882,-0.13513311486513557,-0.12492230227699372,-0.16967276402689274,-0.2402203217818736,-0.43244090082262937,-0.06322290860383042,0.17757406966796527,2.0378016437816213,1.5308899352856244,4.303461907153248,0.7424685315595382,1.6440344575613723,0.0,18.542180793068514
554,23.646672113102213,1.6363087609178923,0.7965630341990826,4.202688983575713,1.5032615542897019,2.0323172334461885,0.1646534069711285,-0.04669442015138742,-0.42987780360329864,-0.26970945093589827,-0.20759795455191854,-0.1477671489651016,-0.13122243652840712,-0.033489880300023166,-0.06893505754399318,-0.040165964849880754,0.029504491830575925,0.07825143629780798,0.06130452478506519,0.017701745245001742,0.005175993570464006,0.0004874727314949225,0.0613045247850652,0.07825143629780797,0.029504491830575966,-0.04016596484988073,-0.06893505754399311,-0.03348988030002313,-0.13122243652840718,-0.14776714896510168,-0.20759795455191832,-0.26970945093589815,-0.4298778036032985,-0.04669442015138726,0.16465340697112857,2.032317233446188,1.5032615542897019,4.202688983575711,0.796563034199084,1.6363087609178928,0.0,18.28215182931346
555,23.381168515368955,1.6284881536138456,0.8504727276405681,4.0997222313283,1.4742381778623495,2.023886157413711,0.15138898890596256,-0.03003325029970526,-0.42571940595653895,-0.2979319115588932,-0.24431959274393358,-0.1695755152737694,-0.1262164908894859,-0.020896997631200617,-0.05378849009712354,-0.03409585999880692,0.03298824196447297,0.07871655996578406,0.060973972291256354,0.015267070287458063,0.006038659397613817,-0.0004649075960763485,0.060973972291256354,0.078716559965784,0.032988241964473,-0.03409585999880691,-0.053788490097123456,-0.02089699763120061,-0.1262164908894859,-0.16957551527376946,-0.24431959274393347,-0.29793191155889315,-0.42571940595653873,-0.03003325029970522,0.15138898890596253,2.0238861574137115,1.4742381778623492,4.0997222313283,0.8504727276405678,1.6284881536138458,0.0,18.01743621516258
556,23.110845196075843,1.620573089267169,0.9041851043901927,3.994615399668691,1.443846739092758,2.0125206399384177,0.13780850827883914,-0.01328674147902979,-0.41998113992719577,-0.324755159156717,-0.27962478434098187,-0.19019443118263132,-0.12015706080746132,-0.00809943862205743,-0.038031000627431207,-0.027581263469751097,0.03598276161084794,0.07786400642629387,0.05949932742598162,0.012513273288722726,0.006761491308488145,-0.0014054211919214332,0.05949932742598162,0.0778640064262938,0.03598276161084798,-0.027581263469751087,-0.03803100062743114,-0.008099438622057439,-0.12015706080746137,-0.19019443118263138,-0.2796247843409817,-0.324755159156717,-0.4199811399271957,-0.013286741479029729,0.13780850827883906,2.012520639938418,1.443846739092758,3.9946153996686906,0.9041851043901926,1.6205730892671697,0.0,17.748238456377162
557,22.8360025697959,1.6125640269745831,0.9576877027332558,3.887423354988757,1.412115440603497,1.9982371599340925,0.12394031775616171,0.0034975213911669838,-0.41268430053951244,-0.35005322052556004,-0.313308846952017,-0.20947926981125736,-0.11309472220375631,0.0047774506088272455,-0.021841560459897554,-0.02070710299126086,0.03844364069449682,0.07570804701395387,0.05690825986332625,0.009497915870162334,0.0073277510818608735,-0.0023100615166313856,0.05690825986332627,0.07570804701395381,0.038443640694496885,-0.020707102991260846,-0.021841560459897474,0.004777450608827224,-0.11309472220375638,-0.20947926981125745,-0.31330884695201694,-0.35005322052556004,-0.4126843005395123,0.0034975213911670696,0.12394031775616181,1.998237159934092,1.412115440603497,3.887423354988756,0.9576877027332558,1.612564026974583,0.0,17.4747834035931
558,22.556941051102143,1.604461431284961,1.010968109625379,3.778202052173983,1.3790737283790662,1.9810564270812276,0.10981337067104917,0.02027184611392465,-0.4038559667701108,-0.37370728537486414,-0.3451764967062115,-0.22729476187280512,-0.10508842192278477,0.017607546940371324,-0.005404046954114926,-0.013562993757846897,0.040334383270133355,0.0722847714483745,0.05324938740726448,0.006284026955873991,0.007724326151427753,-0.003155737693368259,0.05324938740726448,0.07228477144837447,0.040334383270133396,-0.013562993757846899,-0.005404046954114891,0.01760754694037126,-0.10508842192278481,-0.22729476187280515,-0.3451764967062114,-0.37370728537486425,-0.4038559667701106,0.020271846113924685,0.10981337067104906,1.9810564270812283,1.3790737283790662,3.7782020521739836,1.0109681096253782,1.604461431284961,0.0,17.197318777487926
559,22.27396105456757,1.5962657721723867,1.0640139635724342,3.667008505394683,1.3447522644406338,1.9610033517999663,0.09545716057597589,0.036988568731359375,-0.3935289010564037,-0.3956062643102029,-0.37504298041419964,-0.2435159444908762,-0.0962049857234738,0.030265185566106117,0.011094844948619793,-0.006242070158873713,0.041626948773696715,0.06765148370967893,0.048591363745719894,0.0029387853019110736,0.007942033246296458,-0.003920863900774735,0.04859136374571991,0.06765148370967886,0.04162694877369677,-0.006242070158873707,0.011094844948619854,0.03026518556610607,-0.09620498572347386,-0.2435159444908763,-0.37504298041419964,-0.3956062643102028,-0.39352890105640365,0.03698856873135946,0.09545716057597586,1.961003351799967,1.3447522644406336,3.667008505394681,1.0640139635724335,1.596265772172387,0.0,16.916116489201883
560,21.987362994765206,1.5879775250088917,1.116812957498511,3.553900758344257,1.3091828983923204,1.9381070091323724,0.08090165966756892,0.05360018896098816,-0.381741427713369,-0.4156473105556,-0.40273514667753396,-0.2580290377243085,-0.08651856050827117,0.042626390822314855,0.02746772317990409,0.0011602283706363698,0.04230216787654724,0.061885742797543504,0.0430215902589376,-0.00046788471692551283,0.00797583104294269,-0.00458591034945483,0.04302159025893762,0.06188574279754342,0.04230216787654731,0.0011602283706363826,0.02746772317990409,0.04262639082231477,-0.08651856050827128,-0.2580290377243087,-0.4027351466775341,-0.4156473105556,-0.3817414277133689,0.05360018896098819,0.08090165966756895,1.9381070091323724,1.3091828983923206,3.5539007583442546,1.1168129574985108,1.587977525008892,0.0,16.631472750239983
561,21.697447286268044,1.5795971705368832,1.1693528416012644,3.4389378539400446,1.27239863786543,1.912400596586402,0.06617725621211455,0.07005950516697208,-0.3685372907098853,-0.4337363029650599,-0.4280924497365787,-0.27073224265171264,-0.07610999544515475,0.05457009047180612,0.04352862691669889,0.00854740154899461,0.04235002677524468,0.055084064430990724,0.03664457605330452,-0.0038647747109704154,0.007824936904367847,-0.005133901778392057,0.03664457605330454,0.055084064430990634,0.04235002677524474,0.008547401548994618,0.043528626916698954,0.05457009047180607,-0.07610999544515476,-0.2707322426517128,-0.42809244973657845,-0.43373630296505983,-0.3685372907098852,0.07005950516697215,0.0661772562121145,1.9124005965864026,1.27239863786543,3.4389378539400446,1.1693528416012637,1.5795971705368836,0.0,16.343706993610528
562,21.404514343649105,1.5711251948412603,1.221621426193963,3.3221798035025722,1.2344336178880526,1.88392138600269,0.05131469110241519,0.08631974848276036,-0.3539654913324317,-0.44978828805488497,-0.45096788023701967,-0.281536455417763,-0.06506616714820035,0.06597930154997944,0.05909513869791684,0.015823146276595732,0.04176981570076381,0.04736030542185307,0.029579976992318333,-0.007180880718874645,0.007492845003193796,-0.005550850747221213,0.02957997699231836,0.04736030542185297,0.04176981570076388,0.015823146276595736,0.059095138697916876,0.06597930154997937,-0.06506616714820042,-0.28153645541776307,-0.45096788023701956,-0.4497882880548851,-0.35396549133243166,0.08631974848276043,0.05131469110241512,1.8839213860026907,1.2344336178880528,3.322179803502571,1.221621426193963,1.571125194841261,0.0,16.05315965446278
563,21.1088645814814,1.5625620893212195,1.2736065845336042,3.2036875554292767,1.195323069208471,1.852710669513943,0.03634499367844981,0.10233471570402768,-0.3380801063385906,-0.46372787898081286,-0.47122881751885665,-0.2903658922327218,-0.05347925454918752,0.07674227615837409,0.07399045629600874,0.022892612094097948,0.04057013944468888,0.038843757766715864,0.021960350519580257,-0.010346887377695272,0.006987245409028185,-0.005826114664600789,0.021960350519580292,0.03884375776671578,0.04057013944468896,0.02289261209409796,0.0739904562960088,0.07674227615837402,-0.053479254549187595,-0.2903658922327219,-0.4712288175188566,-0.46372787898081275,-0.3380801063385904,0.10233471570402768,0.03634499367844988,1.8527106695139433,1.195323069208471,3.2036875554292763,1.2736065845336042,1.5625620893212198,0.0,15.76018888346331
564,20.810798414337935,1.5539083506617506,1.3252962556344134,3.083522963379092,1.1551032856017605,1.8188136996752955,0.02129941694582826,0.11805890057429207,-0.32094008727519185,-0.4754896095862071,-0.4887577984867177,-0.2971586209412738,-0.04144596951263279,0.08675359598318785,0.08804540081152648,0.02966363770321552,0.03876878974627837,0.02967698436131986,0.013928668401457032,-0.013296616796824208,0.006319846013749705,-0.0059526674395634326,0.013928668401457078,0.02967698436131977,0.038768789746278454,0.02966363770321554,0.08804540081152648,0.08675359598318778,-0.04144596951263286,-0.29715862094127393,-0.4887577984867175,-0.4754896095862072,-0.32094008727519174,0.11805890057429214,0.02129941694582828,1.818813699675296,1.1551032856017605,3.083522963379092,1.3252962556344134,1.5539083506617513,0.0,15.465166289132151
565,20.510616256791717,1.54516448080483,1.3766784470660935,2.96174875398446,1.113811590189917,1.7822796238524314,0.006209372327287548,0.1334476230901674,-0.3026090417058478,-0.4850182418585448,-0.5034531986039606,-0.3018669954320974,-0.029066749616035704,0.0959152048184678,0.10110033818300854,0.03604795243018456,0.03639248143295779,0.020013432566519614,0.005635634059360876,-0.015968411850469058,0.005506101418291557,-0.005927278821964043,0.005635634059360905,0.02001343256651952,0.03639248143295785,0.03604795243018457,0.10110033818300854,0.09591520481846774,-0.029066749616035763,-0.30186699543209755,-0.5034531986039604,-0.4850182418585448,-0.30260904170584774,0.13344762309016747,0.006209372327287514,1.7822796238524312,1.113811590189917,2.9617487539844594,1.376678447066094,1.5451644808048304,0.0,15.168471825924259
566,20.20861852341577,1.5363309869203043,1.4277412377361702,2.8384284941076574,1.0714863008067816,1.7431614129626007,-0.00889363591654792,0.14845715645883154,-0.28315499715974646,-0.49226902535025663,-0.5152298210624872,-0.30445798984110173,-0.016444919832915274,0.10413736898089031,0.1130069922879535,0.04196232696898794,0.03347645622739546,0.010014865573551038,-0.0027631451717985986,-0.01830642497422413,0.004564855058942912,-0.00575059685437386,-0.002763145171798558,0.010014865573550953,0.033476456227395535,0.041962326968987954,0.11300699228795348,0.10413736898089024,-0.016444919832915395,-0.3044579898411018,-0.5152298210624869,-0.49226902535025663,-0.2831549971597464,0.14845715645883162,-0.008893635916547816,1.7431614129626007,1.0714863008067816,2.8384284941076565,1.4277412377361716,1.5363309869203046,0.0,14.870487962622887
567,19.90510562878308,1.527408381376475,1.4784727806557814,2.7136265576585226,1.0281666944398846,1.701515784671857,-0.02397807646022748,0.16304485134696328,-0.2626501486777097,-0.4972079073455685,-0.5240193907125464,-0.30491343020413464,-0.0036858301157722518,0.11133955620931518,0.12363012904193717,0.04732965840264229,0.030063960096881205,-0.00015134543368650142,-0.011110077800325621,-0.020261785526483833,0.0035179028602528115,-0.005427131330842159,-0.011110077800325576,-0.000151345433686566,0.030063960096881264,0.0473296584026423,0.12363012904193715,0.11133955620931514,-0.0036858301157723207,-0.30491343020413464,-0.5240193907125463,-0.4972079073455686,-0.2626501486777096,0.16304485134696337,-0.02397807646022746,1.7015157846718565,1.0281666944398842,2.7136265576585217,1.478472780655782,1.5274083813764752,0.0,14.571593280303503
568,19.60037798746667,1.5183971817103774,1.5288613056882752,2.587408091990882,0.9838929707822202,1.657403121159859,-0.039012456743041275,0.17716925706809605,-0.2411705908923834,-0.4998116927863161,-0.5297709498889666,-0.30323012193428284,0.009104023922732647,0.11745122444070392,0.13284909236811585,0.05207997535763435,0.026205601896151724,-0.01031502299143753,-0.019248545164411122,-0.021793621313765485,0.002389488518786412,-0.004965138684739389,-0.019248545164411105,-0.010315022991437633,0.026205601896151776,0.05207997535763435,0.13284909236811576,0.11745122444070384,0.00910402392273256,-0.30323012193428295,-0.5297709498889663,-0.4998116927863161,-0.24117059089238335,0.17716925706809616,-0.039012456743041345,1.657403121159859,0.9838929707822205,2.5874080919908806,1.5288613056882754,1.5183971817103785,0.0,14.272155660488698
569,19.29473601403956,1.5092979105977653,1.578895122279983,2.4598389838952457,0.93870621492777,1.6108873815714875,-0.053965388717655376,0.1907902393640377,-0.2187960356368251,-0.5000681532056515,-0.5324511538390005,-0.2994198722296041,0.02181788989102063,0.12241251273670865,0.14055917459179207,0.05615135018778229,0.02195860281527861,-0.020306032044667868,-0.027025840164996602,-0.022869912927367658,0.001205742105170149,-0.004376411243911002,-0.027025840164996567,-0.020306032044667938,0.021958602815278665,0.05615135018778232,0.14055917459179204,0.12241251273670858,0.021817889891020525,-0.29941987222960414,-0.5324511538390004,-0.5000681532056515,-0.21879603563682495,0.19079023936403772,-0.053965388717655306,1.6108873815714868,0.93870621492777,2.459838983895245,1.5788951222799834,1.5092979105977653,0.0,13.972525231974831
570,18.98848012307474,1.500111095822789,1.6285626221725202,2.3309858252055182,0.8926483592453865,1.5620360092821968,-0.06880565438054892,0.20386909444568044,-0.1956095161294597,-0.49797608415804445,-0.5320444640390444,-0.29350940725411606,0.03434964964308006,0.12617482759362988,0.14667280569529634,0.059490706295809874,0.017385947763645028,-0.02995712792574014,-0.0342960326035654,-0.023468163033474272,-5.925015590285721e-06,-0.0036759762323884354,-0.034296032603565375,-0.029957127925740196,0.017385947763645073,0.05949070629580987,0.1466728056952963,0.1261748275936298,0.034349649643079926,-0.2935094072541161,-0.5320444640390443,-0.49797608415804445,-0.19560951612945957,0.2038690944456805,-0.0688056543805489,1.5620360092821972,0.892648359245386,2.330985825205518,1.6285626221725205,1.5001110958227897,0.0,13.673027249068616
571,18.681910729145248,1.4908372702473889,1.6778522820959998,2.200915878037653,0.845762144466432,1.510919834111569,-0.0835022709474425,0.21636865896915916,-0.17169707883319069,-0.4935453108758632,-0.5285532382794655,-0.28554018467295855,0.046594705009127706,0.12870131889310898,0.15112054792579724,0.06205451006796192,0.012555451275368603,-0.03910675594940024,-0.04092270736075606,-0.023575866626775924,-0.0012174549340216222,-0.002881712201616138,-0.040922707360756025,-0.039106755949400274,0.012555451275368645,0.06205451006796192,0.1511205479257972,0.12870131889310893,0.04659470500912759,-0.2855401846729586,-0.5285532382794654,-0.49354531087586323,-0.1716970788331906,0.21636865896915927,-0.08350227094744252,1.510919834111569,0.8457621444664316,2.2009158780376517,1.677852282096,1.4908372702473889,0.0,13.373955074598562
572,18.375328246824058,1.481476971780382,1.7267526664425272,2.0696970396784335,0.7980910800222675,1.4576129696268463,-0.0980245555376472,0.22825341563485904,-0.14714746413219187,-0.4867966421259685,-0.5219977169952773,-0.27556810285665984,0.05845085083956577,0.12996724083184183,0.15385188445942505,0.0638093384012359,0.007538751789214227,-0.047601755760205616,-0.04678152403765749,-0.023190772418067086,-0.0024007929177695063,-0.002013892681758987,-0.046781524037657486,-0.04760175576020566,0.0075387517892142675,0.0638093384012359,0.153851884459425,0.12996724083184175,0.05845085083956566,-0.2755681028566599,-0.5219977169952773,-0.48679664212596857,-0.14714746413219187,0.22825341563485912,-0.09802455553764709,1.457612969626846,0.7980910800222675,2.069697039678431,1.7267526664425275,1.4814769717803813,0.0,13.075563438104384
573,18.06903309068421,1.472030743346265,1.7752524299193533,1.9373978071426883,0.7496794036684057,1.4021927056853454,-0.11234218923228886,0.2394895941092177,-0.12205177701140897,-0.4777617724830302,-0.5124159059219058,-0.2636631087942304,0.0698191280752451,0.12996019429517452,0.15483579316417495,0.06473231442464356,0.0024102492182783964,-0.05529992516292579,-0.051762550031652955,-0.022320929892129093,-0.0035285370596142007,-0.0010946687013564348,-0.051762550031652935,-0.05529992516292582,0.0024102492182784267,0.06473231442464354,0.15483579316417487,0.1299601942951744,0.069819128075245,-0.2636631087942304,-0.5124159059219057,-0.4777617724830303,-0.12205177701140882,0.23948959410921772,-0.11234218923228888,1.4021927056853454,0.7496794036684056,1.9373978071426867,1.7752524299193528,1.472030743346265,0.0,12.778062133169595
574,17.763325675298706,1.4624991328537227,1.8233403201810772,1.8040872414174367,0.7005720404327963,1.3447393963715513,-0.12642528037267167,0.25004526698255203,-0.09650314896089512,-0.46648313347853126,-0.499863355756354,-0.24990870746529176,0.08060464972375873,0.12868024830064542,0.15406109894487144,0.06481140573420982,-0.002753998434234624,-0.06207240051863156,-0.05577232326986679,-0.020984521052264858,-0.004574572808373502,-0.00014750338397061236,-0.05577232326986675,-0.06207240051863159,-0.0027539984342346007,0.06481140573420979,0.1540610989448714,0.1286802483006454,0.0806046497237586,-0.24990870746529176,-0.499863355756354,-0.4664831334785312,-0.09650314896089499,0.2500452669825522,-0.12642528037267162,1.3447393963715515,0.7005720404327963,1.804087241417434,1.8233403201810765,1.4624991328537227,0.0,12.481610308127673
575,17.45850641524055,1.4528826931638474,1.871005180440283,1.6698349314116416,0.6508145609263338,1.285336343491378,-0.14024442696662778,0.25989044049024973,-0.07059639235967428,-0.45301369432452687,-0.484412840101183,-0.23440137611264258,0.09071739284763311,0.12613993932199086,0.1515366006683107,0.06404558125375992,-0.00787740304945979,-0.06780581385979209,-0.05873560589587008,-0.019209480368468576,-0.005514677689209543,0.0008034269462931592,-0.05873560589587008,-0.06780581385979209,-0.00787740304945977,0.06404558125375992,0.1515366006683106,0.12613993932199075,0.090717392847633,-0.23440137611264267,-0.4844128401011832,-0.45301369432452687,-0.07059639235967421,0.2598904404902498,-0.1402444269666277,1.2853363434913783,0.6508145609263338,1.66983493141164,1.8710051804402827,1.4528826931638474,0.0,12.18631149157992
576,17.154875725082753,1.4431819820580694,1.9182359520560082,1.534710957630392,0.6004531390542797,1.2240696757925145,-0.15377077807256534,0.26899713973953926,-0.04442764862173152,-0.437416713148041,-0.4661539335584312,-0.21724988752371963,0.1000729499539724,0.12236414850023436,0.14729097122698218,0.06244482467657419,-0.012883982229172352,-0.0724041906153144,-0.06059679600413646,-0.017032910873315946,-0.006327082210163734,0.0017338498636565735,-0.06059679600413646,-0.0724041906153144,-0.012883982229172341,0.06244482467657418,0.1472909712269821,0.12236414850023432,0.10007294995397228,-0.21724988752371968,-0.4661539335584312,-0.437416713148041,-0.04442764862173135,0.2689971397395393,-0.1537707780725653,1.2240696757925147,0.6004531390542797,1.5347109576303903,1.918235952056008,1.4431819820580691,0.0,11.892209478611088
577,16.852734019398333,1.4333975622058086,1.9650216770994355,1.3987858555924513,0.5495345091678391,1.1610282240859724,-0.16697609403306043,0.27733948819967186,-0.01809403140988114,-0.41976543990441206,-0.4451924924194825,-0.19857454706764666,0.10859323351397081,0.11738985794452171,0.14137243187643272,0.06003000431267784,-0.017699486148978906,-0.07579055617852451,-0.06132097093300066,-0.014500308610711311,-0.006992973966315569,0.0026200163925265622,-0.061320970933000644,-0.0757905561785245,-0.0176994861489789,0.060030004312677826,0.1413724318764326,0.11738985794452164,0.10859323351397071,-0.1985745470676467,-0.44519249241948244,-0.4197654399044121,-0.018094031409880865,0.27733948819967197,-0.1669760940330605,1.161028224085973,0.5495345091678392,1.3987858555924495,1.9650216770994355,1.4333975622058086,0.0,11.599285185623087
578,16.552381712760287,1.4235300011318333,2.011351500896227,1.2621305790103052,0.4981059226956568,1.096303392449903,-0.1798328054322388,0.28489378122964265,0.008306733758435512,-0.40014277236482587,-0.4216500409615895,-0.17850634883950925,0.11620712773191871,0.11126578850961888,0.13384820454510207,0.056832601038506084,-0.02225249871665822,-0.07790822442491788,-0.06089454254016869,-0.011664611648558426,-0.007496933268302364,0.0034393071983265877,-0.06089454254016871,-0.07790822442491786,-0.02225249871665823,0.05683260103850607,0.13384820454510202,0.11126578850961881,0.11620712773191863,-0.17850634883950933,-0.4216500409615895,-0.4001427723648258,0.008306733758435615,0.2848937812296426,-0.17983280543223878,1.0963033924499033,0.4981059226956567,1.262130579010304,2.011351500896228,1.4235300011318333,0.0,11.30745456171595
579,16.254119219741632,1.4135798711833443,2.0572146745448987,1.1248164627519002,0.44621510429547373,1.0299890257024245,-0.19231407065386052,0.29163855343452333,0.03467667217597712,-0.3786408667936661,-0.3956630669090079,-0.15718605683089745,0.1228510821236162,0.10405192259787498,0.12480374833721755,0.05289429789553585,-0.026475496704977432,-0.07872174661051409,-0.05932551216543991,-0.008585093533498829,-0.007827290207589764,0.0041708099443251885,-0.05932551216543992,-0.07872174661051405,-0.026475496704977456,0.05289429789553584,0.12480374833721747,0.10405192259787496,0.12285108212361612,-0.15718605683089754,-0.3956630669090078,-0.37864086679366615,0.034676672175977225,0.29163855343452344,-0.19231407065386041,1.0299890257024245,0.44621510429547345,1.1248164627518988,2.057214674544899,1.4135798711833452,0.0,11.016567622952083
580,15.958246954915388,1.4035477494967785,2.1026005574106477,0.9869151856034122,0.39391020756663797,0.9621812733356037,-0.2043938319199394,0.2975546396590175,0.06091792353528857,-0.35536070514410356,-0.3673822301433168,-0.13476321757164295,0.1284696419498052,0.09581891665958206,0.11434178890043857,0.04826643668809417,-0.030305851151567004,-0.07821750476671543,-0.05664332049661712,-0.005326124317432498,-0.007976394890128833,0.004795853077471838,-0.0566433204966171,-0.07821750476671539,-0.03030585115156704,0.048266436688094154,0.11434178890043854,0.09581891665958203,0.12846964194980515,-0.134763217571643,-0.3673822301433167,-0.35536070514410356,0.06091792353528872,0.29755463965901763,-0.20439383191993934,0.9621812733356037,0.3939102075666375,0.9869151856034111,2.1026005574106486,1.403547749496779,0.0,10.72640865309272
581,15.665065332854546,1.3934342179643298,2.1474986195940757,0.8484987328525001,0.34123977036456854,0.8929784501078867,-0.21604686969290454,0.3026252294449219,0.08693310509374194,-0.330411620804555,-0.3369714892504393,-0.11139511116836151,0.13301591107727984,0.08664740914601556,0.10258115168255647,0.04300934866442159,-0.0336867561746432,-0.07640393965852636,-0.05289829515566418,-0.0019558250536348856,-0.007940794580747479,0.005298482418396386,-0.0528982951556642,-0.07640393965852632,-0.033686756174643256,0.04300934866442156,0.10258115168255637,0.08664740914601556,0.13301591107727975,-0.11139511116836152,-0.33697148925043935,-0.330411620804555,0.08693310509374194,0.3026252294449219,-0.2160468696929045,0.8929784501078865,0.3412397703645682,0.8484987328524993,2.1474986195940766,1.3934342179643298,0.0,10.436697590958419
582,15.374874768132123,1.3832398632002012,2.1918984443742064,0.7096393587115566,0.28825266975863395,0.8224808934970993,-0.227248855327722,0.3068359147977567,0.11262567306630808,-0.3039107851233037,-0.3046071509682197,-0.08724564809751102,0.13645194340433656,0.07662723069343386,0.08965541232895285,0.03719156800658665,-0.0365680714298225,-0.07331140949022248,-0.04816070637039346,0.0014553561129494392,-0.007721313656240884,0.00566586839064794,-0.04816070637039348,-0.0733114094902224,-0.03656807142982257,0.037191568006586635,0.08965541232895276,0.07662723069343383,0.1364519434043365,-0.08724564809751101,-0.30460715096821966,-0.3039107851233037,0.11262567306630818,0.30683591479775685,-0.22724885532772188,0.8224808934970991,0.2882526697586335,0.7096393587115535,2.1918984443742078,1.3832398632002008,0.0,10.147092600911106
583,15.087975675321147,1.3729652765065763,2.2357897306252545,0.5704095486005688,0.23499807667525016,0.7507908182206936,-0.23797640186405639,0.3101747311268375,0.13790028090491027,-0.2759826571227789,-0.27047684804540056,-0.06248421949116815,0.13874905958347458,0.06585652427391493,0.0757113795494117,0.03088893838261306,-0.03890706571401401,-0.06899168172366885,-0.042519448450699666,0.004836116497767486,-0.007323034515731223,0.005888633494677194,-0.04251944845069969,-0.06899168172366878,-0.03890706571401406,0.03088893838261303,0.0757113795494116,0.06585652427391488,0.13874905958347453,-0.062484219491168135,-0.27047684804540056,-0.2759826571227789,0.1379002809049104,0.31017473112683763,-0.23797640186405633,0.7507908182206936,0.2349980766752494,0.5704095486005673,2.2357897306252545,1.3729652765065767,0.0,9.857193799552148
584,14.804668468994603,1.362611053839325,2.2791622952065693,0.43088198130931454,0.18152541026828423,0.6780121680341809,-0.24820711285242825,0.3126321912424551,0.16266313313476474,-0.24675839898786556,-0.23477845143787715,-0.03728450897994447,0.13988808639777373,0.054440783930743024,0.06090742768566673,0.024183624208279072,-0.040669050688409,-0.06351706651600292,-0.03608037180961747,0.008115789290850524,-0.006755179890344921,0.005961091667813246,-0.0360803718096175,-0.06351706651600283,-0.040669050688409064,0.024183624208279048,0.06090742768566664,0.05444078393074299,0.1398880863977737,-0.03728450897994443,-0.2347784514378772,-0.2467583989878656,0.1626631331347648,0.31263219124245517,-0.24820711285242825,0.6780121680341805,0.1815254102682841,0.4308819813093126,2.2791622952065707,1.3626110538393248,0.0,9.566548089038738
585,14.525253563725531,1.3521777957734342,2.322006075325211,0.29112949105858593,0.1278842920591088,0.6042504650226245,-0.25791962911243094,0.31420131231356313,0.18682233343460164,-0.21637526007335534,-0.19771892314878914,-0.011823274427109244,0.13985951679296013,0.04249182151348262,0.04541169791814589,0.017163039508303547,-0.041827895322170607,-0.056979206282517285,-0.028964296826523742,0.011225820679550613,-0.0060308992774976335,0.005881393420589299,-0.028964296826523787,-0.05697920628251721,-0.04182789532217067,0.017163039508303547,0.04541169791814581,0.04249182151348264,0.13985951679296008,-0.011823274427109244,-0.1977189231487891,-0.2163752600733553,0.1868223334346017,0.31420131231356313,-0.2579196291124309,0.604250465022624,0.12788429205910862,0.2911294910585848,2.3220060753252114,1.3521777957734338,0.0,9.274655025876891
586,14.250031374086905,1.3416661074681735,2.364311130870595,0.15122502948030492,0.07412449988886169,0.5296126566037018,-0.2670936733253875,0.31487763570937405,0.21028822566902267,-0.1849759323234992,-0.15951311636312493,0.013720891900821193,0.13866358922942837,0.030126671533088727,0.029400188542350623,0.009918708340851195,-0.04236641342739133,-0.049487541646874994,-0.021304746819598402,0.014101202804059352,-0.005166964445210728,0.005651573044823418,-0.02130474681959844,-0.04948754164687492,-0.042366413427391385,0.009918708340851195,0.029400188542350582,0.030126671533088737,0.13866358922942837,0.01372089190082121,-0.15951311636312493,-0.18497593232349918,0.21028822566902275,0.31487763570937405,-0.2670936733253875,0.5296126566037014,0.07412449988886155,0.1512250294803027,2.364311130870595,1.3416661074681735,0.0,8.980973634065062
587,13.979302314651736,1.3310765986319948,2.406067646720688,0.011241627536325145,0.02029592172564676,0.45420696046417514,-0.2757100923683505,0.31465923966848275,0.23297372660740304,-0.15270788013088057,-0.12038252983307936,0.03916881603051459,0.13631028569189677,0.017466444863485284,0.013054756005239086,0.002545071641466441,-0.04227661853800124,-0.04116747945791015,-0.013245442665183965,0.016681832593158613,-0.00418338105749851,0.005277496688471548,-0.013245442665184015,-0.04116747945791008,-0.04227661853800132,0.002545071641466433,0.013054756005239018,0.017466444863485326,0.1363102856918968,0.039168816030514635,-0.12038252983307936,-0.15270788013088057,0.23297372660740304,0.3146592396684827,-0.2757100923683504,0.45420696046417464,0.02029592172564669,0.011241627536324593,2.4060676467206883,1.3310765986319946,0.0,8.684930053411955
588,13.713366799993057,1.3204098834871658,2.4472659350191908,-0.12874764260415372,-0.033551490630462456,0.3781427076545912,-0.2837508973010585,0.3135467447595179,0.2547946490946023,-0.11972264778187192,-0.08055402373563228,0.06434199905850944,0.13281924837330875,0.004635142517071105,-0.0034389505944419038,-0.004861743958950275,-0.04155984235265712,-0.03215829353952795,-0.004937606074051465,0.018913768076951675,-0.0031029254142035645,0.0047687126226383094,-0.004937606074051508,-0.03215829353952788,-0.04155984235265719,-0.004861743958950282,-0.0034389505944419727,0.00463514251707116,0.13281924837330875,0.0643419990585095,-0.08055402373563218,-0.11972264778187189,0.25479464909460225,0.31354674475951794,-0.2837508973010585,0.378142707654591,-0.03355149063046239,-0.12874764260415483,2.4472659350191903,1.3204098834871658,0.0,8.385925898067685
589,13.452525244683887,1.3096665807341459,2.4878964374232044,-0.26866970570870213,-0.08736776790165315,0.30153018406970933,-0.29119930092237106,0.3115433121178077,0.2756700144741769,-0.08617514774120233,-0.04025850444718513,0.08906386919277134,0.12821961572839002,-0.008241558887332256,-0.019893598082224646,-0.012205179291782954,-0.04022671498505152,-0.022610793314137616,0.0034628778751314847,0.020750355916324643,-0.0019506170327412275,0.0041382075226689945,0.003462877875131431,-0.02261079331413754,-0.040226714985051586,-0.012205179291782959,-0.019893598082224673,-0.008241558887332188,0.12821961572839,0.0890638691927714,-0.040258504447185095,-0.08617514774120232,0.2756700144741769,0.3115433121178078,-0.291199300922371,0.30153018406970916,-0.08736776790165329,-0.2686697057087043,2.487896437423203,1.3096665807341454,0.0,8.083347187073638
590,13.186028544641745,1.2988473135156964,2.5279497273208427,-0.40845152162736253,-0.1411029697028237,0.22448047054449688,-0.2980397528177696,0.30865463446306757,0.2955223531046759,-0.05222293311814844,0.0002704141397066106,0.1131610202769477,0.12254977926526493,-0.02103753806831548,-0.036122296911480806,-0.01938950144713115,-0.03829700731453852,-0.01268479932573577,0.011798385703989995,0.022153206580798338,-0.000753139284887792,0.0034020749842296554,0.011798385703989948,-0.0126847993257357,-0.03829700731453859,-0.01938950144713115,-0.0361222969114808,-0.0210375380683154,0.12254977926526493,0.1131610202769478,0.0002704141397066795,-0.05222293311814856,0.29552235310467584,0.30865463446306757,-0.2980397528177696,0.22448047054449674,-0.14110296970282385,-0.40845152162736476,2.527949727320842,1.2988473135156962,0.0,7.776573698282903
591,12.903374172539229,1.2879527093807386,2.5674165120182844,-0.5480201234200424,-0.19470723088522146,0.1471052817975413,-0.3042579718247558,0.3048889199236333,0.31427799185378785,-0.018025457731152827,0.04079776499646621,0.13646442810996218,0.11585706310510614,-0.03362746438097898,-0.05194072382832,-0.02632105179869521,-0.0357993377750873,-0.0025464679211654453,0.019912513121300615,0.023092996790980907,0.00046177849539211127,0.002579104735477671,0.019912513121300587,-0.002546467921165368,-0.03579933777508738,-0.026321051798695212,-0.05194072382832009,-0.03362746438097895,0.11585706310510616,0.13646442810996226,0.040797764996466174,-0.018025457731152786,0.31427799185378785,0.3048889199236333,-0.3042579718247558,0.14710528179754076,-0.19470723088522118,-0.548020123420044,2.5674165120182852,1.2879527093807386,0.0,7.464988589504651
592,12.605232408081937,1.2769834002479554,2.6062876348957564,-0.687302655445693,-0.24813080781026123,0.06951680445538304,-0.3098409758483678,0.3002568687132052,0.3318673275034299,0.01625667275408369,0.08108859018345656,0.1588106360293416,0.1081973289844201,-0.04588802537211495,-0.06716921538890037,-0.03290946698720245,-0.032770747931015594,0.007634490126905597,0.027653009733487173,0.02355008245245749,0.0016660031248895745,0.0016903030306515071,0.027653009733487156,0.007634490126905674,-0.032770747931015656,-0.03290946698720245,-0.06716921538890044,-0.0458880253721149,0.10819732898442014,0.15881063602934167,0.08108859018345653,0.01625667275408372,0.33186732750343007,0.3002568687132051,-0.3098409758483679,0.06951680445538276,-0.24813080781026126,-0.6873026554456947,2.6062876348957573,1.2769834002479554,0.0,7.147988126295737
593,12.292273530975447,1.2659400223691346,2.6445540775319443,-0.826226411393387,-0.30132412451058815,-0.008172465607363214,-0.31477710896456607,0.2947716427263727,0.34822508505116,0.05046245509606673,0.12090930302224734,0.18004290144225968,0.09963450999687451,-0.05769913456814323,-0.0816348085512787,-0.0390688569449882,-0.029256153133905765,0.017687650496378594,0.03487463581296463,0.023514909269181525,0.002831649035810437,0.0007583564669975058,0.03487463581296459,0.017687650496378663,-0.029256153133905838,-0.03906885694498822,-0.08163480855127876,-0.057699134568143184,0.09963450999687454,0.18004290144225982,0.12090930302224734,0.05046245509606674,0.34822508505116,0.2947716427263726,-0.31477710896456607,-0.00817246560736349,-0.3013241245105882,-0.8262264113933893,2.6445540775319447,1.2659400223691346,0.0,6.824991354514354
594,11.965167820925348,1.2548232162922675,2.682206961796338,-0.9647188722354454,-0.3542378186955435,-0.08584988637627372,-0.319056065754904,0.2884488281393151,0.3632905599493391,0.08443124461615618,0.16002904231797416,0.20001229526220662,0.09024007696636029,-0.0689451076660824,-0.09517320516504903,-0.04471892460437983,-0.02530767640770935,0.027444728136590567,0.04144188752101891,0.022988212453464937,0.003931724006540246,-0.0001929470889332975,0.0414418875210189,0.027444728136590643,-0.02530767640770942,-0.04471892460437984,-0.09517320516504903,-0.06894510766608233,0.09024007696636031,0.20001229526220665,0.16002904231797407,0.08443124461615623,0.363290559949339,0.28844882813931516,-0.3190560657549039,-0.08584988637627414,-0.3542378186955435,-0.9647188722354471,2.682206961796339,1.2548232162922677,0.0,6.49544955755543
595,11.624585557637243,1.2436336268243937,2.7192375519090346,-1.102707744082803,-0.4068227875583419,-0.16340283301726935,-0.3226689128216791,0.2813063911219479,0.37700784338308324,0.11800350965325145,0.1982210107806647,0.21857874653952497,0.080092441905283,-0.07951579560731385,-0.10763063804637457,-0.04978601269277231,-0.02098387544082352,0.036742394278810105,0.04723153945017962,0.021981001358101406,0.004940754205682822,-0.0011393256848052774,0.047231539450179584,0.03674239427881017,-0.020983875440823568,-0.049786012692772316,-0.10763063804637457,-0.07951579560731381,0.08009244190528307,0.21857874653952505,0.1982210107806646,0.11800350965325147,0.3770078433830833,0.28130639112194794,-0.322668912821679,-0.1634028330172696,-0.4068227875583422,-1.1027077440828048,2.719237551909035,1.2436336268243935,0.0,6.158855343036569
596,11.2711970208167,1.2323719029942006,2.7556372564675113,-1.2401209959228459,-0.4590302333424542,-0.24071886117185606,-0.32560810743864627,0.2733646267873568,0.38932602975098274,0.15102158079128172,0.2352637898860145,0.2356120249584813,0.06927630353720725,-0.08930766343621077,-0.11886561744379938,-0.05420406396782093,-0.016348874149195537,0.045425010480966546,0.05213495677878944,0.020514329351852024,0.00583537407557116,-0.002056623077521098,0.05213495677878943,0.04542501048096661,-0.016348874149195603,-0.05420406396782094,-0.11886561744379937,-0.08930766343621069,0.06927630353720732,0.23561202495848133,0.2352637898860145,0.15102158079128172,0.38932602975098274,0.27336462678735673,-0.32560810743864627,-0.2407188611718562,-0.4590302333424543,-1.2401209959228476,2.755637256467512,1.2323719029942006,0.0,5.8147512114698285
597,10.905672490169312,1.221038698014379,2.791397630439899,-1.3768868972200332,-0.5108117086249101,-0.3176858699906939,-0.32786751329835356,0.2646461015235795,0.4001994055786198,0.18333039134081242,0.27094262355268534,0.2509926543093602,0.05788194034654434,-0.09822480437671398,-0.12875053805872788,-0.057915482374616814,-0.011471411689765364,0.053347233940024136,0.05606013365338395,0.018618853748502615,0.006594867395642504,-0.0029214253195256777,0.05606013365338393,0.05334723394002417,-0.011471411689765405,-0.05791548237461682,-0.12875053805872788,-0.09822480437671395,0.05788194034654442,0.25099265430936024,0.2709426235526852,0.1833303913408125,0.40019940557861977,0.2646461015235795,-0.32786751329835356,-0.31768586999069404,-0.5108117086249105,-1.3768868972200339,2.791397630439899,1.2210386980143788,0.0,5.462737469955564
598,10.528682245400674,1.2096346692437332,2.8265103771242996,-1.512934055359661,-0.5621191612744989,-0.39419226466911533,-0.32944241332322705,0.255175588871599,0.4095876191638129,0.2147782055971581,0.3050506631939877,0.26461275052823224,0.046004457055948474,-0.10617987919444954,-0.13717312836826348,-0.06087188389834444,-0.006423823027805378,0.06037645046032963,0.05893341955145119,0.016334194988136357,0.007201646996570393,-0.0037116583980717865,0.05893341955145119,0.06037645046032967,-0.0064238230278054215,-0.06087188389834444,-0.13717312836826343,-0.10617987919444948,0.04600445705594857,0.26461275052823235,0.3050506631939877,0.21477820559715807,0.4095876191638129,0.25517558887159897,-0.329442413323227,-0.394192264669116,-0.5621191612744991,-1.5129340553596617,2.8265103771243005,1.2096346692437334,0.0,5.1024793669370085
599,10.14089656621638,1.1981604781490534,2.860967350073696,-1.6481914529152306,-0.6129049790431448,-0.47012711824892134,-0.33032951951365525,0.24497999913174914,0.4174558303240272,0.24521733145479546,0.33739016692574353,0.2763767784261477,0.03374299082080786,-0.11309497164377261,-0.1440377257892026,-0.06303472732390857,-0.0012809661768029698,0.06639499435121796,0.06070090123175907,0.013708108465423408,0.00764166201667726,-0.004407151672749571,0.060700901231759086,0.06639499435121798,-0.0012809661768030018,-0.0630347273239086,-0.1440377257892026,-0.11309497164377255,0.033742990820807936,0.2763767784261478,0.33739016692574336,0.24521733145479546,0.4174558303240271,0.24497999913174906,-0.33032951951365525,-0.47012711824892134,-0.6129049790431448,-1.6481914529152324,2.860967350073696,1.198160478149053,0.0,4.733713339278067
600,9.742985732322001,1.1866167902667482,2.8947605549859854,-1.782588484719972,-0.6631220337490845,-0.5453803324518635,-0.33052697981251516,0.23408830289855392,0.42377483969022844,0.27450481403134264,0.36777364597789797,0.28620222179984506,0.021199883766444803,-0.11890235162103464,-0.1492663632000535,-0.06437581667961433,0.003880887979598483,0.07130211809386199,0.06132941434186084,0.010795486315900885,0.007904723270014666,-0.004990152729579089,0.06132941434186084,0.071302118093862,0.003880887979598466,-0.06437581667961433,-0.14926636320005346,-0.11890235162103457,0.021199883766444903,0.28620222179984517,0.36777364597789786,0.27450481403134264,0.4237748396902283,0.2340883028985539,-0.33052697981251516,-0.5453803324518637,-0.6631220337490845,-1.7825884847199722,2.8947605549859863,1.1866167902667484,0.0,4.356252280052797
601,9.335620023423147,1.175004275164242,2.927882151558729,-1.916054994723159,-0.7127237250108377,-0.6198427973116266,-0.33003438197180646,0.2225314487412776,0.4285211970673651,0.3025031070435524,0.3960249516635477,0.2940201622236292,0.008479828774564593,-0.1235451385493424,-0.15279965448051647,-0.06487766881477817,0.008985186819159396,0.07501567880609425,0.06080716570136142,0.007657210025543172,0.007984739191741403,-0.005445780510053511,0.06080716570136142,0.07501567880609422,0.008985186819159387,-0.06487766881477817,-0.15279965448051644,-0.12354513854934233,0.008479828774564695,0.29402016222362926,0.3960249516635475,0.3025031070435524,0.42852119706736497,0.22253144874127756,-0.3300343819718063,-0.6198427973116268,-0.7127237250108379,-1.9160549947231593,2.9278821515587294,1.175004275164242,0.0,3.9699897541101437
602,8.919469719225376,1.1633236064011376,2.960324455308166,-2.0485213126119857,-0.7616640234913912,-0.6934065493728466,-0.32885275441332296,0.21034227526409216,0.43167728845934583,0.32908071878226136,0.42198029660366004,0.29977576246260956,-0.004311004351228442,-0.12697785849726595,-0.1545974690105949,-0.06453374131933434,0.013956231290914105,0.07747351327459369,0.059143954584658584,0.004358877847109021,0.007879856897142061,-0.005762405149047985,0.05914395458465859,0.07747351327459367,0.013956231290914105,-0.06453374131933436,-0.15459746901059485,-0.1269778584972659,-0.004311004351228339,0.2997757624626097,0.42198029660366,0.3290807187822613,0.4316772884593456,0.21034227526409205,-0.32885275441332285,-0.6934065493728468,-0.7616640234913912,-2.0485213126119866,2.9603244553081662,1.1633236064011376,0.0,3.5749031083221405
603,8.495205099434314,1.1515754614901481,2.9920799393520747,-2.1799182901798826,-0.8098975136124653,-0.7659649282277987,-0.3269845640815638,0.19755541779574287,0.43323140143555783,0.35411282965252194,0.44548920428692174,0.3034286511165029,-0.017065855047260006,-0.1291668895747765,-0.15463938746847114,-0.06334851781415529,0.018720298566194445,0.07863447853706275,0.05637098885109381,0.0009694336236207989,0.00759250508785985,-0.005931944826259813,0.056370988851093824,0.07863447853706274,0.018720298566194456,-0.06334851781415528,-0.15463938746847108,-0.12916688957477646,-0.017065855047259895,0.30342865111650297,0.44548920428692174,0.35411282965252194,0.4332314014355576,0.19755541779574284,-0.32698456408156373,-0.7659649282277989,-0.8098975136124653,-2.1799182901798835,2.9920799393520747,1.1515754614901483,0.0,3.171055444040115
604,8.06349644375551,1.1397605218577997,3.023141236156078,-2.3101773374222976,-0.8573794356992259,-0.837412731163793,-0.32443371129336673,0.1842072099738523,0.43317776859634827,0.3774818783786925,0.46641538145962624,0.30495320579599905,-0.02967826308248044,-0.13009079124397008,-0.15292493375026067,-0.061337449500196733,0.02320673538138657,0.07847914059555133,0.05254029937257676,-0.002440274319817924,0.007129337811787691,-0.005950072054069095,0.052540299372576774,0.07847914059555129,0.023206735381386588,-0.061337449500196733,-0.15292493375026062,-0.13009079124397002,-0.029678263082480325,0.3049532057959991,0.4664153814596261,0.37748187837869246,0.43317776859634827,0.18420720997385223,-0.3244337112933667,-0.8374127311637932,-0.8573794356992263,-2.310177337422298,3.0231412361560768,1.1397605218578,0.0,2.7585964402625383
605,7.625014031894585,1.1278794728049053,3.0535011392429623,-2.4392304583410787,-0.904065727516331,-0.9076463656970505,-0.3212055215950167,0.17033558050350767,0.43151658897616546,0.3990781141214205,0.48463750828790725,0.3043387328454123,-0.04204295714438898,-0.12974051431913083,-0.14947358037753222,-0.05852675372846373,0.027349005857655317,0.0770100997321992,0.047723763746139965,-0.0057989740929040405,0.006501080378938836,-0.005816324136337575,0.04772376374614,0.07701009973219915,0.027349005857655352,-0.058526753728463735,-0.14947358037753217,-0.12974051431913075,-0.042042957144388875,0.3043387328454124,0.4846375082879073,0.39907811412142047,0.43151658897616535,0.17033558050350758,-0.3212055215950167,-0.9076463656970505,-0.904065727516331,-2.439230458341079,3.0535011392429623,1.1278794728049053,0.0,2.337762036948263
606,7.1804281435571,1.115933003466817,3.08315260486465,-2.5670102864387974,-0.9499130651567659,-0.9765639997718989,-0.31730673464382875,0.15597994538349172,0.4282540273049297,0.4188001119135456,0.5000499417113411,0.30158954235099283,-0.05405673350147517,-0.12811948959928268,-0.14432452733117643,-0.054953072216746036,0.031085678257997684,0.07425194698176851,0.04201175761010954,-0.009036460010646523,0.00572228100133848,-0.005534114978693059,0.04201175761010957,0.07425194698176846,0.031085678257997715,-0.054953072216746036,-0.14432452733117637,-0.12811948959928263,-0.05405673350147505,0.30158954235099295,0.5000499417113409,0.4188001119135456,0.42825402730492956,0.15597994538349166,-0.31730673464382875,-0.9765639997718996,-0.9499130651567659,-2.5670102864387987,3.083152604864651,1.115933003466817,0.0,1.9088730083833425
607,6.7304090584486715,1.1039218067734535,3.112088753636398,-2.6934501198844583,-0.9948789032455311,-1.0440657094075216,-0.3127454901374206,0.1411810959063939,0.42340219113037914,0.43655524899422027,0.512563327910213,0.2967249179087684,-0.06561931740829237,-0.1252435942651136,-0.13753625682359635,-0.05066299336879037,0.034361336047573784,0.07025085248959505,0.03551145887008073,-0.012085060077374532,0.004810973908074919,-0.005110647948842816,0.03551145887008076,0.07025085248959496,0.03436133604757382,-0.05066299336879037,-0.1375362568235963,-0.12524359426511356,-0.06561931740829226,0.2967249179087685,0.5125633279102129,0.43655524899422027,0.4234021911303791,0.14118109590639383,-0.31274549013742053,-1.0440657094075223,-0.994878903245531,-2.693450119884459,3.1120887536363995,1.1039218067734538,0.0,1.4723324761345615
608,6.27562705627486,1.0918465794091077,3.1403028721328794,-2.8184839563322495,-1.0389215144208588,-1.1100536235781744,-0.30753131082004737,0.12598108275084746,0.41697908588628646,0.45226013980418384,0.5221051203356611,0.28977898136397323,-0.07663420006331972,-0.12114099636940001,-0.12918586906605412,-0.04571244492320986,0.03712739974588039,0.06507379264564742,0.02834483665355586,-0.014881050509955265,0.003788261736569802,-0.004556732011149934,0.028344836653555895,0.06507379264564735,0.037127399745880446,-0.045712444923209854,-0.12918586906605403,-0.12114099636939994,-0.07663420006331963,0.28977898136397334,0.5221051203356613,0.45226013980418384,0.41697908588628624,0.12598108275084738,-0.3075313108200474,-1.110053623578175,-1.038921514420859,-2.81848395633225,3.14030287213288,1.0918465794091077,0.0,1.0286224295248827
609,5.816752416741274,1.0797080217720374,3.1677884144457487,-2.9420465273751644,-1.0820000280563438,-1.1744320661168162,-0.30167508260148024,0.11042309649524241,0.40900854807329284,0.46584102759926865,0.5286200002994091,0.2808004534708207,-0.08700944413382126,-0.11585187894407402,-0.11936820657543351,-0.040165964849880754,0.03934284738232879,0.05880742893209689,0.020646362727733198,-0.017365987732954967,0.00267782687040328,-0.0038865058286238754,0.020646362727733247,0.058807428932096804,0.039342847382328856,-0.04016596484988074,-0.11936820657543344,-0.11585187894407399,-0.08700944413382115,0.2808004534708208,0.528620000299409,0.46584102759926865,0.4090085480732926,0.11042309649524237,-0.30167508260148024,-1.1744320661168168,-1.0820000280563438,-2.9420465273751644,3.1677884144457495,1.079708021772038,0.0,0.5782993383987542
610,5.354455419553503,1.0675068379338408,3.1945390037023462,-3.0640733326154974,-1.1240744681880266,-1.237107694436407,-0.29518903182993333,0.09455134489243328,0.39952015680032965,0.4772341308429592,0.5320701976847105,0.26985231215141786,-0.09665845112427038,-0.10942804642617723,-0.10819477696641815,-0.03409585999880693,0.040974822870546566,0.05155665725194821,0.012560488322530858,-0.019487930003530666,0.0015053830393754212,-0.0031170768746013296,0.01256048832253088,0.051556657251948135,0.040974822870546615,-0.034095859998806925,-0.10819477696641812,-0.10942804642617719,-0.0966584511242703,0.2698523121514179,0.5320701976847104,0.4772341308429592,0.39952015680032954,0.09455134489243323,-0.2951890318299332,-1.2371076944364072,-1.124074468188027,-3.064073332615497,3.1945390037023467,1.0675068379338413,0.0,0.12198895789629649
611,4.889406344417111,1.055243735598617,3.2205484335451904,-3.184500673334433,-1.1651057906112607,-1.2979896348677318,-0.28808669976648954,0.07841092725416243,0.3885491240149003,0.4863859427511977,0.532435709919183,0.2570113507508915,-0.10550068418338725,-0.10193241725757377,-0.09579248646385802,-0.027581263469751104,0.041999123278938115,0.043442852022269794,0.004238933702776454,-0.02120252313086991,0.00029807988079984027,-0.0022680847657648513,0.004238933702776496,0.04344285202226971,0.041999123278938184,-0.027581263469751087,-0.09579248646385796,-0.10193241725757375,-0.10550068418338714,0.25701135075089154,0.5324357099191829,0.4863859427511976,0.3885491240149003,0.07841092725416238,-0.28808669976648954,-1.2979896348677316,-1.1651057906112607,-3.184500673334432,3.2205484335451917,1.0552437355986173,0.0,-0.33961956224854917
612,4.4222754710377075,1.042919426061918,3.245810669571899,-3.303265685743158,-1.2050559191129189,-1.3569896144175368,-0.28038291431431445,0.062047706302134124,0.37613616382958576,0.4932534825826499,0.5297144179400276,0.24236763938724842,-0.11346234031677369,-0.0934384076281732,-0.08230219851991134,-0.020707102991260863,0.04240055777106219,0.034601834425054497,-0.004162158653002928,-0.02247392759577829,-0.0009161257497236775,-0.0013611999623913645,-0.004162158653002894,0.034601834425054406,0.04240055777106227,-0.02070710299126085,-0.08230219851991123,-0.09343840762817317,-0.1134623403167736,0.24236763938724842,0.5297144179400275,0.4932534825826498,0.3761361638295856,0.06204770630213404,-0.2803829143143144,-1.3569896144175368,-1.205055919112919,-3.3032656857431584,3.2458106695719,1.042919426061918,0.0,-0.805780140958835
613,3.953733079120873,1.0305346241694908,3.2703198507352202,-3.4203063737981374,-1.2438877808053297,-1.4140220887559283,-0.27209375906168215,0.04550817784987244,0.3623273414297091,0.497804497494266,0.5239220984793296,0.22602389317421237,-0.12047696639442465,-0.08402921239860933,-0.067877133906983,-0.013562993757846893,0.0421731728925789,0.025181598826211148,-0.012485153850522953,-0.023275567691169747,-0.0021091171598466704,-0.00041957063146935095,-0.01248515385052293,0.025181598826211037,0.04217317289257897,-0.01356299375784688,-0.06787713390698291,-0.0840292123986093,-0.12047696639442457,0.22602389317421243,0.5239220984793295,0.4978044974942659,0.36232734142970896,0.045508177849872336,-0.2720937590616821,-1.414022088755929,-1.24388778080533,-3.4203063737981374,3.2703198507352207,1.030534624169491,0.0,-1.2756966708396331
614,3.4844494483721995,1.0180900482758153,3.2940702907028485,-3.5355616415634104,-1.2815653405291405,-1.469004366247476,-0.26323653970344235,0.028839338685659185,0.34717390212287214,0.5000176140141384,0.51509233259821,0.20809475174850245,-0.12648601381151903,-0.07379699024540297,-0.05268113045797679,-0.006242070158873713,0.041320340863659114,0.015339835421334581,-0.020573882380804542,-0.023590687024447315,-0.003253268903261236,0.0005327682085375961,-0.020573882380804518,0.015339835421334503,0.04132034086365918,-0.006242070158873688,-0.052681130457976705,-0.07379699024540295,-0.12648601381151897,0.20809475174850245,0.5150923325982099,0.5000176140141382,0.347173902122872,0.0288393386856591,-0.2632365397034424,-1.4690043662474754,-1.2815653405291405,-3.5355616415634117,3.2940702907028494,1.0180900482758153,0.0,-1.7485302290491842
615,3.015094858497278,1.0055864202024374,3.317056479176695,-3.6489713251030396,-1.3180536342932014,-1.5218567278461725,-0.2538297479110331,0.012088553031961031,0.3307320811647696,0.49988243842027663,0.5032763110001085,0.18870597515514964,-0.13143932717293244,-0.06284196100973069,-0.03688678221948382,0.0011602283706363763,0.0398547095674405,0.005241290577968297,-0.028276570425305122,-0.023412698770309128,-0.004322086486974721,0.0014715081797449924,-0.028276570425305098,0.0052412905779682245,0.03985470956744057,0.0011602283706363934,-0.036886782219483744,-0.06284196100973068,-0.13143932717293239,0.18870597515514964,0.5032763110001084,0.49988243842027663,0.3307320811647696,0.012088553031961014,-0.2538297479110331,-1.521856727846173,-1.3180536342932019,-3.6489713251030405,3.3170564791766965,1.0055864202024374,0.0,-2.22340645570445
616,2.5463395892016827,0.9930244651960995,3.3392730831713284,-3.7604762238870393,-1.353318801720417,-1.5725025426804369,-0.24389302272646918,-0.004696582039201913,0.3130628950670298,0.4973996055538786,0.48854253725189306,0.16799356173113952,-0.13529556292259476,-0.05127142409084754,-0.020673479153140936,0.008547401548994617,0.03779801497622337,-0.00494499093904452,-0.035448687681990235,-0.02274532335277232,-0.005290819889720186,0.002372688014380525,-0.03544868768199022,-0.0049449909390446144,0.03779801497622344,0.008547401548994625,-0.020673479153140842,-0.051271424090847534,-0.1352955629225947,0.16799356173113955,0.48854253725189306,0.49739960555387847,0.3130628950670296,-0.0046965820392020335,-0.24389302272646912,-1.5725025426804373,-1.353318801720417,-3.7604762238870393,3.3392730831713293,0.9930244651961001,0.0,-2.6994229619173007
617,2.0788539201910243,0.9804049118866776,3.360714948251263,-3.8700181316944047,-1.3873281174694707,-1.6208683791605472,-0.2334471095609064,-0.021468371852525002,0.2942319151615467,0.49258077583785026,0.47097643063337813,0.14610279417479302,-0.13802253442354137,-0.03919870749854219,-0.004225369649952253,0.015823146276595725,0.03518075879721084,-0.015048495695305357,-0.04195565927682288,-0.021602510678497153,-0.006137036684594022,0.0032133051643573876,-0.041955659276822876,-0.015048495695305452,0.035180758797210915,0.01582314627659575,-0.004225369649952192,-0.03919870749854218,-0.13802253442354134,0.14610279417479302,0.470976430633378,0.4925807758378502,0.2942319151615466,-0.02146837185252509,-0.23344710956090642,-1.6208683791605474,-1.3873281174694714,-3.870018131694404,3.360714948251265,0.9804049118866777,0.0,-3.1756566327241385
618,1.6133081311708697,0.9677284922449142,3.3813770997268406,-3.9775398669971116,-1.4200500216032665,-1.6668841114474267,-0.22251381688338157,-0.03817915965302642,0.27430902426162296,0.4854485805145768,0.45067983091773567,0.12318722049202312,-0.1395974806083968,-0.02674205785816483,0.012270731000953355,0.02289261209409794,0.03204175611845178,-0.02490009589942397,-0.04767539087539702,-0.02000814854694007,-0.00684114149443486,0.003971902939599105,-0.047675390875396996,-0.024900095899424036,0.032041756118451836,0.022892612094097962,0.012270731000953416,-0.026742057858164848,-0.13959748060839675,0.1231872204920231,0.4506798309177355,0.4854485805145768,0.27430902426162285,-0.038179159653026505,-0.22251381688338157,-1.6668841114474269,-1.4200500216032665,-3.977539866997112,3.3813770997268406,0.9677284922449146,0.0,-3.6511706960105346
619,1.1503725018468227,0.9549959415399664,3.4012547438083893,-4.082985302809208,-1.4514541488758848,-1.7104830211284072,-0.21111597069015295,-0.0547814620219043,0.25336815732296425,0.47603651536013064,0.427770407953846,0.09940757696739752,-0.14000725595796,-0.014023482240111176,0.028627462433814782,0.029663637703215534,0.02842755976360123,-0.034334880520587016,-0.05250055961448335,-0.01799556333233275,-0.007386829751201091,0.004629118188453929,-0.052500559614483334,-0.03433488052058708,0.028427559763601278,0.029663637703215555,0.0286274624338148,-0.014023482240111202,-0.14000725595795996,0.0994075769673975,0.4277704079538459,0.47603651536013053,0.25336815732296425,-0.05478146202190439,-0.21111597069015284,-1.7104830211284074,-1.4514541488758854,-4.082985302809208,3.401254743808389,0.9549959415399667,0.0,-4.125021436905827
620,0.6907173119244536,0.9422079982967544,3.4203432687184323,-4.186299395985437,-1.4815113569109062,-1.7516018939525486,-0.19927736684969594,-0.07122810379986236,0.23148702706694863,0.4643887833740796,0.40238097947353907,0.07493066071459109,-0.1392484402222075,-0.0011675531575018412,0.04465904721863366,0.036047952430184556,0.02439176989257642,-0.04319491581959064,-0.05634062786732116,-0.015606823374550815,-0.0077614652518905635,0.005168175540697033,-0.05634062786732116,-0.04319491581959068,0.02439176989257647,0.03604795243018457,0.04465904721863366,-0.00116755315750188,-0.13924844022220748,0.07493066071459112,0.40238097947353907,0.4643887833740796,0.23148702706694854,-0.07122810379986239,-0.19927736684969594,-1.7516018939525488,-1.4815113569109062,-4.186299395985436,3.4203432687184314,0.942207998296755,0.0,-4.596264447844407
621,0.23501284110936993,0.9293654042531274,3.4386382457616493,-4.287428215954085,-1.5101937532449259,-1.7901811114852584,-0.1870227214228472,-0.08747235213452093,0.20874683558439674,0.450560087183689,0.37465874107875236,0.04992815971447726,-0.13732736696791148,0.011699811563452503,0.060183400894810515,0.04196232696898795,0.019994239087041576,-0.05133188908338032,-0.05912354205713191,-0.01289185963984058,-0.007956372768147466,0.005575315597604691,-0.05912354205713191,-0.051331889083380385,0.019994239087041638,0.04196232696898797,0.06018340089481059,0.011699811563452508,-0.13732736696791142,0.04992815971447724,0.3746587410787523,0.450560087183689,0.20874683558439666,-0.08747235213452104,-0.18702272142284715,-1.7901811114852595,-1.5101937532449259,-4.287428215954085,3.4386382457616502,0.9293654042531275,0.0,-5.063960317329737
622,-0.21607063089284928,0.9164689043168396,3.456135430352375,-4.3863189728690655,-1.5374747212111817,-1.826164737549325,-0.17437761906181623,-0.1034680492710213,0.1852319729900991,0.43461537213747703,0.34476441287276605,0.024575448547299657,-0.13426007071459622,0.02445258208980002,0.07502420006055927,0.04732965840264229,0.01530018470966195,-0.05860959130825827,-0.060797084642965536,-0.00990742203191435,-0.007967038933756691,0.005840146139580836,-0.06079708464296552,-0.0586095913082583,0.015300184709661995,0.0473296584026423,0.07502420006055938,0.024452582089800005,-0.13426007071459622,0.024575448547299622,0.34476441287276605,0.43461537213747703,0.18523197299009891,-0.10346804927102136,-0.17437761906181615,-1.8261647375493257,-1.537474721211182,-4.3863189728690655,3.4561354303523766,0.9164689043168401,0.0,-5.5271796751235085
623,-0.661862824376616,0.9035192465223433,3.4728307629993784,-4.482920045166527,-1.5633289446392624,-1.8595005993270233,-0.16136845959579346,-0.11916974370849881,0.16102970424640806,0.4166295212946584,0.31287130768293303,-0.0009496417340018711,-0.13007215310007064,0.03696585098525022,0.08901288502903475,0.052079975357634326,0.01037922170123896,-0.0649061972728401,-0.06132985390973239,-0.006715893169265266,-0.007793216758184319,0.005955907386787377,-0.06132985390973238,-0.06490619727284014,0.010379221701238997,0.05207997535763435,0.08901288502903479,0.036965850985250216,-0.1300721531000707,-0.0009496417340019227,0.3128713076829331,0.4166295212946583,0.16102970424640795,-0.11916974370849888,-0.16136845959579357,-1.859500599327024,-1.5633289446392626,-4.482920045166528,3.4728307629993793,0.9035192465223433,0.0,-5.985007527810405
624,-1.1016934596363352,0.8905171819874007,3.4887203702476985,-4.5771810065116245,-1.5877324313479935,-1.890140363005716,-0.14802240291467234,-0.1345328193497489,0.1362298453181116,0.3966870037429398,0.27916432627689836,-0.02646807096085602,-0.12479856919260521,0.0491170566202251,0.10199057430529,0.0561513501877823,0.005304330159780921,-0.07011630483344052,-0.06071185317801406,-0.0033839844238850755,-0.007438931346001642,0.005919644542020565,-0.06071185317801408,-0.07011630483344053,0.005304330159780953,0.05615135018778231,0.10199057430529002,0.049117056620225065,-0.12479856919260525,-0.02646807096085602,0.2791643262768983,0.3966870037429398,0.13622984531811158,-0.134532819349749,-0.14802240291467234,-1.8901403630057168,-1.5877324313479937,-4.5771810065116245,3.4887203702477003,0.8905171819874013,0.0,-6.436546836124953
625,-1.534892256966435,0.8774634648695181,3.5038005655773135,-4.6690526521213584,-1.610662535409677,-1.9180396038572598,-0.13436731226595283,-0.14951362227710677,0.1109244298603949,0.37488147789630927,0.24383888539755597,-0.0518008456872025,-0.11848333573333066,0.060787183605827876,0.1138098691397059,0.059490706295809874,0.0001507730127764434,-0.07415269930506774,-0.05895467837794521,1.865852238487154e-05,-0.006912386689751168,0.005732283211689299,-0.05895467837794522,-0.07415269930506775,0.00015077301277646062,0.059490706295809895,0.11380986913970591,0.06078718360582788,-0.1184833357333307,-0.0518008456872025,0.24383888539755597,0.3748814778963092,0.11092442986039484,-0.14951362227710696,-0.1343673122659527,-1.9180396038572594,-1.6106625354096773,-4.6690526521213584,3.503800565577316,0.8774634648695185,0.0,-6.880921303715053
626,-1.96078893666132,0.8643588523222009,3.5180678502584497,-4.758487024449767,-1.6320979781650418,-1.9431578706496124,-0.12043169608320968,-0.16406958479431066,0.08520736767682881,0.35131535163590216,0.2070997848314775,-0.07677027469990957,-0.11117916374405583,0.07186192849403975,0.12433652766203214,0.06205451006796192,-0.0050050201659215445,-0.07694781339314086,-0.05609130046760101,0.003420911456318658,-0.006225775694600974,0.00539860577978057,-0.05609130046760103,-0.07694781339314086,-0.005005020165921527,0.062054510067961935,0.12433652766203213,0.07186192849403969,-0.11117916374405588,-0.07677027469990955,0.2070997848314775,0.3513153516359021,0.08520736767682881,-0.16406958479431075,-0.12043169608320975,-1.9431578706496122,-1.6320979781650418,-4.758487024449766,3.518067850258451,0.8643588523222013,0.0,-7.317277365785856
627,-2.3787132190153812,0.8512041044510373,3.5315189141633097,-4.845437438222053,-1.6520188679693977,-1.9654587442972562,-0.10624464846757295,-0.17815934638188527,0.0591740962148688,0.32609930135970433,0.16916002007900127,-0.10120121539496293,-0.10294701856699726,0.08223281932665356,0.1334509895814628,0.06380933840123593,-0.010086586641102915,-0.07845485823737781,-0.05217544677850905,0.006751658316977005,-0.005394997833942061,0.004927129337864745,-0.052175446778509056,-0.07845485823737776,-0.010086586641102917,0.06380933840123593,0.1334509895814628,0.08223281932665359,-0.10294701856699733,-0.10120121539496296,0.16916002007900122,0.32609930135970416,0.05917409621486875,-0.17815934638188538,-0.10624464846757287,-1.965458744297256,-1.652018867969398,-4.845437438222052,3.531518914163311,0.8512041044510372,0.0,-7.7447853849387815
628,-2.7879948243230626,0.8379999842696102,3.544150636534055,-4.929858504804575,-1.670406718651668,-1.9849098906653861,-0.09183578844647913,-0.1917428712223535,0.032921226392181674,0.2993517521998378,0.13023954750954486,-0.12492230227699362,-0.09385561100861364,0.09179827806748711,0.1410497341354201,0.06473231442464354,-0.015018564493005261,-0.07864860663472575,-0.04728059289648268,0.009941277708974105,-0.0044392909740228245,0.004329888286968289,-0.04728059289648268,-0.0786486066347257,-0.015018564493005272,0.06473231442464356,0.14104973413542005,0.09179827806748705,-0.0938556110086137,-0.12492230227699372,0.13023954750954492,0.2993517521998378,0.032921226392181605,-0.19174287122235362,-0.09183578844647905,-1.9849098906653866,-1.670406718651668,-4.9298585048045735,3.5441506365340563,0.8379999842696106,0.0,-8.162640080113082
629,-3.187963472878753,0.8247472576552393,3.555960086706846,-5.011706155897978,-1.687244466669168,-2.0014831074513175,-0.07723519813650802,-0.20478156196132943,0.006546184068158778,0.2711983218485471,0.09056400916117123,-0.1477671489651016,-0.08398082383478737,0.10046461551184618,0.14704645586365725,0.0648114057342098,-0.019727810268529992,-0.07752581533055974,-0.04149858399373927,0.012923098173291726,-0.003380785893255212,0.0036221271603848475,-0.041498583993739284,-0.07752581533055969,-0.01972781026853002,0.06481140573420982,0.1470464558636572,0.10046461551184614,-0.08398082383478747,-0.14776714896510168,0.0905640091611713,0.27119832184854703,0.006546184068158778,-0.20478156196132954,-0.0772351981365081,-2.001483107451317,-1.687244466669168,-5.011706155897978,3.5559600867068477,0.8247472576552395,0.0,-8.570060232478266
630,-3.577948884976875,0.8114466933045593,3.566944524791776,-5.09093766654112,-1.7025164869422225,-2.015154365075125,-0.06247335993940365,-0.21723836938124294,-0.019853151508863978,0.24177123060490843,0.05036342457740504,-0.1695755152737694,-0.07340507840419573,0.10814694892856538,0.15137304485340466,0.06404558125375992,-0.024144483731598377,-0.07510527930919922,-0.03493791148110206,0.01563479179664178,-0.0022439938119441357,0.002821911508099564,-0.034937911481102084,-0.07510527930919915,-0.0241444837315984,0.06404558125375992,0.15137304485340464,0.10814694892856533,-0.0734050784041958,-0.16957551527376946,0.05036342457740502,0.24177123060490852,-0.019853151508863996,-0.21723836938124302,-0.06247335993940365,-2.015154365075125,-1.702516486942222,-5.0909376665411195,3.5669445247917766,0.8114466933045594,0.0,-8.966287729054129
631,-3.957280780911846,0.7980990626889322,3.5771014023085543,-5.167511677413742,-1.7162086073539102,-2.0259038415202393,-0.047581092902399966,-0.2290778976760606,-0.0461788109369383,0.21120868041293514,0.009870857265391884,-0.19019443118263132,-0.062216646726358404,0.11477003344674948,0.15398036032207552,0.06244482467657418,-0.028203083625311355,-0.07142751717494535,-0.02772167731652681,0.018019677029265435,-0.001055238799432457,0.0019496667749726792,-0.027721677316526853,-0.07142751717494525,-0.028203083625311383,0.06244482467657416,0.15398036032207546,0.11477003344674938,-0.06221664672635851,-0.19019443118263138,0.009870857265391927,0.2112086804129352,-0.04617881093693842,-0.22907789767606074,-0.04758109290239991,-2.0259038415202397,-1.7162086073539107,-5.167511677413742,3.5771014023085543,0.7980990626889326,0.0,-9.3505860204109
632,-4.325288880978045,0.7847051400096998,3.586428362777771,-5.241388216426293,-1.7283081219014962,-2.033715951073475,-0.03258948837571385,-0.2402665050278652,-0.07233309823040057,0.17965420580737132,-0.030678936493366463,-0.20947926981125736,-0.050508914686370636,0.12026899904417133,0.15483878875128726,0.060030004312677826,-0.03184341908509371,-0.06655409289020821,-0.0199852841668919,0.020027903478840356,0.00015795179790270238,0.0010276569427824058,-0.019985284166891937,-0.06655409289020814,-0.031843419085093756,0.06003000431267782,0.15483878875128718,0.12026899904417124,-0.05050891468637073,-0.20947926981125745,-0.030678936493366445,0.17965420580737138,-0.07233309823040052,-0.2402665050278652,-0.03258948837571393,-2.0337159510734746,-1.7283081219014964,-5.241388216426293,3.5864283627777724,0.7847051400096998,0.0,-9.722238082711382
633,-4.681302905469925,0.7712657021532786,3.5949232422676207,-5.312528719585585,-1.7388038024873365,-2.038579366922826,-0.01752984510153796,-0.25077239919950794,-0.09821895337510574,0.14725599981540743,-0.07105086864616356,-0.22729476187280512,-0.03837960258592383,0.12458998591886838,0.15393858023299314,0.05683260103850609,-0.035011502296328004,-0.06056658522450091,-0.011873894763975346,0.02161749391517785,0.0013674847922784637,7.94162437500484e-05,-0.01187389476397539,-0.060566585224500855,-0.035011502296328045,0.056832601038506084,0.15393858023299303,0.12458998591886829,-0.03837960258592392,-0.22729476187280515,-0.07105086864616364,0.14725599981540752,-0.09821895337510572,-0.250772399199508,-0.01752984510153789,-2.038579366922826,-1.7388038024873365,-5.312528719585587,3.5949232422676207,0.7712657021532788,0.0,-10.080543986318636
634,-5.024652574681877,0.757781528646097,3.6025840698959533,-5.380896051125444,-1.747685909338318,-2.040487037580256,-0.0024336038700498923,-0.2605657278717089,-0.12374031252353579,0.11416621798016376,-0.11101088229568783,-0.2435159444908762,-0.02592994950648277,0.12769067202076934,0.15128995920755142,0.05289429789553585,-0.03766034915796357,-0.053565222165226134,-0.0035397081262950473,0.022755221705063337,0.002545351693013139,-0.0008708515489827271,-0.0035397081262950945,-0.05356522216522606,-0.03766034915796362,0.05289429789553584,0.1512899592075513,0.12769067202076925,-0.025929949506482856,-0.2435159444908763,-0.11101088229568781,0.11416621798016378,-0.1237403125235359,-0.26056572787170895,-0.0024336038700498923,-2.040487037580257,-1.7476859093383186,-5.380896051125444,3.602584069895953,0.7577815286460974,0.0,-10.424818182962458
635,-5.354667608908317,0.7442534016093816,3.6094090682875315,-5.446454522891782,-1.7549462000441682,-2.039436197105689,0.012667718121138885,-0.2696186634679135,-0.14880246449307852,0.0805402637745403,-0.15032730864848318,-0.2580290377243085,-0.013263868302451767,0.12954068757642542,0.14692300833598546,0.04826643668809416,-0.03975067607789857,-0.045667203149559646,0.004860896245253162,0.02341730533653723,0.003664277283748927,-0.001798890920858696,0.004860896245253123,-0.04566720314955956,-0.039750676077898624,0.048266436688094154,0.1469230083359854,0.12954068757642534,-0.01326386830245188,-0.2580290377243087,-0.15032730864848326,0.08054026377454043,-0.1488024644930785,-0.2696186634679135,0.01266771812113885,-2.0394361971056894,-1.7549462000441682,-5.446454522891781,3.6094090682875315,0.7442534016093819,0.0,-10.754386630834535
636,-5.670677728443659,0.730682105713791,3.6153966539864038,-5.5091699129720375,-1.7605779372062373,-2.03542836911735,0.027742593067053997,-0.2779054822258772,-0.17331240224449102,0.04653605876142721,-0.18877221011834047,-0.27073224265171264,-0.0004870782773029767,0.13012191254676925,0.14088732682539726,0.04300934866442158,-0.04125148256634571,-0.03700473720245884,0.013170292612735035,0.023589905515226932,0.004698351219644179,-0.002681013736105638,0.013170292612734998,-0.03700473720245875,-0.041251482566345775,0.04300934866442156,0.1408873268253972,0.1301219125467692,-0.00048707827730303915,-0.2707322426517128,-0.18877221011834025,0.04653605876142714,-0.17331240224449115,-0.2779054822258772,0.02774259306705405,-2.035428369117351,-1.7605779372062373,-5.509169912972039,3.6153966539864046,0.7306821057137912,0.0,-11.068583881809548
637,-5.972012653582318,0.7170684281339029,3.620545437823268,-5.569009483559219,-1.7645758946896664,-2.0284693645826715,0.04275954837757502,-0.2854026372912973,-0.1971791680361936,0.012313300927911525,-0.22612270179795724,-0.281536455417763,0.012293777218087457,0.12942865410444196,0.13325146708822486,0.037191568006586635,-0.04214051098705963,-0.027722829821418927,0.021232566630434158,0.0232694144421051,0.0056236280189862166,-0.0034947038756357393,0.021232566630434123,-0.02772282982141882,-0.04214051098705969,0.037191568006586635,0.13325146708822475,0.12942865410444188,0.012293777218087379,-0.28153645541776307,-0.22612270179795718,0.01231330092791156,-0.1971791680361938,-0.28540263729129733,0.042759548377575105,-2.0284693645826724,-1.7645758946896666,-5.5690094835592205,3.620545437823269,0.7170684281339035,0.0,-11.366750257160172
638,-6.25800210461869,0.7034131585025565,3.6248542252377844,-5.625941998041226,-1.7669363624731282,-2.01856927339294,0.05768723238437684,-0.29208882562579874,-0.2203141909735048,-0.021967285323348993,-0.2621622436376156,-0.2903658922327218,0.024972020899799965,0.12746770239238067,0.12410215613368898,0.030888938382613047,-0.04240457664810811,-0.017976855654457113,0.028896440862196993,0.022462531226006142,0.006418681555548753,-0.004219191959306501,0.028896440862196962,-0.01797685565445703,-0.04240457664810818,0.030888938382613036,0.12410215613368888,0.12746770239238056,0.024972020899799885,-0.2903658922327219,-0.2621622436376155,-0.021967285323348924,-0.22031419097350477,-0.2920888256257987,0.057687232384376785,-2.0185692733929406,-1.7669363624731282,-5.6259419980412275,3.6248542252377858,0.7034131585025561,0.0,-11.648229237592652
639,-6.52797580184718,0.6897170888650497,3.62832201655571,-5.679937737306556,-1.7676571500916551,-2.0057424497339236,0.07249447979541694,-0.2979450485391541,-0.24263161570015557,-0.05614470400322976,-0.29668189583944793,-0.2971586209412738,0.03744183194845961,0.12425826401753684,0.11354331053475329,0.024183624208279075,-0.042039763336792345,-0.007929957603523663,0.036018113293574676,0.021186121854580374,0.007065101211619163,-0.004835985482800286,0.036018113293574634,-0.00792995760352357,-0.04203976333679243,0.02418362420827907,0.11354331053475321,0.12425826401753678,0.037441831948459514,-0.29715862094127393,-0.29668189583944776,-0.05614470400322976,-0.2426316157001555,-0.29794504853915416,0.07249447979541694,-2.005742449733924,-1.7676571500916554,-5.679937737306557,3.628322016555711,0.6897170888650502,0.0,-11.912365190170464
640,-6.781263465562242,0.6759810136332003,3.630948007220838,-5.730968515257856,-1.7667375886693404,-1.9900074912736712,0.08715037676031488,-0.3029546656737388,-0.2640486210122896,-0.09005844364072581,-0.3294815301891282,-0.3018669954320974,0.04959912925821705,0.11983177393112422,0.10169485615846342,0.01716303950830355,-0.0410514813988453,0.0022496841089071685,0.042463955578001554,0.01946686665066224,0.007547918202552716,-0.005329340837418246,0.04246395557800152,0.002249684108907272,-0.041051481398845346,0.01716303950830354,0.10169485615846337,0.1198317739311242,0.049599129258216974,-0.30186699543209755,-0.329481530189128,-0.09005844364072581,-0.2640486210122896,-0.30295466567373885,0.08715037676031488,-1.9900074912736714,-1.7667375886693406,-5.730968515257856,3.6309480072208395,0.6759810136332006,0.0,-12.158501548764848
641,-7.017194816058254,0.6622057295392658,3.632731587981664,-5.779007693525221,-1.7641785315400424,-1.9713872121976723,0.10162432541078474,-0.3071034422878232,-0.284485727212555,-0.12354923111203933,-0.3603709903022707,-0.30445798984110173,0.06134244016495565,0.11423158753794023,0.0886913660650004,0.009918708340851227,-0.039454387500567345,0.012391667195559725,0.04811302038814823,0.017340702583144487,0.007855952200690382,-0.005686665164518494,0.04811302038814821,0.012391667195559807,-0.03945438750056743,0.009918708340851196,0.08869136606500035,0.1142315875379402,0.061342440164955526,-0.3044579898411018,-0.3603709903022706,-0.12354923111203933,-0.28448572721255494,-0.3071034422878232,0.10162432541078463,-1.9713872121976717,-1.7641785315400424,-5.7790076935252195,3.6327315879816644,0.6622057295392662,0.0,-12.385979556170929
642,-7.235099573629643,0.6483920355897327,3.6336723450327293,-5.8240301953715985,-1.75998235345551,-1.9499086101304712,0.11588610774137444,-0.31037958970334895,-0.3038670910636797,-0.1564597796538696,-0.38917119405899236,-0.30491343020413464,0.07257374740275724,0.10751255605040776,0.07468053204599676,0.0025450716414664367,-0.03727216726386327,0.02232621975637128,0.052859310825463766,0.014852072089532101,0.007982070232060719,-0.0058988377872940135,0.05285931082546374,0.022326219756371325,-0.03727216726386335,0.00254507164146642,0.07468053204599667,0.10751255605040769,0.07257374740275721,-0.30491343020413464,-0.3891711940589922,-0.15645977965386967,-0.3038670910636796,-0.310379589703349,0.11588610774137442,-1.9499086101304712,-1.7599823534555097,-5.824030195371599,3.63367234503273,0.6483920355897329,0.0,-12.594137665104038
643,-7.434307458570806,0.6345407330189694,3.6337700601106344,-5.866012518782989,-1.75415294838166,-1.9256028269916914,0.1299059486971474,-0.3127737988032566,-0.3221207872469412,-0.1886355275479225,-0.4157151718352548,-0.30323012193428284,0.08319930721938035,0.09974048924654555,0.0598214871621662,-0.004861743958950286,-0.0345371839978004,0.03188704217812896,0.056613769305571694,0.012052994111766146,0.0079233518507372,-0.005960443015368118,0.05661376930557169,0.03188704217812904,-0.03453718399780046,-0.004861743958950316,0.059821487162166086,0.09974048924654547,0.08319930721938026,-0.30323012193428295,-0.4157151718352546,-0.18863552754792243,-0.3221207872469412,-0.3127737988032566,0.12990594869714744,-1.9256028269916914,-1.7541529483816605,-5.866012518782988,3.633770060110635,0.63454073301897,0.0,-12.782311682137276
644,-7.614148191176166,0.6206526252427549,3.6330247105446754,-5.904932748736628,-1.74669572588506,-1.8985051038432272,0.14365457833659245,-0.31427926648318366,-0.3391790752810232,-0.21992536400746654,-0.4398490345118281,-0.2994198722296041,0.09313043182222988,0.0909915108939022,0.04428299833262556,-0.01220517929178295,-0.031289998736157384,0.040914090909701266,0.05930594860083273,0.009001976763119214,0.007681156765999183,-0.005869908379887523,0.059305948600832714,0.040914090909701314,-0.031289998736157454,-0.012205179291782976,0.04428299833262548,0.09099151089390217,0.09313043182222981,-0.29941987222960414,-0.43984903451182794,-0.21992536400746648,-0.33917907528102315,-0.31427926648318366,0.14365457833659237,-1.8985051038432266,-1.74669572588506,-5.904932748736629,3.6330247105446754,0.6206526252427547,0.0,-12.949835723496065
645,-7.773951491740126,0.6067285178116758,3.6314364692621024,-5.940770568640775,-1.7376176061129622,-1.8686547297930762,0.15710329293998296,-0.31489171498236906,-0.3549786509107074,-0.25018233885687097,-0.46143286564882396,-0.29350940725411606,0.10228422962401894,0.08135131315277597,0.028241549504223258,-0.019389501447131155,-0.02757876869902313,0.049256257513810776,0.06088533368526797,0.005762794354292643,0.00726109335629155,-0.00562954477067258,0.06088533368526798,0.04925625751381083,-0.027578768699023187,-0.01938950144713116,0.028241549504223185,0.08135131315277594,0.10228422962401881,-0.2935094072541161,-0.46143286564882385,-0.25018233885687097,-0.35497865091070735,-0.31489171498236906,0.15710329293998296,-1.8686547297930767,-1.7376176061129618,-5.940770568640775,3.6314364692621033,0.606728517811676,0.0,-13.096044034764084
646,-7.913047080557096,0.592769218364404,3.6290057047480007,-5.97350727094008,-1.7269270133715504,-1.836094985029888,0.17022401493560574,-0.3146094040388377,-0.36946088103248403,-0.2792643526711696,-0.480341532653408,-0.28554018467295855,0.11058429710955274,0.07091431726149217,0.011879337171963274,-0.026321051798695226,-0.02345853309953085,0.05677389814931536,0.06132228957924914,0.0024031543420959985,0.006672888799087944,-0.005245487450926909,0.06132228957924914,0.05677389814931537,-0.02345853309953091,-0.026321051798695226,0.011879337171963189,0.07091431726149215,0.11058429710955266,-0.2855401846729586,-0.4803415326534079,-0.27926435267116967,-0.36946088103248415,-0.3146094040388377,0.1702240149356057,-1.8360949850298882,-1.7269270133715504,-5.973507270940078,3.6290057047480015,0.5927692183644039,0.0,-13.220273708287781
647,-8.030764677921505,0.5787755365808501,3.6257329809598002,-6.003125766881045,-1.7146338683083597,-1.8008730780708258,0.1829893515187488,-0.3134331358343254,-0.38257202128525863,-0.3070348241344698,-0.49646541223792984,-0.27556810285665984,0.11796135654886838,0.059782748724435245,-0.004617798982880047,-0.032909466987202436,-0.018990396887535618,0.06334117114168507,0.06060861740895865,-0.0010067179350020752,0.005930163823988942,-0.004727539455101581,0.06060861740895866,0.06334117114168508,-0.018990396887535673,-0.03290946698720246,-0.004617798982880116,0.059782748724435245,0.1179613565488683,-0.2755681028566599,-0.4964654122379297,-0.3070348241344698,-0.3825720212852586,-0.3134331358343253,0.18298935151874868,-1.8008730780708255,-1.7146338683083597,-6.003125766881043,3.6257329809598007,0.5787755365808498,0.0,-13.321868312732406
648,-8.126434004127756,0.5647482841352004,3.6216190571964275,-6.029610595432458,-1.7007495787061233,-1.7630400773137325,0.19537265184106514,-0.311366252714893,-0.3942634154986635,-0.33336333148300906,-0.5097110259626184,-0.2636631087942304,0.12435383423396304,0.0480656360609362,-0.02106248683343902,-0.039068856944988205,-0.014240624535683881,0.0688481435118744,0.05875770824693246,-0.004395547151691494,0.005050117304973878,-0.004088921367171666,0.05875770824693246,0.06884814351187443,-0.014240624535683928,-0.039068856944988205,-0.02106248683343908,0.04806563606093622,0.12435383423396297,-0.2636631087942304,-0.5097110259626183,-0.3333633314830091,-0.39426341549866334,-0.311366252714893,0.19537265184106514,-1.7630400773137325,-1.7007495787061233,-6.02961059543246,3.621619057196429,0.5647482841352004,0.0,-13.400182429200767
649,-8.199384779470247,0.5506882746488371,3.616664887922151,-6.052947931356143,-1.6852870288965844,-1.722650836992836,0.20734806265091713,-0.30841462769370687,-0.4044916762588115,-0.3581262250203766,-0.5200015821782741,-0.24990870746529176,0.12970837441277394,0.03587774292180334,-0.03726794995322888,-0.044718924604379845,-0.009279657307436046,0.073202631201313,0.055804291847079905,-0.007692497838133083,0.004053127995530177,-0.0033459338662160023,0.05580429184707991,0.073202631201313,-0.009279657307436087,-0.044718924604379845,-0.03726794995322895,0.03587774292180338,0.12970837441277383,-0.24990870746529176,-0.5200015821782741,-0.35812622502037655,-0.4044916762588115,-0.308414627693707,0.20734806265091707,-1.7226508369928362,-1.6852870288965844,-6.052947931356141,3.616664887922151,0.5506882746488373,0.0,-13.454587067953206
650,-8.248946724243408,0.5365963236431456,3.6108716225451296,-6.073125592423806,-1.6682605678041074,-1.6797639176453507,0.21889058226853667,-0.3045866477629725,-0.4132188459214005,-0.3812072078282694,-0.5272774212270356,-0.23440137611264258,0.1339802846307843,0.02333844403291653,-0.053050128996243784,-0.04978601269277231,-0.004181068581399884,0.07633174218853724,0.051803784988821114,-0.010828655028131278,0.002962282629060847,-0.0025175416527990937,0.05180378498882114,0.07633174218853721,-0.004181068581399921,-0.049786012692772316,-0.05305012899624378,0.023338444032916555,0.1339802846307842,-0.23440137611264267,-0.5272774212270357,-0.3812072078282694,-0.41321884592140046,-0.3045866477629725,0.21889058226853658,-1.679763917645351,-1.6682605678041078,-6.073125592423806,3.610871622545129,0.5365963236431458,0.0,-13.48447591944813
651,-8.27444955874165,0.5224732484922123,3.604240605150741,-6.090133045776245,-1.6496859956301748,-1.6344415012043014,0.22997611278331484,-0.2998931900624384,-0.42041253747464197,-0.40249788194552377,-0.5314963613201628,-0.21724988752371963,0.13713390876314627,0.010570555975492725,-0.06822977221683879,-0.05420406396782094,0.0009795272750145734,0.07818309666643551,0.04683125165776407,-0.013738464763714701,0.0018028413120896427,-0.0016248893764032122,0.04683125165776409,0.07818309666643548,0.0009795272750145433,-0.054204063967820945,-0.06822977221683885,0.01057055597549274,0.13713390876314616,-0.21724988752371968,-0.5314963613201626,-0.4024978819455239,-0.4204125374746419,-0.2998931900624384,0.22997611278331484,-1.634441501204302,-1.6496859956301748,-6.090133045776243,3.6042406051507427,0.5224732484922122,0.0,-13.489272373543521
652,-8.275223003259379,0.5083198683754147,3.596773374189749,-6.1039614134215565,-1.6295805491911277,-1.586749300840662,0.24058151036424757,-0.2943475909721893,-0.4260460547292619,-0.42189825745033654,-0.5326339430876063,-0.19857454706764666,0.13914292462375388,-0.002300865745015152,-0.08263447138557108,-0.057915482374616814,0.006125596300723317,0.07872570385492891,0.040979994573694604,-0.016361104345779028,0.000601652589859524,-0.0006907619198269209,0.040979994573694625,0.07872570385492886,0.006125596300723294,-0.0579154823746168,-0.08263447138557112,-0.002300865745015139,0.1391429246237538,-0.1985745470676467,-0.5326339430876063,-0.42189825745033666,-0.4260460547292619,-0.2943475909721893,0.2405815103642476,-1.5867493008406628,-1.6295805491911277,-6.103961413421556,3.59677337418975,0.5083198683754151,0.0,-13.468437221641903
653,-8.24400133737951,0.4941370042299061,3.5884716621213633,-6.114603476869501,-1.6079628859227573,-1.536756465685539,0.2506846335784985,-0.28796560821754946,-0.4300984913895434,-0.4393172220548108,-0.5306835713815806,-0.17850634883950925,0.1399905636672278,-0.015149751559237833,-0.09610061997735646,-0.06087188389834443,0.0111808199740852,0.07795048077166665,0.034359804493911475,-0.018641753688939174,-0.0006134682706711236,0.000260997183249521,0.03435980449391151,0.07795048077166662,0.011180819974085186,-0.06087188389834444,-0.09610061997735646,-0.015149751559237815,0.13999056366722779,-0.17850634883950933,-0.5306835713815806,-0.4393172220548108,-0.43009849138954326,-0.28796560821754935,0.2506846335784985,-1.536756465685539,-1.6079628859227575,-6.114603476869503,3.5884716621213646,0.4941370042299059,0.0,-13.421476938694504
654,-8.17491818407176,0.479925478702999,3.5793373950113003,-6.122053680899607,-1.5848530665665985,-1.4845354805705457,0.2602643896172053,-0.280765376093774,-0.4325548086377526,-0.4546729690064171,-0.5256565535120356,-0.15718605683089745,0.13966975095003756,-0.02785025262649184,-0.10847527139111968,-0.0630347273239086,0.01607022705095463,0.07587040427676509,0.027094900141310992,-0.02053274120592083,-0.0018143833836756563,0.0012060943526835514,0.02709490014131102,0.07587040427676503,0.016070227050954636,-0.0630347273239086,-0.10847527139111968,-0.027850252626491788,0.13966975095003753,-0.15718605683089754,-0.5256565535120353,-0.4546729690064171,-0.4325548086377526,-0.280765376093774,0.26026438961720527,-1.4845354805705462,-1.5848530665665985,-6.122053680899608,3.579337395011302,0.4799254787029994,0.0,-13.347952425654059
655,-8.069402278710804,0.46568611610444943,3.5693726920849147,-6.126308136461015,-1.560272536553974,-1.4301620609317238,0.2693007783320188,-0.2727673539377588,-0.4334058909440269,-0.4678933812867618,-0.5175820336923521,-0.13476321757164295,0.1381831641825546,-0.04027797346544715,-0.11961787609554332,-0.06437581667961433,0.020721305422002276,0.0725202938464349,0.01932159741162545,-0.021994540269484778,-0.002973283818014129,0.0021204060536921215,0.019321597411625455,0.07252029384643484,0.02072130542200229,-0.06437581667961433,-0.11961787609554332,-0.04027797346544711,0.1381831641825546,-0.134763217571643,-0.517582033692352,-0.4678933812867618,-0.433405890944027,-0.27276735393775875,0.26930077833201876,-1.4301620609317234,-1.560272536553974,-6.126308136461014,3.569372692084915,0.4656861161044495,0.0,-13.247488078505526
656,-7.928882356671215,0.45141974235864435,3.558579865235525,-6.12736462270259,-1.5342441061050829,-1.3737150430293976,0.2777749339904399,-0.2639942679931829,-0.4326485798946135,-0.4789163703033072,-0.5065068240753184,-0.11139511116836151,0.13554321137915035,-0.05231119034981862,-0.12940187797066105,-0.06487766881477817,0.02506507749995867,0.06795622871176119,0.01118575159392221,-0.022996595423201406,-0.004063333553365387,0.0029805945482783676,0.011185751593922266,0.06795622871176112,0.02506507749995869,-0.06487766881477816,-0.12940187797066102,-0.05231119034981856,0.13554321137915035,-0.11139511116836152,-0.5065068240753184,-0.47891637030330714,-0.4326485798946135,-0.2639942679931828,0.27777493399043984,-1.3737150430293972,-1.5342441061050822,-6.127364622702589,3.5585798652355267,0.45141974235864435,0.0,-13.119781037703707
657,-7.754787153327694,0.4371271849566957,3.5469614184880354,-6.125222588132226,-1.5067919290615892,-1.3152762696431382,0.28566916466277664,-0.25447104683427385,-0.430285685912918,-0.48769016748340327,-0.4924951333589532,-0.08724564809751102,0.1317719272928853,-0.06383204353546285,-0.13771615171427426,-0.06453374131933436,0.029037123188303583,0.0622546091194514,0.0028400205975629496,-0.023517961071090606,-0.0050592909071981275,0.0037647035892539077,0.002840020597562988,0.06225460911945132,0.029037123188303624,-0.06453374131933437,-0.13771615171427426,-0.0638320435354628,0.1317719272928853,-0.08724564809751101,-0.4924951333589531,-0.48769016748340327,-0.4302856859129179,-0.25447104683427385,0.28566916466277653,-1.3152762696431382,-1.5067919290615888,-6.125222588132226,3.5469614184880363,0.43712718495669556,0.0,-12.96461046196378
658,-7.548545404054845,0.42280927290844383,3.534520047417979,-6.119883150904724,-1.4779414804723627,-1.2549304714075535,0.29296698915849456,-0.24422475053168968,-0.4263259778298671,-0.49417356740118507,-0.4756281945355925,-0.06248421949116815,0.1269007894992126,-0.07472769164157363,-0.14446626498733467,-0.06334851781415529,0.03257853526031482,0.05551087742859362,-0.005558999462611225,-0.023547739295829095,-0.005938093042538169,0.004452718851811266,-0.005558999462611203,0.05551087742859353,0.03257853526031485,-0.06334851781415528,-0.14446626498733456,-0.07472769164157356,0.1269007894992126,-0.062484219491168135,-0.47562819453559246,-0.49417356740118507,-0.42632597782986703,-0.24422475053168968,0.29296698915849445,-1.2549304714075535,-1.4779414804723623,-6.119883150904722,3.5345200474179785,0.422809272908444,0.0,-12.78184666310011
659,-7.311585844227306,0.4084668366943716,3.5212586385261244,-6.111349098238099,-1.4477195329531614,-1.192765143960969,0.2996531714348438,-0.23328449376178878,-0.42078415034228966,-0.49833612129550786,-0.4560037939423677,-0.03728450897994447,0.12097045566378023,-0.08489141687934997,-0.1495755509630245,-0.06133744950019671,0.03563679297977448,0.04783792045164726,-0.013853712576080724,-0.02308530765396947,-0.006679390021406822,0.005027078797672309,-0.013853712576080692,0.047837920451647184,0.035636792979774526,-0.06133744950019671,-0.14957555096302444,-0.08489141687934991,0.12097045566378027,-0.03728450897994443,-0.4560037939423677,-0.49833612129550786,-0.42078415034228955,-0.23328449376178872,0.2996531714348438,-1.1927651439609686,-1.4477195329531611,-6.111349098238099,3.521258638526125,0.40846683669437145,0.0,-12.571459934162176
660,-7.045337209219719,0.3941007082174355,3.5071802685687823,-6.099624884958656,-1.4161541318422017,-1.128870421085119,0.30571375240592763,-0.22168136307777286,-0.41368076948007987,-0.500158280070082,-0.4337357043434128,-0.011823274427109244,0.11403042418726472,-0.0942236703029383,-0.15298597909767522,-0.058526753728463735,0.03816654100714466,0.03936417978370729,-0.021888479908109843,-0.022140332186650142,-0.0072660160371485,0.0054731229320434,-0.02188847990810981,0.039364179783707216,0.03816654100714471,-0.058526753728463735,-0.1529859790976752,-0.09422367030293823,0.11403042418726475,-0.011823274427109244,-0.43373570434341274,-0.500158280070082,-0.41368076948007965,-0.22168136307777286,0.30571375240592763,-1.1288704210851188,-1.4161541318422013,-6.099624884958655,3.5071802685687836,0.39410070821743526,0.0,-12.33352890159447
661,-6.751228234406707,0.37971172075481124,3.492288203843974,-6.084716631175524,-1.3832745691746693,-1.0633389440197771,0.311136079085802,-0.2094483285777761,-0.4050421962845162,-0.49963148610421476,-0.40895302533051503,0.013720891900821193,0.10613862105971408,-0.10263304684490283,-0.15465881423343156,-0.05495307221674603,0.040130262039682375,0.030231501752217105,-0.02951254014750882,-0.020732565373838066,-0.007684386913579551,0.005779466011651908,-0.029512540147508787,0.030231501752217026,0.04013026203968242,-0.054953072216746036,-0.15465881423343147,-0.10263304684490275,0.10613862105971414,0.01372089190082121,-0.40895302533051486,-0.49963148610421476,-0.40504219628451615,-0.20944832857777604,0.311136079085802,-1.0633389440197767,-1.3832745691746693,-6.084716631175523,3.492288203843974,0.37971172075481113,0.0,-12.06824823362088
662,-6.430687655162929,0.3653007089095625,3.47658589943362,-6.06663211908593,-1.3491113565003192,-0.9962657271418166,0.3159088310047647,-0.19662015022089296,-0.39490048898097324,-0.4967582134429818,-0.38179943486624657,0.03916881603051459,0.09736091637278052,-0.11003718058620757,-0.15457505654666684,-0.050662993368790356,0.04149883320993867,0.020592762977934196,-0.036582838334403504,-0.0188914332553934,-0.007924814666289056,0.00593828865223187,-0.03658283833440347,0.02059276297793412,0.04149883320993874,-0.05066299336879037,-0.15457505654666678,-0.11003718058620746,0.09736091637278059,0.039168816030514635,-0.38179943486624657,-0.4967582134429818,-0.39490048898097313,-0.19662015022089283,0.31590883100476463,-0.9962657271418158,-1.3491113565003188,-6.06663211908593,3.47658589943362,0.36530070890956223,0.0,-11.775935541541681
663,-6.08514420686301,0.3508685085622313,3.460076998401938,-6.045380788912853,-1.313696196569393,-0.9277480202034473,0.32002204384367966,-0.18323327905734638,-0.3832932840090636,-0.49155195617807496,-0.3524323563087683,0.06434199905850944,0.08777057452534462,-0.11636355149195748,-0.15273565734527864,-0.045712444923209875,0.04225195799100092,0.010609311294111351,-0.04296671008896677,-0.01665542034921504,-0.00798173184196842,0.005945536917724349,-0.04296671008896675,0.010609311294111282,0.04225195799100097,-0.04571244492320986,-0.15273565734527858,-0.11636355149195743,0.08777057452534469,0.0643419990585095,-0.35243235630876824,-0.49155195617807496,-0.3832932840090634,-0.1832332790573464,0.3200220438436796,-0.9277480202034472,-1.3136961965693927,-6.045380788912853,3.460076998401938,0.35086850856223134,0.0,-11.457037318096551
664,-5.716026624881589,0.33641595682235403,3.4427653309502166,-6.020973733977164,-1.2770619539131272,-0.8578851673293728,0.3234671302369986,-0.16932575365345034,-0.37026365635171893,-0.4840371650738961,-0.32102204574749066,0.08906386919277134,0.07744764271147046,-0.12155019571129942,-0.14916150826386873,-0.040165964849880754,0.04237846720312919,0.00044826486167092946,-0.048544370875267084,-0.014071265223300333,-0.007853820440867285,0.00580102579669308,-0.04854437087526705,0.00044826486167085194,0.042378467203129246,-0.040165964849880734,-0.14916150826386865,-0.12155019571129935,0.07744764271147052,0.0890638691927714,-0.3210220457474906,-0.48403716507389605,-0.3702636563517188,-0.1693257536534503,0.3234671302369985,-0.8578851673293726,-1.277061953913127,-6.0209737339771605,3.442765330950216,0.33641595682235426,0.0,-11.112133767403325
665,-5.3247636445933,0.32194389197990736,3.4246549135281796,-5.99342369490684,-1.2392426243461507,-0.7867784629773046,0.3262368977010442,-0.15493709200567116,-0.3558599596815336,-0.47424913273652936,-0.2877506049407771,0.1131610202769477,0.06647828279476628,-0.12554631248442588,-0.14389320397952773,-0.034095859998806925,0.04187648465772297,-0.00972028530812018,-0.053211163592636126,-0.011192983536384747,-0.007544042436989238,0.005508443924727595,-0.053211163592636126,-0.009720285308120254,0.041876484657723055,-0.03409585999880693,-0.14389320397952762,-0.1255463124844258,0.06647828279476635,0.1131610202769478,-0.28775060494077703,-0.47424913273652947,-0.35585995968153356,-0.15493709200567113,0.32623689770104414,-0.7867784629773042,-1.2392426243461503,-5.993423694906839,3.424654913528179,0.3219438919799072,0.0,-10.741942394088158
666,-4.912784001372771,0.3074531534566838,3.405749947902136,-5.962745052986295,-1.200273303419079,-0.7145310050706862,0.3283255636501272,-0.14010817925091412,-0.3401356469175977,-0.4622338278648814,-0.2528109255782011,0.13646442810996218,0.054954052145759553,-0.12831276171231154,-0.13699058114326448,-0.02758126346975109,0.04075345498204313,-0.0197261225950548,-0.056879522321608325,-0.008080738968189305,-0.007059571189287987,0.005075259432294808,-0.056879522321608325,-0.019726122595054876,0.040753454982043205,-0.027581263469751097,-0.13699058114326443,-0.1283127617123115,0.05495405214575964,0.13646442810996226,-0.2528109255782011,-0.4622338278648813,-0.3401356469175974,-0.14010817925091404,0.3283255636501272,-0.7145310050706858,-1.2002733034190787,-5.962745052986295,3.4057499479021365,0.3074531534566837,0.0,-10.347320234891047
667,-4.481516430594663,0.2929445817576042,3.386054820180136,-5.92895382264926,-1.160190153850571,-0.6412475455165559,0.3297287674691484,-0.12488115149210359,-0.3231490718587416,-0.4480476793624216,-0.21640557098801072,0.1588106360293416,0.04297113944488267,-0.12982244731571863,-0.12853203876383162,-0.020707102991260856,0.0390260332120363,-0.02940175411402283,-0.05948061537745154,-0.004799585639811902,-0.006411625332137194,0.0045125293212656915,-0.05948061537745154,-0.029401754114022897,0.03902603321203636,-0.02070710299126085,-0.12853203876383154,-0.12982244731571851,0.042971139444882775,0.15881063602934167,-0.2164055709880107,-0.4480476793624217,-0.3231490718587415,-0.12488115149210349,0.3297287674691484,-0.6412475455165556,-1.160190153850571,-5.928953822649259,3.386054820180137,0.29294458175760457,0.0,-9.929264634024278
668,-4.032389667633593,0.2784190184219654,3.3655740997943577,-5.8920676431191366,-1.1190303719690804,-0.567034338325299,0.3304435796174773,-0.10929927606916465,-0.3049632726293462,-0.43175731132341993,-0.17874560177311813,0.18004290144225968,0.030629561829551455,-0.1300605826286488,-0.11861364776293079,-0.013562993757846893,0.0367198377906497,-0.03858521446503819,-0.06096563684165929,-0.0014181083109935481,-0.005615208991581081,0.0038346172357669214,-0.060965636841659274,-0.03858521446503824,0.03671983779064977,-0.013562993757846883,-0.11861364776293072,-0.13006058262864875,0.03062956182955156,0.18004290144225982,-0.17874560177311813,-0.43175731132342,-0.304963272629346,-0.10929927606916458,0.33044357961747733,-0.5670343383252985,-1.1190303719690804,-5.892067643119136,3.365574099794358,0.27841901842196526,0.0,-9.488912483603658
669,-3.566832447864204,0.2638773059746282,3.3443125384409607,-5.852105769201244,-1.0768321531954375,-0.4919989855524908,0.3304685077451051,-0.09340682861561364,-0.28564573774135715,-0.41343923013829864,-0.14004935218401018,0.20001229526220662,0.018032330086466417,-0.12902483522683655,-0.10734805981534368,-0.006242070158873722,0.03386907063478275,-0.04712277695583353,-0.061306722337599706,0.0019930112222762246,-0.004688764343035224,0.003058826831235514,-0.06130672233759971,-0.047122776955833584,0.03386907063478284,-0.006242070158873701,-0.10734805981534361,-0.12902483522683653,0.01803233008646652,0.20001229526220665,-0.14004935218401018,-0.41343923013829864,-0.2856457377413569,-0.09340682861561361,0.330468507745105,-0.4919989855524904,-1.0768321531954372,-5.852105769201243,3.344312538440962,0.26387730597462855,0.0,-9.0275378722471
670,-3.086273506661124,0.24932028787714935,3.322275068977652,-5.809089061231679,-1.0336346565982923,-0.41625028128620023,0.32980349980830026,-0.07724896725010018,-0.26526815564066647,-0.3931794651875838,-0.10054116432257443,0.21857874653952497,0.005284588856981313,-0.12672534977275648,-0.09486322786722662,0.0011602283706363676,0.030516009905453508,-0.0548715269124657,-0.06049747186705624,0.005362471563743295,-0.0036537445559679704,0.0022049600999039425,-0.06049747186705623,-0.05487152691246575,0.030516009905453566,0.0011602283706363891,-0.09486322786722656,-0.12672534977275646,0.005284588856981403,0.21857874653952505,-0.10054116432257443,-0.3931794651875838,-0.26526815564066636,-0.07724896725010011,0.3298034998083001,-0.41625028128619995,-1.0336346565982921,-5.809089061231677,3.3222750689776523,0.24932028787714933,0.0,-8.546548108094123
671,-2.592141579399007,0.23474880847885674,3.299466804279226,-5.763039974188094,-0.9894779685553151,-0.3398980539059654,0.3284499441782632,-0.06087160426038234,-0.2439061486673034,-0.37107316481190666,-0.06045008751531451,0.2356120249584813,-0.0075072609680588934,-0.12318464865338807,-0.08130095286474062,0.008547401548994605,0.026710383003627047,-0.061701754001954566,-0.058553069897354204,0.008619842104152738,-0.00253411701464766,0.001294811926424866,-0.05855306989735423,-0.06170175400195462,0.026710383003627127,0.008547401548994625,-0.08130095286474057,-0.12318464865338802,-0.007507260968058777,0.23561202495848133,-0.06045008751531448,-0.37107316481190666,-0.2439061486673034,-0.060871604260382274,0.3284499441782632,-0.3398980539059651,-0.9894779685553148,-5.763039974188093,3.299466804279226,0.23474880847885682,0.0,-8.047478106668722
672,-2.085865401452466,0.2201637129678768,3.2758930360513303,-5.713982545968079,-0.9444030655538718,-0.2630530068421433,0.32641066674255187,-0.04432127564434328,-0.22163899241672733,-0.34722414945554975,-0.02000855039635835,0.2509926543093602,-0.020236450338950596,-0.11843741138394555,-0.06681527319906637,0.015823146276595732,0.02250862909046006,-0.06749912352062977,-0.05551000044580471,0.01169703520676741,-0.0013558083185997724,0.00035161377506539345,-0.05551000044580472,-0.06749912352062978,0.02250862909046011,0.015823146276595746,-0.06681527319906627,-0.11843741138394548,-0.020236450338950492,0.25099265430936024,-0.020008550396358366,-0.3472241494555497,-0.2216389924167272,-0.044321275644343176,0.32641066674255176,-0.263053006842143,-0.9444030655538713,-5.713982545968078,3.275893036051331,0.22016371296787657,0.0,-7.5319831587913555
673,-1.5688737081961683,0.20556584732210936,3.251559233602752,-5.66194238484123,-0.8984517761656964,-0.1858265580665168,0.3236899250053317,-0.027645008878746158,-0.19854932154368513,-0.32174442408216236,0.020548986601120915,0.26461275052823224,-0.03279673321065606,-0.1125301349382091,-0.05157071516025836,0.022892612094097962,0.01797306206911838,-0.07216659030186644,-0.051425362507512215,0.014529729418580424,-0.00014610391459332793,-0.0006005592916861848,-0.05142536250751222,-0.07216659030186644,0.017973062069118438,0.022892612094097965,-0.05157071516025827,-0.11253013493820903,-0.03279673321065595,0.26461275052823235,0.020548986601120926,-0.32174442408216236,-0.19854932154368504,-0.027645008878746054,0.3236899250053317,-0.1858265580665161,-0.8984517761656962,-5.661942384841227,3.251559233602752,0.2055658473221094,0.0,-7.001830118735249
674,-1.0425952350047165,0.19095605826015943,3.226471042576488,-5.6069466560814645,-0.8516667422308483,-0.10833067854688799,0.32029339919876576,-0.010890189291460415,-0.1747228231004141,-0.29475365215254573,0.060987390532871597,0.2763767784261477,-0.04508327334099273,-0.10552067833236438,-0.035740424271035104,0.029663637703215534,0.01317094644152455,-0.07562602320531854,-0.04637579867159783,0.017058713958353164,0.001066983737451388,-0.0015374031272953708,-0.04637579867159786,-0.07562602320531854,0.013170946441524601,0.02966363770321556,-0.03574042427103501,-0.10552067833236435,-0.04508327334099263,0.2763767784261478,0.060987390532871534,-0.2947536521525457,-0.174722823100414,-0.010890189291460278,0.3202933991987657,-0.10833067854688772,-0.851666742230848,-5.606946656081462,3.226471042576488,0.19095605826015927,0.0,-6.458887077603002
675,-0.5084587172527684,0.1763351931922249,3.2006342836399138,-5.549024067786614,-0.804091379286971,-0.03067772989988236,0.31622818042410206,0.005895574583140296,-0.15024791854722694,-0.2663785936349278,0.10107221913042154,0.28620222179984506,-0.05699351932169652,-0.09747769592293865,-0.019504198724550097,0.036047952430184556,0.00817349974549568,-0.07781951299448465,-0.04045605702887485,0.019231126378132037,0.002255363833599007,-0.0024350048627096196,-0.04045605702887488,-0.07781951299448463,0.008173499745495716,0.03604795243018456,-0.01950419872455004,-0.09747769592293862,-0.05699351932169639,0.28620222179984517,0.1010722191304215,-0.2663785936349278,-0.15024791854722686,0.005895574583140356,0.31622818042410195,-0.030677729899882225,-0.804091379286971,-5.549024067786614,3.200634283639914,0.1763351931922249,0.0,-5.905111611056656
676,0.032107109685043156,0.16170410017094375,3.1740549511343343,-5.488204855892607,-0.7557698362805775,0.04701969852265806,0.31150275584721776,0.02266458628301705,-0.12521543561555745,-0.236752509687068,0.14057107998373472,0.2940201622236292,-0.06842806053878361,-0.0884799649694156,-0.003046447262077825,0.041962326968987954,0.0030548363665785006,-0.07871034170936689,-0.0337772133547928,0.021001557527853765,0.003391517709204553,-0.00327045328055796,-0.03377721335479282,-0.07871034170936687,0.003054836366578531,0.041962326968987954,-0.0030464472620777647,-0.08847996496941558,-0.06842806053878349,0.29402016222362926,0.1405710799837346,-0.236752509687068,-0.12521543561555734,0.022664586283017128,0.31150275584721765,0.04701969852265833,-0.7557698362805775,-5.488204855892606,3.1740549511343357,0.1617041001709439,0.0,-5.3425377136617875
677,0.5776735104340798,0.14706362784220525,3.146739211684255,-5.424520768390132,-0.7067469545977468,0.12464895287746872,0.30612699097952767,0.03936919694715003,-0.09971827124119938,-0.20601453680605325,0.17925497783978042,0.29977576246260956,-0.07929145691781263,-0.07861561404773991,0.013445905315250261,0.04732965840264227,-0.002109131611672309,-0.07828359730739295,-0.02646458692593135,0.022333000726364027,0.004449136073503879,-0.004022423622266121,-0.026464586925931392,-0.0782835973073929,-0.0021091316116722872,0.04732965840264229,0.01344590531525032,-0.07861561404773991,-0.07929145691781252,0.2997757624626097,0.17925497783978034,-0.2060145368060533,-0.09971827124119934,0.03936919694715009,0.30612699097952767,0.124648952877469,-0.7067469545977468,-5.424520768390131,3.146739211684255,0.1470636278422051,0.0,-4.773261553811979
678,1.1268117496197139,0.13241462539592594,3.118693402766666,-5.358005048752009,-0.657068226452251,0.2020974781671646,0.30011210908124936,0.05596194070896515,-0.07385104681861336,-0.1743090333850392,0.21689964220603336,0.3034286511165029,-0.0894930355284563,-0.06798125987204054,0.029785541211759786,0.05207997535763433,-0.0072418202180869985,-0.07654642328380878,-0.018655389076869103,0.02319762529867155,0.005403728239397907,-0.0046717219009291535,-0.018655389076869137,-0.07654642328380873,-0.007241820218086986,0.05207997535763433,0.029785541211759817,-0.06798125987204057,-0.08949303552845618,0.30342865111650297,0.2168996422060334,-0.17430903338503928,-0.0738510468186133,0.05596194070896519,0.3001121090812493,0.20209747816716475,-0.657068226452251,-5.358005048752009,3.118693402766667,0.13241462539592622,0.0,-4.199426203113404
679,1.6780930918672983,0.11775794251679352,3.0899240312407037,-5.288692418579886,-0.6067797526697281,0.2792529814342284,0.2934706677300268,0.07239566956978516,-0.04770975705567182,-0.1417849017457817,0.2532868275621021,0.30495320579599905,-0.09894764739940617,-0.056681060979001496,0.04578687716612369,0.0561513501877823,-0.012267109368669593,-0.0735278990930173,-0.010496148619009413,0.023577358310468415,0.006233189240831489,-0.005201774826396074,-0.010496148619009455,-0.07352789909301724,-0.012267109368669591,0.0561513501877823,0.045786877166123716,-0.05668106097900153,-0.09894764739940604,0.3049532057959991,0.25328682756210197,-0.14178490174578173,-0.04770975705567175,0.07239566956978524,0.2934706677300266,0.2792529814342285,-0.6067797526697281,-5.288692418579883,3.0899240312407037,0.11775794251679393,0.0,-3.6232055118883446
680,2.2300888018022,0.1030944293349833,3.060437771837998,-5.216619059479356,-0.5559281999070743,0.3560035945750626,0.28621653260383123,0.08862368736906459,-0.021391413731961496,-0.10859488883097634,0.2882055786414884,0.3043387328454123,-0.10757637822674335,-0.044825697543600135,0.06126817227965797,0.05949070629580986,-0.01711047176173101,-0.06927855337255198,-0.002139962429823259,0.023464262340130798,0.006918311705341451,-0.005599052837265262,-0.0021399624298232985,-0.06927855337255191,-0.017110471761731017,0.05949070629580987,0.06126817227965796,-0.04482569754360017,-0.10757637822674324,0.3043387328454124,0.2882055786414885,-0.10859488883097641,-0.021391413731961514,0.08862368736906462,0.2862165326038312,0.3560035945750626,-0.5559281999070743,-5.216619059479355,3.060437771837998,0.10309442933498358,0.0,-3.0467873177928118
681,2.7813701440497844,0.08842493637684803,3.0302414656140835,-5.14182259417296,-0.5045607573467599,0.43223803653804327,0.27836484853287335,0.10459988247073418,0.005006314317323964,-0.07489486884064735,0.3214534534479881,0.30158954235099283,-0.11530720704374421,-0.03253128731844154,0.07605359220360884,0.06205451006796192,-0.021700078151343102,-0.06386951811808098,0.006256377198595771,0.022860701391768518,0.007443230628622597,-0.005853415441930453,0.00625637719859574,-0.0638695181180809,-0.021700078151343113,0.06205451006796193,0.07605359220360891,-0.03253128731844154,-0.1153072070437441,0.30158954235099295,0.3214534534479879,-0.07489486884064732,0.005006314317324102,0.10459988247073423,0.27836484853287335,0.43223803653804377,-0.5045607573467601,-5.14182259417296,3.0302414656140844,0.08842493637684817,0.0,-2.4723561871673847
682,3.330508383235415,0.07375031451558478,2.9993421183612172,-5.064342066860881,-0.4527250929062479,0.5078457746704097,0.2699320078809646,0.12027885878862923,0.03138546365586113,-0.040843111181627555,0.352837696916276,0.2967249179087684,-0.12207560735443658,-0.01991824831455754,0.08997520624068572,0.06380933840123591,-0.02596786260741044,-0.057391337968144135,0.014535324550327711,0.02177929148130333,0.0077957907517115675,-0.0059583700538729314,0.014535324550327676,-0.05739133796814405,-0.025967862607410453,0.06380933840123591,0.08997520624068578,-0.019918248314557557,-0.1220756073544365,0.2967249179087685,0.3528376969162759,-0.04084311118162752,0.03138546365586132,0.1202788587886293,0.2699320078809645,0.50784577467041,-0.45272509290624796,-5.06434206686088,2.9993421183612186,0.07375031451558546,0.0,-1.9020758984275443
683,3.8760747839844534,0.059071414921882025,2.967746898982979,-4.984217922839651,-0.4004693090031609,0.582717184980041,0.26093561632233697,0.1356160647786948,0.05764813979395494,-0.006599537168143398,0.38217635841236086,0.28977898136397323,-0.12782508571345716,-0.007110119363181074,0.10287489467804416,0.06473231442464354,-0.02985053196407323,-0.049952454530620936,0.022541536613379827,0.020242636928457004,0.007967828033637023,-0.0059112377144483145,0.0225415366133798,-0.04995245453062086,-0.02985053196407326,0.06473231442464354,0.10287489467804417,-0.007110119363181091,-0.12782508571345708,0.28977898136397334,0.38217635841236086,-0.006599537168143398,0.05764813979395497,0.1356160647786948,0.260935616322337,0.5827171849800417,-0.40046930900316097,-4.984217922839651,2.96774689898298,0.059071414921882025,0.0,-1.3380718833723466
684,4.416640610922261,0.04438908901454907,2.935463137831023,-4.901491987389465,-0.3478418979172371,0.656743711079766,0.25139445608537414,0.150567920031439,0.08369688048043228,0.02767503103564908,0.4092993465951828,0.2808004534708207,-0.13250765325687464,0.0057676498894569635,0.1146061446885031,0.0648114057342098,-0.03329050448586666,-0.04167739112257302,0.030124787876743574,0.01828285786684245,0.007955358701628714,-0.005713221473106213,0.030124787876743532,-0.04167739112257293,-0.033290504485866707,0.0648114057342098,0.11460614468850308,0.0057676498894569115,-0.13250765325687452,0.2808004534708208,0.4092993465951827,0.02767503103564905,0.08369688048043229,0.1505679200314391,0.25139445608537414,0.6567437110797664,-0.347841897917237,-4.901491987389465,2.9354631378310243,0.04438908901454962,0.0,-0.7824138456223674
685,4.950777128674215,0.029704188411131215,2.9024983250043785,-4.816207443941132,-0.29489169679050475,0.7298180215837462,0.24132844673998893,0.16509193910492434,0.10943501739047426,0.061819625703896146,0.43404941552377807,0.26985231215141786,-0.13608422624827696,0.018588927702872023,0.12503571440240435,0.06404558125375993,-0.03623676383079495,-0.03270466831003966,0.037142789104613834,0.015940918848443213,0.007758671501153679,-0.0053693756796427275,0.037142789104613806,-0.03270466831003957,-0.036236763830795,0.06404558125375993,0.12503571440240435,0.018588927702871988,-0.1360842262482769,0.2698523121514179,0.4340494155237779,0.061819625703896146,0.10943501739047433,0.16509193910492445,0.24132844673998885,0.7298180215837466,-0.29489169679050464,-4.816207443941131,2.902498325004379,0.029704188411131493,0.0,-0.23709877541676933
686,5.477055601865658,0.015017564878513771,2.8688601086116825,-4.728408811534066,-0.24166784230743174,0.8018341657277241,0.23075860361051487,0.17914685224642668,0.13476703486714398,0.09567388952089775,0.4562830762930393,0.2570113507508915,-0.13852495229690678,0.031228135643865455,0.13404514624982394,0.06244482467657417,-0.038645615645662865,-0.02318448514064345,0.04346385719736592,0.01326577257641885,0.007382321009596191,-0.00488847697229876,0.04346385719736589,-0.023184485140643363,-0.03864561564566292,0.06244482467657417,0.13404514624982392,0.031228135643865403,-0.13852495229690673,0.25701135075089154,0.45628307629303927,0.09567388952089773,0.13476703486714395,0.17914685224642674,0.23075860361051492,0.8018341657277244,-0.24166784230743174,-4.728408811534064,2.868860108611683,0.015017564878513908,0.0,0.2959654233132255
687,5.994047295121964,0.00033007028351676125,2.834556292996759,-4.638141921577089,-0.1882197250971038,0.8726877269875024,0.2197069939009351,0.19269272265973444,0.15959892438529902,0.12907882868621648,0.475871428912849,0.24236763938724842,-0.1398094595250166,0.043561478568676884,0.14153211238480873,0.06003000431267784,-0.040481335573015226,-0.013276204884053063,0.04896938604303633,0.010313336664479165,0.0068350221684128675,-0.004282800254723301,0.04896938604303631,-0.013276204884052985,-0.04048133557301528,0.06003000431267784,0.1415321123848087,0.04356147856867686,-0.13980945952501658,0.24236763938724842,0.47587142891284884,0.1290788286862165,0.159598924385299,0.19269272265973456,0.21970699390093507,0.8726877269875024,-0.18821972509710347,-4.638141921577088,2.8345562929967603,0.00033007028351676125,0.0,0.8149754842841368
688,6.500323473068503,-0.014357443456515285,2.7995948369279438,-4.545453893924157,-0.13459694389974924,0.9422759744729218,0.20819669062404808,0.205691059984875,0.1838385334224548,0.1618775596161484,0.492700909607753,0.22602389317421237,-0.13992702660473302,0.05546815713864914,0.1474115769105018,0.056832601038506084,-0.041716699059449656,-0.0031456873677936413,0.05355607199719252,0.0071453248112556475,0.006129448476023902,-0.0035678053799730112,0.053556071997192506,-0.003145687367793538,-0.04171669905944971,0.05683260103850607,0.14741157691050175,0.05546815713864909,-0.139927026604733,0.22602389317421243,0.4927009096077528,0.16187755961614833,0.18383853342245485,0.20569105998487505,0.208196690624048,0.9422759744729224,-0.13459694389974902,-4.545453893924155,2.799594836927944,-0.014357443456515009,0.0,1.3182473091129263
689,6.9944554003306205,-0.029044124423127565,2.763983851751586,-4.450393112277514,-0.08084925954014163,1.0104980118778317,0.1962517244307544,0.21810492966781614,0.20739590744191852,0.19391604573473162,0.5066739492046957,0.20809475174850245,-0.1388766722451911,0.06683155099337995,0.15161676170476834,0.05289429789553584,-0.042333385108006494,0.007037487436184636,0.05713785223313535,0.003827956821208778,0.005281938514576623,-0.0027617425389156397,0.05713785223313535,0.0070374874361847145,-0.04233338510800656,0.05289429789553583,0.15161676170476832,0.06683155099337991,-0.1388766722451911,0.20809475174850245,0.5066739492046956,0.19391604573473153,0.20739590744191846,0.2181049296678162,0.19625172443075448,1.0104980118778317,-0.0808492595401415,-4.4503931122775136,2.763983851751586,-0.029044124423127565,0.0,1.8042292898505887
690,7.475014341533695,-0.04372912074616841,2.727731599510147,-4.353009198931125,-0.02702654875058811,1.0772549237700855,0.18389703344003375,0.22989905790937235,0.23018362371907547,0.22504382089401562,0.5177095387918,0.18870597515514964,-0.13666716338302276,0.07754036099273179,0.1540999048766124,0.04826643668809416,-0.042322247986806255,0.017102858098359437,0.05964751959197031,0.0004305744360371822,0.004312117606379907,-0.0018851864254688714,0.05964751959197031,0.017102858098359514,-0.042322247986806324,0.04826643668809414,0.1540999048766124,0.0775403609927318,-0.13666716338302276,0.18870597515514964,0.5177095387917999,0.22504382089401564,0.2301836237190754,0.22989905790937235,0.18389703344003372,1.077254923770086,-0.027026548750587836,-4.353009198931124,2.7277315995101477,-0.04372912074616855,0.0,2.271514252896424
691,7.940571561303093,-0.05841158065320128,2.690846491025342,-4.253352988867521,0.026821242113638157,1.1424499190094632,0.17115841117435396,0.2410399318951041,0.2521171157719804,0.25511469602610354,0.5257436993687797,0.16799356173113952,-0.13331694200783478,0.08748969933997246,0.15483280323894394,0.04300934866442157,-0.041683452864372916,0.026881935173663392,0.06103798363211608,-0.0029758080906367437,0.0032424433611033016,-0.0009605110690721226,0.061037983632116086,0.02688193517366347,-0.04168345286437297,0.04300934866442157,0.1548328032389439,0.08748969933997239,-0.1333169420078348,0.16799356173113955,0.5257436993687796,0.2551146960261035,0.2521171157719805,0.2410399318951042,0.17115841117435387,1.1424499190094637,0.026821242113638465,-4.253352988867518,2.6908464910253427,-0.058411580653200734,0.0,2.718849871745584
692,8.389698324264165,-0.07309065251890746,2.6533370839467563,-4.151476503221651,0.08064414342347714,1.2059884710855722,0.15806245270921018,0.2514958950214092,0.27311498719227345,0.2839874457082372,0.5307298527661771,0.14610279417479302,-0.12885397123343936,0.09658211690879848,0.1538071326363678,0.03719156800658663,-0.04042647336011035,0.0362110216334435,0.06128315421639861,-0.006319988378492214,0.0020976856372546698,-1.131873925332471e-05,0.06128315421639861,0.03621102163344357,-0.040426473360110425,0.03719156800658663,0.15380713263636772,0.09658211690879842,-0.12885397123343942,0.14610279417479302,0.530729852766177,0.2839874457082371,0.2731149871922734,0.25149589502140923,0.15806245270921024,1.2059884710855724,0.08064414342347735,-4.151476503221649,2.6533370839467567,-0.07309065251890733,0.0,3.1451474167102957
693,8.820965895042269,-0.08776548491448576,2.6152120807664017,-4.047432922125541,0.13439220864685728,1.2677784551722464,0.14463649914922108,0.2612372368472221,0.2930993137117761,0.31152647141652434,0.5326390916830162,0.12318722049202312,-0.12331550189962548,0.10472855771205335,0.15103454248975717,0.030888938382613064,-0.03856995104625933,0.0449339530746837,0.060378431057438724,-0.009532064238079691,0.0009043529601824708,0.0009381625005409831,0.060378431057438745,0.044933953074683765,-0.0385699510462594,0.030888938382613047,0.1510345424897571,0.10472855771205326,-0.12331550189962548,0.1231872204920231,0.532639091683016,0.3115264714165243,0.29309931371177594,0.26123723684722217,0.14463649914922103,1.267778455172247,0.1343922086468574,-4.047432922125539,2.6152120807664017,-0.08776548491448535,0.0,3.5494887324544906
694,9.232945538262797,-0.10243522665703646,2.5764803267996643,-3.9412765569479378,0.18801556069803688,1.3277302816997423,0.13090858054670124,0.27023627751572654,0.3119959323837831,0.3376024383533935,0.5314603472773252,0.09940757696739752,-0.11674776165256395,0.11184923116356406,0.1465465234837876,0.024183624208279075,-0.03614141898498419,0.052904711836711235,0.05834079003569104,-0.012544894810971593,-0.0003099213212742394,0.0018636972124586833,0.05834079003569104,0.05290471183671128,-0.03614141898498425,0.024183624208279058,0.14654652348378752,0.111849231163564,-0.116747761652564,0.0994075769673975,0.5314603472773249,0.33760243835339354,0.3119959323837831,0.2702362775157266,0.13090858054670113,1.3277302816997425,0.1880155606980372,-3.9412765569479355,2.5764803267996643,-0.10243522665703592,0.0,3.9311313585347785
695,9.624208518551079,-0.11709902685893198,2.537150808133125,-3.8330628219434613,0.24146443822250277,1.3857570262510461,0.11690735738188246,0.2784674464061966,0.32973471680588035,0.3620928828579664,0.5272004533379173,0.07493066071459109,-0.10920556909898262,0.11787439358969891,0.14039404990021803,0.01716303950830356,-0.03317689340065907,0.05998987126633517,0.05520846467049439,-0.015295503990810724,-0.00151701892505508,0.00274166119198625,0.055208464670494416,0.05998987126633518,-0.03317689340065913,0.01716303950830354,0.14039404990021795,0.11787439358969884,-0.10920556909898264,0.07493066071459112,0.5272004533379173,0.3620928828579664,0.3297347168058801,0.2784674464061966,0.11690735738188249,1.3857570262510466,0.2414644382225029,-3.83306282194346,2.5371508081331244,-0.1170990268589313,0.0,4.2895117337643685
696,9.993326100532506,-0.1317560349771711,2.4972326495397024,-3.722848205326027,0.29468924177447053,1.4417745555939698,0.1026620607269584,0.28590735479248,0.3462498373629224,0.3848827875466948,0.5198841066653958,0.04992815971447726,-0.10075187625462907,0.12274503133610513,0.13264700065924584,0.00991870834085121,-0.029720339543037277,0.06607082921559909,0.051040228720890674,-0.017726396790054392,-0.0026889877554796522,0.0035496444740075166,0.0510402287208907,0.06607082921559913,-0.029720339543037353,0.009918708340851203,0.1326470006592458,0.12274503133610512,-0.1007518762546291,0.04992815971447724,0.5198841066653955,0.38488278754669486,0.3462498373629224,0.28590735479248,0.10266206072695833,1.441774555593971,0.2946892417744706,-3.7228482053260263,2.497232649539703,-0.13175603497717095,0.0,4.624246451706274
697,10.338869548832424,-0.14640540086271475,2.4567351123616405,-3.6106902397816647,0.3476405798441385,1.4957016496662956,0.08820243121887437,0.2925348623016648,0.36148000552439497,0.4058651214831609,0.5095537238920717,0.024575448547299657,-0.0914572431060434,0.12641343877891484,0.123393365644667,0.0025450716414664475,-0.025823019662793854,0.07104579338447381,0.045914293377215844,-0.019786761136877006,-0.00379868917456221,0.004267023345492389,0.04591429337721585,0.07104579338447382,-0.025823019662793913,0.002545071641466433,0.1233933656446669,0.12641343877891476,-0.09145724310604346,0.024575448547299622,0.5095537238920715,0.4058651214831609,0.3614800055243951,0.29253486230166487,0.0882024312188743,1.4957016496662965,0.34764057984413876,-3.6106902397816647,2.456735112361642,-0.14640540086271406,0.0,4.935131561540181
698,10.659410128076193,-0.1610462748097938,2.4156675923617956,-3.496647472436114,0.40026931469197885,1.5474601193370998,0.07355865696827388,0.2983311369840893,0.37536870128955796,0.42494134284017754,0.4962691955708871,-0.0009496417340018711,-0.08139924867128719,0.12884368557906928,0.11273824632728602,-0.00486174395895027,-0.021542732769257437,0.07483148527481182,0.03992683973614032,-0.021433529981505654,-0.004820426436533637,0.0048754867642342185,0.03992683973614035,0.07483148527481182,-0.021542732769257493,-0.004861743958950306,0.11273824632728595,0.12884368557906917,-0.08139924867128728,-0.0009496417340019227,0.4962691955708871,0.42494134284017754,0.37536870128955785,0.29833113698408925,0.07355865696827395,1.5474601193371005,0.4002693146919793,-3.496647472436113,2.4156675923617965,-0.1610462748097938,0.0,5.222139935509723
699,10.953519102889206,-0.1756778076051972,2.374039617543743,-3.3807794342928768,0.4525266079475406,1.5969749197735181,0.0587613105342302,0.3032797088240052,0.3878643829363105,0.44202186169347607,0.4801075389590132,-0.02646807096085602,-0.07066184347529714,0.1300119686032231,0.1008026620373545,-0.012205179291782938,-0.016942957445067092,0.07736453423219734,0.03319021409523741,-0.0226322815111646,-0.005730539733257955,0.005359503746836849,0.033190214095237446,0.07736453423219732,-0.016942957445067148,-0.01220517929178296,0.10080266203735443,0.1300119686032231,-0.07066184347529722,-0.02646807096085602,0.48010753895901304,0.44202186169347607,0.3878643829363103,0.30327970882400523,0.0587613105342302,1.5969749197735186,0.45252660794754085,-3.380779434292878,2.3740396175437444,-0.17567780760519686,0.0,5.485416750719959
700,11.219767737896792,-0.1902991505775272,2.3318608459412005,-3.2631466091576766,0.5043639659304373,1.6441742592485797,0.04384128509634591,0.30736651653884767,0.39892067829538724,0.45702646077350917,0.46116245150911744,-0.0518008456872025,-0.05933464884452235,0.1299068450643281,0.08772217544422432,-0.01938950144713114,-0.012091910430198525,0.07860253824010434,0.02583081992988453,-0.023357958656761775,-0.00650795407140376,0.005706719795907812,0.025830819929884542,0.07860253824010432,-0.01209191043019856,-0.019389501447131172,0.08772217544422425,0.12990684506432806,-0.05933464884452245,-0.0518008456872025,0.4611624515091173,0.45702646077350906,0.39892067829538724,0.3073665165388478,0.04384128509634581,1.6441742592485797,0.5043639659304376,-3.263146609157676,2.331860845941201,-0.19029915057752705,0.0,5.725273158803159
701,11.456727297724326,-0.204909455646426,2.2891410633772864,-3.1438104020655535,0.5557332846514746,1.6889897032323469,0.02882972995747595,0.3105799475341297,0.40849655684005665,0.4698846721993429,0.4395437676569419,-0.07677027469990957,-0.04751220886938581,0.12852934459839235,0.0736453528548238,-0.02632105179869519,-0.007061534936982715,0.07852477370918033,0.017986746106638845,-0.023595392851729475,-0.0071346672944800574,0.005908272247683116,0.017986746106638883,0.07852477370918032,-0.007061534936982762,-0.02632105179869523,0.07364535285482376,0.1285293445983923,-0.04751220886938591,-0.07677027469990955,0.43954376765694186,0.46988467219934277,0.4084965568400567,0.3105799475341297,0.028829729957476038,1.6889897032323467,0.5557332846514746,-3.1438104020655526,2.289141063377286,-0.204909455646426,0.0,5.942178241503747
702,11.662969046997182,-0.21950787537176616,2.2458901811941256,-3.0228331072270707,0.6065868944521507,1.7313562736154424,0.01375798551173015,0.3129108709004315,0.41655648195268624,0.480536108425335,0.41537682205447324,-0.10120121539496293,-0.03529320127817443,0.1258929591796762,0.058732076818666934,-0.03290946698720245,-0.0019264336998611067,0.07713254238012629,0.009805175836387856,-0.02333962109507799,-0.007596166948878517,0.00595901649085901,0.009805175836387882,0.07713254238012625,-0.001926433699861126,-0.03290946698720247,0.05873207681866684,0.12589295917967616,-0.03529320127817453,-0.10120121539496296,0.41537682205447307,0.4805361084253349,0.4165564819526862,0.3129108709004315,0.013757985511730098,1.7313562736154424,0.6065868944521512,-3.0228331072270698,2.245890181194126,-0.2195078753717663,0.0,6.136749373171293
703,11.837064250340722,-0.23409356300280404,2.20211823395334,-2.9002778755103655,0.6568776042411085,1.7712125429210954,-0.0013424821864770414,0.3143526633587239,0.42307054280310646,0.48893074584633983,0.3888017229403711,-0.12492230227699362,-0.022779613808915085,0.12202351097310012,0.043151730204588054,-0.0390688569449882,0.0032372374167701982,0.07444914953318586,0.0014396249846896387,-0.02259598969120788,-0.007881766340784314,0.005857657282411936,0.0014396249846896517,0.07444914953318578,0.0032372374167701874,-0.039068856944988226,0.043151730204587985,0.12202351097310005,-0.02277961380891517,-0.12492230227699372,0.3888017229403709,0.4889307458463398,0.4230705428031064,0.314352663358724,-0.0013424821864771103,1.7712125429210959,0.6568776042411091,-2.9002778755103633,2.2021182339533403,-0.23409356300280396,0.0,6.309741132142174
704,11.977584172380292,-0.24866567252729543,2.1578353771079444,-2.776208681476017,0.7065587452864824,1.8085007233691095,-0.01644014711572259,0.3149012280803035,0.4280145653493643,0.4950291597295062,0.35997253986030003,-0.1477671489651016,-0.010075892953768779,0.11695889941818939,0.0270812723742009,-0.04471892460437982,0.008352898844333004,0.07051951386900632,-0.006952938441404883,-0.02138004249804534,-0.00798485200207042,0.0056067818085801325,-0.006952938441404864,0.07051951386900626,0.008352898844333006,-0.044718924604379866,0.02708127237420083,0.11695889941818932,-0.010075892953768855,-0.14776714896510168,0.3599725398603,0.49502915972950606,0.4280145653493642,0.3149012280803035,-0.016440147115722486,1.8085007233691095,0.7065587452864828,-2.7762086814760147,2.1578353771079444,-0.2486656725272953,0.0,6.462032921718567
705,12.083100077741259,-0.26322335872056446,2.1130518846461985,-2.65069028998195,0.7555842145235148,1.8431667506626206,-0.0315034891060681,0.31455500632786065,0.4313702020489369,0.4988027093693334,0.329056410446371,-0.1695755152737694,0.0027119278189268433,0.11074873002174929,0.010703229302629496,-0.049786012692772316,0.013344683019563403,0.06540941559127783,-0.015215039581196566,-0.01971719601940918,-0.007903036834743669,0.005212793647127798,-0.01521503958119653,0.06540941559127775,0.013344683019563411,-0.049786012692772316,0.010703229302629423,0.11074873002174924,0.0027119278189267487,-0.16957551527376946,0.3290564104463709,0.4988027093693334,0.4313702020489367,0.31455500632786065,-0.031503489106068115,1.843166750662621,0.7555842145235147,-2.6506902899819496,2.1130518846461994,-0.2632233587205645,0.0,6.5946154776383
706,12.152183231048989,-0.2777657771945318,2.067778146707956,-2.523788222375793,0.8039085173372367,1.8751603623761575,-0.046501059645336365,0.3133149818846057,0.4331249999474817,0.5002336725964185,0.29623257143414833,-0.19019443118263132,0.015477113088544207,0.10345382849507417,-0.005796379525565489,-0.05420406396782093,0.01813855953464873,0.0592043952778839,-0.023191651518591407,-0.017642208133036207,-0.007638215387660804,0.004685749316500117,-0.023191651518591358,0.059204395277883806,0.018138559534648734,-0.05420406396782093,-0.0057963795255655485,0.10345382849507413,0.015477113088544095,-0.19019443118263138,0.2962325714341483,0.5002336725964185,0.43312499994748166,0.3133149818846058,-0.0465010596453364,1.8751603623761581,0.8039085173372368,-2.523788222375792,2.067778146707956,-0.27776577719453155,0.0,6.708576452335576
707,12.183404896928876,-0.2922920844466894,2.022024667174068,-2.3955687222923365,0.8514868097805248,1.9044351708313558,-0.06140154753578417,0.31118467825886564,0.43327244689244265,0.49931532900818565,0.2616913195349211,-0.20947926981125736,0.02811311636500025,0.09514564499448938,-0.022230153899244064,-0.0579154823746168,0.02266343304152157,0.05200832197292884,-0.030733104148054427,-0.015198451559250595,-0.00719651998550203,0.004039101583939765,-0.03073310414805439,0.05200832197292874,0.022663433041521595,-0.057915482374616814,-0.022230153899244116,0.09514564499448931,0.028113116365000145,-0.20947926981125745,0.26169131953492103,0.49931532900818565,0.43327244689244254,0.3111846782588656,-0.061401547535784064,1.9044351708313563,0.8514868097805252,-2.3955687222923356,2.0220246671740694,-0.29229208444668947,0.0,6.805085276731832
708,12.195211103932479,-0.3068014379090267,1.975802061229396,-2.266098721073973,0.8982749401883531,1.9309487303546553,-0.07617384426409679,0.30817014867209486,0.4318119957000098,0.49605199153071067,0.22563290818759288,-0.22729476187280512,0.040514469394654445,0.08590555430041179,-0.03841144134564016,-0.06087188389834444,0.026852197627895768,0.043941654469090013,-0.037697892527412534,-0.012437007256698515,-0.006588178725899273,0.0032893560846060797,-0.037697892527412485,0.04394165446908994,0.026852197627895792,-0.06087188389834442,-0.03841144134564016,0.08590555430041177,0.04051446939465434,-0.22729476187280515,0.22563290818759268,0.4960519915307109,0.4318119957000096,0.30817014867209486,-0.07617384426409683,1.9309487303546555,0.8982749401883531,-2.2660987210739725,1.9758020612293967,-0.30680143790902636,0.0,6.885377507629141
709,12.206966490711288,-0.3212929959969025,1.9291210528999991,-2.13544580283213,0.9442294901496142,1.9546625988194672,-0.09078710894822807,0.30427995885875,0.42874906618574915,0.4904589861634148,0.18826638658629208,-0.2435159444908762,0.05257766246654826,0.0758240587893489,-0.05415645710260897,-0.0630347273239086,0.030642732028172682,0.03513942488558909,-0.04395533202264457,-0.009415596695568743,-0.005827278633001606,0.0024556500164682844,-0.04395533202264452,0.03513942488558901,0.030642732028172713,-0.06303472732390858,-0.054156457102609,0.07582405878934889,0.05257766246654816,-0.2435159444908763,0.18826638658629202,0.49045898616341477,0.42874906618574915,0.30427995885875,-0.09078710894822803,1.9546625988194677,0.9442294901496144,-2.135445802832128,1.929121052899999,-0.3212929959969023,0.0,6.950738872919192
710,12.218620237040565,-0.3357659181578593,1.8819924725650727,-2.003678169167964,0.9893078147985056,1.9755423933835867,-0.10521083272549252,0.29952516272690116,0.4240950250513665,0.48256258000175206,0.14980838771445434,-0.2580290377243085,0.06420200837138103,0.0649999020053533,-0.06928637151982468,-0.06437581667961431,0.03397882090979189,0.025748978295713154,-0.049388010424534334,-0.006197375326605354,-0.004931439452000534,0.0015592636647542004,-0.0493880104245343,0.02574897829571306,0.03397882090979193,-0.06437581667961433,-0.06928637151982467,0.0649999020053533,0.06420200837138093,-0.2580290377243087,0.14980838771445423,0.4825625800017522,0.4240950250513663,0.29952516272690116,-0.10521083272549249,1.975542393383587,0.9893078147985053,-2.003678169167962,1.8819924725650727,-0.33576591815785917,0.0,7.002489227734712
711,12.230121522695505,-0.35021936492037664,1.834427254444213,-1.8708646035707168,1.0334680823880755,1.9935578403410237,-0.11941490244748368,0.29391927094874054,0.41786714370224376,0.4723998578759296,0.11048187241177077,-0.27073224265171264,0.07529048280206183,0.05353910151308684,-0.08362934118052263,-0.06487766881477817,0.03681098857193462,0.01592750624142978,-0.053893991026604186,-0.002849612465592781,-0.0039214056383760154,0.0006230772242564732,-0.05389399102660416,0.015927506241429697,0.03681098857193466,-0.06487766881477817,-0.08362934118052269,0.05353910151308682,0.07529048280206176,-0.2707322426517128,0.11048187241177089,0.4723998578759295,0.41786714370224376,0.2939192709487405,-0.11941490244748375,1.9935578403410248,1.0334680823880753,-1.870864603570716,1.8344272544442144,-0.35021936492037664,0.0,7.04196663237692
712,12.241419527451335,-0.3646524979425649,1.786436434060584,-1.737074435512329,1.0766693131092133,2.0086828190159847,-0.13336966354884,0.2874782125702375,0.41008853415229535,0.46001854818501403,0.07051483675529324,-0.281536455417763,0.08575053418131147,0.041553910505247406,-0.09702246067459422,-0.06453374131933434,0.03909723269245267,0.005839415422870748,-0.0573887253266149,0.0005577148127901805,-0.002820565989943931,-0.0003290132159335605,-0.057388725326614876,0.005839415422870657,0.039097232692452716,-0.06453374131933434,-0.09702246067459422,0.0415539105052474,0.08575053418131141,-0.28153645541776307,0.07051483675529321,0.4600185481850141,0.4100885341522953,0.2874782125702375,-0.13336966354884006,2.008682819015985,1.0766693131092133,-1.7370744355123278,1.786436434060585,-0.3646524979425643,0.0,7.070511757423845
713,12.252463431083292,-0.3790644800607891,1.7380311456805901,-1.602377504257037,1.1188714171190586,2.020895399635352,-0.14704598195860236,0.2802202897490262,0.40078806325399846,0.4454767987443825,0.030138990248670765,-0.2903658922327218,0.09549485615696915,0.029161718334928716,-0.10931361285507261,-0.06334851781415528,0.040803647241225365,-0.004346424390448573,-0.05980663946242996,0.003953384380419907,-0.0016544120453216773,-0.0012727056183182252,-0.05980663946242995,-0.004346424390448651,0.04080364724122543,-0.06334851781415528,-0.10931361285507261,0.02916171833492871,0.09549485615696908,-0.2903658922327219,0.0301389902486708,0.44547679874438245,0.40078806325399835,0.2802202897490261,-0.14704598195860233,2.0208953996353523,1.1188714171190588,-1.6023775042570365,1.738031145680591,-0.37906448006078947,0.0,7.08945281298267
714,12.263202413366589,-0.39345447533822897,1.6892226197306288,-1.4668441224048678,1.1600352317435436,2.0301778751247626,-0.16041530492490969,0.272166125749136,0.3900002455718989,0.42884290369922956,-0.010411587517258505,-0.2971586209412738,0.10444211631725885,0.016483900741685965,-0.1203631965630601,-0.06133744950019673,0.04190492532185885,-0.014459507158036237,-0.06110236461496651,0.007266417786078774,-0.00044994779038086787,-0.0021839123046886585,-0.06110236461496651,-0.01445950715803631,0.041904925321858924,-0.06133744950019673,-0.12036319656306006,0.016483900741685997,0.10444211631725876,-0.29715862094127393,-0.010411587517258403,0.4288429036992296,0.3900002455718987,0.27216612574913607,-0.16041530492490969,2.0301778751247626,1.1600352317435438,-1.4668441224048678,1.6892226197306297,-0.39345447533822875,0.0,7.100091187765419
715,12.273585654076458,-0.40782164911336477,1.640022180191543,-1.3305450391880382,1.2001225578195371,2.03651678678217,-0.17344972062604413,0.26333860634033873,0.3777651152971437,0.41019498278666133,-0.050901803944494346,-0.3018669954320974,0.11251763504368668,0.003644631032806386,-0.13004571219784197,-0.05852675372846374,0.0423847344843588,-0.024330544757216865,-0.06125158829142102,0.01042756389231585,0.000764935658209666,-0.0030393747923151263,-0.061251588291421015,-0.024330544757216944,0.04238473448435886,-0.058526753728463735,-0.13004571219784195,0.0036446310328064027,0.11251763504368661,-0.30186699543209755,-0.05090180394449438,0.41019498278666133,0.3777651152971436,0.2633386063403387,-0.17344972062604413,2.03651678678217,1.2001225578195378,-1.3305450391880376,1.6400221801915433,-0.40782164911336455,0.0,7.103687969756739
716,12.28356233298811,-0.4221651680483902,1.5904412419713627,-1.1935514035394326,1.2390961951428734,2.039902943791676,-0.1861220164433744,0.2537628147686233,0.3641280776783718,0.3896206144526948,-0.09109691638082602,-0.30445798984110173,0.11965400883542385,-0.009230336136291184,-0.138251187123508,-0.05495307221674604,0.042235958942720586,-0.033794300784568666,-0.060251510515615836,0.013370746406893438,0.0019621059122410744,-0.0038172574649845267,-0.060251510515615836,-0.03379430078456874,0.042235958942720656,-0.05495307221674603,-0.13825118712350798,-0.009230336136291132,0.11965400883542376,-0.3044579898411018,-0.09109691638082598,0.3896206144526948,0.36412807767837174,0.2537628147686232,-0.18612201644337437,2.0399029437916756,1.2390961951428734,-1.1935514035394321,1.5904412419713618,-0.4221651680483901,0.0,7.10145150396193
717,12.293081629876786,-0.43648420017754797,1.5404913082569516,-1.055934726952446,1.2769199769893658,2.040331436549338,-0.19840573577453527,0.24346596048257976,0.349139740520312,0.3672164245471994,-0.13076389304396646,-0.30491343020413464,0.12579167290250684,-0.022014896470222856,-0.144886424722515,-0.05066299336879038,0.04146080510524099,-0.04269235653353634,-0.05812089636568468,0.016034445051593967,0.0031138407582141374,-0.004497704925476155,-0.05812089636568469,-0.04269235653353637,0.04146080510524107,-0.05066299336879037,-0.14488642472251495,-0.02201489647022284,0.1257916729025068,-0.30491343020413464,-0.1307638930439664,0.36721642454719944,0.3491397405203118,0.24346596048257976,-0.19840573577453527,2.040331436549338,1.2769199769893662,-1.0559347269524453,1.5404913082569516,-0.4364842001775479,0.0,7.094526124364564
718,12.30209272451769,-0.45077791495538666,1.4901839678451743,-0.9177668461515479,1.313558803676779,2.0378016437816218,-0.21027523326823533,0.2324773018182151,0.3328557263754068,0.34308763252844027,-0.16967276402689285,-0.30323012193428284,0.1308793983320884,-0.034583831166367464,-0.14987606290961802,-0.045712444923209875,0.04007076885248936,-0.05087576284709018,-0.054899723873300346,0.01836298149831577,0.004193470105398618,-0.005063348803095347,-0.054899723873300346,-0.05087576284709023,0.040070768852489426,-0.04571244492320985,-0.1498760629096179,-0.03458383116636743,0.1308793983320883,-0.30323012193428295,-0.16967276402689266,0.3430876325284403,0.3328557263754067,0.23247730181821502,-0.21027523326823536,2.0378016437816218,1.3135588036767791,-0.9177668461515467,1.4901839678451743,-0.4507779149553868,0.0,7.083982177109188
719,12.31054479668605,-0.46504548330493567,1.4395308924541992,-0.7791198855930895,1.3489786751365958,2.0323172334461885,-0.2217057283653723,0.22082806286188938,0.31533646612542754,0.3173475573084389,-0.2075979545519185,-0.2994198722296041,0.13487471967806805,-0.046814033374605296,-0.15316343008371958,-0.04016596484988074,0.03808646504822042,-0.058207533454698424,-0.05064843389112874,0.02030768319300129,0.005175993570464009,-0.005499751080040467,-0.050648433891128754,-0.05820753345469844,0.03808646504822049,-0.04016596484988073,-0.15316343008371952,-0.04681403337460527,0.13487471967806805,-0.29941987222960414,-0.2075979545519184,0.3173475573084389,0.3153364661254274,0.22082806286188925,-0.22170572836537225,2.032317233446188,1.348978675136596,-0.7791198855930881,1.4395308924541987,-0.46504548330493606,0.0,7.070807430403575
720,12.318387026157117,-0.47928607766579195,1.3885438340155616,-0.6400662198159105,1.3831467224653808,2.023886157413711,-0.23267335703467848,0.20855134472760697,0.2966469747191122,0.2901170850599057,-0.24431959274393347,-0.29350940725411606,0.1377442894051633,-0.05858571397146796,-0.15471118879585735,-0.03409585999880693,0.03553732181165922,-0.06456493805635534,-0.045446796003710946,0.021827900740407555,0.006038659397613817,-0.005795772620730784,-0.045446796003710974,-0.06456493805635535,0.03553732181165928,-0.034095859998806925,-0.15471118879585732,-0.058585713971467904,0.13774428940516323,-0.2935094072541161,-0.24431959274393342,0.29011708505990563,0.29664697471911206,0.20855134472760697,-0.23267335703467848,2.023886157413712,1.3831467224653806,-0.6400662198159099,1.3885438340155623,-0.47928607766579223,0.0,7.055899944072236
721,12.325568592706075,-0.4934988720421234,1.3372346219476214,-0.5006784356613924,1.4160312384264333,2.0125206399384177,-0.2431552215948834,0.19568203150076474,0.2768566098980775,0.2615241014841485,-0.27962478434098176,-0.28554018467295855,0.13946415622900077,-0.06978357483870365,-0.1545017598226408,-0.027581263469751097,0.032461144085237335,-0.06984155676854617,-0.03939241176138873,0.02289185758369365,0.006761491308488144,-0.005943857497411641,-0.03939241176138875,-0.06984155676854616,0.0324611440852374,-0.027581263469751087,-0.15450175982264075,-0.0697835748387036,0.13946415622900069,-0.2855401846729586,-0.2796247843409817,0.2615241014841485,0.2768566098980774,0.19568203150076466,-0.24315522159488331,2.012520639938418,1.4160312384264333,-0.5006784356613909,1.337234621947622,-0.4934988720421235,0.0,7.040062448467436
722,12.332038676108187,-0.5076830420505765,1.2856151604110404,-0.3610292943826999,1.447601706873444,1.998237159934092,-0.2531294385193784,0.18225669111561804,0.2560388148063827,0.2317028912062631,-0.313308846952017,-0.27556810285665984,0.14001996502902248,-0.08029793815454227,-0.15253752182857078,-0.020707102991260863,0.02890355297026787,-0.07394906154171477,-0.03259888332202178,0.023477314218280355,0.007327751081860873,-0.005940225854647017,-0.032598883322021814,-0.07394906154171477,0.02890355297026794,-0.020707102991260846,-0.15253752182857075,-0.0802979381545422,0.14001996502902245,-0.2755681028566599,-0.31330884695201694,0.23170289120626317,0.25603881480638263,0.18225669111561799,-0.25312943851937836,1.998237159934092,1.447601706873444,-0.3610292943826985,1.2856151604110406,-0.5076830420505765,0.0,7.023998258938873
723,12.337746456138646,-0.5218377649680946,1.2336974255469144,-0.22119169366297461,1.4778288310688463,1.9810564270812276,-0.2625751841235781,0.16831347144811815,0.23427084543893958,0.20079350711829744,-0.3451764967062114,-0.2636631087942304,0.13940707666560387,-0.09002582063677898,-0.1488407843495068,-0.013562993757846902,0.024917309145463404,-0.07681869472916629,-0.02519368186340527,0.023572033056160242,0.007724326151427752,-0.0057849703898477005,-0.025193681863405298,-0.07681869472916628,0.02491730914546346,-0.013562993757846899,-0.1488407843495067,-0.09002582063677891,0.1394070766656038,-0.2636631087942304,-0.3451764967062115,0.20079350711829752,0.2342708454389394,0.16831347144811812,-0.2625751841235781,1.9810564270812279,1.4778288310688465,-0.22119169366297325,1.2336974255469157,-0.5218377649680946,0.0,7.008308728660977
724,12.342641112572682,-0.5359622197796386,1.1814934626982165,-0.08123862956230561,1.5066845608705755,1.961003351799966,-0.2714727380395955,0.1538919919193734,0.21163348394022063,0.16894111263221878,-0.37504298041419964,-0.24990870746529176,0.1376306067013126,-0.0988719422159669,-0.14345353440413014,-0.006242070158873717,0.020561530402305243,-0.07840242005687484,-0.01731575576268448,0.023174034223767865,0.007942033246296458,-0.005482053987176796,-0.017315755762684515,-0.0784024200568748,0.0205615304023053,-0.006242070158873703,-0.14345353440413006,-0.09887194221596683,0.13763060670131252,-0.24990870746529176,-0.37504298041419976,0.16894111263221878,0.2116334839402205,0.15389199191937336,-0.27147273803959543,1.9610033517999663,1.5066845608705755,-0.08123862956230396,1.181493462698217,-0.5359622197796385,0.0,6.993492219692146
725,12.346671825185524,-0.5500555872258068,1.1290153836151728,0.05875684158664378,1.5341421187620177,1.9381070091323722,-0.2798035243874663,0.1390332309177387,0.18821073881722958,0.1362952999317401,-0.4027351466775339,-0.23440137611264258,0.13470538270311586,-0.10674965925923521,-0.13643695961135602,0.001160228370636372,0.015900814901566834,-0.07867372672751745,-0.009112923421976192,0.02229163694655997,0.007975831042942692,-0.0050392085652269355,-0.009112923421976227,-0.0786737267275174,0.015900814901566886,0.001160228370636387,-0.1364369596113559,-0.1067496592592351,0.13470538270311583,-0.23440137611264267,-0.40273514667753396,0.1362952999317402,0.18821073881722947,0.13903323091773861,-0.27980352438746614,1.9381070091323724,1.534142118762018,0.05875684158664571,1.1290153836151724,-0.5500555872258067,0.0,6.979944550053676
726,12.349787773752404,-0.5641170498503548,1.0762753636452362,0.19872164131447928,1.5601760247009897,1.912400596586402,-0.2875501505569662,0.12377940935942336,0.16408953317926173,0.10300938742477786,-0.4280924497365787,-0.21724988752371963,0.13065582048191896,-0.1135818132042414,-0.12787075323005717,0.008547401548994608,0.011004283153491872,-0.0776280731984214,-0.000739099660222984,0.020943285655258517,0.007824936904367849,-0.004467737720374687,-0.000739099660223012,-0.07762807319842135,0.011004283153491924,0.008547401548994622,-0.12787075323005706,-0.11358181320424135,0.13065582048191893,-0.21724988752371968,-0.42809244973657845,0.10300938742477783,0.16408953317926156,0.12377940935942326,-0.2875501505569662,1.9124005965864028,1.5601760247009897,0.19872164131448092,1.0762753636452378,-0.5641170498503549,0.0,6.967960853708082
727,12.351938138048524,-0.5781457920476112,1.0232856389083114,0.3385827071624722,1.5847621197646857,1.88392138600269,-0.2946964435190574,0.10817387071847702,0.13935938216141325,0.06923969969600248,-0.4509678802370196,-0.19857454706764666,0.12551572030242059,-0.11930148629128384,-0.11785220901436079,0.01582314627659574,0.005944552929492936,-0.07528296320479558,0.00764859228579376,0.01915716444859508,0.007492845003193795,-0.0037822282033258547,0.0076485922857937256,-0.0752829632047955,0.005944552929492981,0.01582314627659574,-0.11785220901436068,-0.11930148629128377,0.12551572030242056,-0.1985745470676467,-0.45096788023701956,0.06923969969600252,0.13935938216141305,0.10817387071847694,-0.2946964435190574,1.883921386002691,1.5847621197646862,0.33858270716247385,1.0232856389083127,-0.5781457920476106,0.0,6.957738770901627
728,12.353072097849143,-0.5921410001097834,0.9700585034578674,0.47826703082159533,1.6078775885686543,1.8527106695139433,-0.30122748359114965,0.09226095786704708,0.11411206072893808,0.035144833341122145,-0.4712288175188566,-0.17850634883950925,0.11932798476424888,-0.12385265699153115,-0.10649511616502223,0.02289261209409794,0.0007966623078914726,-0.07167765275565438,0.01589276896196994,0.016970607971302017,0.006987245409028185,-0.003000177593391294,0.01589276896196992,-0.07167765275565433,0.0007966623078915027,0.02289261209409796,-0.10649511616502216,-0.12385265699153107,0.11932798476424891,-0.17850634883950933,-0.4712288175188566,0.03514483334112211,0.11411206072893795,0.09226095786704698,-0.30122748359114965,1.8527106695139435,1.6078775885686545,0.4782670308215967,0.9700585034578678,-0.5921410001097835,0.0,6.949382868698679
729,12.353138832929444,-0.6061018622741569,0.9166063064286163,0.6177016962432952,1.6295009804390033,1.818813699675296,-0.3071296355856884,0.07608588707586228,0.08844126309524998,0.0008849121308518341,-0.4887577984867177,-0.15718605683089745,0.11214426070912445,-0.12719074871175484,-0.09392846692786172,0.02966363770321553,-0.004363043174583759,-0.06687249300718073,0.023838739780013662,0.014429321021554507,0.006319846013749705,-0.002141547674079641,0.02383873978001363,-0.06687249300718066,-0.004363043174583742,0.029663637703215538,-0.09392846692786162,-0.12719074871175476,0.11214426070912449,-0.15718605683089754,-0.4887577984867175,0.000884912130851903,0.08844126309524991,0.0760858870758622,-0.30712963558568834,1.8188136996752955,1.6295009804390033,0.6177016962432963,0.9166063064286174,-0.6061018622741571,0.0,6.942910175924599
730,12.35208752306468,-0.6200275687701792,0.8629414491714187,0.7568139177021082,1.649612229318176,1.7822796238524312,-0.31239057727703523,0.05969461953297058,0.06244225501748791,-0.033379164997369995,-0.5034531986039606,-0.13476321757164295,0.1040245081429252,-0.1292830664012588,-0.08029499151817636,0.03604795243018455,-0.009458042761495337,-0.06094792001351049,0.031337409572672406,0.011586423200126466,0.005506101418291557,-0.0012282549100615964,0.03133740957267238,-0.060947920013510404,-0.009458042761495335,0.03604795243018457,-0.08029499151817632,-0.12928306640125875,0.10402450814292526,-0.134763217571643,-0.5034531986039604,-0.033379164997369995,0.06244225501748779,0.05969461953297047,-0.3123905772770352,1.7822796238524314,1.6496122293181765,0.7568139177021087,0.8629414491714187,-0.6200275687701792,0.0,6.9382567033598495
731,12.349867348030058,-0.6339173118664276,0.8090763823760583,0.8955310777902358,1.668192672385836,1.7431614129626007,-0.31699932512721124,0.04313373074580613,0.03621152025999488,-0.06748647958817428,-0.515229821062487,-0.11139511116836151,0.09503649977070774,-0.13010911678464368,-0.06574953701124843,0.04196232696898794,-0.01441277531398315,-0.054003108266022885,0.038248076158613094,0.00850133857061304,0.004564855058942913,-0.0002836110310433141,0.03824807615861306,-0.054003108266022795,-0.014412775313983144,0.041962326968987954,-0.06574953701124836,-0.1301091167846436,0.09503649977070781,-0.11139511116836152,-0.515229821062487,-0.06748647958817422,0.03621152025999488,0.043133730745805995,-0.31699932512721124,1.7431614129626003,1.6681926723858358,0.8955310777902358,0.8090763823760588,-0.6339173118664276,0.0,6.935284809059075
732,12.346427487600808,-0.6477702859174622,0.7550236031825868,1.0337807653242654,1.6852250673775742,1.701515784671857,-0.320946257216792,0.026450278197678385,0.009846402537704873,-0.10127684940871656,-0.5240193907125464,-0.08724564809751102,0.08525525532189006,-0.12966080908387642,-0.05045730861128057,0.04732965840264228,-0.019153759916489255,-0.04615431056023878,0.04444107042451386,0.005238553539749911,0.003517902860252813,0.0006682719983962167,0.04444107042451383,-0.04615431056023869,-0.019153759916489276,0.047329658402642305,-0.05045730861128047,-0.12966080908387637,0.08525525532189011,-0.08724564809751101,-0.5240193907125463,-0.10127684940871663,0.009846402537704734,0.026450278197678277,-0.32094625721679193,1.7015157846718565,1.6852250673775744,1.0337807653242677,0.755023603182587,-0.6477702859174623,0.0,6.9337912602300005
733,12.341717121552156,-0.6615856874105535,0.7007956522818815,1.171490813144248,1.700693608585375,1.6574031211598592,-0.32422313333308383,0.009691667634735347,-0.01655525573179494,-0.13459158073152486,-0.5297709498889663,-0.06248421949116815,0.07476241538708274,-0.1279425342636855,-0.034591993274175545,0.05207997535763433,-0.023610685631834417,-0.037532911980153495,0.04980018938687374,0.001866268921407312,0.0023894885187864118,0.0016030974349032622,0.04980018938687373,-0.0375329119801534,-0.02361068563183443,0.05207997535763435,-0.034591993274175455,-0.12794253426368535,0.0747624153870828,-0.062484219491168135,-0.5297709498889663,-0.13459158073152486,-0.01655525573179506,0.009691667634735243,-0.3242231333330838,1.657403121159859,1.7006936085853754,1.171490813144249,0.7007956522818811,-0.6615856874105535,0.0,6.933515837276595
734,12.335685429659327,-0.6753627150122903,0.6464051110061003,1.3085893357853695,1.7145839415249806,1.6108873815714875,-0.32682311217363785,-0.007094481636656545,-0.04289547652691544,-0.16727421362670053,-0.5324511538390004,-0.03728450897994447,0.06364555999293207,-0.12497112202411048,-0.01833378699578603,0.056151350187782285,-0.027717454244087118,-0.02828323057536672,0.05422487658049597,-0.001545025640323131,0.00120574210517015,0.002497003928911868,0.05422487658049596,-0.02828323057536663,-0.027717454244087145,0.05615135018778231,-0.018333786995785945,-0.12497112202411041,0.06364555999293214,-0.03728450897994443,-0.5324511538390004,-0.16727421362670047,-0.04289547652691552,-0.007094481636656683,-0.32682311217363785,1.610887381571487,1.7145839415249806,1.3085893357853715,0.6464051110060995,-0.6753627150122905,0.0,6.934150322423065
735,12.328281591697545,-0.6891005696150578,0.5918645984097097,1.445004767002607,1.7268831762565555,1.5620360092821972,-0.32874076562918847,-0.023860472059359965,-0.06907650982395024,-0.1991712567632732,-0.5320444640390445,-0.011823274427109244,0.05199747760258911,-0.12077567596144377,-0.001867348171414218,0.05949070629580987,-0.031413160524879156,-0.01856010154661271,0.05763210886166663,-0.004924025090630763,-5.9250155902855865e-06,0.003327174583812427,0.05763210886166663,-0.018560101546612626,-0.03141316052487919,0.05949070629580987,-0.001867348171414149,-0.12077567596144373,0.05199747760258921,-0.011823274427109244,-0.5320444640390443,-0.19917125676327324,-0.06907650982395032,-0.023860472059360035,-0.32874076562918847,1.5620360092821968,1.7268831762565553,1.4450047670026078,0.5918645984097103,-0.6891005696150578,0.0,6.935347714777196
736,12.319454787442027,-0.7027984543833897,0.537186768341763,1.5806658971287209,1.737579899346282,1.5109198341115693,-0.32997209011619566,-0.0405586633572627,-0.09500119635284836,-0.23013290826876923,-0.5285532382794655,0.013720891900821193,0.039915390643200606,-0.1153972885120858,0.014620299727987087,0.06205451006796192,-0.03464299548537632,-0.008526285379258366,0.05995795422277304,-0.008200099427723198,-0.0012174549340216217,0.004072419355536389,0.05995795422277304,-0.008526285379258276,-0.03464299548537635,0.062054510067961935,0.014620299727987113,-0.11539728851208574,0.0399153906432007,0.01372089190082121,-0.5285532382794654,-0.23013290826876928,-0.09500119635284845,-0.0405586633572628,-0.32997209011619566,1.5109198341115688,1.737579899346282,1.5806658971287229,0.537186768341763,-0.7027984543833898,0.0,6.936731515706648
737,12.309154196667993,-0.7164555748001861,0.4823843065100972,1.7155019102461373,1.7466641844577893,1.457612969626847,-0.3305145149353323,-0.057141607904310394,-0.12057332816066617,-0.2600137592615398,-0.5219977169952773,0.03916881603051459,0.027500144024668816,-0.10888863847130598,0.030941892341806505,0.06380933840123588,-0.03735905921827099,0.0016502566886369195,0.06115877138812234,-0.01130477005617487,-0.002400792917769507,0.004713715926851202,0.06115877138812235,0.0016502566886369928,-0.03735905921827103,0.0638093384012359,0.03094189234180655,-0.10888863847130592,0.027500144024668927,0.039168816030514635,-0.5219977169952773,-0.2600137592615398,-0.12057332816066621,-0.05714160790431048,-0.3305145149353323,1.4576129696268458,1.7466641844577893,1.7155019102461375,0.48238430651009667,-0.7164555748001861,0.0,6.9379049328908415
738,12.297328999150686,-0.7300711387127967,0.427469927538148,1.8494424211532687,1.7541276015635865,1.4021927056853454,-0.330366907638464,-0.0735621855461277,-0.14569800564462984,-0.2886734767517635,-0.5124159059219057,0.06434199905850944,0.014855363422828513,-0.10131347502902549,0.046912051341756356,0.06473231442464354,-0.03952107127498345,0.011799174256350402,0.061212028682201595,-0.014173141170207432,-0.0035285370596142016,0.005234695250589331,0.0612120286822016,0.011799174256350475,-0.039521071274983506,0.06473231442464354,0.0469120513417564,-0.10131347502902552,0.014855363422828633,0.0643419990585095,-0.5124159059219056,-0.2886734767517635,-0.14569800564462984,-0.07356218554612771,-0.33036690763846394,1.4021927056853454,1.7541276015635863,1.8494424211532698,0.4274699275381483,-0.7300711387127963,0.0,6.938459858234653
739,12.283928374665312,-0.7436443563789708,0.37245637201505183,1.9824175121060177,1.7599632247679537,1.3447393963715517,-0.32952957639292024,-0.08977373749113371,-0.17028198972983663,-0.3159774627039353,-0.499863355756354,0.08906386919277134,0.0020865903525531786,-0.09274599337625032,0.06234938993256817,0.0648114057342098,-0.04109696804285824,0.021750579343954562,0.060116726805447565,-0.016745256247215665,-0.004574572808373502,0.005622059368356747,0.060116726805447565,0.021750579343954624,-0.04109696804285829,0.0648114057342098,0.06234938993256816,-0.09274599337625036,0.0020865903525532905,0.0890638691927714,-0.49986335575635393,-0.31597746270393523,-0.17028198972983669,-0.0897737374911338,-0.3295295763929201,1.3447393963715517,1.7599632247679537,1.9824175121060188,0.3724563720150524,-0.7436443563789702,0.0,6.93798548381241
740,12.268901502987102,-0.7571744405126617,0.3173564035397235,2.114357769315246,1.7641656387340265,1.2853363434913787,-0.32800426933811727,-0.10573019889070363,-0.19423404788464543,-0.34179748616560895,-0.484412840101183,0.1131610202769477,-0.010699598749970013,-0.08327010799779788,0.07707857301742342,0.06404558125375992,-0.04206337826298249,0.03133789023507486,0.057893417584722655,-0.01896735129724606,-0.005514677689209543,0.005865920839929437,0.057893417584722696,0.03133789023507493,-0.04206337826298254,0.06404558125375993,0.07707857301742341,-0.0832701079977979,-0.0106995987499699,0.1131610202769478,-0.48441284010118313,-0.34179748616560895,-0.1942340478846454,-0.10573019889070365,-0.32800426933811727,1.285336343491378,1.7641656387340265,2.1143577693152475,0.3173564035397232,-0.7571744405126616,0.0,6.936076430942742
741,12.252197563891283,-0.7706606063296936,0.26218280575959535,2.2451943191811936,1.7667309437091212,1.2240696757925151,-0.32579417093587726,-0.12138622973165097,-0.21746529268967363,-0.36601228549365006,-0.4661539335584312,0.13646442810996218,-0.023396482083087783,-0.07297863076907674,0.09093230862905405,0.06244482467657417,-0.042405969636482924,0.040400619974391955,0.05458381834667069,-0.020792978672207918,-0.006327082210163736,0.005960055119427893,0.05458381834667071,0.040400619974392024,-0.042405969636483,0.06244482467657418,0.0909323086290541,-0.07297863076907672,-0.023396482083087665,0.13646442810996226,-0.4661539335584311,-0.36601228549365006,-0.2174652926896737,-0.12138622973165103,-0.32579417093587726,1.2240696757925147,1.7667309437091208,2.2451943191811954,0.26218280575959535,-0.7706606063296937,0.0,6.9323402801399645
742,12.233765737153071,-0.7841020715932807,0.2069483794047061,2.374858864245903,1.7676567591436172,1.1610282240859728,-0.3229038953220649,-0.13669734366910266,-0.23988951170395192,-0.3885081378496946,-0.4451924924194825,0.1588106360293416,-0.035898083248842354,-0.061972361907077,0.10375324800812101,0.060030004312677826,-0.042119661378974084,0.048787062841786494,0.05025002914970308,-0.022183977944240263,-0.006992973966315569,0.0059020594363866025,0.05025002914970309,0.04878706284178654,-0.042119661378974146,0.06003000431267782,0.10375324800812104,-0.06197236190707696,-0.035898083248842236,0.15881063602934167,-0.44519249241948244,-0.3885081378496947,-0.23988951170395212,-0.13669734366910272,-0.3229038953220649,1.1610282240859726,1.7676567591436172,2.3748588642459048,0.20694837940470664,-0.7841020715932802,0.0,6.926404403784549
743,12.213555202547706,-0.7974980566593985,0.1516659393178267,2.5032837188448993,1.766942225900063,1.0963033924499033,-0.3193394766734184,-0.1516200344336897,-0.26142348740408566,-0.4091793932902228,-0.4216500409615895,0.18004290144225968,-0.04810005580051198,-0.0503591026792829,0.11539577274805052,0.05683260103850607,-0.04120869957087918,0.05635683383284662,0.04497336756217678,-0.023111273559315425,-0.007496933268302365,0.005693414126291016,0.04497336756217681,0.05635683383284666,-0.04120869957087926,0.05683260103850607,0.11539577274805056,-0.05035910267928289,-0.04810005580051186,0.18004290144225982,-0.4216500409615895,-0.4091793932902229,-0.26142348740408566,-0.15162003443368974,-0.31933947667341844,1.096303392449903,1.766942225900063,2.5032837188449015,0.1516659393178267,-0.7974980566593985,0.0,6.917922018625582
744,12.19151513985039,-0.8108477845220061,0.09634831148130892,2.630401844439514,1.7645880070504352,1.0299890257024245,-0.31510835660968894,-0.16611189945387075,-0.28198730600911015,-0.42792897094293864,-0.3956630669090078,0.20001229526220662,-0.05990055418552452,-0.03825259954056274,0.12572764870819217,0.052894297895535854,-0.039686594186144966,0.06298321863606028,0.038852842850541774,-0.02355548259301511,-0.007827290207589764,0.0053394448451246634,0.03885284285054181,0.06298321863606032,-0.03968659418614505,0.05289429789553583,0.12572764870819214,-0.03825259954056279,-0.05990055418552441,0.20001229526220665,-0.3956630669090078,-0.42792897094293875,-0.28198730600911015,-0.16611189945387078,-0.31510835660968883,1.0299890257024245,1.764588007050435,2.6304018444395147,0.09634831148130919,-0.810847784522006,0.0,6.906577391379249
745,12.167594728836347,-0.8241504808581156,0.04100833004135425,2.756146884611395,1.7605962872608227,0.9621812733356039,-0.31021936865738947,-0.18013176034211612,-0.301504654044975,-0.44466881493920124,-0.3673822301433168,0.21857874653952497,-0.07120108381429137,-0.025771430039722636,0.1346315279103869,0.04826643668809417,-0.037575918733242564,0.06855529476920917,0.03200329820720974,-0.023507319904779837,-0.007976394890128835,0.004849186632397248,0.03200329820720977,0.0685552947692092,-0.03757591873324263,0.04826643668809414,0.13463152791038688,-0.025771430039722643,-0.07120108381429127,0.21857874653952505,-0.36738223014331667,-0.44466881493920124,-0.3015046540449751,-0.18013176034211628,-0.3102193686573894,0.9621812733356035,1.7605962872608232,2.756146884611396,0.041008330041353416,-0.8241504808581155,0.0,6.892090147419948
746,12.14174314928083,-0.8374053740727033,-0.014341165669616341,2.8804531997009573,1.754970770764101,0.892978450107887,-0.30468271980758854,-0.19363977990259496,-0.3199031015480885,-0.45932030796126044,-0.3369714892504393,0.2356120249584813,-0.0819073231597376,-0.013037841407749287,0.14200628136061846,0.04300934866442158,-0.03490797547986896,0.07297978836816466,0.024553255876672463,-0.022967792221839523,-0.007940794580747479,0.004235153292434829,0.024553255876672505,0.0729797883681647,-0.03490797547986904,0.04300934866442157,0.1420062813606184,-0.013037841407749322,-0.08190732315973746,0.23561202495848133,-0.3369714892504393,-0.45932030796126044,-0.31990310154808854,-0.19363977990259504,-0.30468271980758854,0.8929784501078865,1.7549707707641007,2.8804531997009586,-0.014341165669617718,-0.8374053740727033,0.0,6.874218649573159
747,12.113909580959023,-0.8506116953434659,-0.06968733411179363,3.003255901071676,1.7477166779224813,0.8224808934970996,-0.29850996920625,-0.20659757532788764,-0.33711437085693896,-0.4718146404621048,-0.30460715096821966,0.2509926543093602,-0.09192991102575422,-0.0001765532032290411,0.14776814765774884,0.03719156800658664,-0.03172233122621723,0.07618263554633851,0.0166425056131016,-0.021948177095958664,-0.007721313656240885,0.0035130179804574186,0.016642505613101637,0.0761826355463385,-0.031722331226217294,0.037191568006586635,0.14776814765774884,-0.00017655320322903248,-0.09192991102575412,0.25099265430936024,-0.30460715096821966,-0.4718146404621048,-0.33711437085693896,-0.20659757532788775,-0.29850996920624995,0.8224808934970991,1.747716677922481,3.003255901071676,-0.0696873341117928,-0.8506116953434661,0.0,6.85276243101332
748,12.08404320364618,-0.8637686786654136,-0.12501733451731772,3.1244908849823365,1.7388407403831247,0.7507908182206942,-0.2917140040216118,-0.2189683272630798,-0.3530745899942928,-0.48209313382391,-0.27047684804540056,0.26461275052823224,-0.10118519241352074,0.012686464257529216,0.1518516843436031,0.030888938382613047,-0.028066230511507268,0.07811022218838432,0.008419481718692393,-0.02046978717285609,-0.007323034515731221,0.0027012131464605967,0.008419481718692416,0.0781102221883843,-0.02806623051150734,0.03088893838261304,0.15185168434360305,0.012686464257529199,-0.10118519241352066,0.26461275052823235,-0.27047684804540056,-0.48209313382391,-0.3530745899942928,-0.21896832726307985,-0.2917140040216117,0.7507908182206933,1.7388407403831247,3.124490884982337,-0.125017334517318,-0.8637686786654137,0.0,6.827563682956182
749,12.052093197117516,-0.8768755608953013,-0.180318329869452,3.2440948660495716,1.728351194831311,0.6780121680341806,-0.2843090125389827,-0.23071688442733151,-0.3677245296996527,-0.49010751593740204,-0.2347784514378772,0.2763767784261477,-0.10959591676021574,0.025425223720958585,0.1542105111891045,0.02418362420827907,-0.023993894956188377,0.07873028142460219,3.847787900357914e-05,-0.01856352470168993,-0.006755179890344921,0.0018204600483036977,3.8477879003616826e-05,0.07873028142460216,-0.023993894956188443,0.02418362420827905,0.15421051118910448,0.025425223720958533,-0.10959591676021567,0.2763767784261478,-0.23477845143787718,-0.490107515937402,-0.3677245296996526,-0.23071688442733154,-0.2843090125389827,0.6780121680341804,1.7283511948313108,3.2440948660495725,-0.18031832986945312,-0.8768755608953013,0.0,6.798507813937778
750,12.018008741148256,-0.8899315817958924,-0.23557748988086946,3.36200541028321,1.7162577753469697,0.6042504650226244,-0.27631045453913167,-0.24180986349564282,-0.3810098232323358,-0.49582014790789813,-0.19771892314878917,0.28620222179984506,-0.11709188272216357,0.037914954982591655,0.1548178369743222,0.01716303950830355,-0.019565719130884455,0.07803243376275822,-0.00834324794493825,-0.016269235596534825,-0.006030899277497634,0.0008932398431479433,-0.008343247944938216,0.07803243376275817,-0.019565719130884507,0.01716303950830355,0.15481783697432216,0.03791495498259163,-0.11709188272216346,0.28620222179984517,-0.19771892314878914,-0.4958201479078981,-0.3810098232323357,-0.24180986349564285,-0.2763104545391316,0.6042504650226241,1.7162577753469697,3.36200541028321,-0.23557748988086932,-0.8899315817958923,0.0,6.765523112733272
751,11.981739015513615,-0.9029359840800548,-0.290781993970386,3.478160967677189,1.7025717043716517,0.5296126566037016,-0.26773502902210905,-0.2522157439570032,-0.39288116812947105,-0.4992042008233176,-0.159513116363125,0.2940201622236292,-0.12361052412063991,0.05003332695298994,0.15366676377933786,0.009918708340851205,-0.01484737487770762,0.07602836083577305,-0.01656842424506923,-0.01363487655167038,-0.005166964445210729,-5.6780242403909786e-05,-0.016568424245069196,0.076028360835773,-0.01484737487770767,0.009918708340851205,0.1536667637793378,0.05003332695298989,-0.1236105241206398,0.29402016222362926,-0.159513116363125,-0.4992042008233176,-0.392881168129471,-0.25221574395700325,-0.26773502902210894,0.5296126566037015,1.702571704371652,3.478160967677189,-0.290781993970386,-0.9029359840800546,0.0,6.728579561153195
752,11.943233199988832,-0.9158880134546874,-0.3459190342374447,3.592500904339022,1.6873056822943424,0.45420696046417497,-0.258600639343888,-0.26190495767938643,-0.40329450917018,-0.5002437817539898,-0.12038252983307936,0.29977576246260956,-0.12909743215965408,0.06166164583367964,0.1507703653298394,0.002545071641466441,-0.0099088373672585,0.07275160985682697,-0.024482716948910178,-0.010715512620168335,-0.00418338105749851,-0.001005351016501958,-0.024482716948910143,0.0727516098568269,-0.009908837367258541,0.0025450716414664285,0.15077036532983934,0.06166164583367958,-0.12909743215965402,0.2997757624626097,-0.1203825298330794,-0.5002437817539898,-0.4032945091701799,-0.26190495767938643,-0.258600639343888,0.4542069604641747,1.6873056822943424,3.592500904339022,-0.34591903423744497,-0.9158880134546874,0.0,6.687686855852798
753,11.902440474349117,-0.928786918664468,-0.4009758184336511,3.704965534141058,1.670473875665761,0.3781427076545911,-0.2489263558386089,-0.27084997292709373,-0.4122112018669502,-0.49893400839250657,-0.08055402373563235,0.3034286511165029,-0.13350680955694055,0.07268601766751985,0.1461615385076034,-0.004861743958950278,-0.004823347335326682,0.06825703205520861,-0.0319376252852671,-0.007572166209030217,-0.003102925414203565,-0.0019282602808630908,-0.031937625285267064,0.06825703205520856,-0.0048233473353267095,-0.004861743958950282,0.14616153850760333,0.07268601766751978,-0.13350680955694047,0.30342865111650297,-0.08055402373563228,-0.4989340083925066,-0.41221120186695004,-0.2708499729270938,-0.24892635583860884,0.3781427076545912,1.670473875665761,3.7049655341410586,-0.40097581843365043,-0.9287869186644676,0.0,6.642891709721603
754,11.859310018369701,-0.9416319515354324,-0.45593957293068166,3.815496149876989,1.6520919040520996,0.3015301840697092,-0.23873237600446418,-0.27902537259171195,-0.419598155877477,-0.4952810319830827,-0.040258504447185095,0.30495320579599905,-0.13680185279768853,0.08299846387686483,0.13989262971238933,-0.01220517929178295,0.00033367511021152704,0.0626198644932204,-0.03879326819609017,-0.004270541549913291,-0.0019506170327412279,-0.0028019508453269075,-0.038793268196090136,0.06261986449322034,0.00033367511021150124,-0.012205179291782954,0.13989262971238928,0.08299846387686474,-0.13680185279768844,0.3049532057959991,-0.040258504447185164,-0.4952810319830827,-0.419598155877477,-0.279025372591712,-0.23873237600446406,0.30153018406970916,1.6520919040520996,3.8154961498769886,-0.4559395729306808,-0.9416319515354319,0.0,6.594274513235794
755,11.81379101182581,-0.9544223670183668,-0.5107975456838705,3.9240350539073616,1.6321768255403866,0.22448047054449688,-0.2280399823363448,-0.2864079264143939,-0.4254279578047634,-0.48930200843273747,0.0002704141397065417,0.3043387328454123,-0.13895505932047342,0.0924979788633443,0.13203484031897364,-0.01938950144713114,0.005485749003565029,0.05593447063408191,-0.04492100901132118,-0.0008796513073712577,-0.000753139284887792,-0.0036041218233781236,-0.04492100901132114,0.05593447063408183,0.005485749003565016,-0.01938950144713115,0.13203484031897356,0.09249797886334418,-0.13895505932047336,0.3043387328454124,0.0002704141397065762,-0.48930200843273747,-0.4254279578047633,-0.28640792641439394,-0.22803998233634482,0.22448047054449688,1.6321768255403866,3.9240350539073616,-0.5107975456838704,-0.9544223670183665,0.0,6.541945444240216
756,11.76583263449265,-0.9671574232320251,-0.5655370091907911,4.030525588278094,1.6107471209089421,0.14710528179754095,-0.21687149789328294,-0.29297665699424286,-0.42967897292976004,-0.4810250177399698,0.04079776499646621,0.30158954235099283,-0.1399484570714174,0.10109151931056569,0.12267741798205847,-0.026321051798695202,0.010556466768200677,0.04831276074311657,-0.05020586913833149,0.0025296259678797206,0.000461778495392111,-0.004314297860612109,-0.05020586913833147,0.048312760743116495,0.010556466768200665,-0.026321051798695212,0.1226774179820584,0.10109151931056565,-0.13994845707141734,0.30158954235099295,0.04079776499646607,-0.4810250177399697,-0.42967897292976004,-0.29297665699424286,-0.21687149789328294,0.14710528179754076,1.6107471209089423,4.030525588278095,-0.5655370091907908,-0.967157423232025,0.0,6.4860401208975835
757,11.715384066145468,-0.9798363815061605,-0.6201452634441376,4.13491216429626,1.587822676477597,0.06951680445538304,-0.20525023969345677,-0.29871289939523993,-0.43233542549901094,-0.4704889321193269,0.08108859018345653,0.2967249179087684,-0.13977375451057145,0.10869491549998016,0.11192664297409902,-0.03290946698720244,0.015470627375620133,0.039882318563943406,-0.054548685476401786,0.005886027387637693,0.0016660031248895747,-0.004914351766629422,-0.05454868547640176,0.03988231856394331,0.015470627375620128,-0.03290946698720244,0.11192664297409895,0.10869491549998009,-0.1397737545105714,0.2967249179087685,0.08108859018345642,-0.4704889321193269,-0.43233542549901094,-0.29871289939524,-0.20525023969345663,0.06951680445538276,1.5878226764775971,4.134912164296261,-0.620145263444137,-0.9798363815061599,0.0,6.426714896953098
758,11.662394486559483,-0.9924585064243678,-0.674609638878235,4.237140291547718,1.5634247656536013,-0.008172465607363144,-0.19320047003405397,-0.30360035418234227,-0.4333874572693513,-0.45774323344120527,0.1209093030222473,0.28977898136397323,-0.13843240981846902,0.11523369571399836,0.0999046210690799,-0.0390688569449882,0.020155351610486063,0.030784265628209493,-0.057867971075340724,0.009119395308558891,0.0028316490358104365,-0.005388967210219188,-0.05786797107534072,0.030784265628209413,0.02015535161048607,-0.03906885694498822,0.09990462106907981,0.11523369571399826,-0.138432409818469,0.28977898136397334,0.12090930302224724,-0.45774323344120527,-0.43338745726935113,-0.3036003541823422,-0.19320047003405402,-0.008172465607363696,1.5634247656536013,4.237140291547718,-0.6746096388782349,-0.9924585064243678,0.0,6.364141901001341
759,11.606813075509907,-1.005023065866743,-0.7289174993084832,4.337156606341433,1.5375760291903493,-0.08584988637627386,-0.18074734583762944,-0.3076251337360487,-0.4328311640923952,-0.4428477808442651,0.16002904231797407,0.2808004534708207,-0.1359356187252086,0.1206438156517122,0.08674789668249545,-0.04471892460437983,0.024541162902213146,0.021170898949287212,-0.06010144412555385,0.012162143811968685,0.003931724006540245,-0.005726029667571259,-0.06010144412555383,0.021170898949287118,0.024541162902213167,-0.04471892460437984,0.08674789668249537,0.12064381565171216,-0.1359356187252086,0.2808004534708208,0.16002904231797402,-0.4428477808442652,-0.432831164092395,-0.3076251337360488,-0.18074734583762944,-0.08584988637627414,1.5375760291903493,4.337156606341433,-0.7289174993084829,-1.005023065866743,0.0,6.298503922129547
760,11.548589012771982,-1.0175293310523463,-0.7830562448630517,4.434908899565646,1.5103004541772278,-0.1634028330172695,-0.1679168661307064,-0.31077580171383545,-0.4306686104030486,-0.4258725296118477,0.19822101078066467,0.26985231215141786,-0.13230422106365114,0.12487228571293664,0.07260590201929246,-0.049786012692772316,0.028563017693804874,0.011203141643803326,-0.06120719659017557,0.014950671427843147,0.004940754205682822,-0.005916935644593207,-0.06120719659017556,0.011203141643803234,0.0285630176938049,-0.04978601269277232,0.07260590201929241,0.12487228571293657,-0.13230422106365114,0.2698523121514179,0.1982210107806646,-0.4258725296118477,-0.4306686104030486,-0.3107758017138355,-0.1679168661307063,-0.16340283301726988,1.5103004541772278,4.434908899565645,-0.783056244863052,-1.0175293310523463,0.0,6.22998924320111
761,11.48767147812091,-1.0299765765814746,-0.8370133149061598,4.530346143941326,1.4816233517800967,-0.24071886117185592,-0.1547358177642745,-0.3130434055463274,-0.4269078215582759,-0.4068972026326682,0.23526378988601454,0.2570113507508915,-0.12756852682670008,0.12787769000661586,0.05763925984413292,-0.054204063967820924,0.0321612700671019,0.0010478491563644355,-0.061164480551496654,0.017426690573303448,0.005835374075571161,-0.005956812280455564,-0.061164480551496675,0.0010478491563643492,0.032161270067101934,-0.05420406396782094,0.05763925984413287,0.1278776900066158,-0.12756852682670008,0.25701135075089154,0.23526378988601446,-0.4068972026326681,-0.4269078215582759,-0.3130434055463274,-0.15473581776427456,-0.2407188611718562,1.4816233517800967,4.530346143941325,-0.8370133149061607,-1.0299765765814746,0.0,6.1587865202193965
762,11.424009651331927,-1.0423640804777357,-0.8907761909522436,4.623418520658732,1.4515713337530571,-0.31768586999069404,-0.1412317194895065,-0.3144215018758721,-0.42156275405455396,-0.3860109159887441,0.2709426235526853,0.24236763938724842,-0.12176806318050284,0.1296305920001498,0.04201795915087038,-0.05791548237461682,0.03528255631861522,-0.00912498382002372,-0.059974097516982613,0.019538445916851697,0.006594867395642504,-0.005844641727001154,-0.05997409751698262,-0.009124983820023786,0.03528255631861527,-0.05791548237461683,0.0420179591508703,0.12963059200014976,-0.12176806318050286,0.24236763938724842,0.27094262355268517,-0.3860109159887441,-0.4215627540545538,-0.3144215018758721,-0.14123171948950647,-0.3176858699906942,1.451571333753057,4.623418520658732,-0.8907761909522439,-1.0423640804777357,0.0,6.085079801785256
763,11.35755271218026,-1.0546911242299255,-0.9443323995703485,4.7140774453831185,1.4201722877432938,-0.3941922646691155,-0.12743276450544871,-0.31490617486523026,-0.4146532437345383,-0.36331176042895413,0.30505066319398777,0.22602389317421237,-0.114951244545164,0.13011382283649459,0.025919424451726996,-0.06087188389834443,0.03788058636728601,-0.01914506897303938,-0.05765838338009309,0.02124179620132187,0.007201646996570395,-0.00558328712924343,-0.057658383380093096,-0.01914506897303947,0.03788058636728606,-0.06087188389834444,0.025919424451726934,0.13011382283649447,-0.11495124454516403,0.22602389317421243,0.3050506631939876,-0.36331176042895413,-0.41465324373453816,-0.3149061748652302,-0.12743276450544866,-0.394192264669116,1.4201722877432938,4.7140774453831185,-0.9443323995703488,-1.0546911242299253,0.0,6.009043776768486
764,11.288249840441134,-1.0669569928337042,-0.9976695152780704,4.802275593616043,1.3874553514119203,-0.47012711824892117,-0.11336776159863252,-0.31449604732436093,-0.4062049321751478,-0.3389063406938025,0.33739016692574353,0.20809475174850245,-0.1071749684966911,0.12932264949510533,0.009526500614910144,-0.06303472732390857,0.03991683025723855,-0.028844674915173518,-0.05426078931809197,0.022501136912592423,0.0076416620166772625,-0.005179419543803473,-0.054260789318092,-0.028844674915173577,0.03991683025723861,-0.0630347273239086,0.009526500614910078,0.12932264949510527,-0.10717496849669116,0.20809475174850245,0.33739016692574336,-0.3389063406938025,-0.4062049321751477,-0.31449604732436093,-0.1133677615986326,-0.4701271182489214,1.3874553514119201,4.802275593616044,-0.9976695152780709,-1.0669569928337042,0.0,5.930839331111384
765,11.216050215889762,-1.0791609748330684,-1.050775163424367,4.887966925399051,1.353450885394838,-0.5453803324518632,-0.09906607499749222,-0.3131922846236834,-0.3962491715302475,-0.3129092748549133,0.367773645977898,0.18870597515514964,-0.09850414086303586,0.12726482114966398,-0.00697462386140362,-0.06437581667961433,0.041361089574381324,-0.03806143492617168,-0.049845066490721776,0.02329014450785064,0.007904723270014666,-0.004643347660687141,-0.04984506649072179,-0.038061434926171735,0.04136108957438139,-0.06437581667961433,-0.006974623861403698,0.12726482114966395,-0.09850414086303591,0.18870597515514964,0.3677736459778979,-0.31290927485491327,-0.3962491715302474,-0.3131922846236834,-0.0990660749974922,-0.5453803324518637,1.3534508853948377,4.887966925399051,-1.0507751634243676,-1.0791609748330686,0.0,5.850609486345976
766,11.140903018301373,-1.0913023623616176,-1.1036370230605825,4.97110670934679,1.3181904451286943,-0.6198427973116265,-0.08455756306715825,-0.31099859138269687,-0.38482290818106274,-0.28544265602056645,0.3960249516635477,0.16799356173113952,-0.08901113397808672,0.12396049326853913,-0.02339653155155844,-0.06487766881477817,0.04219194530249044,-0.04664106489353636,-0.04449406983774543,0.023592326647074925,0.007984739191741403,-0.003988754674741282,-0.04449406983774546,-0.04664106489353641,0.0421919453024905,-0.06487766881477817,-0.023396531551558526,0.12396049326853906,-0.08901113397808677,0.16799356173113955,0.39602495166354745,-0.28544265602056634,-0.3848229081810627,-0.3109985913826969,-0.08455756306715817,-0.6198427973116268,1.3181904451286943,4.971106709346788,-1.1036370230605828,-1.0913023623616174,0.0,5.76847578312444
767,11.062757427451192,-1.103380451183612,-1.1562428297990048,5.05165154599707,1.2817067515680967,-0.6934065493728466,-0.06987251597261555,-0.3079212009433678,-0.37196854562610415,-0.2566354789353306,0.4219802966036601,0.14610279417479302,-0.07877518261537517,0.11944203020137865,-0.03955270476289255,-0.06453374131933434,0.042397075476868246,-0.054439945954077834,-0.038308203420442874,0.02340136692644548,0.00787985689714206,-0.0032323490231254966,-0.038308203420442895,-0.05443994595407789,0.04239707547686832,-0.06453374131933436,-0.03955270476289259,0.1194420302013786,-0.07877518261537525,0.14610279417479302,0.42198029660365993,-0.2566354789353306,-0.3719685456261041,-0.3079212009433677,-0.06987251597261561,-0.6934065493728468,1.281706751568097,5.05165154599707,-1.156242829799006,-1.1033804511836118,0.0,5.684535163034186
768,10.981562623114439,-1.1153945407348203,-1.2085803786583107,5.129559390465644,1.2440336608212488,-0.7659649282277987,-0.05504159244037215,-0.30396885765819387,-0.35773378711942755,-0.22662303416672236,0.4454892042869219,0.12318722049202312,-0.06788172264342353,0.11375368818540774,-0.05525964397717216,-0.06334851781415529,0.04197343792463014,-0.06132752860434115,-0.03140353647808122,0.02272125690784582,0.00759250508785985,-0.0023934379036994313,-0.03140353647808126,-0.06132752860434119,0.041973437924630215,-0.06334851781415529,-0.0552596439771722,0.1137536881854077,-0.0678817226434236,0.1231872204920231,0.44548920428692185,-0.22662303416672241,-0.3577337871194273,-0.30396885765819387,-0.0550415924403721,-0.7659649282277989,1.2440336608212486,5.129559390465644,-1.2085803786583103,-1.1153945407348196,0.0,5.59885739139812
769,10.897267785066347,-1.1273439341631557,-1.2606375268952155,5.204789574393881,1.2052061327321835,-0.8374127311637928,-0.04009575575066165,-0.2991527920432765,-0.34217145864120607,-0.1955462727240436,0.46641538145962635,0.09940757696739752,-0.056421677922744266,0.1069511818762371,-0.07033895201202961,-0.06133744950019674,0.04092731538149864,-0.06718851803626132,-0.02390962554895746,0.02156621268469034,0.00712933781178769,-0.001493434460236947,-0.02390962554895748,-0.06718851803626132,0.04092731538149869,-0.061337449500196733,-0.0703389520120296,0.10695118187623709,-0.05642167792274436,0.0994075769673975,0.4664153814596262,-0.19554627272404357,-0.34217145864120607,-0.29915279204327644,-0.04009575575066161,-0.8374127311637931,1.2052061327321835,5.204789574393878,-1.2606375268952148,-1.1273439341631553,0.0,5.511483052854805
770,10.80982209308213,-1.139227938369094,-1.3124021968216955,5.277302827177888,1.1652601984387578,-0.9076463656970505,-0.025066209093814438,-0.2934866888670001,-0.32533931285758133,-0.16355114409341423,0.4846375082879074,0.07493066071459109,-0.04449070139651011,0.09910113864881034,-0.08461936023079576,-0.058526753728463735,0.03927422231600271,-0.071924804116583,-0.01596708352090345,0.01996037772807204,0.006501080378938836,-0.0005553112135278727,-0.015967083520903477,-0.071924804116583,0.03927422231600278,-0.058526753728463735,-0.08461936023079575,0.09910113864881032,-0.04449070139651019,0.07493066071459112,0.4846375082879074,-0.16355114409341429,-0.32533931285758116,-0.29348668886700013,-0.02506620909381447,-0.9076463656970505,1.1652601984387578,5.277302827177888,-1.3124021968216955,-1.1392279383690938,0.0,5.422422140475586
771,10.71917472693702,-1.1510458640458754,-1.363862378607108,5.347061296468011,1.1242329269365072,-0.9765639997718989,-0.009984330425755602,-0.286986648264996,-0.30729981479730795,-0.13078791079786412,0.5000499417113411,0.04992815971447726,-0.03218837670924195,0.09028044601335762,-0.09793867378732436,-0.05495307221674604,0.03703867484292116,-0.07545710370312125,-0.007724941224663467,0.017937318224529927,0.005722281001338481,0.00039698631050231597,-0.007724941224663497,-0.07545710370312127,0.037038674842921254,-0.05495307221674605,-0.09793867378732443,0.09028044601335762,-0.032188376709242024,0.04992815971447724,0.500049941711341,-0.13078791079786403,-0.30729981479730784,-0.2869866482649958,-0.009984330425755533,-0.9765639997718997,1.1242329269365074,5.347061296468012,-1.363862378607109,-1.1510458640458754,0.0,5.331653248205796
772,10.625274866406228,-1.1627970257194875,-1.4150061330645713,5.4140285679279785,1.0821623906793876,-1.0440657094075219,0.005118393041364308,-0.279671139991881,-0.2881199100405601,-0.09741044270159807,0.512563327910213,0.024575448547299657,-0.019617387017322165,0.08057549853811213,-0.1101456138119935,-0.050662993368790384,0.03425382713825747,-0.07772628780628164,0.0006621489238001312,0.0155393214542079,0.0048109739080749205,0.0013391507885563599,0.0006621489238001011,-0.07772628780628163,0.03425382713825754,-0.050662993368790384,-0.11014561381199357,0.08057549853811209,-0.019617387017322248,0.024575448547299622,0.5125633279102129,-0.09741044270159803,-0.2881199100405599,-0.2796711399918809,0.005118393041364377,-1.044065709407522,1.0821623906793876,5.4140285679279785,-1.415006133064572,-1.162797025719487,0.0,5.239123365703651
773,10.528071691264993,-1.174480741788424,-1.4658215944209565,5.478169684243401,1.039087630249331,-1.1100536235781744,0.02021043057663772,-0.2715609509397654,-0.2678707762801611,-0.06357549437267561,0.5221051203356613,-0.0009496417340018711,-0.006882657928977708,0.07008135165482983,-0.12110153561559772,-0.04571244492320986,0.03096097974787562,-0.0786943713797972,0.009036814762283144,0.012816511875152438,0.0037882617365698028,0.0022471335425800236,0.009036814762283109,-0.07869437137979718,0.03096097974787569,-0.04571244492320985,-0.12110153561559776,0.07008135165482976,-0.006882657928977811,-0.0009496417340019227,0.5221051203356611,-0.06357549437267548,-0.267870776280161,-0.27156095093976523,0.020210430576637652,-1.110053623578175,1.039087630249331,5.478169684243401,-1.4658215944209574,-1.174480741788424,0.0,5.1447482643708575
774,10.427514381288537,-1.186096334563218,-1.516296973069844,5.539451163369702,0.9950486181274,-1.1744320661168162,0.03526027375872549,-0.26267912607265187,-0.24662755917720877,-0.02944196889791301,0.5286200002994093,-0.02646807096085602,0.005909518272689895,0.05890079063519244,-0.13068200339601543,-0.04016596484988077,0.027208967081801705,-0.07834514917206269,0.017241917253597423,0.009825803389918777,0.002677826870403281,0.003097758380476339,0.0172419172535974,-0.07834514917206263,0.027208967081801778,-0.040165964849880754,-0.13068200339601543,0.05890079063519245,0.0059095182726898,-0.02646807096085602,0.528620000299409,-0.02944196889791301,-0.24662755917720866,-0.26267912607265187,0.03526027375872545,-1.1744320661168168,0.9950486181273999,5.539451163369704,-1.5162969730698446,-1.186096334563218,0.0,5.048413453684901
775,10.323552116252069,-1.1976431303057535,-1.5664205583068065,5.597841016009946,0.9500862216001552,-1.2371076944364066,0.05023650225760505,-0.2530509029445639,-0.2244690934913494,0.004829828392557622,0.5320701976847105,-0.0518008456872025,0.018652369813826692,0.04714332385703593,-0.13877820356235696,-0.03409585999880694,0.023053433177926227,-0.07668446699422217,0.02512349898255986,0.006629709694877394,0.0015053830393754227,0.003869313166680869,0.025123498982559854,-0.0766844669942221,0.02305343317792628,-0.034095859998806925,-0.13877820356235696,0.047143323857035895,0.01865236981382657,-0.0518008456872025,0.5320701976847104,0.004829828392557622,-0.22446909349134936,-0.25305090294456395,0.05023650225760512,-1.2371076944364066,0.950086221600155,5.597841016009945,-1.5664205583068083,-1.1976431303057538,0.0,4.94997567799864
776,10.21613407593083,-1.209120459268341,-1.6161807210463948,5.653308762313429,0.9042421648356647,-1.2979896348677316,0.06510784943240652,-0.242703639987466,-0.20147761052060176,0.03907894278625208,0.532435709919183,-0.07677027469990957,0.031239536616088266,0.03492411022089046,-0.14529818062425867,-0.027581263469751115,0.01855600647585796,-0.07374012386411304,0.03253367295423898,0.0032950375790583588,0.0002980798807998408,0.0045421040228031204,0.03253367295423895,-0.07374012386411298,0.018556006475858026,-0.02758126346975108,-0.14529818062425864,0.034924110220890474,0.03123953661608812,-0.07677027469990955,0.532435709919183,0.03907894278625205,-0.2014776105206018,-0.2427036399874659,0.06510784943240643,-1.2979896348677316,0.9042421648356643,5.653308762313427,-1.6161807210463965,-1.2091204592683416,0.0,4.849264915893542
777,10.105209440100035,-1.2205276557325675,-1.6655659165201764,5.705825447786358,0.8575589901643446,-1.3569896144175364,0.07984326760838266,-0.23166673877274455,-0.17773843293643915,0.07314452609906859,0.5297144179400277,-0.10120121539496293,0.04356595804662486,0.02236283122228871,-0.15016788160926828,-0.020707102991260877,0.013783385839404734,-0.06956140666412944,0.03933339748915,-0.00010850951396544913,-0.0009161257497236764,0.005098958012404075,0.03933339748914998,-0.06956140666412937,0.013783385839404775,-0.020707102991260842,-0.15016788160926825,0.022362831222288687,0.04356595804662477,-0.10120121539496296,0.5297144179400275,0.0731445260990687,-0.17773843293643907,-0.23166673877274446,0.07984326760838271,-1.3569896144175364,0.8575589901643441,5.705825447786357,-1.6655659165201773,-1.2205276557325675,0.0,4.746086837061843
778,9.990727388534905,-1.2318640580479052,-1.7145646869552198,5.755363658406264,0.8100800186005623,-1.4140220887559283,0.09441199289673381,-0.21997156046714464,-0.15333965814661177,0.10686659208572079,0.5239220984793296,-0.12492230227699362,0.0555287498220541,0.009582518727365324,-0.1533319971459769,-0.013562993757846902,0.008806351382379363,-0.06421826510260797,0.04539508514832303,-0.0035097884719159688,-0.002109117159846668,0.005525661478918385,0.04539508514832302,-0.06421826510260788,0.008806351382379387,-0.013562993757846878,-0.1533319971459768,0.009582518727365324,0.055528749822054,-0.12492230227699372,0.5239220984793295,0.10686659208572075,-0.15333965814661166,-0.21997156046714456,0.09441199289673385,-1.4140220887559292,0.8100800186005618,5.755363658406261,-1.7145646869552205,-1.2318640580479057,0.0,4.640225665632144
779,9.872637101010675,-1.243129008670097,-1.7631656642323916,5.8018975349322774,0.7618493096416364,-1.4690043662474757,0.10878360942195693,-0.207651336720549,-0.1283718313607692,0.1400867678021444,0.51509233259821,-0.1477671489651016,0.0670280627472138,-0.0032916500668592574,-0.1547545896599956,-0.006242070158873726,0.0036987147676296544,-0.057800140789483596,0.050604996735368835,-0.006837703592521153,-0.003253268903261234,0.005811322848178423,0.05060499673536884,-0.05780014078948352,0.0036987147676296717,-0.006242070158873693,-0.15475458965999553,-0.0032916500668592748,0.06702806274721376,-0.14776714896510168,0.5150923325982097,0.14008676780214432,-0.12837183136076916,-0.20765133672054883,0.10878360942195679,-1.4690043662474757,0.7618493096416363,5.801897534932277,-1.763165664232393,-1.243129008670097,0.0,4.531447393902075
780,9.75088775730256,-1.2543218541992878,-1.811357572523854,5.845402786403817,0.7129116203815411,-1.5218567278461725,0.12292811282263008,-0.1947410752388103,-0.1029276095721536,0.17264903739116727,0.5032763110001086,-0.1695755152737694,0.07796791612110648,-0.016133578684710614,-0.15441950154781586,0.0011602283706363848,-0.0014637754531691821,-0.05041447002692404,0.054865375455399955,-0.01002269267123202,-0.004322086486974721,0.005948650635032831,0.05486537545539993,-0.05041447002692395,-0.001463775453169167,0.0011602283706363891,-0.1544195015478158,-0.016133578684710596,0.07796791612110639,-0.16957551527376946,0.5032763110001084,0.17264903739116721,-0.10292760957215354,-0.1947410752388103,0.1229281128226301,-1.5218567278461728,0.712911620381541,5.845402786403816,-1.811357572523854,-1.254321854199288,0.0,4.419503286636302
781,9.625428537185794,-1.2654419454179298,-1.8591292309091505,5.885856702820608,0.663312363977253,-1.5725025426804369,0.13681597289305772,-0.18127746030995262,-0.07710141770234669,0.20440047479831003,0.4885425372518932,-0.19019443118263132,0.08825699885388946,-0.02881748642799714,-0.15233053869257263,0.008547401548994613,-0.0066045572246560495,-0.04218488537750453,0.05809628118626292,-0.012998181034792068,-0.005290819889720186,0.005934139557961353,0.05809628118626291,-0.04218488537750443,-0.006604557224656035,0.008547401548994617,-0.15233053869257254,-0.02881748642799711,0.08825699885388939,-0.19019443118263138,0.488542537251893,0.20440047479831,-0.07710141770234656,-0.18127746030995256,0.13681597289305777,-1.5725025426804373,0.6633123639772528,5.885856702820608,-1.8591292309091503,-1.2654419454179298,0.0,4.304133613443632
782,9.496208620435588,-1.2764886373284348,-1.90646955596927,5.923238166997441,0.6130975675062883,-1.6208683791605472,0.15041819523499675,-0.16729874856639113,-0.050989098185136444,0.23519196197658188,0.4709764306333782,-0.20947926981125736,0.09780943160827177,-0.041219140339254,-0.14851142723736493,0.01582314627659573,-0.011647390437551466,-0.03324914611480317,0.06023709044451551,-0.015701973127522143,-0.006137036684594023,0.005768160011124288,0.0602370904445155,-0.033249146114803084,-0.011647390437551466,0.015823146276595743,-0.14851142723736485,-0.04121914033925395,0.09780943160827167,-0.20947926981125745,0.470976430633378,0.23519196197658188,-0.050989098185136424,-0.16729874856639101,0.1504181952349967,-1.6208683791605472,0.6130975675062882,5.92323816699744,-1.90646955596927,-1.2764886373284348,0.0,4.185071545255125
783,9.36317718682717,-1.2874612891905886,-1.953367564358094,5.957527665587468,0.5623138292545325,-1.6668841114474273,0.16370638179074962,-0.15284466027936347,-0.02468755528991704,0.26487888920727626,0.4506798309177357,-0.22729476187280512,0.10654548360399148,-0.05321707200558874,-0.14300554410709604,0.022892612094097948,-0.016517487603819724,-0.023756832199674977,0.06124763390135904,-0.018077552562496407,-0.00684114149443486,0.0054549486100791645,0.061247633901359025,-0.023756832199674897,-0.01651748760381973,0.022892612094097944,-0.1430055441070959,-0.05321707200558866,0.10654548360399138,-0.22729476187280515,0.4506798309177355,0.2648788892072763,-0.024687555289916997,-0.15284466027936341,0.16370638179074964,-1.6668841114474273,0.5623138292545325,5.957527665587469,-1.9533675643580934,-1.2874612891905883,0.0,4.06204715055882
784,9.226283416135765,-1.2983592645587148,-1.999812375350622,5.988707299268285,0.5110082754740009,-1.7104830211284074,0.17665279013124724,-0.1379562664944555,0.0017056044954419445,0.29332183424777025,0.4277704079538461,-0.2435159444908762,0.11439223810246102,-0.06469376728510298,-0.13587542433952762,0.02966363770321554,-0.02114262298880364,-0.013866840383928158,0.061108950104610475,-0.020075263463110643,-0.007386829751201093,0.005002500052484512,0.06110895010461046,-0.01386684038392808,-0.021142622988803653,0.02966363770321554,-0.1358754243395275,-0.06469376728510293,0.11439223810246094,-0.2435159444908763,0.42777040795384597,0.2933218342477701,0.001705604495442065,-0.13795626649445544,0.17665279013124718,-1.7104830211284079,0.5110082754740006,5.988707299268284,-1.9998123753506214,-1.2983592645587148,0.0,3.934791427759051
785,9.085476488136589,-1.3091819313185902,-2.045793213367388,6.016760792085484,0.459228516650657,-1.7516018939525488,0.18923039137534167,-0.12267587232892536,0.028092434687698457,0.3203872171167631,0.4023809794735391,-0.2580290377243085,0.12128420101701448,-0.07553681730307507,-0.12720205082121228,0.036047952430184556,-0.02545420375140279,-0.0037447243554182778,0.05982364126416272,-0.021653348401887856,-0.007761465251890563,0.004422363054038227,0.05982364126416272,-0.0037447243554181984,-0.02545420375140281,0.03604795243018457,-0.12720205082121222,-0.07553681730307496,0.12128420101701443,-0.2580290377243087,0.4023809794735391,0.32038721711676305,0.028092434687698457,-0.12267587232892531,0.18923039137534164,-1.751601893952549,0.45922851665065734,6.016760792085482,-2.045793213367388,-1.3091819313185906,0.0,3.8030403117562095
786,8.940705582604886,-1.3199286617241102,-2.091299410474489,6.041673499948797,0.4070226033228747,-1.7901811114852588,0.20141292661938848,-0.10704689676243347,0.05437501229308217,0.3459479274418099,0.37465874107875236,-0.27073224265171264,0.1271638475689026,-0.08564001944443267,-0.11708393449538233,0.041962326968987954,-0.029388287206803945,0.006440076550752991,0.057415824425110215,-0.02277882124086219,-0.007956372768147466,0.0037293455683704464,0.057415824425110215,0.00644007655075306,-0.02938828720680397,0.041962326968987954,-0.11708393449538225,-0.08564001944443261,0.1271638475689025,-0.2707322426517128,0.3746587410787524,0.3459479274418099,0.05437501229308231,-0.1070468967624334,0.2014129266193885,-1.7901811114852595,0.4070226033228748,6.041673499948799,-2.091299410474489,-1.3199286617241102,0.0,3.666538595507034
787,8.791919879315865,-1.3305988324336986,-2.136320408858626,6.06343241827641,0.35443898149153563,-1.826164737549325,0.21317496175930803,-0.0911137492627515,0.08045580120496863,0.3698839214228614,0.34476441287276616,-0.281536455417763,0.131982102426291,-0.09490441755880882,-0.10563599548866276,0.04732965840264229,-0.032886529125299074,0.016517073684897694,0.05393067894470865,-0.023428156628874798,-0.007967038933756691,0.0029411368151312277,0.05393067894470866,0.016517073684897774,-0.03288652912529911,0.04732965840264229,-0.10563599548866266,-0.09490441755880873,0.131982102426291,-0.28153645541776307,0.3447644128727661,0.36988392142286153,0.08045580120496887,-0.09111374926275143,0.2131749617593081,-1.826164737549326,0.3544389814915358,6.06343241827641,-2.1363204088586265,-1.3305988324336981,0.0,3.5250437108354085
788,8.639068558044746,-1.3411918245464636,-2.1808457632766127,6.0820261887834075,0.3015264476631524,-1.8595005993270233,0.22449194059066938,-0.07492170359701675,0.10623801416579287,0.39208278560822174,0.31287130768293314,-0.2903658922327218,0.13569874931871156,-0.10323927118985714,-0.09298825786461268,0.05207997535763433,-0.03589704900349252,0.026317582980421268,0.049433598764138866,-0.023587781743469323,-0.007793216758184318,0.0020778557639779013,0.04943359876413889,0.026317582980421337,-0.03589704900349256,0.052079975357634346,-0.09298825786461255,-0.10323927118985705,0.13569874931871154,-0.2903658922327219,0.31287130768293314,0.39208278560822174,0.10623801416579286,-0.0749217035970167,0.22449194059066932,-1.859500599327024,0.3015264476631521,6.0820261887834075,-2.1808457632766127,-1.3411918245464642,0.0,3.3783293170168873
789,8.482100798566764,-1.3517070236380977,-2.2248651434787505,6.097445105410893,0.24833410356772356,-1.890140363005716,0.23534023607593887,-0.058516769187093795,0.13162597194994302,0.4124402648351941,0.27916432627689847,-0.2971586209412738,0.13828276670805872,-0.1105629443356783,-0.07928437282889825,0.05615135018778229,-0.03837519947553525,0.03567754864365225,0.0440089653815241,-0.023254359998684224,-0.007438931346001642,0.0011615375993746441,0.04400896538152413,0.03567754864365231,-0.038375199475535304,0.05615135018778231,-0.07928437282889816,-0.1105629443356782,0.13828276670805867,-0.29715862094127393,0.27916432627689847,0.41244026483519414,0.13162597194994302,-0.05851676918709376,0.23534023607593885,-1.8901403630057168,0.24833410356772329,6.097445105410894,-2.224865143478751,-1.3517070236380981,0.0,3.226188650547817
790,8.320965780657131,-1.362143819796513,-2.2683683366055343,6.109681119392591,0.1949113105933501,-1.9180396038572596,0.245697199671859,-0.041945560374586605,0.15652545843468574,0.4308607518559848,0.24383888539755613,-0.3018669954320974,0.13971258671440487,-0.11680370503536355,-0.0646799871593233,0.059490706295809874,-0.04028422845367142,0.04444028936861809,0.03775856454966726,-0.022434860788500793,-0.006912386689751167,0.0002155712741519708,0.03775856454966727,0.044440289368618144,-0.04028422845367147,0.059490706295809874,-0.06467998715932324,-0.1168037050353635,0.1397125867144048,-0.30186699543209755,0.24383888539755588,0.4308607518559848,0.15652545843468585,-0.041945560374586514,0.24569719967185896,-1.9180396038572598,0.19491131059334996,6.109681119392589,-2.268368336605535,-1.3621438197965132,0.0,3.0684375949162526
791,8.155612684091084,-1.3725016076572212,-2.311345249557124,6.1187278434563535,0.14130764397989823,-1.9431578706496129,0.25554120861397467,-0.025255163966980926,0.18084407024143564,0.44725773634937777,0.2070997848314776,-0.30445798984110173,0.13997627513547173,-0.12190042795007859,-0.049340975391856966,0.06205451006796192,-0.04159582417825424,0.052459121106457354,0.030799676406988264,-0.02114641380812479,-0.0062257756946009725,-0.0007358974917703698,0.03079967640698829,0.052459121106457396,-0.041595824178254304,0.06205451006796193,-0.049340975391856896,-0.12190042795007852,0.1399762751354717,-0.3044579898411018,0.20709978483147748,0.44725773634937777,0.18084407024143562,-0.025255163966980822,0.2555412086139746,-1.9431578706496124,0.14130764397989823,6.118727843456353,-2.3113452495571254,-1.3725016076572212,0.0,2.9049174349998337
792,7.985990688643843,-1.3827797864384421,-2.3537859113350206,6.1245805551583645,0.08757284681420432,-1.9654587442972562,0.2648517110595878,-0.008493005441282996,0.2044915596498298,0.4615542112094318,0.16916002007900133,-0.30491343020413464,0.13907163105719925,-0.12580319305723336,-0.03344155584123831,0.06380933840123591,-0.042290535093894355,0.059599812485574916,0.023262874877716482,-0.019415950998171047,-0.00539499783394206,-0.0016685825290840251,0.02326287487771652,0.059599812485574916,-0.04229053509389443,0.06380933840123591,-0.03344155584123823,-0.1258031930572333,0.13907163105719925,-0.30491343020413464,0.16916002007900133,0.46155421120943185,0.2044915596498298,-0.008493005441282927,0.26485171105958777,-1.9654587442972562,0.08757284681420391,6.1245805551583645,-2.3537859113350215,-1.382779786438442,0.0,2.7354972668060897
793,7.812048974090633,-1.3929777599759552,-2.395680475355422,6.127236199348269,0.033756783869528066,-1.9849098906653864,0.2736092689948949,0.008293285814664894,0.2273801695120354,0.4736830342030994,0.1302395475095449,-0.30323012193428284,0.13700620522399715,-0.1284737745938087,-0.0171623118541282,0.06473231442464357,-0.04235805832478798,0.06574283177999209,0.015289577632554199,-0.017279643596062415,-0.004439290974022824,-0.002558677121752869,0.015289577632554213,0.0657428317799921,-0.04235805832478805,0.06473231442464356,-0.01716231185412812,-0.1284737745938086,0.13700620522399715,-0.30323012193428295,0.130239547509545,0.4736830342030993,0.22738016951203546,0.00829328581466503,0.27360926899489496,-1.984909890665387,0.03375678386952793,6.127236199348268,-2.395680475355423,-1.3929777599759559,0.0,2.560076039527062
794,7.633736720206667,-1.4030949367576773,-2.4370192217337188,6.12669338976399,-0.02009060466791859,-2.0014831074513175,0.2817955988167257,0.025056011840278874,0.24942495892440428,0.48358724329827063,0.0905640091611713,-0.2994198722296041,0.1337972370153501,-0.12988601545986703,-0.0006881407691332223,0.0648114057342098,-0.04179739247100587,0.07078534781272658,0.007029392581414904,-0.014782146061753395,-0.0033807858932552106,-0.0033834616716647706,0.007029392581414943,0.07078534781272658,-0.04179739247100595,0.0648114057342098,-0.0006881407691331621,-0.12988601545986697,0.13379723701535012,-0.29941987222960414,0.09056400916117134,0.4835872432982706,0.24942495892440422,0.025056011840278978,0.28179559881672567,-2.001483107451317,-0.020090604667918864,6.12669338976399,-2.437019221733719,-1.403094936757678,0.0,2.3785842131899257
795,7.451003106767175,-1.4131307299579707,-2.477792559539575,6.122952409755363,-0.0739193495424275,-2.0151543650751247,0.28939360950415965,0.04174754163517531,0.2705441184478879,0.49122032418133116,0.05036342457740499,-0.29350940725411606,0.12947151055480963,-0.13002608341514027,0.015793846120876993,0.06404558125375995,-0.04061685245970535,0.07464295130004563,-0.001362689312364382,-0.011975662681725487,-0.0022439938119441357,-0.004121883614679431,-0.0013626893123643432,0.07464295130004563,-0.040616852459705415,0.06404558125375993,0.01579384612087705,-0.13002608341514021,0.12947151055480963,-0.2935094072541161,0.050363424577405023,0.49122032418133116,0.2705441184478879,0.04174754163517538,0.28939360950415965,-2.015154365075125,-0.07391934954242776,6.122952409755363,-2.4777925595395756,-1.413130729957971,0.0,2.1909850214404294
796,7.263797313547386,-1.4230845574716826,-2.5179910290221126,6.116015212136224,-0.12767949879921947,-2.0259038415202384,0.29638743830032777,0.058320446501847256,0.29065927370741423,0.4965464287078581,0.009870857265391867,-0.28554018467295855,0.12406513115238059,-0.12889260655936854,0.03209644875223087,0.06244482467657419,-0.038833946231015194,0.07725106782212082,-0.009729202223373333,-0.008918856361692875,-0.0010552387994324562,-0.004755094785758384,-0.009729202223373295,0.07725106782212077,-0.03883394623101527,0.06244482467657418,0.03209644875223094,-0.12889260655936846,0.12406513115238062,-0.2855401846729586,0.009870857265391901,0.49654642870785815,0.29065927370741435,0.05832044650184738,0.29638743830032765,-2.0259038415202393,-0.1276794987992199,6.116015212136223,-2.5179910290221135,-1.4230845574716826,0.0,1.997275335097915
797,7.072068520322521,-1.4329558419479074,-2.5576053038046505,6.105885418165029,-0.18132116413882213,-2.0337159510734746,0.3027624838299042,0.0747276348134999,0.3096957762435507,0.49954054326051883,-0.030678936493366418,-0.27556810285665984,0.1176232239462588,-0.12649668676942297,0.04803450448216155,0.06003000431267784,-0.03647511508739729,0.07856603876763768,-0.017913160092846853,-0.005675622417129258,0.00015795179790270076,-0.005266932516972271,-0.017913160092846825,0.07856603876763765,-0.03647511508739736,0.060030004312677826,0.04803450448216161,-0.12649668676942286,0.11762322394625885,-0.2755681028566599,-0.030678936493366386,0.4995405432605189,0.3096957762435507,0.07472763481349999,0.3027624838299041,-2.0337159510734746,-0.18132116413882213,6.105885418165027,-2.5576053038046513,-1.4329558419479067,0.0,1.7974861279771792
798,6.875765906867798,-1.442744010823475,-2.5966261930484973,6.092568315654538,-0.2347945672123718,-2.0385793669228254,0.3085054365831471,0.09092248582410609,0.32758298053708657,0.5001886062234929,-0.07105086864616351,-0.2636631087942304,0.11019955725925011,-0.1228617909616023,0.06342699113977694,0.0568326010385061,-0.033575341557220896,0.07856585215786975,-0.025761002255225266,-0.002313752992628458,0.0013674847922784626,-0.005644332188394642,-0.02576100225522523,0.07856585215786972,-0.033575341557220965,0.05683260103850609,0.06342699113977698,-0.12286179096160223,0.11019955725925011,-0.2636631087942304,-0.07105086864616361,0.500188606223493,0.32758298053708645,0.09092248582410613,0.3085054365831471,-2.0385793669228254,-0.2347945672123722,6.092568315654538,-2.5966261930484973,-1.442744010823475,0.0,1.5916825520035778
799,6.674838652958449,-1.452448496356163,-2.635044643585305,6.076070856211548,-0.28805008581488506,-2.040487037580256,0.31360430670284484,0.10685898214046141,0.34425450617848274,0.49848757402170923,-0.1110108822956878,-0.24990870746529176,0.1018560938135822,-0.11802352124413865,0.07809908305013874,0.052894297895535854,-0.030177630588109457,0.07725051111657448,-0.03312547479194219,0.0010964799727428845,0.002545351693013139,-0.005877660701551483,-0.033125474791942146,0.07725051111657442,-0.030177630588109527,0.05289429789553583,0.07809908305013878,-0.11802352124413863,0.10185609381358221,-0.24990870746529176,-0.11101088229568787,0.49848757402170923,0.3442545061784828,0.10685898214046152,0.31360430670284467,-2.0404870375802564,-0.28805008581488506,6.076070856211547,-2.6350446435853043,-1.4524484963561628,0.0,1.3799636337824004
800,6.469235938369696,-1.4620687356576256,-2.6728517420174764,6.056401651608101,-0.3410382999336317,-2.0394361971056885,0.31804844901615636,0.12249184047982319,0.3596484842092615,0.4944454354147491,-0.15032730864848315,-0.23440137611264258,0.09266247354996072,-0.11202926621116081,0.0918841366794215,0.04826643668809416,-0.02633237176419626,0.07464203381770293,-0.03986839354781611,0.004483793614338337,0.0036642772837489263,-0.005960962363541522,-0.039868393547816086,0.07464203381770287,-0.026332371764196325,0.04826643668809414,0.09188413667942147,-0.11202926621116074,0.09266247354996074,-0.23440137611264267,-0.15032730864848323,0.49444543541474917,0.35964848420926143,0.1224918404798233,0.31804844901615625,-2.0394361971056885,-0.341038299933632,6.056401651608099,-2.6728517420174764,-1.4620687356576256,0.0,1.162461609463642
801,6.258906942876761,-1.4716041707260417,-2.71003871678615,6.0335709692861,-0.39371003760887974,-2.03542836911735,0.32182858525908503,0.1377766403415867,0.37370778672115096,0.4880811739782848,-0.18877221011834042,-0.21724988752371963,0.08269543236759558,-0.10493773679352829,0.10462558334847627,0.04300934866442159,-0.02209659200589424,0.07078408491179894,-0.0458632369658594,0.007777384141836047,0.004698351219644179,-0.005892110905653456,-0.04586323696585938,0.07078408491179886,-0.02209659200589431,0.04300934866442157,0.10462558334847628,-0.10493773679352825,0.08269543236759559,-0.21724988752371968,-0.18877221011834028,0.4880811739782848,0.37370778672115096,0.1377766403415868,0.32182858525908503,-2.035428369117351,-0.39371003760887974,6.0335709692861,-2.71003871678615,-1.4716041707260412,0.0,0.9393409189213002
802,6.043800846254873,-1.4810542484784834,-2.7465969402062695,6.007590726997639,-0.4460164205644483,-2.028469364582671,0.3249368234471867,0.1526699502273808,0.3863802388609288,0.4794246789492597,-0.22612270179795724,-0.19857454706764666,0.0720381616367696,-0.09681839121266095,0.11617870751762736,0.037191568006586635,-0.01753310983497922,0.06574124460083126,-0.0509975200895409,0.010908406825225954,0.005623628018986216,-0.005672863756216291,-0.050997520089540886,0.06574124460083118,-0.01753310983497928,0.03719156800658663,0.11617870751762739,-0.0968183912126609,0.07203816163676963,-0.1985745470676467,-0.22612270179795718,0.4794246789492598,0.386380238860929,0.15266995022738095,0.3249368234471867,-2.0284693645826724,-0.4460164205644484,6.0075907269976385,-2.74659694020627,-1.4810542484784828,0.0,0.7107968839070999
803,5.823866828279245,-1.4904184207829945,-2.7825179304682828,5.978474486583863,-0.4979089095657308,-2.01856927339294,0.32736667435207023,0.16712945105093055,0.3976188124542032,0.46851660485351354,-0.26216224363761553,-0.17850634883950925,0.06077961382987164,-0.08775075466967236,0.1264122904451962,0.03088893838261306,-0.012709603747615945,0.05959792759679374,-0.055174905187628444,0.013811415031268832,0.006418681555548753,-0.005308817182372276,-0.05517490518762845,0.05959792759679368,-0.012709603747615998,0.030888938382613043,0.12641229044519614,-0.0877507546696723,0.06077961382987172,-0.17850634883950933,-0.26216224363761553,0.4685166048535135,0.39761881245420316,0.16712945105093058,0.3273666743520703,-2.0185692733929406,-0.4979089095657309,5.9784744865838615,-2.782517930468283,-1.4904184207829947,0.0,0.477054097918574
804,5.5990540687251045,-1.499696144490384,-2.8177933536059907,5.946237446895611,-0.5493393494630959,-2.0057424497339236,0.32911306504929294,0.18111405638701947,0.4073818005295815,0.4554081805751038,-0.29668189583944793,-0.15718605683089745,0.049013760066546376,-0.07782364043313476,0.1352101005513122,0.024183624208279086,-0.007697608511775016,0.052456970060183974,-0.05831700939865181,0.016425728230769144,0.007065101211619163,-0.004809263445775345,-0.05831700939865181,0.05245697006018389,-0.007697608511775059,0.024183624208279065,0.13521010055131216,-0.07782364043313478,0.04901376006654645,-0.15718605683089754,-0.2966818958394479,0.45540818057510396,0.4073818005295814,0.1811140563870196,0.3291130650492929,-2.0057424497339236,-0.5493393494630961,5.94623744689561,-2.8177933536059916,-1.4996961444903847,0.0,0.2383645580278686
805,5.36931174736768,-1.5088868814657324,-2.852415025430091,5.91089643585952,-0.6002600138788634,-1.9900074912736707,0.33017234950936514,0.19458402921786747,0.4156329720955608,0.44016096876401267,-0.3294815301891281,-0.13476321757164295,0.03683880576996899,-0.06713427995455819,0.14247221355967146,0.017163039508303567,-0.002571454274401805,0.04443790817232852,-0.06036487547703395,0.018696700381701105,0.007547918202552715,-0.0041869536183052475,-0.06036487547703392,0.04443790817232843,-0.0025714542744018263,0.017163039508303547,0.14247221355967143,-0.06713427995455817,0.03683880576996908,-0.134763217571643,-0.329481530189128,0.44016096876401267,0.41563297209556094,0.19458402921786755,0.3301723495093651,-1.9900074912736712,-0.600260013878864,5.910896435859518,-2.8524150254300924,-1.5088868814657324,0.0,-0.0049944291511034855
806,5.134589043982194,-1.5179900986196,-2.8863749134269865,5.872469901693754,-0.6506236494963874,-1.9713872121976719,0.33054231620975366,0.207501094845189,0.42234170659575165,0.4228465767121613,-0.3603709903022707,-0.11139511116836151,0.024356370980884907,-0.0557873705316948,0.14811614742325946,0.009918708340851227,0.002592835788143954,0.035674977157422696,-0.06128007804437127,0.020576862175634935,0.00785595220069038,-0.0034577721119085315,-0.061280078044371286,0.0356749771574226,0.002592835788143925,0.009918708340851196,0.14811614742325938,-0.05578737053169482,0.024356370980885018,-0.11139511116836152,-0.3603709903022707,0.4228465767121613,0.42234170659575165,0.20750109484518908,0.33054231620975366,-1.9713872121976717,-0.6506236494963874,5.872469901693752,-2.886374913426987,-1.5179900986196,0.0,-0.25272253381592935
807,4.89483513834387,-1.5270052679389545,-2.919665138622384,5.830977903277915,-0.7003835199101524,-1.9499086101304712,0.3302221927519897,0.21982854964709653,0.42748310754346364,0.4035463200555791,-0.3891711940589923,-0.08724564809751102,0.011670642171043428,-0.04389404984736442,0.15207779914371355,0.0025450716414664497,0.0077186729280373035,0.026314864249689613,-0.06104544458858544,0.022026913271499696,0.007982070232060719,-0.002640331230167967,-0.06104544458858544,0.026314864249689533,0.007718672928037301,0.002545071641466424,0.15207779914371347,-0.043894049847364405,0.011670642171043522,-0.08724564809751101,-0.3891711940589922,0.40354632005557917,0.4274831075434636,0.21982854964709672,0.33022219275198955,-1.9499086101304708,-0.700383519910153,5.830977903277913,-2.9196651386223857,-1.5270052679389545,0.0,-0.5044988472954528
808,4.649999210227932,-1.535931866517791,-2.9522779774092927,5.786442099682197,-0.7494934489961854,-1.925602826991691,0.3292126474742461,0.23153136537081656,0.4310380949139536,0.3823508408821233,-0.4157151718352548,-0.06248421949116815,-0.0011124973644613572,-0.03157080742771278,0.15431217284406437,-0.004861743958950278,0.012730038671616975,0.016514253219903734,-0.059665377682393446,0.02301654377638002,0.007923351850737202,-0.001755496090641319,-0.059665377682393446,0.016514253219903633,0.012730038671616968,-0.004861743958950307,0.15431217284406426,-0.03157080742771275,-0.001112497364461271,-0.062484219491168135,-0.4157151718352547,0.3823508408821233,0.4310380949139536,0.2315313653708167,0.329212647474246,-1.925602826991691,-0.7494934489961864,5.786442099682195,-2.952277977409292,-1.5359318665177912,0.0,-0.7599844496954857
809,4.400030439409601,-1.5447693765874666,-2.984205863339955,5.738885738861217,-0.797907863762536,-1.8985051038432268,0.3275157880560126,0.24257628866487332,0.43299347595145665,0.35935968203827556,-0.4398490345118281,-0.03728450897994447,-0.013886351277634245,-0.018938343681662414,0.1547938908255088,-0.012205179291782942,0.017552612207591363,0.006437201564718901,-0.05716577237511145,0.0235250678022308,0.007681156765999182,-0.0008258520442914121,-0.05716577237511148,0.006437201564718823,0.017552612207591366,-0.012205179291782976,0.15479389082550873,-0.018938343681662407,-0.013886351277634167,-0.03728450897994443,-0.43984903451182794,0.3593596820382757,0.43299347595145654,0.2425762886648734,0.3275157880560126,-1.8985051038432266,-0.7979078637625362,5.738885738861217,-2.9842058633399553,-1.5447693765874666,0.0,-1.0188250664390477
810,4.144878005664104,-1.553517285546729,-3.0154413888813307,5.688333645518452,-0.8455818366400643,-1.8686547297930765,0.3251351571177856,0.25293193556791976,0.4333419941282367,0.33468081963424756,-0.461432865648824,-0.011823274427109244,-0.026544300724288105,-0.006120387696731269,0.1535174818037047,-0.01938950144713115,0.02211487259814704,-0.003747605736614371,-0.053593530307821304,0.02354185585550357,0.007261093356291551,0.00012487181391323754,-0.05359353030782134,-0.003747605736614453,0.022114872598147057,-0.01938950144713115,0.15351748180370467,-0.006120387696731303,-0.026544300724287994,-0.011823274427109244,-0.46143286564882385,0.33468081963424756,0.4333419941282366,0.2529319355679198,0.32513515711778557,-1.8686547297930762,-0.8455818366400645,5.688333645518451,-3.0154413888813316,-1.553517285546729,0.0,-1.2806537799367461
811,3.8844910887666657,-1.562175085991452,-3.045977307133704,5.634812208147581,-0.8924711271742927,-1.8360949850298882,0.32207572482495694,0.2625688806857297,0.4320823560739647,0.30843015594294937,-0.48034153265340807,0.013720891900821193,-0.03898069427385574,0.006757514629641728,0.15049744305084067,-0.026321051798695212,0.02634915946667229,-0.013869679927356262,-0.04901567966885709,0.023066557021600643,0.006672888799087945,0.0010724083283782317,-0.049015679668857115,-0.013869679927356344,0.026349159466672312,-0.026321051798695226,0.15049744305084062,0.006757514629641693,-0.0389806942738556,0.01372089190082121,-0.4803415326534079,0.30843015594294937,0.43208235607396456,0.26256888068572976,0.32207572482495694,-1.836094985029888,-0.8924711271742928,5.634812208147579,-3.045977307133704,-1.562175085991452,0.0,-1.5450937637076385
812,3.618818868492504,-1.5707422757440646,-3.0758065335120244,5.578349365257548,-0.9385322230796224,-1.8008730780708258,0.31834387851134566,0.27145974080295376,0.4292192363754872,0.28073097507437805,-0.4964654122379297,0.03916881603051459,-0.05109172974454264,0.019569230253577014,0.14576807573767964,-0.032909466987202436,0.030192676431619186,-0.023759582372749093,-0.0435181175024319,0.022109106299915807,0.005930163823988943,0.0019925717002204886,-0.04351811750243194,-0.02375958237274916,0.030192676431619218,-0.03290946698720245,0.14576807573767955,0.019569230253576944,-0.05109172974454253,0.039168816030514635,-0.4964654122379297,0.28073097507437805,0.429219236375487,0.27145974080295376,0.31834387851134566,-1.8008730780708249,-0.9385322230796225,5.578349365257547,-3.075806533512025,-1.5707422757440643,0.0,-1.8117610077284552
813,3.347810524616854,-1.5792183578826784,-3.1049221473895874,5.518974590788493,-0.9837223806178328,-1.7630400773137325,0.313947409344032,0.2795792526920592,0.42476326022917493,0.25171336398180777,-0.5097110259626183,0.06434199905850944,-0.06277632060345344,0.032189274399059636,0.13938309534573842,-0.039068856944988205,0.033588422405127834,-0.0332517608809539,-0.037203997969245985,0.020689516936140063,0.0050501173049738775,0.00286187482798141,-0.037203997969246026,-0.03325176088095397,0.03358842240512787,-0.039068856944988205,0.13938309534573834,0.032189274399059574,-0.06277632060345331,0.0643419990585095,-0.5097110259626183,0.25171336398180777,0.42476326022917477,0.27957925269205924,0.31394740934403187,-1.7630400773137325,-0.9837223806178329,5.518974590788491,-3.1049221473895874,-1.579218357882678,0.0,-2.0802670055730834
814,3.0714152369149303,-1.5876028407699125,-3.1333173937036802,5.456718878726171,-1.0279996642633786,-1.722650836992836,0.30889549605733885,0.2869043448983607,0.4187309640102287,0.22151360151897942,-0.5200015821782741,0.08906386919277134,-0.07393693970015681,0.04449403962276363,0.13141502157448584,-0.04471892460437984,0.03648603694483485,-0.042187320966808974,-0.030191796801140088,0.01883746209263476,0.004053127995530177,0.0036581288141404244,-0.030191796801140123,-0.04218732096680902,0.03648603694483489,-0.044718924604379845,0.13141502157448576,0.04449403962276355,-0.07393693970015668,0.0890638691927714,-0.5200015821782741,0.22151360151897936,0.41873096401022863,0.2869043448983608,0.3088954960573387,-1.722650836992836,-1.0279996642633789,5.456718878726169,-3.13331739370368,-1.5876028407699116,0.0,-2.350221375966961
815,2.7895821851619598,-1.5958952380814069,-3.1609856845228075,5.391614726922913,-1.0713229856186837,-1.679763917645351,0.3031986857899171,0.29341420329716544,0.4111447339052714,0.19027351841753226,-0.5272774212270355,0.1131610202769477,-0.084480433291343,0.056363006491278504,0.12195435467290729,-0.04978601269277231,0.03884254712191796,-0.050416685668793225,-0.02261308826762858,0.016591654601065063,0.0029622826290608482,0.004361009335069782,-0.022613088267628634,-0.05041668566879327,0.038842547121918015,-0.049786012692772316,0.12195435467290722,0.056363006491278414,-0.08448043329134289,0.1131610202769478,-0.5272774212270356,0.1902735184175324,0.41114473390527123,0.2934142032971655,0.3031986857899171,-1.6797639176453507,-1.0713229856186839,5.391614726922912,-3.1609856845228066,-1.5958952380814064,0.0,-2.6212343936747464
816,2.5022605491331618,-1.6040950688340334,-3.1879206005751493,5.323696120133556,-1.1136521415433234,-1.6344415012043019,0.2968688720649422,0.2990903302367541,0.40203272283596464,0.15813983119049177,-0.5314963613201629,0.13646442810996218,-0.09431879856219763,0.0676799240127198,0.11110854755054393,-0.05420406396782093,0.04062300482898705,-0.05780209939514238,-0.014610076366465443,0.01399903776209958,0.0018028413120896424,0.0049525754178797576,-0.014610076366465477,-0.057802099395142435,0.040623004828987105,-0.05420406396782094,0.11110854755054383,0.06767992401271974,-0.09431879856219749,0.13646442810996226,-0.5314963613201626,0.15813983119049171,0.4020327228359644,0.29909033023675397,0.2968688720649422,-1.6344415012043019,-1.1136521415433231,5.323696120133555,-3.1879206005751506,-1.6040950688340334,0.0,-2.892919407117284
817,2.2093995086037648,-1.6122018574137948,-3.214115892737886,5.252998512275193,-1.1549478514616955,-1.5867493008406621,0.28991926995939654,0.3039165970991424,0.3914287459819521,0.12526345309008258,-0.5326339430876063,0.1588106360293416,-0.10336991815479563,0.07833394826094663,0.09900078534262405,-0.057915482374616814,0.0418010050762588,-0.06421993388594331,-0.006332926562041509,0.011113804106597257,0.0006016525898595242,0.005417727382413988,-0.0063329265620415305,-0.06421993388594334,0.04180100507625884,-0.0579154823746168,0.09900078534262396,0.07833394826094656,-0.1033699181547955,0.15881063602934167,-0.5326339430876063,0.12526345309008258,0.391428745981952,0.3039165970991425,0.2899192699593965,-1.586749300840662,-1.1549478514616955,5.252998512275191,-3.2141158927378863,-1.6122018574137942,0.0,-3.16489512272934
818,1.910948243348992,-1.6202151336034063,-3.2395654834870413,5.179558807920016,-1.1951717938145814,-1.536756465685539,0.2823643885142739,0.30787929012927556,0.3793721552908474,0.0917987853558962,-0.5306835713815806,0.18004290144225968,-0.11155824557266676,0.08822072804009354,0.08576858629081165,-0.06087188389834443,0.04235907758944896,-0.06956275769051404,0.00206305186214295,0.007996262628760801,-0.000613468270671123,0.005744592259459618,0.002063051862142907,-0.06956275769051405,0.04235907758944903,-0.06087188389834444,0.08576858629081156,0.08822072804009347,-0.11155824557266666,0.18004290144225982,-0.5306835713815806,0.0917987853558962,0.3793721552908473,0.3078792901292755,0.28236438851427403,-1.5367564656855388,-1.1951717938145814,5.179558807920015,-3.2395654834870418,-1.6202151336034063,0.0,-3.4367877387796666
819,1.6068559331440735,-1.6281344326095764,-3.264263468307525,5.103415343030924,-1.2342866416207543,-1.4845354805705462,0.2742200004433107,0.31096714940242803,0.36590769344096885,0.05790299208200915,-0.5256565535120356,0.20001229526220662,-0.11881543574070264,0.09724342695583893,0.07156223983057013,-0.06303472732390858,0.04228894590180936,-0.07374113451801749,0.010420319967666495,0.004711578169072032,-0.0018143833836756554,0.005924826847401212,0.010420319967666465,-0.0737411345180175,0.042288945901809434,-0.06303472732390858,0.07156223983057006,0.09724342695583886,-0.11881543574070251,0.20001229526220665,-0.5256565535120354,0.057902992082009136,0.3659076934409686,0.31096714940242803,0.27422000044331063,-1.4845354805705457,-1.234286641620754,5.103415343030923,-3.2642634683075262,-1.6281344326095766,0.0,-3.708232914137872
820,1.2970717577642201,-1.6359592950899624,-3.2882041170630223,5.0246078649499,-1.2722560971156405,-1.4301620609317238,0.2655031092034811,0.3131714008190889,0.3510853277987733,0.023735262108580416,-0.5175820336923521,0.21857874653952497,-0.1250809154573446,0.10531367188269934,0.05654309962512265,-0.06437581667961433,0.04159165009785771,-0.0766851203577881,0.018582065161769842,0.0013284092972309432,-0.00297328381801413,0.005953830671819905,0.018582065161769808,-0.0766851203577881,0.04159165009785777,-0.06437581667961433,0.056543099625122606,0.10531367188269927,-0.12508091545734454,0.21857874653952505,-0.517582033692352,0.02373526210858038,0.35108532779877316,0.313171400819089,0.2655031092034809,-1.4301620609317234,-1.2722560971156407,5.024607864949898,-3.2882041170630227,-1.6359592950899622,0.0,-3.9788775602502646
821,0.9815448969846567,-1.6436892671798138,-3.311381875325438,4.943177511649677,-1.3090449254348884,-1.3737150430293976,0.2562319134960085,0.3144857810364159,0.33496006498718045,-0.01054393859560829,-0.5065068240753184,0.2356120249584813,-0.1303023889776901,0.11235241853755469,0.04088175093348654,-0.06487766881477817,0.04027753138845581,-0.07834543430829946,0.026395143569065978,-0.002082526833061722,-0.004063333553365386,0.005830863412259951,0.026395143569065953,-0.07834543430829946,0.0402775313884559,-0.06487766881477817,0.040881750933486505,0.1123524185375546,-0.13030238897768998,0.23561202495848133,-0.5065068240753184,-0.01054393859560829,0.33496006498718045,0.31448578103641595,0.2562319134960085,-1.3737150430293972,-1.3090449254348884,4.943177511649675,-3.3113818753254387,-1.6436892671798138,0.0,-4.248381447343982
822,0.6602245305806189,-1.6513239005182991,-3.3337913656635654,4.8591667902594695,-1.3446189873115915,-1.3152762696431384,0.24642576927200188,0.3149065552654169,0.3175917467529384,-0.04477362054854142,-0.4924951333589532,0.2509926543093602,-0.13443627450759318,0.11829072568151572,0.024756073127355473,-0.06453374131933436,0.03836607874599434,-0.07869428351566192,0.03371295356483623,-0.005449932659157851,-0.005059290907198128,0.005559063798853136,0.0337129535648362,-0.07869428351566186,0.0383660787459944,-0.06453374131933436,0.024756073127355376,0.11829072568151566,-0.13443627450759313,0.25099265430936024,-0.4924951333589531,-0.044773620548541525,0.3175917467529382,0.31490655526541694,0.24642576927200183,-1.3152762696431377,-1.3446189873115915,4.859166790259469,-3.333791365663566,-1.6513239005182991,0.0,-4.516418618583083
823,0.33305983832732444,-1.6588627522745107,-3.3554273888906976,4.772619554876,-1.3789452707568155,-1.2549304714075535,0.23610514932204368,0.3144325278832898,0.2990448278905736,-0.0787930268289971,-0.4756281945355925,0.26461275052823224,-0.13744806796549824,0.12307043036718805,0.008349219362486705,-0.06334851781415529,0.03588563987415371,-0.07772582841257748,0.04039818655202859,-0.008703420516593261,-0.0059380930425381685,0.005145369496466201,0.04039818655202857,-0.07772582841257743,0.03588563987415378,-0.06334851781415529,0.008349219362486645,0.12307043036718796,-0.13744806796549822,0.26461275052823235,-0.47562819453559246,-0.07879302682899707,0.2990448278905735,0.3144325278832898,0.23610514932204363,-1.2549304714075527,-1.378945270756816,4.772619554875997,-3.3554273888906976,-1.6588627522745107,0.0,-4.782678608523469
824,0.0,-1.666305385173151,-3.376284925270882,4.683580983671385,-1.4119919216940375,-1.1927651439609688,0.22529160053409417,0.313065045830764,0.2793881370470659,-0.11244238805837055,-0.45600379394236784,0.2763767784261477,-0.13931263097581437,0.12664471761760013,-0.008152463648800973,-0.06133744950019671,0.0328730007986896,-0.07545628046987701,0.04632540336742794,-0.011774983926946888,-0.006679390021406822,0.004600340021322389,0.046325403367427936,-0.07545628046987699,0.03287300079868967,-0.06133744950019673,-0.008152463648801064,0.1266447176176001,-0.13931263097581434,0.2763767784261478,-0.4560037939423677,-0.11244238805837055,0.2793881370470658,0.313065045830764,0.2252916005340942,-1.192765143960968,-1.4119919216940373,4.6835809836713835,-3.3762849252708826,-1.6663053851731509,0.0,-5.046867464729616
