,raw_series,harmonic_1,harmonic_2,harmonic_3,harmonic_4,harmonic_5,harmonic_6,harmonic_7,harmonic_8,harmonic_9,harmonic_10,harmonic_11,harmonic_12,harmonic_13,harmonic_14,harmonic_15,harmonic_16,harmonic_17,harmonic_18,harmonic_19,harmonic_20,harmonic_21,harmonic_807,harmonic_808,harmonic_809,harmonic_810,harmonic_811,harmonic_812,harmonic_813,harmonic_814,harmonic_815,harmonic_816,harmonic_817,harmonic_818,harmonic_819,harmonic_820,harmonic_821,harmonic_822,harmonic_823,harmonic_824,harmonic_825,all_20_harmonics
0,0.0,0.10043283874295861,-0.18502850695004175,0.30183119560493604,-0.025500764213760727,-0.10305667009783613,-0.1653943188125971,0.25010955984843886,-0.08583544179452485,-0.016262837382627335,-0.03399578066560258,0.003212226191659129,0.0067369306623868185,0.00178014506213847,-0.0007570607958624927,-0.007361195486625091,-0.0052190663992696135,-0.003566104503711086,0.0016926510824484952,-0.002040097021274649,-0.0012201797175958712,0.0010034094746634106,0.0016926510824484874,-0.0035661045037110864,-0.005219066399269616,-0.007361195486625093,-0.0007570607958624841,0.0017801450621384668,0.0067369306623868185,0.00321222619165914,-0.03399578066560258,-0.016262837382627342,-0.08583544179452485,0.2501095598484389,-0.1653943188125971,-0.10305667009783613,-0.025500764213760706,0.301831195604936,-0.18502850695004175,0.10043283874295866,0.0,0.06537873292080829
1,-0.04866617903098813,0.0966598385250676,-0.1956473744885099,0.2938052960873508,-0.02887490716878525,-0.10624651309436997,-0.15635954120090376,0.24846860261307882,-0.09394779492444379,-0.014396143885601268,-0.03457455720942028,0.005313610726668952,0.006878156252564165,0.0012026432852479624,-0.0017033077294445515,-0.007838143927806991,-0.005027346666276276,-0.002995435181579069,0.0016311739562496878,-0.0018705302245353309,-0.0012438636955451527,0.0009072087630779689,0.0016311739562496807,-0.0029954351815790706,-0.005027346666276279,-0.007838143927806991,-0.0017033077294445402,0.001202643285247958,0.006878156252564164,0.005313610726668964,-0.03457455720942028,-0.014396143885601278,-0.09394779492444383,0.24846860261307882,-0.15635954120090373,-0.10624651309436996,-0.02887490716878524,0.29380529608735073,-0.19564737448850986,0.09665983852506761,0.0,0.010489326781171218
2,-0.0969461551759423,0.09288123175580687,-0.2062208502213966,0.2856260284560562,-0.03222225481099912,-0.10928230880418426,-0.1469983237501204,0.24612162607702326,-0.1017115025645452,-0.01246184006804401,-0.034952887226286304,0.007377724100255233,0.006961972303320437,0.0006133621785857841,-0.002630208736013547,-0.00821291017599369,-0.004761069117709327,-0.0023746237207798514,0.0015390901037748766,-0.0016618644119321263,-0.0012387442056370314,0.0007878516154567429,0.0015390901037748714,-0.002374623720779854,-0.004761069117709334,-0.008212910175993692,-0.0026302087360135333,0.0006133621785857802,0.006961972303320437,0.007377724100255243,-0.034952887226286304,-0.012461840068044022,-0.10171150256454518,0.24612162607702326,-0.1469983237501204,-0.10928230880418424,-0.03222225481099909,0.28562602845605617,-0.2062208502213966,0.09288123175580691,0.0,-0.04352824544461163
3,-0.14483854313039002,0.08909723760534353,-0.2167464810150678,0.2772976623374506,-0.03553970087146663,-0.11215965561372469,-0.13733021035436982,0.2430752991341094,-0.10909775316416774,-0.01046901023073422,-0.03512857734211164,0.009390088040165674,0.0069876792317015235,1.807347560667936e-05,-0.003527236205724566,-0.008480608580008969,-0.004424182769555797,-0.0017140622054236188,0.0014181273513275278,-0.0014184612493767686,-0.001204939797085174,0.0006483846140934564,0.001418127351327524,-0.0017140622054236242,-0.004424182769555805,-0.008480608580008969,-0.0035272362057245476,1.80734756066764e-05,0.0069876792317015235,0.009390088040165686,-0.03512857734211163,-0.010469010230734235,-0.10909775316416774,0.2430752991341095,-0.1373302103543698,-0.11215965561372469,-0.0355397008714666,0.2772976623374506,-0.21674648101506774,0.08909723760534356,0.0,-0.09664163878566932
4,-0.1923419575895191,0.0853080755563284,-0.22722182483631004,0.2688245451882303,-0.038824166829297554,-0.11487438164519453,-0.1273753856301901,0.23933827787043963,-0.11607913593671139,-0.00842701353714896,-0.03510060899074882,0.0113365872592433,0.0069550624710613485,-0.0005773922486320976,-0.004384201828116877,-0.008637749281764535,-0.004021683798105532,-0.0010248081163415053,0.0012705553978809253,-0.0011454085050267787,-0.0011432332599964456,0.0004923676437992023,0.001270555397880923,-0.0010248081163415107,-0.00402168379810554,-0.008637749281764535,-0.004384201828116856,-0.000577392248632101,0.0069550624710613485,0.011336587259243313,-0.03510060899074882,-0.008427013537148977,-0.11607913593671142,0.23933827787043963,-0.12737538563019007,-0.11487438164519452,-0.038824166829297534,0.2688245451882303,-0.2272218248363099,0.08530807555632841,0.0,-0.14882677199197988
5,-0.2394550132485158,0.08151396539116537,-0.23764445131890255,0.26021110002599135,-0.042072604768450414,-0.11742255080537853,-0.11715463277607475,0.23492118096825987,-0.1226297425825902,-0.006345440058912559,-0.03486914431914486,0.013203568464024047,0.006864394261973841,-0.001167202685232661,-0.005191372309495564,-0.008682283711897278,-0.003559541444406351,-0.0003183992341953063,0.0010991432273118964,-0.0008484137015102244,-0.0010550534987306985,0.00032378302610806527,0.0010991432273118956,-0.00031839923419531275,-0.0035595414444063627,-0.008682283711897278,-0.005191372309495542,-0.001167202685232664,0.0068643942619738395,0.013203568464024056,-0.03486914431914486,-0.006345440058912574,-0.12262974258259016,0.23492118096825992,-0.11715463277607475,-0.11742255080537853,-0.04207260476845039,0.26021110002599124,-0.23764445131890247,0.08151396539116541,0.0,-0.20006771152604208
6,-0.28617632480279465,0.07771512717926353,-0.24801194232748236,0.2514618231203881,-0.04528200020613512,-0.11980046849260177,-0.10668929018232254,0.22983655953315527,-0.12872526343637253,-0.004234065736804091,-0.03443552524729178,0.014977936122780514,0.0067164313799370715,-0.0017455809162005291,-0.00593957992229742,-0.008613631296003788,-0.003044609487730528,0.0003933394974000595,0.0009071071522429423,-0.0005336848136472236,-0.0009424424435479675,0.00014693387081688775,0.0009071071522429434,0.00039333949740005196,-0.003044609487730541,-0.008613631296003788,-0.005939579922297398,-0.0017455809162005339,0.006716431379937071,0.014977936122780523,-0.03443552524729178,-0.0042340657368041025,-0.12872526343637256,0.22983655953315532,-0.10668929018232254,-0.1198004684926018,-0.045282000206135084,0.2514618231203881,-0.24801194232748236,0.0777151271792636,0.0,-0.2503564599185281
7,-0.33250450694742906,0.0739117812642724,-0.25832189251857135,0.24258128164605358,-0.04844937489019027,-0.12200468695354906,-0.09600120688178483,0.22409886143029736,-0.13434307768130083,-0.0021028064688455184,-0.033802265688424864,0.01664724432126793,0.006512408818835626,-0.0023068619966606133,-0.006620326630837137,-0.008432687023315568,-0.002484524600940976,0.0010984939157232796,0.0006980504643783197,-0.00020780050540052239,-0.000808007766751866,-3.366576057145346e-05,0.0006980504643783218,0.0010984939157232712,-0.002484524600940988,-0.008432687023315568,-0.006620326630837113,-0.002306861996660618,0.006512408818835623,0.01664724432126795,-0.033802265688424864,-0.0021028064688455293,-0.1343430776813009,0.2240988614302973,-0.09600120688178478,-0.12200468695354906,-0.04844937489019025,0.24258128164605358,-0.2583218925185713,0.07391178126427245,0.0,-0.29969265297990877
8,-0.3784381743779468,0.07010414825130132,-0.26857190989863594,0.233574111298507,-0.05157178956283913,-0.12403201028217727,-0.08511269693451844,0.21772439023108142,-0.13946233729640028,3.832845890802875e-05,-0.032973036974572024,0.0181997840618702,0.006254029482883112,-0.0028455484403487508,-0.007225880610788356,-0.008141809779145713,-0.0018875930951928247,0.001785260076278146,0.0004758958237121544,0.00012242738155482884,-0.0006548624982554665,-0.00021340607593133855,0.0004758958237121582,0.0017852600762781365,-0.0018875930951928405,-0.008141809779145715,-0.007225880610788332,-0.0028455484403487564,0.0062540294828831115,0.018199784061870207,-0.032973036974572024,3.832845890801368e-05,-0.13946233729640028,0.2177243902310814,-0.0851126969345184,-0.1240320102821773,-0.051571789562839095,0.23357411129850691,-0.26857190989863594,0.07010414825130142,0.0,-0.3480831715727867
9,-0.42397594178942066,0.06629244899412375,-0.2787596163790495,0.22444501387429355,-0.054646346688259725,-0.125879499053474,-0.07404649284157704,0.210731258886806,-0.14406404442464354,0.00217928338016728,-0.03195264657194994,0.01962466539380526,0.005943449973082514,-0.003356364064924288,-0.007749364066145055,-0.007744791593211395,-0.0012626677335975218,0.00244214184512517,0.00024481165523171475,0.0004500962132910774,-0.00048655293885880663,-0.0003876992171147025,0.00024481165523171985,0.002442141845125162,-0.0012626677335975376,-0.007744791593211396,-0.007749364066145028,-0.0033563640649242913,0.005943449973082513,0.019624665393805262,-0.03195264657194993,0.0021792833801672676,-0.14406404442464357,0.21073125888680608,-0.07404649284157701,-0.125879499053474,-0.054646346688259705,0.22444501387429355,-0.27875961637904956,0.06629244899412384,0.0,-0.3955416747710758
10,-0.46911642387715213,0.06247690458236722,-0.2888826483278282,0.21519875481661818,-0.05767019314143771,-0.12754447458534254,-0.06282569808520229,0.2031393382610308,-0.14813112187505428,0.004310003474028841,-0.03074701020960471,0.020911893798305395,0.005583262586839786,-0.003834305669714003,-0.00818483134625068,-0.007246808204727322,-0.0006190164407582451,0.0030581433386131117,9.133934180046139e-06,0.0007683568468849438,-0.000306976540510631,-0.0005520963646881936,9.133934180052193e-06,0.003058143338613102,-0.0006190164407582607,-0.007246808204727324,-0.008184831346250651,-0.0038343056697140066,0.005583262586839784,0.020911893798305402,-0.030747010209604707,0.004310003474028828,-0.14813112187505434,0.20313933826103084,-0.06282569808520225,-0.12754447458534254,-0.05767019314143769,0.21519875481661815,-0.28888264832782806,0.06247690458236731,0.0,-0.4420880622461868
11,-0.5138582353364411,0.05865773632868933,-0.2989386571180133,0.20584016072775593,-0.060640522855807046,-0.12902452282243487,-0.051473738894497974,0.19497020066685597,-0.1516484764971125,0.006420481986624942,-0.029363117582881824,0.022052440292985392,0.005176473680973555,-0.004274692039727986,-0.008527336475652958,-0.006654351588729831,3.381514472659031e-05,0.0036229529891621992,-0.00022671517253052196,0.0010705567955717039,-0.00012029165515600759,-0.0007024012937175034,-0.00022671517253051402,0.003622952989162189,3.381514472657362e-05,-0.006654351588729831,-0.00852733647565293,-0.004274692039727989,0.005176473680973553,0.02205244029298539,-0.029363117582881824,0.006420481986624929,-0.15164847649711247,0.19497020066685603,-0.05147373889449797,-0.12902452282243487,-0.060640522855807004,0.20584016072775593,-0.2989386571180134,0.05865773632868943,0.0,-0.48774787461253144
12,-0.5581999908625888,0.054835165755941016,-0.30892530967257226,0.19637411684953715,-0.06355457942722127,-0.13031749783630128,-0.04001431533728917,0.1862470585695623,-0.15460305519227488,0.008500807227030243,-0.027808991830559904,0.023038304763666573,0.004726478578717235,-0.0046732097959759945,-0.008772989329789859,-0.005975145323254065,0.0006861452363834716,0.00412711615592673,-0.00045831028217249275,0.0013503792832668098,6.91787579338563e-05,-0.0008347774820959427,-0.0004583102821724841,0.004127116155926719,0.0006861452363834554,-0.005975145323254065,-0.00877298932978983,-0.004673209795975998,0.004726478578717234,0.023038304763666577,-0.027808991830559897,0.008500807227030234,-0.15460305519227488,0.18624705856956236,-0.040014315337289136,-0.13031749783630125,-0.06355457942722126,0.19637411684953715,-0.30892530967257226,0.05483516575594106,0.0,-0.5325516412221881
13,-0.6021403051507814,0.05100941458431767,-0.31884028900569134,0.1868055645132217,-0.06640965867183934,-0.13142152493678128,-0.02847135184027448,0.17699469862878667,-0.1569838933547494,0.010541209116713251,-0.0260936430205803,0.023862572079429774,0.004237033230155943,-0.00502595564300185,-0.008918999818471253,-0.005218043900682615,0.0013282994851182492,0.004562193390917892,-0.0006813058323976479,0.0016019752818487397,0.0002570472365531674,-0.0009458460374851641,-0.0006813058323976383,0.0045621933909178805,0.0013282994851182336,-0.005218043900682615,-0.008918999818471225,-0.005025955643001853,0.00423703323015594,0.02386257207942978,-0.02609364302058029,0.01054120911671324,-0.1569838933547494,0.17699469862878667,-0.02847135184027444,-0.13142152493678122,-0.06640965867183934,0.18680556451322158,-0.3188402890056913,0.051009414584317674,0.0,-0.5765341855106998
14,-0.64567779289632,0.04718070471849856,-0.32868129476033575,0.17713949856009487,-0.06920311113555179,-0.1323350033901252,-0.01686894724077237,0.1672394112676507,-0.15878215556175684,0.01253210507391665,-0.024227015914039696,0.02451946059729016,0.00371222286263854,-0.00532947459984098,-0.00896370957532662,-0.004392917295896099,0.0019507544541709039,0.004920901711288308,-0.0008915176197123267,0.0018200857712755757,0.0004389634136120986,-0.0010327719432901652,-0.0008915176197123162,0.004920901711288297,0.0019507544541708878,-0.004392917295896099,-0.008963709575326592,-0.005329474599840984,0.0037122228626385373,0.024519460597290165,-0.024227015914039692,0.012532105073916637,-0.15878215556175676,0.1672394112676507,-0.01686894724077236,-0.13233500339012513,-0.06920311113555175,0.17713949856009475,-0.32868129476033575,0.04718070471849859,0.0,-0.6197338984540204
15,-0.6888110687945053,0.043349258234775895,-0.33844604374195153,0.16738096473413067,-0.071932344552619,-0.13305660873990505,-0.005231324474341605,0.15700891596897187,-0.15999116836227592,0.014464145017474223,-0.02221993231028475,0.02500436271626869,0.0031564278828287045,-0.005580793839946713,-0.008906610793294467,-0.003510522296056421,0.002544278855972424,0.005197236512948493,-0.0010850013102766715,0.002000151666976364,0.0006107147561961313,-0.0010933364222464972,-0.001085001310276661,0.005197236512948482,0.00254427885597241,-0.0035105222960564197,-0.008906610793294441,-0.005580793839946714,0.0031564278828287036,0.02500436271626869,-0.022219932310284747,0.014464145017474216,-0.15999116836227592,0.15700891596897187,-0.005231324474341588,-0.13305660873990505,-0.07193234455261899,0.1673809647341306,-0.3384460437419517,0.04334925823477599,0.0,-0.6621919909942363
16,-0.7315387475406374,0.03951529736817366,-0.3481322704481855,0.1575350570480829,-0.07459482625123999,-0.1335852947273499,0.006417219996684325,0.14633228251082506,-0.16060644504259117,0.01632825527870769,-0.020084028307364016,0.025313877196402414,0.0025742873149986094,-0.005777451808639047,-0.008748351992222759,-0.0025823622694357193,0.0031000704562975877,0.005386572084740141,-0.001258126449881134,0.0021384091167448147,0.0007683241128751675,-0.0011259935705445067,-0.0012581264498811228,0.005386572084740132,0.0031000704562975743,-0.0025823622694357193,-0.008748351992222732,-0.005777451808639048,0.002574287314998607,0.025313877196402414,-0.02008402830736401,0.01632825527870768,-0.16060644504259122,0.14633228251082503,0.006417219996684359,-0.13358529472734987,-0.07459482625123998,0.15753505704808288,-0.3481322704481855,0.03951529736817372,0.0,-0.7039517364249182
17,-0.7738594438299033,0.03567904449955732,-0.35773772759450007,0.14760691512438073,-0.07718808550381899,-0.1339202948083208,0.018052366908168707,0.1352398483652636,-0.16062570227673673,0.018115681215174657,-0.01783168684157063,0.025445833015999057,0.0019706600807327976,-0.0059175223328840785,-0.00849073065307267,-0.0016205372014188176,0.0036098866153633897,0.005485739040607498,-0.0014076445844052514,0.0022319681751788753,0.0009081418104129917,-0.0011299098169088148,-0.0014076445844052401,0.0054857390406074895,0.003609886615363378,-0.0016205372014188159,-0.008490730653072648,-0.005917522332884082,0.001970660080732796,0.02544583301599905,-0.017831686841570632,0.018115681215174647,-0.16062570227673673,0.1352398483652636,0.01805236690816876,-0.13392029480832077,-0.07718808550381895,0.14760691512438073,-0.3577377275945,0.03567904449955739,0.0,-0.7450577136942771
18,-0.8157717723576046,0.03184072214273509,-0.3672601866355625,0.13760172151221503,-0.07970971581974921,-0.1340611232647266,0.029649824966747583,0.12376313249490929,-0.16004886860004613,0.019818028326135863,-0.015475965897178779,0.02539930459979425,0.0013505844432269176,-0.0059996334872600195,-0.00813667280238542,-0.0006375859526891804,0.004066166529889833,0.0054930773735896755,-0.0015307502125723861,0.002278873211162864,0.0010269301672442125,-0.0011049851994429695,-0.0015307502125723748,0.005493077373589669,0.004066166529889821,-0.0006375859526891794,-0.0081366728023854,-0.005999633487260022,0.0013505844432269156,0.025399304599794247,-0.015475965897178773,0.019818028326135856,-0.1600488686000461,0.1237631324949093,0.029649824966747652,-0.13406112326472663,-0.07970971581974917,0.13760172151221503,-0.3672601866355625,0.031840722142735145,0.0,-0.7855550623868889
19,-0.8572743478190404,0.02800055293155161,-0.3766974382822852,0.1275246989822166,-0.0821573771785862,-0.13400757590876897,0.04118538156400949,0.11193474579235727,-0.15887808467436154,0.021427301676646093,-0.013030522802579122,0.025174618311197064,0.0007192359546854103,-0.006022981031326508,-0.007690199778888817,0.00035367720399580695,0.004462143363218244,0.005408464243535688,-0.001625133427306158,0.002278143785716443,0.001121938466686547,-0.0010518559171493983,-0.001625133427306147,0.005408464243535683,0.004462143363218234,0.0003536772039958086,-0.007690199778888795,-0.0060229810313265075,0.0007192359546854086,0.025174618311197057,-0.013030522802579115,0.021427301676646082,-0.15887808467436157,0.11193474579235725,0.041185381564009506,-0.13400757590876897,-0.08215737717858616,0.12752469898221658,-0.3766974382822851,0.028000552931551657,0.0,-0.8254887597861247
20,-0.8983657849095127,0.024158759606974292,-0.3860472930143994,0.11738110780013891,-0.08452879820153791,-0.13375973037899475,0.05263495332640067,0.09978829841688024,-0.15711769534391878,0.022935943445116784,-0.01050953505170749,0.024773350163085142,8.188425781635609e-05,-0.0059873362867844246,-0.007156382559703759,0.0013403296374471343,0.004791944600546976,0.005233316033389267,-0.0016890232579462412,0.0022297951457555545,0.0011909666537749902,-0.0009718780909973081,-0.0016890232579462306,0.005233316033389261,0.004791944600546968,0.0013403296374471362,-0.007156382559703743,-0.005987336286784425,8.188425781635394e-05,0.02477335016308514,-0.010509535051707488,0.02293594344511677,-0.15711769534391878,0.09978829841688024,0.05263495332640067,-0.13375973037899477,-0.0845287982015379,0.11738110780013891,-0.3860472930143992,0.02415875960697442,0.0,-0.8649029299058604
21,-0.9390446983240934,0.02031556500417398,-0.39530758158844187,0.1071762429809685,-0.08682177825925709,-0.1333179460277279,0.06397463639532029,0.08735830429173358,-0.15477423351138864,0.024336868418011366,-0.007927618109805816,0.024198314763206705,-0.0005561508980138593,-0.005893048377273121,-0.006541284164907099,0.0023095088243043392,0.005050679140971124,0.004970564639622239,-0.0017212209000667018,0.0021348379053916598,0.001232416280725289,-0.0008670931490360591,-0.0017212209000666923,0.004970564639622234,0.005050679140971118,0.0023095088243043405,-0.006541284164907083,-0.005893048377273121,-0.0005561508980138608,0.024198314763206694,-0.007927618109805816,0.02433686841801136,-0.15477423351138866,0.08735830429173361,0.06397463639532038,-0.13331794602772795,-0.08682177825925708,0.10717624298096852,-0.39530758158844204,0.02031556500417406,0.0,-0.903840193720059
22,-0.9793097027583113,0.016471192039599694,-0.40447615554103744,0.09691543152489479,-0.0890341895139794,-0.13268286340004282,0.07518075633243274,0.07468008303343066,-0.15185639589391206,0.025623497264975096,-0.005299740680037746,0.023453545571729538,-0.0011895440588484392,-0.005741040808867291,-0.005851890794611638,0.0032485800316981936,0.005234509834712084,0.004624608393703198,-0.0017211222093852338,0.0019952569214309614,0.0012453275213106308,-0.0007401757190964116,-0.001721122209385225,0.004624608393703195,0.005234509834712077,0.0032485800316981958,-0.005851890794611623,-0.005741040808867289,-0.0011895440588484412,0.023453545571729534,-0.005299740680037743,0.02562349726497509,-0.15185639589391212,0.07468008303343059,0.07518075633243282,-0.13268286340004282,-0.08903418951397939,0.09691543152489475,-0.4044761555410375,0.01647119203959981,0.0,-0.9423410690234472
23,-1.0191594129073533,0.012625863698048776,-0.4135508876873596,0.08660402963658498,-0.0911639788941126,-0.13185540330503503,0.08622991754600748,0.06178965959165403,-0.14837501074909928,0.02678978743812577,-0.002641137922201885,0.02254426660941594,-0.0018130085158222864,-0.005532802424765912,-0.0050960324806985655,0.004145301030316,0.005340710389777169,0.0042012384361523394,-0.0016887290376961617,0.0018139698046314105,0.0012294013970299707,-0.0005943653591145708,-0.001688729037696154,0.004201238436152338,0.005340710389777167,0.004145301030316004,-0.005096032480698557,-0.005532802424765912,-0.0018130085158222875,0.022544266609415935,-0.0026411379222018917,0.026789787438125753,-0.14837501074909923,0.061789659591653986,0.08622991754600749,-0.13185540330503503,-0.09116397889411257,0.08660402963658498,-0.4135508876873596,0.012625863698048906,0.0,-0.9804434274388706
24,-1.0585924434665197,0.008779803019733258,-0.42252967261465557,0.07624741992921315,-0.0932091699994443,-0.13083676548073642,0.09709905213509701,0.04872366188497498,-0.14434299769076375,0.027830261550389066,3.277687334133361e-05,0.021476855814870494,-0.002421340431452508,-0.005270372822767888,-0.004282294154428628,0.004987981690582753,0.005367705804097904,0.0037075417756452585,-0.0016246491981240757,0.0015947659339416553,0.0011850067003888324,-0.0004333838676574056,-0.0016246491981240692,0.003707541775645259,0.005367705804097903,0.004987981690582757,-0.004282294154428622,-0.005270372822767887,-0.002421340431452509,0.021476855814870487,3.2776873341333076e-05,0.02783026155038906,-0.1443429976907638,0.04872366188497496,0.09709905213509704,-0.13083676548073642,-0.09320916999944427,0.07624741992921323,-0.42252967261465574,0.008779803019733388,0.0,-1.0181820150621828
25,-1.0976074091308838,0.004933233087342873,-0.4314104271707194,0.06585100861470401,-0.09516786493520017,-0.1296284268546094,0.10776546804957716,0.035519216723247,-0.13977531974351728,0.02874003309960207,0.0027065016444574623,0.020258800307883344,-0.003009462274230793,-0.0049563223783633545,-0.003419918140013485,0.005765636381377897,0.005315095723520123,0.0031517826559095195,-0.0015300850603500759,0.0013422272484852147,0.001113171454973982,-0.00026134028529152737,-0.00153008506035007,0.0031517826559095204,0.0053150957235201255,0.005765636381377899,-0.00341991814001348,-0.004956322378363353,-0.0030094622742307957,0.020258800307883334,0.0027065016444574575,0.028740033099602068,-0.13977531974351737,0.035519216723246975,0.10776546804957722,-0.1296284268546094,-0.09516786493520017,0.06585100861470403,-0.43141042717071937,0.0049332330873429935,0.0,-1.0555880421205972
26,-1.1362029245960876,0.0010863770131055443,-0.44019109094720005,0.055420222681657944,-0.09703824607325082,-0.12823213940214356,0.11820689646550508,0.022213844312407974,-0.13468892781415373,0.02951482941757383,0.005364535430681589,0.018898643872664336,-0.003572465198984459,-0.004593727069105221,-0.0025186991816113944,0.0064681271845373435,0.005183660379236425,0.002543264216274832,-0.001406810989805442,0.0010616324729463482,0.001015559110076323,-8.262601162919907e-05,-0.0014068109898054376,0.002543264216274832,0.005183660379236429,0.006468127184537347,-0.0025186991816113923,-0.0045937270691052195,-0.0035724651989844625,0.018898643872664322,0.005364535430681584,0.029514829417573826,-0.13468892781415373,0.02221384431240796,0.11820689646550513,-0.12823213940214356,-0.09703824607325078,0.055420222681658034,-0.44019109094720016,0.0010863770131056823,0.0,-1.0926888458338258
27,-1.1743776045569765,-0.0027605420741537994,-0.44886962675763364,0.04496050706243128,-0.09881857773883278,-0.12664992760665864,0.12840153827688583,0.008845351641454526,-0.12910269778589134,0.03015101173632449,0.007991468240274953,0.017405927029335466,-0.00410565001927226,-0.004186138346844428,-0.0015888731960156876,0.007086296058120689,0.0049753490166061344,0.001892172761612472,-0.0012571400541551109,0.000758846778299688,0.00089443002111005,9.819728481934158e-05,-0.0012571400541551083,0.0018921727616124763,0.004975349016606139,0.007086296058120693,-0.001588873196015687,-0.004186138346844425,-0.004105650019272261,0.017405927029335456,0.007991468240274953,0.03015101173632448,-0.1291026977858913,0.008845351641454509,0.12840153827688586,-0.1266499276066586,-0.09881857773883275,0.0449605070624313,-0.4488696267576338,-0.0027605420741537564,0.0,-1.1295076294285946
28,-1.2121300637090788,-0.006607301041955199,-0.45744402111008736,0.03447732179084846,-0.10050720782121864,-0.12488408552399709,0.13832810960678468,-0.004548274945473133,-0.12303736046892115,0.03064559227726353,0.010572070389888928,0.01579112011403713,-0.00460456642983286,-0.0037375483529163275,-0.0006410010145671873,0.0076120842254933235,0.00469325098696861,0.0012094072485099438,-0.0010838806217778032,0.00044019918426545164,0.0007525891078048183,0.0002765141028944902,-0.0010838806217778017,0.001209407248509949,0.004693250986968615,0.0076120842254933235,-0.00064100101456719,-0.003737548352916323,-0.004604566429832862,0.015791120114037115,0.010572070389888926,0.030645592277263524,-0.12303736046892115,-0.004548274945473167,0.1383281096067847,-0.12488408552399705,-0.10050720782121862,0.034477321790848336,-0.4574440211100874,-0.006607301041955156,0.0,-1.1660632789869396
29,-1.2494589167475811,-0.010453676767106195,-0.46591228467430573,0.023976139152032082,-0.1021025693068415,-0.12293717345636258,0.14796588624276932,-0.01792897768664082,-0.11651542466721754,0.030996248283049355,0.013091380798888368,0.014065549837042968,-0.005065050151710082,-0.0032523508169792197,0.0003141515652666115,0.008038637233804172,0.004341549931171312,0.0005063968419999961,-0.0008902836666123742,0.0001123502661023092,0.0005933209022214025,0.00044777291911023864,-0.0008902836666123744,0.0005063968420000017,0.0043415499311713224,0.008038637233804173,0.0003141515652666056,-0.0032523508169792167,-0.005065050151710084,0.014065549837042958,0.013091380798888361,0.030996248283049355,-0.1165154246672175,-0.01792897768664082,0.14796588624276938,-0.12293717345636254,-0.10210256930684147,0.02397613915203203,-0.4659122846743058,-0.010453676767106117,0.0,-1.2023702585280696
30,-1.2863627783677842,-0.014299446148643428,-0.4742724527432526,0.013462440825837906,-0.10360318173345066,-0.12081201424012655,0.15729474690391224,-0.031258735543201834,-0.10956109364711557,0.031201332926230393,0.015534793726446637,0.012241319834025564,-0.005483257690017628,-0.002735298022482664,0.0012657360562884933,0.008360394312261153,0.003925461734291573,-0.00020509040314373365,-0.0006799817681221689,-0.00021784706898509687,0.00042031349064824205,0.0006076023649517931,-0.0006799817681221711,-0.00020509040314372625,0.003925461734291582,0.008360394312261156,0.001265736056288483,-0.00273529802248266,-0.00548325769001763,0.012241319834025554,0.015534793726446637,0.031201332926230393,-0.10956109364711557,-0.03125873554320182,0.15729474690391226,-0.12081201424012655,-0.10360318173345064,0.013462440825837923,-0.47427245274325247,-0.014299446148643358,0.0,-1.2384385824539106
31,-1.3228402632648752,-0.018144386120773244,-0.48252258568893824,0.0029417150253848857,-0.10500765256395006,-0.11851168915298538,0.16629521524902086,-0.044499672235331,-0.10220017531764387,0.031259883043436534,0.017888143448552527,0.01033122576774864,-0.005855698414232571,-0.0021914542602687118,0.0022029444971466455,0.008573160865282547,0.0034511571717114444,-0.0009131445339617092,-0.00045692095095879065,-0.0005434908256836454,0.00023757311061456803,0.0007519228057309827,-0.00045692095095879433,-0.0009131445339617003,0.0034511571717114544,0.008573160865282547,0.002202944497146633,-0.0021914542602687074,-0.005855698414232571,0.010331225767748625,0.01788814344855253,0.031259883043436534,-0.10220017531764389,-0.044499672235330995,0.1662952152490209,-0.11851168915298536,-0.10500765256395006,0.0029417150253848,-0.48252258568893813,-0.018144386120773244,0.0,-1.2742738632508577
32,-1.3588899861343817,-0.0219882736658102,-0.49066076941243003,-0.0075805463678247954,-0.10631467847864363,-0.11603953344640204,0.1749485005383952,-0.05761416386702855,-0.09445998645593973,0.031171623658797647,0.020137786384013045,0.00834866557568643,-0.006179263693254698,-0.0016261462262063416,0.0031151322076230217,0.008674163155465212,0.002925670393739236,-0.001605913066170615,-0.00022528664325984727,-0.0008577741904801807,4.933138065012785e-05,0.0008770504729574986,-0.00022528664325985255,-0.001605913066170606,0.002925670393739249,0.008674163155465212,0.003115132207623006,-0.001626146226206337,-0.006179263693254701,0.008348665575686415,0.02013778638401304,0.03117162365879765,-0.09445998645593973,-0.05761416386702854,0.17494850053839525,-0.11603953344640205,-0.10631467847864359,-0.007580546367824778,-0.49066076941243,-0.021988273665810132,0.0,-1.3098774311553736
33,-1.3945105616712636,-0.025830885827112602,-0.49868511578793884,-0.01809885067070006,-0.10752304658468868,-0.11339913150981076,0.18323653686421956,-0.07056494583377942,-0.08636925133317029,0.030936969275345436,0.022270680193325097,0.006307545493118721,-0.006451252842051687,-0.0010449108486910938,0.003991938689397775,0.008662084463493525,0.002356794605991988,-0.0022717993890275737,1.0574857129045109e-05,-0.001154127812019267,-0.0001400526889790248,0.0009797914922549426,1.0574857129038078e-05,-0.002271799389027563,0.002356794605992002,0.008662084463493527,0.003991938689397756,-0.001044910848691091,-0.00645125284205169,0.006307545493118703,0.02227068019332509,0.03093696927534544,-0.08636925133317029,-0.07056494583377941,0.1832365368642196,-0.11339913150981075,-0.10752304658468866,-0.018098850670700026,-0.49868511578793884,-0.025830885827112602,0.0,-1.3452465213786429
34,-1.4297006045709348,-0.02967199972201477,-0.5065937631008799,-0.028607707265774846,-0.10863163554163548,-0.11059431167359461,0.1911420208676851,-0.08331521870929204,-0.0779579951171656,0.03055702192833359,0.024274459391839257,0.004222182510881964,-0.0066693956633226,-0.00045344105701521634,0.004823405299116118,0.008537082253589314,0.0017529664926458014,-0.002899656886994843,0.00024623793493013413,-0.001426357117875454,-0.0003261936354751546,0.0010575234067661521,0.0002462379349301261,-0.002899656886994832,0.0017529664926458149,0.008537082253589314,0.004823405299116098,-0.00045344105701521255,-0.0066693956633226015,0.004222182510881949,0.024274459391839264,0.030557021928333594,-0.07795799511716561,-0.08331521870929202,0.1911420208676851,-0.11059431167359463,-0.10863163554163546,-0.028607707265774846,-0.5065937631008796,-0.029671999722014734,0.0,-1.3803745234639215
35,-1.4644587295286962,-0.03351139255475482,-0.5143848764798051,-0.039101630467342795,-0.1096394166020077,-0.1076291406583727,0.19864844786410024,-0.09582875281044116,-0.06925743244735132,0.030033566009618748,0.02613750703884717,0.0021072039519653197,-0.00683187139603246,0.0001424699782181772,0.005600088357243608,0.008300786120724919,0.0011231410966092974,-0.003478975528702051,0.00047728069799146146,-0.0016687717974572995,-0.000504781095260202,0.001108262115168945,0.0004772806979914523,-0.0034789755287020396,0.0011231410966093139,0.008300786120724917,0.005600088357243585,0.00014246997821817987,-0.00683187139603246,0.002107203951965311,0.026137507038847173,0.030033566009618755,-0.06925743244735133,-0.09582875281044115,0.19864844786410027,-0.10762914065837272,-0.10963941660200766,-0.039101630467342746,-0.5143848764798049,-0.03351139255475473,0.0,-1.4152512864365305
36,-1.4987835512397347,-0.03734884162939744,-0.5220566483221101,-0.049575142385017444,-0.11054545456595859,-0.10450791767864392,0.2057401463005684,-0.10806999114329514,-0.060299851595486766,0.029369059887409066,0.02784902208697383,-2.2555128650403525e-05,-0.006937323912661118,0.0007369855864978087,0.006313166408035596,0.007956276546360594,0.00047665901220358644,-0.0040000577997968195,0.0006993679479854828,-0.0018763047445088962,-0.0006716796166957952,0.0011307125157144348,0.0006993679479854728,-0.004000057799796809,0.0004766590122036026,0.007956276546360594,0.0063131664080355735,0.000736985586497813,-0.006937323912661117,-2.255512865042075e-05,0.027849022086973825,0.02936905988740908,-0.06029985159548675,-0.10806999114329513,0.20574014630056847,-0.10450791767864395,-0.11054545456595859,-0.04957514238501742,-0.5220566483221101,-0.037348841629397375,0.0,-1.4498634726154571
37,-1.5326736843993507,-0.04118412436275095,-0.5296072987134114,-0.06002277578322467,-0.11134890864911719,-0.10123516820933705,0.21240231047429262,-0.12000415043770823,-0.05111849464209327,0.028566624360737564,0.02939908200141585,-0.0021521560012444925,-0.006984873038320397,0.0013242827648682455,0.0069545404123773245,0.007508044739657665,-0.00017689214005888517,-0.004454181034652821,0.0009083325244178093,-0.002044617972996862,-0.000823024422463619,0.0011243015636026065,0.0009083325244177991,-0.004454181034652812,-0.0001768921400588701,0.007508044739657664,0.006954540412377299,0.0013242827648682514,-0.006984873038320395,-0.00215215600124451,0.02939908200141585,0.028566624360737574,-0.05111849464209324,-0.12000415043770823,0.21240231047429262,-0.10123516820933706,-0.11134890864911719,-0.06002277578322473,-0.5296072987134114,-0.0411841243627509,0.0,-1.4841949523001623
38,-1.566127743702845,-0.0450170182972778,-0.5370350758405015,-0.0704390769351312,-0.11204903326281848,-0.09781563742430456,0.21862103144320144,-0.13159731998339028,-0.04174743411324531,0.027630028002882966,0.030778700285989485,-0.004266661045811797,-0.006974121897262829,0.0018986092115265752,0.007516925735518665,0.006961934087698705,-0.0008278199022051764,-0.0048337434295808385,0.0011002534956381167,-0.0021701932924613845,-0.0009553109040893444,0.0010891928979081126,0.0011002534956381057,-0.004833743429580827,-0.0008278199022051594,0.006961934087698705,0.007516925735518638,0.0018986092115265798,-0.006974121897262828,-0.00426666104581181,0.030778700285989485,0.02763002800288297,-0.04174743411324529,-0.13159731998339028,0.21862103144320152,-0.09781563742430459,-0.11204903326281845,-0.07043907693513123,-0.5370350758405017,-0.0450170182972777,0.0,-1.5182272310367901
39,-1.5991443438455182,-0.04884730111399766,-0.5443382563977851,-0.08081860846952285,-0.1126451787059943,-0.09425428331627449,0.2243833260643615,-0.14281655798661191,-0.03222144653553212,0.02656366946257135,0.03197987858248044,-0.006351238528734473,-0.006905160225463242,0.0024543396669342707,0.00799393488491988,0.006325063978000611,-0.00146647072231944,-0.005132391293352166,0.0012715297297068847,-0.002250405847477272,-0.0010654757762346158,0.0010262826647050912,0.0012715297297068735,-0.005132391293352158,-0.0014664707223194231,0.006325063978000611,0.007993934884919852,0.0024543396669342737,-0.006905160225463243,-0.006351238528734483,0.031979878582480435,0.026563669462571354,-0.032221446535532126,-0.14281655798661197,0.2243833260643615,-0.09425428331627446,-0.11264517870599429,-0.08081860846952281,-0.5443382563977852,-0.04884730111399763,0.0,-1.5519399008122328
40,-1.631722099522557,-0.05267475064538265,-0.5515151459870986,-0.0911559522091447,-0.1131367917680824,-0.0905562695082345,0.2296771640995508,-0.15362998517375043,-0.022575883378434178,0.02537255680607967,0.03299565304124856,-0.008391266636736653,-0.006778563621624305,0.002986031010609389,0.008380150058483696,0.005605736986410594,-0.002083373121066179,-0.005345125404922073,0.0014189474646622803,-0.0022835789840563074,-0.0011509680115117744,0.0009371766430054418,0.0014189474646622686,-0.005345125404922067,-0.002083373121066164,0.005605736986410593,0.008380150058483667,0.002986031010609392,-0.006778563621624304,-0.008391266636736667,0.032995653041248546,0.02537255680607968,-0.022575883378434185,-0.15362998517375046,0.2296771640995508,-0.0905562695082345,-0.1131367917680824,-0.09115595220914474,-0.5515151459870984,-0.052674750645382545,0.0,-1.5853111063274261
41,-1.6638596254292621,-0.05649914488824359,-0.5585640795108255,-0.10144571199902219,-0.1135234162423943,-0.0867269577666727,0.2344914933314047,-0.16400687537570235,-0.01284653986305463,0.02406228399725923,0.03382013469425317,-0.010372436038398894,-0.006595388742857575,0.0034884755739516752,0.00867118467918123,0.0048133306403328885,-0.002669378157995116,-0.005468384697976335,0.001539740610324454,-0.002269019296138354,-0.001209807913222795,0.0008241492573692739,0.001539740610324442,-0.005468384697976326,-0.0026693781579951014,0.004813330640332887,0.008671184679181203,0.003488475573951679,-0.006595388742857573,-0.010372436038398896,0.033820134694253164,0.02406228399725924,-0.012846539863054639,-0.16400687537570238,0.23449149333140482,-0.0867269577666727,-0.11352341624239423,-0.10144571199902205,-0.5585640795108257,-0.056499144888243515,0.0,-1.618318017464863
42,-1.6955555362609345,-0.06032026201660701,-0.565483421558213,-0.11168251652328526,-0.11380469334946547,-0.08277190022752856,0.2388162626376975,-0.17391774283576952,-0.0030695221240637583,0.022639004625938784,0.03444854359643587,-0.012280850253836767,-0.0063571644851400195,0.003956752146926377,0.008863733217170192,0.003958175168317937,-0.0032157951144491013,-0.005500105871461943,0.0016316426501571807,-0.0022070311196071162,-0.0012406329581075043,0.0006900855233875926,0.0016316426501571696,-0.0055001058714619355,-0.0032157951144490874,0.0039581751683179355,0.008863733217170162,0.003956752146926382,-0.006357164485140018,-0.012280850253836779,0.034448543596435864,0.022639004625938788,-0.0030695221240637583,-0.17391774283576955,0.23881626263769756,-0.08277190022752856,-0.11380469334946544,-0.11168251652328513,-0.565483421558213,-0.06032026201660701,0.0,-1.65093729918868
43,-1.7268084467128741,-0.06413788039458153,-0.5722715667847997,-0.12186102210902819,-0.1139803620699955,-0.07869683134612655,0.2426424429755861,-0.18333442599293437,0.006718886782173841,0.021109403008089674,0.03487723653752543,-0.014103123128522714,-0.006065879222159628,0.004386274179020074,0.008955608733532837,0.0030514188297352004,-0.003714520380836447,-0.0054397579282505415,0.0016929291693201002,-0.0020989101708673748,-0.0012427293475457482,0.000538407407874444,0.0016929291693200893,-0.0054397579282505345,-0.003714520380836433,0.0030514188297352004,0.00895560873353281,0.004386274179020078,-0.006065879222159625,-0.014103123128522726,0.034877236537525426,0.021109403008089677,0.0067188867821738624,-0.18333442599293437,0.24264244297558613,-0.07869683134612654,-0.11398036206999548,-0.12186102210902824,-0.5722715667847996,-0.06413788039458151,0.0,-1.6831455703950422
44,-1.7576169714802685,-0.06795177858921352,-0.5789269402848698,-0.13197591551573823,-0.11405025938706836,-0.07450765958276429,0.2459620462320058,-0.19223016750245564,0.016482361526038797,0.019480662793478782,0.035103728163605415,-0.015826472727542062,-0.005723964209062957,0.004772834702362664,0.008945767719217276,0.002104882580163201,-0.004158157636811342,-0.005288351063773967,0.0017224502109313962,-0.0019469164629542263,-0.0012160485365996707,0.0003729864834191318,0.001722450210931386,-0.005288351063773959,-0.00415815763681133,0.0021048825801632002,0.008945767719217249,0.004772834702362667,-0.005723964209062957,-0.015826472727542076,0.03510372816360541,0.0194806627934788,0.016482361526038797,-0.19223016750245564,0.24596204623200582,-0.07450765958276429,-0.11405025938706832,-0.1319759155157382,-0.5789269402848697,-0.06795177858921352,0.0,-1.7149198436591284
45,-1.7879797252584178,-0.07176173538333072,-0.5854479979568439,-0.14202191670883843,-0.11401432043742872,-0.07021045883600982,0.24876814190086444,-0.2005796902664076,0.02618466930997438,0.01776043322824085,0.03512670538599165,-0.01743881099168267,-0.005334273289627651,0.005112647537014498,0.008834321947064894,0.001130905967155743,-0.004540127542036185,-0.005048419755840461,0.0017196518534203385,-0.0017542270652990857,-0.0011612083581421567,0.00019804510678453997,0.0017196518534203296,-0.0050484197558404555,-0.0045401275420361735,0.001130905967155742,0.008834321947064867,0.005112647537014499,-0.00533427328962765,-0.017438810991682676,0.03512670538599165,0.01776043322824086,0.026184669309974398,-0.20057969026640765,0.24876814190086444,-0.07021045883600983,-0.1140143204374287,-0.14202191670883846,-0.5854479979568439,-0.07176173538333067,0.0,-1.7462379383932956
46,-1.817895322742509,-0.07556752978837357,-0.5918332268615227,-0.15199378161589794,-0.11387257857167378,-0.0658114596361295,0.25105487155221545,-0.20835926925812312,0.03578980433041266,0.015956793230815215,0.03494603499388413,-0.01892882852648503,-0.0049000590762370054,0.005402384374832077,0.008622537202310331,0.00014218626536863303,-0.004854765310762367,-0.004723980338699884,0.0016845866041004705,-0.0015248696945979448,-0.0010794787160406084,1.804864356558029e-05,0.0016845866041004624,-0.00472398033869988,-0.004854765310762357,0.00014218626536863276,0.008622537202310307,0.005402384374832078,-0.004900059076237002,-0.018928828526485038,0.03494603499388413,0.015956793230815225,0.035789804330412685,-0.20835926925812315,0.25105487155221545,-0.06581145963612951,-0.11387257857167377,-0.151993781615898,-0.5918332268615225,-0.07556752978837353,0.0,-1.777078860627005
47,-1.8473623786279567,-0.07936894105721318,-0.5980811455731024,-0.1618863048640684,-0.11362516532330456,-0.06131704011141466,0.2528174610632026,-0.21554679893645265,0.04526212139731316,0.014078213449961572,0.03456276442665861,-0.020286073929518634,-0.004424945801473924,0.005639207378693197,0.008312818905972748,-0.0008483870518334235,-0.0050974047231545725,-0.004320463771547552,0.0016179124139423919,-0.0012636385249079347,-0.000972752178691146,-0.000162408509934678,0.0016179124139423858,-0.004320463771547549,-0.005097404723154567,-0.0008483870518334246,0.008312818905972725,0.005639207378693199,-0.004424945801473922,-0.020286073929518637,0.03456276442665861,0.014078213449961588,0.04526212139731314,-0.21554679893645268,0.25281746106320263,-0.06131704011141469,-0.11362516532330451,-0.16188630486406833,-0.5980811455731024,-0.07936894105721314,0.0,-1.8074231434282133
48,-1.8763795076099474,-0.08316574869695527,-0.6041903045228774,-0.1716943224973196,-0.1132723102866655,-0.056733716740505404,0.25405223058524146,-0.22212185605828264,0.05456646821544477,0.012133516483046008,0.033979115701320776,-0.021501027099460668,-0.00391289906793239,0.005820796977787276,0.007908684794425894,-0.0018279003463740535,-0.005264447327432791,-0.003844624726889512,0.0015208803320325755,-0.0009759939767632313,-0.0008435001538525828,-0.00033872019832808484,0.0015208803320325701,-0.003844624726889512,-0.005264447327432784,-0.0018279003463740544,0.007908684794425871,0.005820796977787279,-0.003912899067932389,-0.02150102709946067,0.03397911570132077,0.01213351648304602,0.0545664682154448,-0.22212185605828272,0.25405223058524146,-0.05673371674050541,-0.11327231028666547,-0.17169432249731958,-0.6041903045228774,-0.08316574869695524,0.0,-1.8372531428917367
49,-1.9049453243837822,-0.08695773248172943,-0.6101592863355516,-0.1814127146720556,-0.11281434090388583,-0.052068134904119434,0.2547566022266281,-0.22806575771083323,0.06366831583650755,0.010131835441429034,0.03319847253032846,-0.022565166012766643,-0.003368192748734103,0.005945374586729048,0.007414724965448531,-0.002783584164486398,-0.005353415806533074,-0.003304428520586126,0.0013953110313652314,-0.000667948579982145,-0.0006947156596154661,-0.0005063860789142559,0.001395311031365228,-0.003304428520586127,-0.005353415806533069,-0.002783584164486398,0.00741472496544851,0.0059453745867290445,-0.0033681927487341015,-0.022565166012766646,0.033198472530328454,0.010131835441429048,0.06366831583650759,-0.22806575771083326,0.2547566022266281,-0.05206813490411947,-0.11281434090388581,-0.1814127146720556,-0.6101592863355513,-0.08695773248172932,0.0,-1.8665532856042024
50,-1.933058443644761,-0.09074467246546289,-0.6159867061580816,-0.19103640832970348,-0.11225168216101995,-0.04732705924988553,0.25492910543453606,-0.23336161439883615,0.07253388679797944,0.008082571057549873,0.032225360704466674,-0.023471026499542476,-0.0027953733150199696,0.006011720025972426,0.0068365497445464895,-0.0037029797060713285,-0.005362990717835502,-0.0027089177763104186,0.0012435606464283283,-0.00034594129593378984,-0.0005298440167273888,-0.0006611264925924511,0.0012435606464283261,-0.0027089177763104204,-0.005362990717835499,-0.0037029797060713285,0.006836549744546473,0.006011720025972426,-0.0027953733150199674,-0.023471026499542476,0.03222536070446668,0.008082571057549889,0.07253388679797944,-0.23336161439883618,0.25492910543453606,-0.04732705924988557,-0.11225168216101993,-0.19103640832970342,-0.6159867061580814,-0.09074467246546278,0.0,-1.8953102645378332
51,-1.9607174800880713,-0.09452634899463785,-0.6216712119809745,-0.20056037984487965,-0.11158485619366931,-0.04251736388425098,0.2545693800651646,-0.23799437803574794,0.08113028047315748,0.005995347535150033,0.031065421854505927,-0.024212254599333283,-0.002199221888162261,0.006019183472899786,0.006180725963673257,-0.004574101244210018,-0.005293030061092543,-0.0020680610563938023,0.0010684765635942668,-1.670292626047528e-05,-0.00035270306719429684,-0.0007989917018410309,0.0010684765635942668,-0.0020680610563938054,-0.005293030061092543,-0.00457410124421002,0.0061807259636732425,0.006019183472899788,-0.0021992218881622585,-0.024212254599333283,0.031065421854505927,0.005995347535150046,0.08113028047315751,-0.23799437803574805,0.2545693800651647,-0.042517363884251015,-0.11158485619366929,-0.2005603798448797,-0.6216712119809743,-0.09452634899463776,0.0,-1.9235131814057085
52,-1.9879210484090137,-0.09830254272103232,-0.6272114849519642,-0.20997965764775298,-0.11081448180245135,-0.03764602240568452,0.2536781771356299,-0.24195088470263149,0.08942559516721255,0.003879967349982127,0.02972538074376113,-0.024783651129590696,-0.0015847143334342282,0.0059676918265312556,0.00545470237608632,-0.005385592377444135,-0.005144571384356701,-0.0013925859929057292,0.0008733439938474779,0.0003128845786314341,-0.0001673947666117912,-0.0009164627074731993,0.0008733439938474788,-0.0013925859929057342,-0.005144571384356703,-0.005385592377444133,0.005454702376086307,0.005967691826531253,-0.001584714333434226,-0.024783651129590707,0.02972538074376112,0.0038799673499821355,0.08942559516721262,-0.24195088470263149,0.25367817713562985,-0.037646022405684536,-0.11081448180245135,-0.2099796576477531,-0.6272114849519642,-0.09830254272103224,0.0,-1.9511536346078489
53,-2.0146677633030023,-0.10207303461444274,-0.6326062396819974,-0.21928932481923324,-0.10994127387876554,-0.0327200977936252,0.25225735725602744,-0.24521989205320738,0.09738904650615246,0.0017463652132786282,0.02821300628117286,-0.0251812081542028,-0.0009569797282211866,0.005857749423514694,0.0046667250544667385,-0.006126874077836226,-0.004919816396675539,-0.0006937997122724159,0.0006618243303379013,0.0006359319704885409,2.1789802565792928e-05,-0.0010105410708288725,0.0006618243303379035,-0.0006937997122724224,-0.004919816396675545,-0.006126874077836227,0.0046667250544667315,0.005857749423514694,-0.0009569797282211863,-0.0251812081542028,0.02821300628117286,0.0017463652132786438,0.09738904650615249,-0.2452198920532073,0.2522573572560275,-0.03272009779362522,-0.1099412738787655,-0.21928932481923324,-0.6326062396819971,-0.10207303461444264,0.0,-1.978225752988832
54,-2.0409562394649963,-0.10583760597538838,-0.6378542245434525,-0.22848452165763236,-0.10896604274138884,-0.027746732167837497,0.2503098867449414,-0.247792111258789,0.10499108167934511,-0.0003954385858125608,0.026537066480938395,-0.025402137096286276,-0.00032125755142426576,0.0056904330983835955,0.0038257437331980838,-0.006788282604777432,-0.004622098315754769,1.660044056015699e-05,0.0004378864473957234,0.000945686706671687,0.00021046979726301344,-0.0010788254486979098,0.0004378864473957273,1.6600440560149858e-05,-0.004622098315754776,-0.0067882826047774335,0.003825743733198079,0.005690433098383593,-0.0003212575514242636,-0.025402137096286272,0.026537066480938388,-0.0003954385858125506,0.10499108167934515,-0.24779211125878914,0.2503098867449414,-0.0277467321678375,-0.1089660427413888,-0.22848452165763233,-0.6378542245434525,-0.1058376059753883,0.0,-2.004726176692326
55,-2.066785091590638,-0.10959603844779674,-0.6429542219605303,-0.2375604482154576,-0.10788969338451697,-0.022733136433020273,0.24783983143650898,-0.24966023340233173,0.11220348911164178,-0.002535385239702252,0.024707277629814544,-0.025444888298049615,0.00031714604861830326,0.00546738163646531,0.0029413101585557726,-0.00736119548662509,-0.0042558324348382645,0.0007267227100328686,0.00020573223008647077,0.0012356740961092822,0.00039427605855830983,-0.0011195728874265095,0.00020573223008647548,0.0007267227100328607,-0.004255832434838273,-0.007361195486625093,0.0029413101585557687,0.005467381636465306,0.0003171460486183049,-0.025444888298049615,0.02470727762981454,-0.0025353852397022405,0.11220348911164185,-0.24966023340233184,0.24783983143650903,-0.022733136433020287,-0.10788969338451693,-0.2375604482154576,-0.64295422196053,-0.10959603844779658,0.0,-2.0306539874150484
56,-2.0921529343748864,-0.11334811403166835,-0.6479050486917383,-0.24651236680501304,-0.10671322463794852,-0.01768657982368454,0.24485234819196952,-0.25081895024659534,0.11899950315810084,-0.004663424662732866,0.02273424795679587,-0.025309161890529164,0.0009529025426760946,0.005190779722743501,0.0020234696013309537,-0.00783814392780699,-0.003826450641920431,0.0014246799922198728,-3.0282268358514395e-05,0.001499832637419939,0.0005689522858954636,-0.0011317433116792665,-3.0282268358507463e-05,0.0014246799922198645,-0.003826450641920443,-0.00783814392780699,0.0020234696013309537,0.005190779722743501,0.0009529025426760979,-0.02530916189052915,0.022734247956795874,-0.004663424662732855,0.11899950315810083,-0.25081895024659545,0.24485234819196955,-0.017686579823684562,-0.10671322463794847,-0.24651236680501287,-0.6479050486917384,-0.11334811403166828,0.0,-2.0560105913126825
57,-2.1170583825131564,-0.11709361509572215,-0.6527055561044156,-0.25533560447149983,-0.10543772824019164,-0.01261437936445827,0.24135367413342076,-0.25126496931741005,0.12535390343278413,-0.006769562690589475,0.020629416131743957,-0.02499590989695436,0.0015807054959768262,0.004863336543888213,0.0010826467640731188,-0.008212910175993692,-0.0033403208624005263,0.0020987888192089185,-0.0002657285618642809,0.0017326407202806527,0.000730453597895931,-0.0011150260722845601,-0.0002657285618642732,0.002098788819208908,-0.003340320862400538,-0.008212910175993692,0.001082646764073121,0.004863336543888211,0.001580705495976828,-0.024995909896954358,0.020629416131743957,-0.0067695626905894665,0.12535390343278416,-0.25126496931741016,0.24135367413342076,-0.012614379364458271,-0.1054377282401916,-0.2553356044714997,-0.6527055561044156,-0.11709361509572208,0.0,-2.0807995586749155
58,-2.1415000507007482,-0.12083232439001805,-0.6573546304412236,-0.2640255554323278,-0.1040643878253535,-0.007523889261100141,0.23735111362225922,-0.2509970232591858,0.1312431084030112,-0.00884390801708078,0.01840498494952307,-0.02450732955498892,0.002195314859142037,0.004488259253036645,0.00012952737880072115,-0.008480608580008969,-0.002804652619880614,0.0027377649347131287,-0.0004961888259367459,0.0019292320416477114,0.0008750401974534898,-0.0010698478755314972,-0.0004961888259367372,0.002737764934713118,-0.0028046526198806255,-0.008480608580008969,0.0001295273788007249,0.004488259253036641,0.0021953148591420386,-0.024507329554988914,0.018404984949523057,-0.008843908017080772,0.13124310840301123,-0.2509970232591859,0.23735111362225922,-0.007523889261100147,-0.10406438782535347,-0.2640255554323278,-0.6573546304412232,-0.12083232439001795,0.0,-2.105026425249667
59,-2.165476553632849,-0.12456402505855842,-0.6618511930785459,-0.2725776834813603,-0.1025944778247525,-0.0024224902376043388,0.23285302300948948,-0.25001587343608167,0.1366452629017382,-0.010876718647855325,0.01607385058410929,-0.02384684790468722,0.002791600705027366,0.004069221557224792,-0.0008250631600237647,-0.008637749281764534,-0.0022273901156831017,0.003330912187072913,-0.0007173387920373289,0.0020854973243268683,0.0009993639721600986,-0.0009973618915236986,-0.0007173387920373194,0.003330912187072902,-0.0022273901156831173,-0.008637749281764534,-0.0008250631600237571,0.0040692215572247885,0.0027916007050273694,-0.02384684790468721,0.016073850584109282,-0.010876718647855312,0.13664526290173815,-0.25001587343608167,0.23285302300948946,-0.0024224902376043514,-0.10259447782475248,-0.2725776834813602,-0.6618511930785459,-0.12456402505855838,0.0,-2.1286984607436215
60,-2.1889865060048725,-0.12828850065186634,-0.6661942007767411,-0.2809875243568411,-0.10102936228427248,0.0026824211651435975,0.22786879318974185,-0.24832430776860207,0.14154031923329755,-0.01285844765288669,0.013649527822823677,-0.023019097750270716,0.003364586046411447,0.003610327735141332,-0.0017702827487849947,-0.00868228371189728,-0.0016170944127667547,0.0038683015776703753,-0.000925028886509307,0.0021981702117063406,0.0011005460247045019,-0.000899418319598385,-0.0009250288865092964,0.0038683015776703657,-0.0016170944127667701,-0.00868228371189728,-0.0017702827487849839,0.0036103277351413293,0.0033645860464114473,-0.023019097750270705,0.013649527822823674,-0.012858447652886686,0.14154031923329755,-0.24832430776860212,0.22786879318974182,0.0026824211651435975,-0.10102936228427245,-0.280987524356841,-0.6661942007767409,-0.12828850065186626,0.0,-2.1518244105456046
61,-2.212028522511892,-0.13200553513954008,-0.6703826459221791,-0.28925068807176557,-0.09937049359855654,0.007783443313644098,0.22240882999541922,-0.24592713281176892,0.14591011157151126,-0.014779788002855034,0.011146071714144978,-0.022029885164334975,0.003909488377149316,0.0031160724376331234,-0.0026953957177860643,-0.008613631296003786,-0.0009828164713067754,0.004340937467572208,-0.0011153620915959979,0.002264895543226148,0.0011762433379147654,-0.0007785171621262451,-0.0011153620915959868,0.004340937467572197,-0.0009828164713067905,-0.008613631296003788,-0.0026953957177860504,0.003116072437633121,0.003909488377149317,-0.02202988516433497,0.011146071714144973,-0.014779788002855026,0.14591011157151132,-0.24592713281176898,0.22240882999541922,0.007783443313644098,-0.0993704935985565,-0.28925068807176557,-0.6703826459221788,-0.13200553513953994,0.0,-2.174414217102222
62,-2.2346012178493226,-0.13571491292278373,-0.6744155567610187,-0.2973628612054805,-0.09761941116321504,0.012873180213444376,0.21648453247190708,-0.24283116009737682,0.14973842337408186,-0.016631716278854347,0.008577996083350003,-0.020886148762422087,0.0044217595900610225,0.002591296664697553,-0.0035898947654585344,-0.008432687023315568,-0.0003339629188784995,0.0047409081601821005,-0.0012847670675963211,0.002284278583446362,0.0012247030307189896,-0.000637744412137326,-0.0012847670675963097,0.004740908160182091,-0.0003339629188785164,-0.008432687023315568,-0.0035898947654585188,0.00259129666469755,0.004421759590061024,-0.020886148762422074,0.008577996083350001,-0.016631716278854344,0.14973842337408183,-0.24283116009737685,0.2164845324719071,0.012873180213444363,-0.097619411163215,-0.2973628612054804,-0.6744155567610186,-0.13571491292278362,0.0,-2.1964787276153235
63,-2.2567032067123503,-0.13941641884691253,-0.6782919976246612,-0.30531980915531465,-0.09577773994629853,0.017944252232623355,0.2101082690792012,-0.23904518677914174,0.15301104756308204,-0.01840553505014651,0.005960189388388452,-0.019595911033617977,0.004897123938374897,0.0020411403501465948,-0.004443620298799695,-0.008141809779145715,0.0003198434540666483,0.0050615183392218105,-0.0014300651641214767,0.002255914175696901,0.0012448029486487513,-0.0004806932835790329,-0.0014300651641214652,0.005061518339221801,0.00031984345406663135,-0.008141809779145715,-0.004443620298799675,0.0020411403501465935,0.0048971239383748975,-0.019595911033617963,0.005960189388388447,-0.018405535050146495,0.15301104756308206,-0.23904518677914183,0.2101082690792012,0.017944252232623362,-0.0957777399462985,-0.3053198091553146,-0.6782919976246612,-0.13941641884691244,0.0,-2.218029394825343
64,-2.2783331037962764,-0.14310983821383236,-0.6820110691468336,-0.313117378347067,-0.09384718898036128,0.02298930680155257,0.2032933518696389,-0.2345799706357387,0.15571583924821106,-0.02009291372093834,0.0033078284038190768,-0.01816822206855569,0.005331613723874758,0.0014709920183536486,-0.005246875824585391,-0.007744791593211394,0.0009689064045180392,0.0052974011450929726,-0.0015485300630790674,0.002180395210920673,0.0012360776489532886,-0.0003113724947980324,-0.0015485300630790557,0.005297401145092966,0.0009689064045180232,-0.007744791593211395,-0.0052468758245853685,0.001470992018353645,0.0053316137238747585,-0.018168222068555676,0.0033078284038190646,-0.020092913720938327,0.15571583924821109,-0.23457997063573874,0.20329335186963887,0.02298930680155254,-0.09384718898036125,-0.313117378347067,-0.6820110691468334,-0.14310983821383222,0.0,-2.2390779775932073
65,-2.2994895237962876,-0.14679495679449292,-0.6855719084722487,-0.3207514984031973,-0.0918295497765145,0.02800102907341902,0.19605400869564416,-0.22944819950275683,0.1578427607971574,-0.02168592765434816,0.0006362902332258423,-0.016613096079532035,0.005721602413874699,0.0008864360061718242,-0.005990538080761411,-0.0072468082047273214,0.0016036000365572496,0.005444608013515538,-0.0016379389342664542,0.0020593002346889194,0.001198729178601433,-0.00013410394630334656,-0.0016379389342664433,0.005444608013515529,0.0016036000365572327,-0.007246808204727322,-0.005990538080761388,0.0008864360061718223,0.005721602413874701,-0.01661309607953203,0.0006362902332258357,-0.02168592765434815,0.15784276079715737,-0.22944819950275686,0.19605400869564418,0.028001029073419,-0.09182954977651447,-0.32075149840319717,-0.6855719084722485,-0.1467949567944928,0.0,-2.259636247799573
66,-2.320171081407798,-0.1504715608413136,-0.6889736894567952,-0.3282181842675867,-0.08972669466194144,0.03297215253005389,0.1884053535055102,-0.22366445522043074,0.1593839190858108,-0.023177095389819297,-0.002038936839776495,-0.014941441158003528,0.0060638349106057554,0.0002931977669603728,-0.006666160657156739,-0.006654351588729831,0.002214511557730406,0.005500674772587335,-0.0016966141437092883,0.00189516045143481,0.0011336223955910158,4.658759542189824e-05,-0.0016966141437092784,0.005500674772587328,0.0022145115577303907,-0.0066543515887298324,-0.006666160657156714,0.000293197766960369,0.0060638349106057554,-0.014941441158003513,-0.0020389368397764986,-0.023177095389819297,0.1593839190858108,-0.22366445522043085,0.1884053535055102,0.0329721525300539,-0.08972669466194146,-0.32821818426758675,-0.6889736894567949,-0.15047156084131344,0.0,-2.2797157097495604
67,-2.3403763913259943,-0.15413943710058145,-0.6922156228592092,-0.33551353828576175,-0.08754057504241675,0.03789546951768924,0.1803633547892334,-0.21724517219959022,0.1603335947900841,-0.024559413779191925,-0.004702343145104742,-0.013164982762162282,0.0063554547203665875,-0.0003029122075592168,-0.007266069928609358,-0.005975145323254066,0.002792580875000169,0.005464662891831965,-0.0017234547321458528,0.0016914068156038632,0.0010422649419076137,0.0002260899922475851,-0.0017234547321458434,0.0054646628918319584,0.0027925808750001546,-0.005975145323254066,-0.007266069928609333,-0.0003029122075592227,0.006355454720366587,-0.013164982762162268,-0.004702343145104753,-0.02455941377919192,0.16033359479008416,-0.2172451721995902,0.18036335478923338,0.03789546951768923,-0.08754057504241676,-0.33551353828576186,-0.692215622859209,-0.15413943710058128,0.0,-2.299327337813004
68,-2.360104068246178,-0.15779837282482062,-0.6952969565241852,-0.34263375223949244,-0.08527321959144246,0.042763841697366675,0.17194480224027756,-0.21020859072356143,0.16068826361064345,-0.02582639087641963,-0.00733848754375803,-0.01129618147127154,0.0065940277956669,-0.0008960552983581984,-0.007783452210909799,-0.005218043900682614,0.003329234960006494,0.005337175192745818,-0.001717957073006941,0.0014522983156557063,0.0009267723318878282,0.000399821458878496,-0.0017179570730069325,0.005337175192745813,0.00332923496000648,-0.005218043900682615,-0.007783452210909775,-0.0008960552983582024,0.006594027795666899,-0.011296181471271522,-0.0073384875437580285,-0.025826390876419622,0.16068826361064345,-0.2102085907235614,0.17194480224027753,0.04276384169736669,-0.08527321959144243,-0.34263375223949233,-0.6952969565241851,-0.15779837282482048,0.0,-2.3184813374559816
69,-2.3793527268636483,-0.16144815578513227,-0.6982169755568827,-0.34957510933470515,-0.08292673236768115,0.04757021039484672,0.16316727170286904,-0.2025747051187129,0.16044660935177849,-0.02697207642646676,-0.00993208694805855,-0.009348145583655003,0.006777562851361614,-0.001480421945649378,-0.008212431149657619,-0.0043929172958961015,0.0038165149909388375,0.005120345757857284,-0.0016802243222728084,0.00118283294997071,0.0007898189644166712,0.0005633475125823513,-0.0016802243222728012,0.005120345757857282,0.003816514990938825,-0.0043929172958961015,-0.008212431149657593,-0.0014804219456493806,0.006777562851361613,-0.009348145583654993,-0.009932086948058548,-0.02697207642646676,0.1604466093517785,-0.20257470511871292,0.16316727170286902,0.04757021039484672,-0.08292673236768111,-0.34957510933470504,-0.6982169755568828,-0.16144815578513216,0.0,-2.3371869341432676
70,-2.3981209818737073,-0.16508857428350435,-0.7009750024887867,-0.3563339861416713,-0.08050329086243352,0.05230760683501141,0.15404908847800478,-0.19436520694091797,0.15960952880587823,-0.02799108981019794,-0.012468104925587302,-0.007334539171402471,0.006904527985204232,-0.002050288550814246,-0.008548134463059163,-0.003510522296056421,0.004247194385448568,0.004817804207215626,-0.0016109644828936833,0.0008886432554998896,0.0006345761933426763,0.0007124941630309158,-0.0016109644828936768,0.004817804207215625,0.004247194385448558,-0.003510522296056421,-0.008548134463059135,-0.0020502885508142496,0.0069045279852042295,-0.007334539171402458,-0.0124681049255873,-0.02799108981019793,0.15960952880587828,-0.194365206940918,0.15404908847800475,0.0523076068350114,-0.0805032908624335,-0.3563339861416712,-0.7009750024887864,-0.16508857428350424,0.0,-2.35545219382925
71,-2.4164074479714275,-0.1687194171650909,-0.7035703974348863,-0.36290685448645904,-0.07800514397897161,0.05696916224592208,0.1446092890647807,-0.18560342333936805,0.15818012842538445,-0.028878645314018795,-0.014931838873132233,-0.005269486236721673,0.0069738634640935,-0.002600073536380547,-0.008786749280611445,-0.00258236226943572,0.004614885974120338,0.004434614940303812,-0.0015114771200923148,0.0005758785728848619,0.00046463889018009285,0.0008434544530919135,-0.0015114771200923098,0.00443461494030381,0.004614885974120329,-0.00258236226943572,-0.008786749280611416,-0.0026000735363805507,0.006973863464093501,-0.005269486236721662,-0.014931838873132234,-0.02887864531401879,0.1581801284253844,-0.18560342333936808,0.1446092890647807,0.056969162245922064,-0.07800514397897158,-0.3629068544864588,-0.7035703974348863,-0.16871941716509078,0.0,-2.3732838779249703
72,-2.434210739852337,-0.17234047383045945,-0.7060025582421343,-0.3692902832926611,-0.0754346099456034,0.06154811781788203,0.13486758141691568,-0.17631425077287585,0.15616371279457397,-0.029630574605591233,-0.017309005255256377,-0.0031674716422109106,0.006984990569291086,-0.003124392014969008,-0.008925565449143196,-0.0016205372014188165,0.004914136725071528,0.003977192360436404,-0.0013836289768175568,0.00025107650901741847,0.0002839421996452974,0.0009528856311259783,-0.001383628976817553,0.003977192360436405,0.00491413672507152,-0.0016205372014188163,-0.008925565449143169,-0.0031243920149690127,0.006984990569291083,-0.0031674716422108954,-0.017309005255256384,-0.029630574605591226,0.15616371279457394,-0.1763142507728759,0.13486758141691566,0.06154811781788202,-0.07543460994560336,-0.369290283292661,-0.7060025582421343,-0.1723404738304594,0.0,-2.3906873347501527
73,-2.451529472211509,-0.1759515342478066,-0.7082709206291508,-0.3754809403724375,-0.07279407416440518,0.0660378345030644,0.12484430379744511,-0.1665240842670119,0.15356776494395166,-0.030243346310067636,-0.019585822413314132,-0.001043239509955272,0.00693781642678234,-0.003618108531752389,-0.00896300631434925,-0.0006375859526891794,0.005140508614871343,0.003453193500745106,-0.001229818946891318,-7.897371618971134e-05,9.667041567370923e-05,0.0010379944744730153,-0.0012298189468913155,0.003453193500745107,0.0051405086148713355,-0.0006375859526891797,-0.008963006314349226,-0.003618108531752394,0.006937816426782338,-0.0010432395099552547,-0.019585822413314132,-0.030243346310067625,0.15356776494395163,-0.16652408426701185,0.12484430379744509,0.06603783450306439,-0.07279407416440514,-0.37548094037243757,-0.7082709206291504,-0.17595153424780646,0.0,-2.407666428571985
74,-2.4683622597442434,-0.17955238896514034,-0.7103749583171404,-0.38147559416593707,-0.07008598699761825,0.07043180264149687,0.11456038231748526,-0.156260742413089,0.15040191858030805,-0.03071408259490609,-0.02174909046482913,0.001088310197896151,0.0068327347824629105,-0.004076387363839085,-0.008898646628205982,0.0003536772039958083,0.005290644446427336,0.0028713898491411496,-0.0010529330630793983,-0.00040737318240795716,-9.283991197480414e-05,0.0010966085862523347,-0.0010529330630793979,0.0028713898491411517,0.0052906444464273315,0.0003536772039958081,-0.008898646628205956,-0.0040763873638390916,0.006832734782462911,0.001088310197896166,-0.02174909046482913,-0.03071408259490609,0.15040191858030796,-0.156260742413089,0.11456038231748525,0.07043180264149686,-0.07008598699761823,-0.38147559416593685,-0.7103749583171401,-0.17955238896514025,0.0,-2.424223506417272
75,-2.484707717145842,-0.18314282912242885,-0.7123141831519949,-0.38727111542819026,-0.06731286149376349,0.07472365139944619,0.10403728724771699,-0.14555338832210907,0.14667792233549792,-0.03104057268537716,-0.023786267830015837,0.003212226191659129,0.006670622715680878,-0.004494739883922278,-0.008733217378877877,0.0013403296374471358,0.005362317637730502,0.002241520517842754,-0.000856290344672891,-0.0007272574745260633,-0.0002802003968149555,0.0011272318456310565,-0.0008562903446728921,0.0022415205178427573,0.0053623176377305005,0.0013403296374471358,-0.00873321737887785,-0.004494739883922279,0.006670622715680877,0.00321222619165914,-0.02378626783001583,-0.03104057268537716,0.14667792233549792,-0.14555338832210907,0.10403728724771699,0.07472365139944619,-0.06731286149376349,-0.3872711154281902,-0.7123141831519949,-0.18314282912242869,0.0,-2.4403594019423713
76,-2.500564459111718,-0.18672264646371495,-0.7140881452175479,-0.3928644788625953,-0.06447727105558484,0.0789071580065182,0.09329698819379997,-0.13443244675828026,0.14240959616661447,-0.03122128324728786,-0.02568554394178114,0.005313610726668952,0.006452833318565407,-0.004869068524289811,-0.00846859748825791,0.00230950882430434,0.005354465243069425,0.0015741292153388941,-0.0006435805206754845,-0.0010319401670331883,-0.0004610724350896222,0.001129082596196819,-0.0006435805206754868,0.0015741292153388987,0.005354465243069422,0.002309508824304339,-0.008468597488257885,-0.0048690685242898145,0.006452833318565405,0.005313610726668964,-0.025685543941781137,-0.03122128324728786,0.1424095961666145,-0.13443244675828026,0.09329698819379995,0.07890715800651818,-0.06447727105558483,-0.3928644788625953,-0.7140881452175477,-0.1867226464637148,0.0,-2.4560734747761965
77,-2.515931100336946,-0.19029163334919588,-0.7156964329399593,-0.39825276470013976,-0.0615818470519851,0.08297625677807975,0.08236190822929926,-0.12292951768756763,0.13761278006936006,-0.031255365588161145,-0.027435907717668663,0.007377724100255233,0.0061811844022449615,-0.005195706910587831,-0.00810779247143983,0.0032485800316981936,0.005267203716993947,0.0008803877497999571,-0.00041879479713504537,-0.0013150525879498422,-0.0006312676724321596,0.0011021135976794231,-0.0004187947971350496,0.0008803877497999625,0.00526720371699395,0.003248580031698195,-0.00810779247143981,-0.005195706910587836,0.006181184402244961,0.007377724100255243,-0.027435907717668663,-0.031255365588161145,0.13761278006936006,-0.12292951768756763,0.08236190822929926,0.08297625677807972,-0.061581847051985085,-0.3982527647001396,-0.7156964329399593,-0.1902916333491958,0.0,-2.4713636829349204
78,-2.5308062555169393,-0.1938495827672667,-0.7171386731832045,-0.4034331602235372,-0.058629276376170214,0.08692504790992184,0.07125487708188366,-0.11107728648692845,0.13230527529494168,-0.03114265964305121,-0.029027211396778586,0.009390088040165674,0.005857943324220233,-0.0054714557722466825,-0.0076549003005050445,0.004145301030316003,0.005101827187241761,0.0001719090184030069,-0.00018615096767486894,-0.0015706769408718345,-0.0007868449912861698,0.001047013231755209,-0.00018615096767487472,0.000171909018403015,0.005101827187241764,0.004145301030316001,-0.0076549003005050254,-0.005471455772246685,0.005857943324220232,0.009390088040165686,-0.029027211396778586,-0.031142659643051206,0.13230527529494168,-0.1110772864869285,0.07125487708188363,0.08692504790992184,-0.05862927637617019,-0.40343316022353715,-0.7171386731832045,-0.19384958276726658,0.0,-2.4862266851609425
79,-2.5451885393467713,-0.19739628834652745,-0.7184145313356441,-0.4084029612354835,-0.05562229895226851,0.09074780603241145,0.0599990834705318,-0.09890943106937047,0.12650677828863804,-0.030883694726275487,-0.030450229371567442,0.0113365872592433,0.0054858080635324016,-0.005693614277843208,-0.007115064860338375,0.004987981690582755,0.004860788262241121,-0.0005394473869599539,4.998572757795243e-05,-0.0017934700025253605,-0.0009242017731983598,0.0009651879311560904,4.99857275779453e-05,-0.0005394473869599463,0.004860788262241123,0.004987981690582755,-0.007115064860338356,-0.005693614277843208,0.0054858080635324,0.011336587259243313,-0.030450229371567446,-0.03088369472627549,0.12650677828863807,-0.0989094310693705,0.05999908347053179,0.09074780603241143,-0.05562229895226851,-0.4084029612354835,-0.7184145313356437,-0.19739628834652725,0.0,-2.5006579693796067
80,-2.5590765665219695,-0.20093154436775365,-0.7195237113876564,-0.4131595734702632,-0.052563705192738,0.09443898851173027,0.04861802669325325,-0.08646052618873595,0.1202388075951962,-0.030479687045532992,-0.03169671167344971,0.013203568464024047,0.005067884701685569,-0.005860006488484219,-0.006494417525114898,0.005765636381377898,0.004547661657823103,-0.00124177370352415,0.0002851845096941496,-0.001978774810228024,-0.0010401573226737379,0.0008587262805789389,0.0002851845096941414,-0.0012417737035241411,0.004547661657823111,0.005765636381377897,-0.006494417525114885,-0.005860006488484222,0.005067884701685568,0.013203568464024056,-0.03169671167344971,-0.030479687045532992,0.12023880759519621,-0.08646052618873602,0.04861802669325324,0.09443898851173026,-0.052563705192738015,-0.413159573470263,-0.7195237113876561,-0.20093154436775348,0.0,-2.51465200290926
81,-2.572468951737495,-0.20445514577582846,-0.7204659560003156,-0.41770051394797114,-0.049456333408921783,0.09799324348616378,0.037135467566398066,-0.07376594519612763,0.1135246240023157,-0.02993253399008358,-0.03275943180211748,0.014977936122780514,0.004607661497282179,-0.0059690026701125646,-0.0058000075190238415,0.006468127184537345,0.004167091182575646,-0.0019233133278513382,0.0005150321983889973,-0.002122718004693252,-0.0011320265207927932,0.0007303457057169213,0.000515032198388988,-0.0019233133278513288,0.004167091182575656,0.006468127184537347,-0.0058000075190238285,-0.005969002670112566,0.004607661497282177,0.014977936122780523,-0.03275943180211748,-0.02993253399008359,0.11352462400231568,-0.07376594519612767,0.03713546756639805,0.09799324348616383,-0.04945633340892181,-0.41770051394797114,-0.7204659560003156,-0.20445514577582832,0.0,-2.5282023996155916
82,-2.585364309688873,-0.20796688819163633,-0.7212410465650952,-0.4220234122706441,-0.04630306717715412,0.10140541762578932,0.02557537881798091,-0.060861759527134456,0.10638914421857225,-0.029244805219813434,-0.03363222862128717,0.01664724432126793,0.004108979770761241,-0.006019535255991702,-0.005039721852182482,0.007086296058120692,0.003724720868070436,-0.002572657615694977,0.0007352160192547735,-0.0022222907934567066,-0.0011976820030343283,0.0005833231111712925,0.0007352160192547635,-0.002572657615694967,0.0037247208680704453,0.007086296058120691,-0.005039721852182471,-0.006019535255991702,0.004108979770761238,0.01664724432126795,-0.03363222862128717,-0.02924480521981344,0.10638914421857225,-0.06086175952713442,0.025575378817980842,0.10140541762578932,-0.046303067177154135,-0.4220234122706442,-0.721241046565095,-0.2079668881916362,0.0,-2.5413020988789525
83,-2.597761255071293,-0.21146656792391785,-0.7218488032545867,-0.4261260118596213,-0.04310683266286169,0.1046705636043114,0.013961895038586553,-0.0477846362054618,0.09885884840612706,-0.028419730597036105,-0.03431004207798171,0.0181997840618702,0.0035760018422541996,-0.006011109303023718,-0.004222195741096642,0.007612084225493323,0.003227111265332397,-0.0031789368571965336,0.0009416045270156242,-0.0022754118425755286,-0.0012356034214862858,0.0004214112377057776,0.0009416045270156135,-0.003178936857196524,0.0032271112653324105,0.007612084225493324,-0.004222195741096638,-0.0060111093030237196,0.0035760018422541983,0.018199784061870207,-0.0343100420779817,-0.028419730597036116,0.09885884840612703,-0.0477846362054618,0.01396189503858651,0.10467056360431143,-0.04310683266286171,-0.42612601185962123,-0.7218488032545867,-0.21146656792391771,0.0,-2.5539435510499424
84,-2.609658402580055,-0.21495398198108415,-0.722289085064223,-0.4300061711334929,-0.039870595905142914,0.10778394727221224,0.002319262294346233,-0.03457173365420853,0.09096168191137288,-0.027461185017706478,-0.03478894253826561,0.01962466539380526,0.00301317629016981,-0.005943807339486007,-0.0033567145310993696,0.008038637233804173,0.002681642148912885,-0.0037320022305803373,0.0011303251263917232,-0.0022809707819979744,-0.001244912650706626,0.00024874287381838206,0.0011303251263917124,-0.0037320022305803277,0.0026816421489128986,0.008038637233804173,-0.003356714531099367,-0.005943807339486007,0.003013176290169808,0.019624665393805262,-0.0347889425382656,-0.027461185017706485,0.0909616819113729,-0.03457173365420855,0.002319262294346207,0.10778394727221226,-0.0398705959051429,-0.4300061711334928,-0.722289085064223,-0.214953981981084,0.0,-2.566118904007434
85,-2.6210543669103457,-0.21842892808299122,-0.72256178984499,-0.43366186462601747,-0.036597360064345504,0.11074105452081584,-0.009328212492818717,-0.021260596110840895,0.08272695155820005,-0.026373670213286602,-0.035066153569358015,0.020911893798305395,0.002425200820482331,-0.005818288556705302,-0.002453108234718845,0.008360394312261153,0.0020964030715089326,-0.0042225956885299995,0.0012978367360007832,-0.0022388514152264865,-0.0012253941219914901,6.97253666231219e-05,0.001297836736000772,-0.00422259568852999,0.002096403071508947,0.008360394312261155,-0.0024531082347188436,-0.005818288556705302,0.002425200820482329,0.020911893798305402,-0.035066153569358,-0.026373670213286612,0.08272695155820009,-0.021260596110840878,-0.009328212492818778,0.11074105452081584,-0.036597360064345504,-0.43366186462601736,-0.7225617898449899,-0.21842892808299103,0.0,-2.57782018550465
86,-2.631947762757465,-0.22189120467267257,-0.7226668543271278,-0.4370911840434281,-0.03329016263519609,0.11353759782731393,-0.020956212292005515,-0.007889046945881271,0.07418521688874376,-0.02516229360872955,-0.03514006803604447,0.022052440292985392,0.001816983056639992,-0.005635782352586245,-0.0015216398837937244,0.008573160865282547,0.0014800733922529124,-0.004642504933430465,0.0014409962318591757,-0.0021499341481310036,-0.0011774998151811804,-0.00011107187535644776,0.0014409962318591642,-0.004642504933430454,0.0014800733922529284,0.008573160865282549,-0.001521639883793726,-0.005635782352586245,0.0018169830566399895,0.02205244029298539,-0.03514006803604447,-0.025162293608729566,0.07418521688874376,-0.007889046945881254,-0.02095621229200555,0.11353759782731393,-0.03329016263519609,-0.43709118404342795,-0.7226668543271278,-0.22189120467267243,0.0,-2.589039476190305
87,-2.6423372048168283,-0.2253406109280304,-0.72260425413481,-0.44029233926057254,-0.029952072628068375,0.1161695224712643,-0.032540460731243365,0.005504918811554479,0.06536817675522413,-0.023832744335872923,-0.035010257418068055,0.023038304763666573,0.0011935995773664691,-0.0053980762902325966,-0.0005728889634167302,0.008674163155465212,0.0008417935579070838,-0.004984700887264982,0.0015571174237621348,-0.002016077586143899,-0.0011023387924114472,-0.00028903401599909877,0.0015571174237621237,-0.004984700887264971,0.0008417935579070993,0.008674163155465214,-0.000572888963416735,-0.005398076290232596,0.0011935995773664676,0.023038304763666577,-0.035010257418068055,-0.023832744335872926,0.06536817675522413,0.005504918811554479,-0.032540460731243406,0.1161695224712643,-0.029952072628068357,-0.4402923392605724,-0.72260425413481,-0.22534061092803032,0.0,-2.599769068517294
88,-2.652221307783508,-0.2287769467734835,-0.7223740037917976,-0.4432636592553696,-0.02658618772100537,0.11863301241354773,-0.04405677278052103,0.018883242435984902,0.056308551683743685,-0.022391266514893197,-0.03467747429448213,0.023862572079429774,0.0005602535442524093,-0.00510749858960079,0.0003823687483528357,0.008662084463493525,0.0001910295459208905,-0.005243455354987286,0.0016440214579327228,-0.0018400796845037283,-0.0010016515161712517,-0.0004596185849338435,0.0016440214579327116,-0.005243455354987276,0.00019102954592090584,0.008662084463493525,0.0003823687483528282,-0.005107498589600789,0.0005602535442524066,0.02386257207942978,-0.03467747429448212,-0.0223912665148932,0.05630855168374367,0.01888324243598492,-0.044056772780521065,0.11863301241354772,-0.026586187721005343,-0.4432636592553696,-0.7223740037917973,-0.22877694677348334,0.0,-2.6100016071925727
89,-2.6615986863528054,-0.23220001289157258,-0.7219761567180702,-0.44600359298109266,-0.023195631385138693,0.12092449582925988,-0.05548110524411528,0.032207909648782986,0.04703996244659563,-0.020844629929302527,-0.03414364798056169,0.02451946059729016,-7.776872719551412e-05,-0.004766895323671921,0.0013332835702441744,0.00853708225358931,-0.0004625675202784577,-0.00541443691174096,0.0017000777002034741,-0.001625619263610174,-0.0008777695463696265,-0.0006184714237574633,0.0017000777002034635,-0.005414436911740951,-0.000462567520278441,0.008537082253589314,0.0013332835702441637,-0.004766895323671918,-7.776872719551735e-05,0.024519460597290165,-0.03414364798056168,-0.020844629929302538,0.0470399624465956,0.032207909648782986,-0.05548110524411529,0.12092449582925983,-0.023195631385138693,-0.44600359298109243,-0.7219761567180701,-0.23220001289157244,0.0,-2.6197302073672866
90,-2.6704679552201345,-0.23560961073452083,-0.7214108052174328,-0.44851071017602456,-0.019783549986172332,0.12304065028651588,-0.06678960695680482,0.0454410586351011,0.03759680529370904,-0.01920009823221024,-0.03341187334256845,0.02500436271626869,-0.0007151418905618962,-0.004379602542494989,0.0022690551469122487,0.008300786120724919,-0.0011093045017936498,-0.005494783408820196,0.0017242343326142819,-0.0013771791119735236,-0.0007335615496844983,-0.0007615378256031043,0.0017242343326142728,-0.005494783408820187,-0.0011093045017936342,0.008300786120724919,0.0022690551469122366,-0.004379602542494986,-0.0007151418905618973,0.02500436271626869,-0.033411873342568434,-0.01920009823221024,0.037596805293709026,0.04544105863510117,-0.06678960695680482,0.12304065028651588,-0.019783549986172325,-0.4485107101760244,-0.7214108052174328,-0.23560961073452072,0.0,-2.628948547402378
91,-2.6788277290805684,-0.23900554253575068,-0.7206780804560994,-0.45078370211006363,-0.016353109864620782,0.12497840756365916,-0.07795866857917168,0.05854508762757289,0.028014124306253017,-0.01746539483316596,-0.03248639285521606,0.025313877196402414,-0.0013465460173070784,-0.003949413598133428,0.003179055117838186,0.007956276546360592,-0.0017395899978732909,-0.005483149884657226,0.0017160380893236253,-0.0010999522841098992,-0.0005723668714253061,-0.0008851660312307342,0.0017160380893236165,-0.005483149884657219,-0.0017395899978732763,0.007956276546360592,0.003179055117838172,-0.0039494135981334244,-0.0013465460173070812,0.025313877196402414,-0.03248639285521605,-0.017465394833165972,0.028014124306253017,0.05854508762757289,-0.07795866857917169,0.12497840756365915,-0.016353109864620772,-0.4507837021100636,-0.7206780804560993,-0.23900554253575051,0.0,-2.637650933756066
92,-2.6866766226296352,-0.24238761132135467,-0.7197781524322614,-0.4528213822678883,-0.012907494397510932,0.12673495809788932,-0.08896497188803104,0.07148276175109428,0.01832748134610337,-0.015648666625794005,-0.03137257200585777,0.025445833015999057,-0.001966711000330562,-0.003480541990551793,0.004052947832736901,0.007508044739657662,-0.0023440765907053874,-0.005379731078829575,0.0016756427615160225,-0.000799733552003394,-0.0003979182081492785,-0.0009862004399094672,0.001675642761516015,-0.0053797310788295674,-0.002344076590705373,0.0075080447396576626,0.004052947832736883,-0.0034805419905517897,-0.001966711000330564,0.02544583301599905,-0.03137257200585777,-0.015648666625794012,0.018327481346103378,0.0714827617510943,-0.0889649718880311,0.1267349580978893,-0.012907494397510924,-0.45282138226788815,-0.7197781524322613,-0.24238761132135453,0.0,-2.645832336308299
93,-2.694013250562294,-0.24575562092152053,-0.7187112299366482,-0.454622686968325,-0.009449901044274525,0.12830775505885947,-0.09978553845908268,0.08421731882508691,0.008572824083796064,-0.013758445726569065,-0.030076868187991015,0.02539930459979425,-0.0025704605416924445,-0.002977580098349808,0.004880807742403499,0.006961934087698707,-0.002913799471833935,-0.005186258172213562,0.0016038063117228768,-0.00048279827908588406,-0.00021425517165908636,-0.0010620621558909368,0.0016038063117228705,-0.005186258172213558,-0.0029137994718339204,0.006961934087698708,0.004880807742403477,-0.0029775800983498062,-0.0025704605416924466,0.025399304599794247,-0.03007686818799101,-0.013758445726569073,0.008572824083796051,0.08421731882508697,-0.09978553845908275,0.1283077550588595,-0.009449901044274525,-0.45462268696832486,-0.7187112299366483,-0.2457556209215204,0.0,-2.653488393244914
94,-2.7008362275740736,-0.24910937598190935,-0.7174775605040841,-0.4561866759195959,-0.005983538379572251,0.12969451804133725,-0.11039777764014642,0.09671257382260788,-0.0012136474052764116,-0.011803609404424178,-0.0286067932644193,0.025174618311197064,-0.0031527553573429718,-0.002445454198557001,0.005653232131689921,0.006325063978000609,-0.003440309394306422,-0.004905969807852293,0.0015018766517024857,-0.00015577124858785876,-2.5630745932865227e-05,-0.00111081481453099,0.0015018766517024807,-0.00490596980785229,-0.00344030939430641,0.006325063978000609,0.005653232131689897,-0.002445454198556996,-0.0031527553573429735,0.025174618311197057,-0.028606793264419294,-0.01180360940442419,-0.001213647405276416,0.09671257382260788,-0.11039777764014644,0.12969451804133725,-0.005983538379572251,-0.4561866759195958,-0.7174775605040837,-0.2491093759819092,0.0,-2.6606153854509538
95,-2.70714416836016,-0.25244868197498727,-0.7160774303560582,-0.4575125327101576,-0.0025116231158032903,0.1308932363715738,-0.12077953371482622,0.10893302168948688,-0.010995614981357437,-0.009793338389378214,-0.02697087001711215,0.024773350163085142,-0.003708735238245555,-0.0018893762160480114,0.006361447914206714,0.005605736986410594,-0.003915797978812009,-0.004543557877634811,0.0013717663507376646,0.0001745118119062529,0.00016358719688793988,-0.0011312140078528544,0.0013717663507376607,-0.004543557877634807,-0.003915797978811998,0.005605736986410591,0.00636144791420669,-0.001889376216048008,-0.0037087352382455573,0.02477335016308514,-0.026970870017112153,-0.009793338389378226,-0.010995614981357399,0.1089330216894869,-0.12077953371482622,0.13089323637157382,-0.002511623115803299,-0.45751253271015746,-0.716077430356058,-0.25244868197498715,0.0,-2.6672101811888984
96,-2.712935687615855,-0.25577334521130823,-0.7145111643343215,-0.45859956523487194,0.0009626228819367488,0.13190217202258894,-0.13090913215813654,0.12084393823133317,-0.020736777218961885,-0.007737073755982919,-0.025178582736245597,0.024198314763206705,-0.0042337596168239506,-0.001314792675170574,0.006997411275790866,0.0048133306403328885,-0.004333213515463902,-0.004105088982291239,0.0012159167489148338,0.0005011471151961992,0.00034901704091277596,-0.0011227390479679595,0.001215916748914832,-0.004105088982291236,-0.004333213515463893,0.004813330640332888,0.006997411275790843,-0.0013147926751705683,-0.004233759616823952,0.024198314763206694,-0.025178582736245597,-0.0077370737559829305,-0.02073677721896191,0.12084393823133313,-0.13090913215813665,0.13190217202258897,0.0009626228819367315,-0.45859956523487183,-0.7145111643343215,-0.25577334521130807,0.0,-2.6732701526428078
97,-2.7182094000362307,-0.25908317285074817,-0.7127791258255171,-0.4594472060562894,0.0044359755856797104,0.13271986213414397,-0.14076542488752058,0.13241147878174178,-0.03040098412348417,-0.005644472584083123,-0.02324032223488411,0.023453545571729538,-0.004723446300139781,-0.0007273313535811123,0.007553899035003405,0.003958175168317938,-0.004686365543833338,-0.0035979028794256734,0.0010372521487493323,0.0008173071218295172,0.0005263648891726248,-0.0010856062575954706,0.0010372521487493312,-0.003597902879425673,-0.004686365543833329,0.003958175168317937,0.007553899035003378,-0.0007273313535811067,-0.004723446300139782,0.023453545571729534,-0.0232403222348841,-0.005644472584083134,-0.030400984123484204,0.13241147878174178,-0.14076542488752064,0.13271986213414397,0.0044359755856797104,-0.45944720605628947,-0.7127791258255171,-0.25908317285074794,0.0,-2.6787930666748747
98,-2.722963920316702,-0.26237797291369136,-0.7108817166768736,-0.46005501270085475,0.007905211796415628,0.13334512113374897,-0.15032783441478717,0.1436027743713369,-0.03995237128583805,-0.0035253626051255493,-0.021167325608082054,0.02254426660941594,-0.005173708046508286,-0.00013274616078877646,0.008024590682997164,0.0030514188297352004,-0.004970016660266169,-0.0030304896195177127,0.0008391249446878257,0.0011163832536860892,0.0006915239950318008,-0.0010207634484410135,0.0008391249446878268,-0.0030304896195177135,-0.004970016660266164,0.0030514188297352,0.00802459068299714,-0.00013274616078877026,-0.005173708046508287,0.022544266609415935,-0.021167325608082054,-0.0035253626051255644,-0.03995237128583807,0.14360277437133695,-0.15032783441478717,0.13334512113374897,0.007905211796415611,-0.4600550127008546,-0.7108817166768734,-0.26237797291369114,0.0,-2.683776952847714
99,-2.7271978631526825,-0.26565755429216464,-0.708819377102973,-0.4604226678898811,0.011367112135154409,0.1337770424556299,-0.1595763968067897,0.15438602512438793,-0.049355492977272424,-0.0013896960470162738,-0.018971611085652425,0.021476855814870494,-0.005580786680260176,0.00046313921870316685,0.008404140170957641,0.0021048825801632033,-0.00517996019093819,-0.0024123474265766325,0.0006252527200569153,0.0013921240306932663,0.0008406698598623515,-0.0009298657283735551,0.0006252527200569179,-0.0024123474265766356,-0.005179960190938183,0.002104882580163201,0.008404140170957614,0.00046313921870317194,-0.005580786680260178,0.021476855814870487,-0.01897161108565242,-0.0013896960470162823,-0.04935549297727241,0.15438602512438798,-0.15957639680678973,0.1337770424556299,0.011367112135154426,-0.460422667889881,-0.7088193771029732,-0.26565755429216453,0.0,-2.6882199523970196
100,-2.7309098432392465,-0.2689217267609232,-0.7065925855836177,-0.460549979705171,0.014818464030442468,0.13401499985516216,-0.16849180336515335,0.1647305906176147,-0.05857545369044128,0.0007524971057093299,-0.016665908356294702,0.020258800307883344,-0.0059412844599057695,0.0010544883656694605,0.008688236629765292,0.0011309059671557426,-0.005313082578722789,-0.0017538237024574686,0.0003996484917468222,0.0016387657432498297,0.0009703487948564943,-0.0008152332549204529,0.0003996484917468256,-0.0017538237024574722,-0.005313082578722787,0.0011309059671557426,0.008688236629765264,0.001054488365669465,-0.005941284459905771,0.020258800307883334,-0.016665908356294706,0.0007524971057093235,-0.058575453690441294,0.16473059061761477,-0.16849180336515343,0.13401499985516216,0.014818464030442477,-0.46054997970517086,-0.7065925855836177,-0.268921726760923,0.0,-2.69212015237989
101,-2.7340984752716935,-0.2721703009884833,-0.7042018587528175,-0.4604368816891987,0.018256064699562136,0.1340586483168653,-0.1770554409380361,0.17460707694442815,-0.0675780376385715,0.002891156216894363,-0.014263584767028943,0.018898643872664336,-0.006252192437882403,0.0016355092911656194,0.0088736533322341,0.00014218626536863493,-0.005367409558645615,-0.0010659418163499385,0.00016654541149230747,0.0018511529289604368,0.0010775578961998776,-0.0006797920134195626,0.00016654541149231284,-0.0010659418163499418,-0.005367409558645615,0.00014218626536863276,0.00887365333223407,0.001635509291165625,-0.006252192437882405,0.018898643872664322,-0.014263584767028943,0.002891156216894352,-0.06757803763857147,0.17460707694442817,-0.17705544093803616,0.13405864831686531,0.01825606469956212,-0.4604368816891986,-0.7042018587528175,-0.27217030098848316,0.0,-2.6954754096609377
102,-2.736762373945325,-0.27540308854810475,-0.7016477512789284,-0.4600834328798022,0.021676724120647386,0.1339079245546428,-0.18524943077976083,0.18398742023721493,-0.07632983573214966,0.005016237247720984,-0.011778567825795887,0.017405927029335466,-0.0065109155751763405,0.0022005111663568507,0.008958284341820149,-0.000848387051833423,-0.005342135437123422,-0.0003602165789005806,-6.968266337270788e-05,0.0020248461353989983,0.0011598145816645415,-0.0005269991314616521,-6.968266337270155e-05,-0.00036021657890058736,-0.005342135437123424,-0.0008483870518334268,0.008958284341820121,0.0022005111663568567,-0.0065109155751763405,0.017405927029335456,-0.011778567825795883,0.005016237247720975,-0.07632983573214967,0.18398742023721504,-0.18524943077976083,0.13390792455464273,0.021676724120647386,-0.4600834328798021,-0.7016477512789283,-0.27540308854810464,0.0,-2.698283169720817
103,-2.7389001539554414,-0.27861990192872005,-0.6989308557359636,-0.459489817779364,0.025077267992957775,0.13356304710354042,-0.19305666587719042,0.19284496641033946,-0.08479836956191053,0.007117759927722962,-0.009225264456515616,0.01579112011403713,-0.006715294401196301,0.0027439600615308886,0.00894116843154948,-0.0018279003463740544,-0.005237635040762837,0.0003515385101578296,-0.000304603239306748,0.0021562147163749785,0.0012152140784009178,-0.0003607546359664099,-0.0003046032393067406,0.0003515385101578219,-0.0052376350407628385,-0.0018279003463740548,0.008941168431549453,0.002743960061530896,-0.006715294401196303,0.015791120114037115,-0.009225264456515605,0.007117759927722954,-0.08479836956191056,0.1928449664103395,-0.19305666587719048,0.1335630471035404,0.025077267992957803,-0.4594898177793639,-0.6989308557359635,-0.27861990192871977,0.0,-2.7005402854721265
104,-2.7405104299972294,-0.2818205545458101,-0.696051802466112,-0.4586563462585007,0.028454540682563405,0.13302451600289172,-0.20046084666491695,0.20115454689727336,-0.09295221192801952,0.00918585462631537,-0.006618477474724597,0.014065549837042968,-0.006863623038111316,0.0032605331483571524,0.008822500001497395,-0.002783584164486398,-0.00505545815751293,0.0010574090142879478,-0.0005338083561798303,0.0022425127220158645,0.0012424735307156715,-0.00018530190528610776,-0.0005338083561798214,0.0010574090142879398,-0.005055458157512936,-0.002783584164486401,0.008822500001497369,0.0032605331483571585,-0.006863623038111318,0.014065549837042958,-0.006618477474724597,0.009185854626315357,-0.09295221192801946,0.20115454689727333,-0.200460846664917,0.1330245160028917,0.028454540682563412,-0.45865634625850044,-0.6960518024661119,-0.28182055454580995,0.0,-2.7022428413408446
105,-2.7415918167661033,-0.2850048607522275,-0.6930112594334934,-0.457583453394308,0.03180540815070752,0.13229311207130856,-0.2074465150547013,0.20889255016664907,-0.10076110346815823,0.011210808704712997,-0.003973319768025063,0.012241319834025564,-0.006954663439210092,0.003745170834506364,0.008603626870820029,-0.0037029797060713298,-0.004798306552611867,0.0017455790020629027,-0.0007529972965569352,0.002281936296362892,0.001240961706455818,-5.119357289548212e-06,-0.0007529972965569249,0.0017455790020628932,-0.004798306552611873,-0.003702979706071331,0.008603626870820004,0.0037451708345063667,-0.006954663439210093,0.012241319834025554,-0.0039733197680250605,0.011210808704712985,-0.10076110346815825,0.20889255016664912,-0.20744651505470135,0.13229311207130856,0.03180540815070749,-0.45758345339430795,-0.6930112594334934,-0.28500486075222736,0.0,-2.7033859878156123
106,-2.7421429289571355,-0.2881726358489637,-0.6898099320691854,-0.45627169924324856,0.03512676086212919,0.13136989577456884,-0.2139990867081168,0.21603698881402378,-0.10819606495170048,0.013183112130549578,-0.0013051266788867946,0.01033122576774864,-0.006987655722439373,0.0041931263199963854,0.008287034969416015,-0.004574101244210017,-0.004469993900191426,0.0024045288401533457,-0.0009580572827204269,0.0022736613827188815,0.0012107136141047072,0.00017519386192012593,-0.0009580572827204162,0.002404528840153335,-0.004469993900191431,-0.004574101244210017,0.008287034969415992,0.004193126319996388,-0.006987655722439372,0.010331225767748625,-0.0013051266788867884,0.013183112130549571,-0.10819606495170055,0.21603698881402375,-0.21399908670811688,0.1313698957745688,0.03512676086212918,-0.4562716992432487,-0.6898099320691852,-0.28817263584896363,0.0,-2.7039637914834107
107,-2.7421623812657425,-0.2913236960958628,-0.6864485631075571,-0.45472176854879887,0.03841551667064745,0.1302562056880424,-0.22010488148502136,0.2225675620387142,-0.11522950482324795,0.015093502140972423,0.0013706329022366158,0.00834866557568643,-0.006962324512870895,0.004600012089882977,0.007876320103088159,-0.005385592377444133,-0.004075389224771803,0.003023228026427416,-0.001145140647263271,0.0022178609486069433,0.0011524296921098175,0.00035103527086680054,-0.0011451406472632597,0.0030232280264274056,-0.004075389224771814,-0.005385592377444133,0.007876320103088138,0.004600012089882981,-0.006962324512870895,0.008348665575686415,0.0013706329022366136,0.015093502140972409,-0.11522950482324795,0.2225675620387142,-0.2201048814850214,0.1302562056880424,0.03841551667064743,-0.45472176854879875,-0.6864485631075569,-0.29132369609586267,0.0,-2.703969105262696
108,-2.7416487883872227,-0.29445785872227864,-0.6829279324139493,-0.4529344703840086,0.04166862367932865,0.12895365655588498,-0.2257511520042884,0.22846571332817603,-0.12183532159642632,0.01693300674445584,0.004038446218037966,0.006307545493118721,-0.0068788812411585895,0.004961842887921264,0.007376147112892363,-0.006126874077836227,-0.003620344691434791,0.003591319835230618,-0.0013107370292534417,0.002115701370292981,0.0010674595892146543,0.0005179165306979037,-0.0013107370292534297,0.003591319835230606,-0.0036203446914348015,-0.006126874077836227,0.007376147112892344,0.004961842887921266,-0.006878881241158591,0.006307545493118703,0.004038446218037962,0.016933006744455827,-0.1218353215964263,0.22846571332817606,-0.22575115200428847,0.12895365655588495,0.04166862367932862,-0.4529344703840085,-0.6829279324139494,-0.2944578587222786,0.0,-2.703393463120971
109,-2.7406007650167643,-0.29757494193767614,-0.6792488568037397,-0.45091073772916024,0.044883063072583385,0.12746413694981318,-0.23092611025716828,0.23371468318601832,-0.12798900071795222,0.018692986857030646,0.0066828465798054,0.004222182510881964,-0.00673802237880163,0.005275074750290949,0.006792196892536187,-0.006788282604777433,-0.0031116088155795545,0.004099294683972785,-0.0014517392413082254,0.001969318052445014,0.0009577709113846822,0.0006715780096989686,-0.0014517392413082137,0.004099294683972775,-0.0031116088155795658,-0.006788282604777433,0.006792196892536171,0.0052750747502909485,-0.00673802237880163,0.004222182510881949,0.006682846579805404,0.018692986857030636,-0.12798900071795227,0.23371468318601837,-0.23092611025716828,0.12746413694981318,0.04488306307258337,-0.45091073772916024,-0.6792488568037393,-0.297574941937676,0.0,-2.7022270030329314
110,-2.7390169258496675,-0.3006747649421757,-0.675412189852833,-0.44865162698474814,0.04805585191756449,0.1257898065308564,-0.23561895221771914,0.23829955675382666,-0.13366770554250337,0.020365176875040372,0.00928850303578804,0.0021072039519653197,-0.00654092362494298,0.0055366397170681664,0.006131101865595819,-0.007361195486625093,-0.0025567263793994785,0.004538649318949178,-0.0015655015716737424,0.0017817707925427487,0.0008259036590375613,0.0008080975100755419,-0.0015655015716737309,0.004538649318949167,-0.0025567263793994923,-0.007361195486625089,0.006131101865595806,0.005536639717068167,-0.006540923624942979,0.002107203951965311,0.009288503035788043,0.020365176875040362,-0.13366770554250332,0.2382995567538267,-0.23561895221771917,0.1257898065308564,0.04805585191756446,-0.448651626984748,-0.6754121898528329,-0.30067476494217554,0.0,-2.7004584213102762
111,-2.736895885581119,-0.30375714793704,-0.6714188216996269,-0.4461583174200302,0.05118404593226656,0.1239330929180545,-0.2398198803989268,0.24220730619147923,-0.13885036208077875,0.021941723493877564,0.01184030925262441,-2.2555128650403525e-05,-0.006289230093224142,0.005743975881461288,0.005400370655392107,-0.007838143927806993,-0.0019639265393637728,0.004902029155701902,-0.001649889427351695,0.0015569798230389757,0.0006749114096496888,0.0009239903817594505,-0.0016498894273516845,0.004902029155701892,-0.0019639265393637875,-0.007838143927806993,0.005400370655392096,0.005743975881461291,-0.006289230093224139,-2.255512865042075e-05,0.011840309252624406,0.021941723493877564,-0.13885036208077878,0.2422073061914793,-0.23981988039892685,0.12393309291805454,0.05118404593226654,-0.4461583174200302,-0.6714188216996269,-0.3037571479370399,0.0,-2.698074960729437
112,-2.734236258906647,-0.306821912135103,-0.6672696788384902,-0.4434321105574428,0.05426474221775852,0.12189668816864252,-0.24352012430742082,0.24542682769553267,-0.1435177372062447,0.023415222590390968,0.014323471094542345,-0.0021521560012444925,-0.005985042580602998,0.005895052482492442,0.004608302803114461,-0.008212910175993692,-0.0013420007841203046,0.005183351391212762,-0.0017033193867886313,0.0012996438681603323,0.0005082906077411005,0.0010162984678419727,-0.0017033193867886213,0.005183351391212753,-0.001342000784120318,-0.008212910175993692,0.0046083028031144516,0.005895052482492444,-0.005985042580602996,-0.00215215600124451,0.01432347109454235,0.02341522259039096,-0.14351773720624478,0.24542682769553262,-0.24352012430742082,0.12189668816864253,0.05426474221775851,-0.44343211055744286,-0.6672696788384901,-0.3068219121351029,0.0,-2.6950624341157865
113,-2.731036660521211,-0.30986887977114,-0.6629657239048102,-0.4404744294931986,0.05729508195201325,0.11968354487482481,-0.24671195875408378,0.24794897305049035,-0.14765251003033658,0.02477875399574861,0.016723592392588568,-0.004266661045811797,-0.005630900032744058,0.005988389795353651,0.003763894502812066,-0.008480608580008967,-0.0007001725527589116,0.005377906827088851,-0.001724788910594342,0.0010151419281764623,0.00032989959963168386,0.0010826656113083733,-0.0017247889105943322,0.005377906827088842,-0.0007001725527589281,-0.008480608580008967,0.0037638945028120605,0.005988389795353654,-0.005630900032744057,-0.00426666104581181,0.01672359239258857,0.0247787539957486,-0.14765251003033658,0.24794897305049032,-0.24671195875408386,0.11968354487482484,0.057295081952013216,-0.4404744294931986,-0.6629657239048101,-0.30986887977113997,0.0,-2.691405284230017
114,-2.727295705120225,-0.31289787411217873,-0.6585079554516525,-0.4372868181544218,0.06027225304283501,0.1172968718827989,-0.24938871998232523,0.24976657562330046,-0.1512393361812392,0.026025913995448676,0.01902675840663954,-0.006351238528734473,-0.005229758352336268,0.006023073624620819,0.00287673642390095,-0.008637749281764535,-4.796044705511847e-05,0.005482438699269922,-0.0017138951528087875,0.0007094208441053978,0.00014386928783634677,0.001121397795770028,-0.001713895152808779,0.005482438699269915,-4.7960447055135154e-05,-0.008637749281764537,0.002876736423900949,0.006023073624620821,-0.005229758352336268,-0.006351238528734483,0.019026758406639536,0.026025913995448666,-0.15123933618123922,0.2497665756233006,-0.24938871998232523,0.11729687188279889,0.06027225304283501,-0.4372868181544217,-0.6585079554516526,-0.3128978741121787,0.0,-2.6870866799636937
115,-2.723012007398877,-0.31590871946775,-0.6538974077180889,-0.4338709404932081,0.06319349273742246,0.11474012964023494,-0.25154481958034813,0.25087447072722263,-0.1542649047477036,0.027150845403844538,0.021219616496321193,-0.008391266636736653,-0.0047849657272179364,0.005998764258371305,0.001956904781704385,-0.00868228371189728,0.0006049629336817544,0.005495197194686316,-0.0016708425197501172,0.00038887099304943184,-4.5492525973803544e-05,0.0011315063851064374,-0.0016708425197501093,0.005495197194686312,0.0006049629336817381,-0.00868228371189728,0.0019569047817043846,0.005998764258371305,-0.004784965727217934,-0.008391266636736667,0.021219616496321182,0.027150845403844527,-0.15426490474770363,0.2508744707272227,-0.25154481958034813,0.11474012964023494,0.06319349273742246,-0.43387094049320796,-0.6538974077180887,-0.3159087194677499,0.0,-2.68208864800624
116,-2.71818418205258,-0.3189012412000786,-0.6491351503892445,-0.4302285796180331,0.06605609018614578,0.11201702517895769,-0.2531757561483629,0.25126951029719624,-0.15671798767657877,0.028148265071941462,0.0232894535331468,-0.010372436038398894,-0.004300234684236126,0.005915699795503684,0.001014846893231866,-0.008613631296003786,0.0012489144416132616,0.005415968742284895,-0.0015964388346124427,6.019271245685051e-05,-0.0002338008943667981,0.0011127333583284896,-0.0015964388346124362,0.005415968742284888,0.0012489144416132458,-0.008613631296003786,0.0010148468932318691,0.005915699795503684,-0.004300234684236124,-0.010372436038398896,0.0232894535331468,0.028148265071941462,-0.15671798767657877,0.2512695102971963,-0.25317575614836296,0.11201702517895769,0.06605609018614571,-0.4302285796180329,-0.6491351503892444,-0.3189012412000786,0.0,-2.676392238314636
117,-2.712810843776408,-0.32187526573421266,-0.6442222883481235,-0.4263616368629579,0.06885738895815843,0.10913150674010468,-0.2542781246963911,0.25095057183501424,-0.15858948144074114,0.029013488699276783,0.02522426960507487,-0.012280850253836767,-0.0037796111020971133,0.005774693813670134,6.126251803794915e-05,-0.008432687023315568,0.0018743439858159396,0.005246079588105337,-0.00149208017977938,-0.0002697437546051984,-0.00041669526396712395,0.0010655578955449684,-0.0014920801797793752,0.005246079588105332,0.0018743439858159244,-0.008432687023315568,6.126251803795614e-05,0.005774693813670134,-0.003779611102097111,-0.012280850253836779,0.025224269605074862,0.029013488699276783,-0.15858948144074114,0.25095057183501424,-0.25427812469639116,0.10913150674010468,0.0688573889581584,-0.42636163686295786,-0.6442222883481233,-0.32187526573421266,0.0,-2.6699777209194204
118,-2.7068906072658883,-0.3248306205680917,-0.6391599614192657,-0.4222721307951228,0.07159478950651019,0.10608775804955392,-0.2548496237530377,0.24991856159888254,-0.1598724408227896,0.029742452833356525,0.027012847586183577,-0.014103123128522714,-0.00322744044184668,0.005577127400662998,-0.0008930176681254772,-0.008141809779145715,0.0024719761644314392,0.004988373594561796,-0.0013597247012664237,-0.000594041865653453,-0.0005899404503932848,0.0009911841469260054,-0.0013597247012664196,0.004988373594561791,0.002471976164431424,-0.008141809779145715,-0.0008930176681254678,0.005577127400662996,-0.003227440441846677,-0.014103123128522726,0.027012847586183577,0.029742452833356515,-0.1598724408227896,0.24991856159888254,-0.2548496237530377,0.10608775804955388,0.07159478950651019,-0.4222721307951227,-0.6391599614192655,-0.32483062056809153,0.0,-2.6628248108552635
119,-2.7001224946639986,-0.32776713428255183,-0.6339493441042984,-0.41796219616104135,0.07426575158047218,0.10289019225192145,-0.2548890601703906,0.24817641202830285,-0.1605621046891336,0.03033173395333007,0.028644818168130866,-0.015826472727542062,-0.0026483314768425167,0.005324935627304324,-0.0018371550865844642,-0.007744791593211393,0.0030329478230540826,0.0046471646355591735,-0.001201855866815597,-0.0009059229347184559,-0.0007495247100944819,0.0008915104968597688,-0.0012018558668155947,0.004647164635559167,0.0030329478230540674,-0.007744791593211393,-0.0018371550865844525,0.005324935627304322,-0.0026483314768425137,-0.015826472727542076,0.028644818168130855,0.030331733953330074,-0.16056210468913354,0.24817641202830276,-0.2548890601703907,0.10289019225192143,0.07426575158047213,-0.41796219616104113,-0.6339493441042983,-0.3277671342825518,0.0,-2.6549129173286268
120,-2.6922194963143347,-0.3306846365512689,-0.6285916453094427,-0.4134340827722517,0.07686779658283682,0.0995434455119235,-0.2543963516150174,0.24572907341159553,-0.16065591365882465,0.030778564548277765,0.03011071997637887,-0.01743881099168267,-0.002047117824951779,0.00502058859433016,-0.0027604263587785415,-0.007246808204727324,0.003548939499303014,0.004228164384326788,-0.0010214358670534952,-0.0011988678247624458,-0.0008917526380908025,0.0007690811078324993,-0.0010214358670534948,0.004228164384326787,0.0035489394993029996,-0.007246808204727322,-0.002760426358778527,0.005020588594330158,-0.002047117824951777,-0.017438810991682676,0.030110719976378868,0.03077856454827777,-0.1606559136588247,0.24572907341159558,-0.2543963516150174,0.09954344551192354,0.07686779658283681,-0.41343408277225163,-0.6285916453094427,-0.33068463655126884,0.0,-2.6462214126450743
121,-2.683201179212557,-0.3335829581506378,-0.6230881080650368,-0.40869015433090056,0.07939850987000444,0.09605237029238096,-0.2533725267398567,0.24258349981974017,-0.16015351960156113,0.031080846114601178,0.03140205442265832,-0.01892882852648503,-0.0014288176040510186,0.004667067238906503,-0.0036523451008697466,-0.006654351588729831,0.004012298804196715,0.003738386702766278,-0.0008218500340756171,-0.0014667532148399302,-0.0010133307404350082,0.0006270209808707433,-0.000821850034075618,0.0037383867027662773,0.004012298804196703,-0.006654351588729829,-0.003652345100869731,0.004667067238906498,-0.0014288176040510158,-0.018928828526485038,0.031402054422658324,0.031080846114601178,-0.16015351960156116,0.24258349981974023,-0.25337252673985666,0.09605237029238096,0.07939850987000442,-0.40869015433090045,-0.6230881080650367,-0.33358295815063765,0.0,-2.636729915928303
122,-2.6730871103542144,-0.33646193096958815,-0.6174400092371424,-0.403732887195877,0.08185554299272234,0.09242202831861202,-0.2518197230366465,0.23874862934650096,-0.15905678692961908,0.031237159011474794,0.03251133497566464,-0.020286073929518634,-0.0007985915475697258,0.004267834137740795,-0.004502781026599293,-0.005975145323254065,0.004416153910528535,0.003186030232789819,-0.0006068433203654904,-0.0017039795936578243,-0.0011114436998414697,0.00046895619012314994,-0.0006068433203654936,0.00318603023278982,0.004416153910528525,-0.0059751453232540636,-0.004502781026599274,0.0042678341377407935,-0.0007985915475697237,-0.020286073929518637,0.03251133497566464,0.0312371590114748,-0.15905678692961905,0.23874862934650104,-0.25181972303664657,0.09242202831861206,0.08185554299272231,-0.4037328871958769,-0.6174400092371423,-0.33646193096958804,0.0,-2.626418586283668
123,-2.661896856734967,-0.3393213880193347,-0.6116486592313022,-0.39856486909013833,0.08423661587539664,0.08865768323941457,-0.24974118237337362,0.23423535871098555,-0.15736978567891494,0.031246769128073892,0.03343213056433833,-0.021501027099460668,-0.00016169992967225298,0.0038267995927588738,-0.005302075005638559,-0.0052180439006826165,0.004754515465159508,0.0025803411550130383,-0.00038045002993392665,-0.001905588304132125,-0.0011838195684409957,0.0002989213275881895,-0.0003804500299339308,0.0025803411550130414,0.004754515465159497,-0.005218043900682615,-0.005302075005638536,0.0038267995927588738,-0.0001616999296722519,-0.02150102709946067,0.03343213056433833,0.031246769128073896,-0.15736978567891494,0.2342353587109856,-0.24974118237337364,0.08865768323941457,0.08423661587539662,-0.39856486909013833,-0.6116486592313023,-0.3393213880193346,0.0,-2.615268419799608
124,-2.6496499853505897,-0.34216116344306374,-0.6057154016885143,-0.3931887977499033,0.08653951893195516,0.08476479299527842,-0.2471412442260587,0.22905651229480375,-0.1550987764048758,0.031109631331266378,0.03415910286209824,-0.022565166012766643,0.00047654134039158886,0.0033482833315223244,-0.006041148770618019,-0.004392917295896102,0.00502236541382323,0.0019314584121557985,-0.00014691812017652602,-0.0020673651924011426,-0.00122878237802877,0.00012125652045421168,-0.00014691812017653195,0.001931458412155803,0.0050223654138232205,-0.0043929172958961,-0.006041148770617996,0.003348283331522319,0.0004765413403915905,-0.022565166012766646,0.034159102862098244,0.031109631331266385,-0.15509877640487582,0.22905651229480378,-0.2471412442260587,0.08476479299527846,0.08653951893195516,-0.39318879774990323,-0.605715401688514,-0.3421611634430635,0.0,-2.6032615446471317
125,-2.6363660631966295,-0.3449810925255529,-0.5996416131734962,-0.3876074795164174,0.08876211511629722,0.08074900190489365,-0.24402533661900996,0.22322680570180523,-0.15225218694917014,0.030826389677576883,0.03468803723587204,-0.023471026499542476,0.001110805088302341,0.00283697219751279,-0.006711608026797275,-0.0035105222960564206,0.0052157314211309725,0.0012502439880364082,8.937050517947656e-05,-0.0021859286947575,-0.001245290949538808,-5.9503350323433974e-05,8.937050517946957e-05,0.0012502439880364134,0.0052157314211309655,-0.0035105222960564193,-0.006711608026797249,0.002836972197512788,0.0011108050883023434,-0.023471026499542476,0.034688037235872056,0.030826389677576883,-0.15225218694917014,0.22322680570180528,-0.24402533661900996,0.08074900190489367,0.08876211511629721,-0.38760747951641716,-0.599641613173496,-0.34498109252555276,0.0,-2.590381508533491
126,-2.6220646572688624,-0.3477810117027254,-0.5934287028553111,-0.38182382787102687,0.09090234190542791,0.0766161324814278,-0.24039996479245798,0.21676280394394232,-0.1488405811635189,0.030398374388427612,0.03501586718049625,-0.024212254599333283,0.001735797338712256,0.0022978742446871747,-0.007305837793271196,-0.002582362269435719,0.00533174578209478,0.0005481010832069428,0.00032398221644627665,-0.002258800521249663,-0.0012329630030552604,-0.0002387444025206633,0.0003239822164462683,0.000548101083206949,0.005331745782094776,-0.0025823622694357193,-0.007305837793271169,0.0022978742446871717,0.001735797338712257,-0.024212254599333283,0.03501586718049625,0.030398374388427622,-0.14884058116351886,0.2167628039439424,-0.24039996479245804,0.07661613248142785,0.09090234190542787,-0.3818238278710268,-0.5934287028553111,-0.3477810117027252,0.0,-2.5766135528912475
127,-2.60676533456272,-0.3505607585711369,-0.587078112180429,-0.3758408619143228,0.09295821321343652,0.07237217699043874,-0.23627269762123204,0.20968287437207053,-0.14487661970665452,0.029827595602861464,0.035140692096827006,-0.024783651129590696,0.0023463015021865687,0.0017362696859261053,-0.007817088892840343,-0.0016205372014188165,0.005368687951484171,-0.0001632167691182369,0.0005525148489127611,-0.0022844574584792708,-0.0011920840100582894,-0.00041189152164441284,0.000552514848912752,-0.00016321676911822935,0.005368687951484168,-0.001620537201418817,-0.007817088892840317,0.0017362696859260997,0.00234630150218657,-0.024783651129590707,0.035140692096827006,0.02982759560286147,-0.14487661970665455,0.2096828743720705,-0.23627269762123201,0.07237217699043876,0.09295821321343652,-0.3758408619143228,-0.587078112180429,-0.3505607585711368,0.0,-2.5619448684353814
128,-2.590487662073979,-0.3533201718973957,-0.5805913145382984,-0.3696617047901541,0.09492782123454296,0.06802328876166218,-0.23165215181283144,0.20200713448543428,-0.14037501305991254,0.02911673393708728,0.03506178831049291,-0.0251812081542028,0.002937221916231916,0.0011576591758127497,-0.008239554608205996,-0.0006375859526891794,0.005326010060286913,-0.0008718024515335931,0.0007706803033849491,-0.002262363208779171,-0.0011236005829179214,-0.0005745251403889549,0.0007706803033849393,-0.0008718024515335843,0.005326010060286914,-0.0006375859526891788,-0.008239554608205971,0.0011576591758127443,0.002937221916231915,-0.0251812081542028,0.03506178831049291,0.02911673393708729,-0.14037501305991254,0.20200713448543417,-0.23165215181283147,0.0680232887616622,0.09492782123454294,-0.36966170479015403,-0.5805913145382984,-0.35332017189739556,0.0,-2.546364827092661
129,-2.5732512067985276,-0.35605909162751437,-0.5739698149195085,-0.36328958205532674,0.09680933821350178,0.0635757732672721,-0.22654797391788306,0.19375739476813514,-0.1353524669358174,0.02826912789518353,0.03477961326740826,-0.025402137096286276,0.003503626376990287,0.0005677099342880376,-0.008568436633839625,0.00035367720399580695,0.0052043450408532435,-0.0015657945818387145,0.0009743850064445522,-0.002192979600249329,-0.0010290985547117431,-0.0007224940477618503,0.0009743850064445417,-0.001565794581838705,0.005204345040853247,0.0003536772039958086,-0.008568436633839596,0.0005677099342880338,0.003503626376990289,-0.025402137096286272,0.034779613267408256,0.028269127895183536,-0.1353524669358174,0.1937573947681352,-0.22654797391788303,0.0635757732672721,0.09680933821350172,-0.36328958205532663,-0.5739698149195083,-0.3560590916275143,0.0,-2.5298651857906065
130,-2.5550755357315715,-0.3587773588961941,-0.5672151495666189,-0.35672781999584435,0.09860101814172093,0.05903607897954857,-0.22097082019054276,0.1849570967150136,-0.1298276202822548,0.027288758190085055,0.03429580288172332,-0.025444888298049615,0.004040787306601553,-2.7799761124089345e-05,-0.00879999957445485,0.0013403296374471343,0.005005497240224029,-0.0022335760668493773,0.0011598067207000324,-0.002077756933331307,-0.0009107662569600348,-0.0008520213484350157,0.0011598067207000214,-0.002233576066849368,0.005005497240224034,0.0013403296374471362,-0.008799999574454818,-2.779976112409365e-05,0.004040787306601553,-0.025444888298049615,0.03429580288172332,0.027288758190085062,-0.12982762028225484,0.18495709671501365,-0.22097082019054276,0.05903607897954858,0.0986010181417209,-0.35672781999584435,-0.5672151495666188,-0.35877735889619383,0.0,-2.512440258176463
131,-2.535980215868999,-0.3614748160360381,-0.5603288856177384,-0.349979843890567,0.1003011983775216,0.054410788021209744,-0.21493233434088632,0.17563124622304024,-0.12382097611229961,0.026180229048488084,0.03361316205158695,-0.025309161890529164,0.004544221212625058,-0.000623037170848623,-0.008931613371096008,0.0023095088243043384,0.00473241566085139,-0.0028639685669284228,0.001323466263791898,-0.0019191036657033702,-0.0007713438456356667,-0.0009598008677163668,0.0013234662637918865,-0.0028639685669284124,0.004732415660851398,0.0023095088243043397,-0.00893161337109598,-0.0006230371708486268,0.00454422121262506,-0.02530916189052915,0.03361316205158695,0.026180229048488098,-0.1238209761122996,0.17563124622304027,-0.21493233434088635,0.05441078802120978,0.10030119837752155,-0.3499798438905669,-0.5603288856177384,-0.36147481603603804,0.0,-2.4940870510060806
132,-2.5159848142064725,-0.36415130658669803,-0.5533126207429364,-0.3430491762231955,0.10190830118903475,0.04970660662196307,-0.2084451232257385,0.16580634253748577,-0.1173548254163948,0.02494874658747349,0.03273564839770641,-0.02499590989695436,0.0050097261101665295,-0.001212172222221801,-0.00896178317297383,0.003248580031698195,0.004389150225564005,-0.003446419615994086,0.0014622927904441585,-0.001720336069161866,-0.0006140598488784714,-0.0010430815414123223,0.0014622927904441474,-0.003446419615994075,0.004389150225564013,0.003248580031698197,-0.008961783172973803,-0.0012121722222218055,0.0050097261101665295,-0.024995909896954358,0.03273564839770641,0.024948746587473494,-0.11735482541639476,0.16580634253748583,-0.2084451232257385,0.049706606621963065,0.10190830118903475,-0.34304917622319536,-0.5533126207429363,-0.36415130658669786,0.0,-2.4748053626825937
133,-2.4951088977395375,-0.3668066753039485,-0.5461679827735699,-0.33593943484351313,0.10342083521830384,0.04493035539511321,-0.20152273052869113,0.15551030295476728,-0.11045316443924648,0.023600094364400755,0.03166834931898047,-0.02450732955498892,0.005433416594360935,-0.0017894346123322783,-0.008890166315768161,0.004145301030316003,0.003980791715387307,-0.003971179264707218,0.0015736814126344099,-0.001485608910792867,-0.0004425564057438009,-0.001099737636536228,0.0015736814126343984,-0.003971179264707207,0.003980791715387314,0.004145301030316003,-0.008890166315768135,-0.0017894346123322842,0.005433416594360935,-0.024507329554988914,0.03166834931898046,0.02360009436440076,-0.11045316443924647,0.1555103029547673,-0.20152273052869113,0.044930355395113204,0.10342083521830382,-0.33593943484351296,-0.5461679827735697,-0.3668066753039482,0.0,-2.454597842218075
134,-2.4733720334639697,-0.3694407681686916,-0.5388966293246132,-0.3286543310788478,0.10483739686523358,0.04008895944832495,-0.19417960848425947,0.14477238349592603,-0.10314160562842585,0.022140606214900556,0.030417452498226104,-0.02384684790468722,0.005811756270473773,-0.0023491703254454655,-0.008717576213560589,0.004987981690582755,0.003513396270967789,-0.00442946328991569,0.0016555420767196429,-0.0012198286073804344,-0.0002608049271904724,-0.0011283230104843424,0.0016555420767196322,-0.004429463289915679,0.003513396270967801,0.004987981690582757,-0.008717576213560565,-0.002349170325445471,0.005811756270473777,-0.02384684790468721,0.0304174524982261,0.02214060621490057,-0.10314160562842581,0.144772383495926,-0.19417960848425944,0.040088959448324954,0.10483739686523355,-0.3286543310788477,-0.5388966293246132,-0.3694407681686915,0.0,-2.433470007719238
135,-2.450793788375317,-0.372053432395891,-0.531500247410078,-0.3211976677967359,0.10615667159010195,0.03518943834287913,-0.18643108770521055,0.1336230957761419,-0.09544728258515242,0.02057713650653017,0.028990210028992245,-0.023019097750270716,0.006141587270938098,-0.0028858970114492245,-0.008445973120192952,0.005765636381377899,0.0029938955772793076,-0.004813600238308718,0.0017063387804060338,-0.000928550668353459,-7.301413230024383e-05,-0.001128108023717975,0.0017063387804060238,-0.004813600238308709,0.002993895577279321,0.005765636381377899,-0.008445973120192928,-0.002885897011449229,0.006141587270938098,-0.023019097750270705,0.02899021002899224,0.020577136506530178,-0.09544728258515241,0.13362309577614193,-0.18643108770521052,0.035189438342879124,0.10615667159010189,-0.32119766779673586,-0.5315002474100778,-0.3720534323958909,0.0,-2.411430224341657
136,-2.4273937294693537,-0.3746445164434334,-0.5239805530516113,-0.31357333741980364,0.10737743513342542,0.030238895915979766,-0.17829334517605647,0.12209412030649931,-0.08739874936999127,0.018917027947792903,0.02739489637143589,-0.022029885164334975,0.006420156612959076,-0.003394357682914907,-0.008078441864982928,0.006468127184537347,0.0024299940636126082,-0.005117159842841311,0.0017251183937104203,-0.000617863570984018,0.00011646741071647023,-0.0010990981637583079,0.001725118393710411,-0.0051171598428413016,0.0024299940636126217,0.006468127184537345,-0.008078441864982905,-0.0033943576829149097,0.006420156612959077,-0.02202988516433497,0.027394896371435884,0.01891702794779291,-0.08739874936999127,0.12209412030649937,-0.17829334517605647,0.030238895915979752,0.1073774351334254,-0.31357333741980353,-0.5239805530516112,-0.3746445164434331,0.0,-2.3884896424960607
137,-2.403191423741627,-0.37721387002091833,-0.5163392908803655,-0.30578531989389873,0.10849855465204648,0.0252445099808693,-0.169783370479533,0.1102182164743543,-0.07902587453714718,0.017168077103703997,0.02564076038101221,-0.020886148762422087,0.006645139176688456,-0.0038695722048360764,-0.007619156815671236,0.007086296058120691,0.0018300546434185684,-0.005335060662299901,0.0017115285431279575,-0.0002942614951519201,0.00030325198192427853,-0.0010420339051178265,0.0017115285431279492,-0.005335060662299892,0.001830054643418584,0.007086296058120691,-0.007619156815671217,-0.0038695722048360808,0.006645139176688457,-0.020886148762422074,0.02564076038101221,0.01716807710370401,-0.07902587453714713,0.1102182164743543,-0.169783370479533,0.025244509980869308,0.10849855465204641,-0.30578531989389857,-0.5163392908803652,-0.37721387002091805,0.0,-2.364662097905845
138,-2.3782064381877985,-0.3797613440983762,-0.5085782337322281,-0.2978376806105351,0.10951898977038829,0.020213521919685673,-0.16091893032657612,0.09802912945809357,-0.07035973029059919,0.015338497779856238,0.02373797168809278,-0.019595911033617977,0.0068146571121781956,-0.00430688607272694,-0.0070733344665463585,0.0076120842254933235,0.0012029746885347478,-0.0054636551421748236,0.0016658242234342273,3.5491422145427924e-05,0.000483014313681468,-0.0009583718087436004,0.0016658242234342201,-0.005463655142174815,0.0012029746885347638,0.007612084225493324,-0.007073334466546344,-0.0043068860727269445,0.006814657112178197,-0.019595911033617963,0.023737971688092777,0.01533849777985625,-0.07035973029059915,0.09802912945809361,-0.16091893032657612,0.020213521919685666,0.10951898977038826,-0.29783768061053506,-0.5085782337322281,-0.3797613440983761,0.0,-2.339963975888164
139,-2.3524583398035284,-0.38228679091491163,-0.500699182236511,-0.28973456828473454,0.11043779354590187,0.015153226184150308,-0.15171853146384762,0.08556149434078537,-0.06143247717342442,0.01343688244694911,0.021697561739377234,-0.01816822206855569,0.0069272955131303385,-0.004702016001321787,-0.0064471741902441,0.008038637233804172,0.0005580540771533072,-0.00550079067296166,0.0015888630130604796,0.0003645024750990229,0.0006515917484852239,-0.0008502473434077075,0.0015888630130604737,-0.0055007906729616545,0.0005580540771533219,0.008038637233804173,-0.006447174190244084,-0.004702016001321789,0.0069272955131303385,-0.018168222068555676,0.021697561739377227,0.013436882446949124,-0.06143247717342442,0.08556149434078539,-0.15171853146384756,0.015153226184150322,0.11043779354590184,-0.28973456828473443,-0.5006991822365108,-0.38228679091491136,0.0,-2.314414042944224
140,-2.325966695584592,-0.3847900639872745,-0.49270396439818726,-0.2814802127893723,0.11125411334780871,0.010070959719310706,-0.14220138203625016,0.07285073769518081,-0.05227724471823478,0.01147216188694803,0.019531359842911374,-0.016613096079532035,0.00698211422661984,-0.005051091877355388,-0.005747787826154613,0.008360394312261153,-9.514272756160905e-05,-0.005445845623805024,0.001482088982818877,0.0006858944648215684,0.0008050806313432479,-0.0007204203780260514,0.0014820889828188728,-0.005445845623805018,-9.514272756159183e-05,0.008360394312261153,-0.005747787826154601,-0.00505109187735539,0.00698211422661984,-0.01661309607953203,0.01953135984291137,0.011472161886948043,-0.052277244718234764,0.07285073769518081,-0.14220138203625016,0.010070959719310723,0.11125411334780869,-0.28148021278937224,-0.492703964398187,-0.3847900639872743,0.0,-2.288033249381597
141,-2.2987510725264233,-0.3872710181183563,-0.4845944351737812,-0.2730789229471591,0.11196719164832468,0.004974091325671428,-0.13238735148509753,0.05993297691971115,-0.042928008501639574,0.00945356325039214,0.017251924587491942,-0.014941441158003528,0.006978655700218761,-0.005350694665516464,-0.004983118905161793,0.008573160865282549,-0.0007469285227707965,-0.005299739748298924,0.001347505599908285,0.0009929494509452162,0.0009399267045666124,-0.0005722047362100585,0.0013475055999082827,-0.00529973974829892,-0.00074692852277078,0.008573160865282549,-0.004983118905161781,-0.005350694665516467,0.006978655700218761,-0.014941441158003513,0.01725192458749194,0.009453563250392153,-0.042928008501639525,0.05993297691971119,-0.13238735148509753,0.004974091325671415,0.11196719164832468,-0.27307892294715896,-0.48459443517378104,-0.38727101811835596,0.0,-2.260844507238265
142,-2.270831037624797,-0.38972950940561146,-0.47637247604100186,-0.2645350842814089,0.11257636672562987,-0.00012998902486228132,-0.1222969290656622,0.04684491761151569,-0.03341946405899195,0.007390566721831281,0.014872471034055017,-0.013164982762162282,0.0069169488010246884,-0.0055978898963030856,-0.004161852428148885,0.008674163155465214,-0.0013876370315415959,-0.005064918788255696,0.0011876381356195197,0.0012792491742961445,0.0010530074117613194,-0.00040938361116607525,0.001187638135619518,-0.005064918788255693,-0.001387637031541581,0.008674163155465214,-0.004161852428148878,-0.005597889896303086,0.006916948801024686,-0.013164982762162268,0.014872471034055005,0.0073905667218312895,-0.033419464058991925,0.04684491761151564,-0.12229692906566215,-0.00012998902486228132,0.11257636672562987,-0.2645350842814088,-0.4763724760410018,-0.3897295094056112,0.0,-2.232872448222725
143,-2.242226157875487,-0.39216539524940536,-0.4680399945622244,-0.2558531567267703,0.11308107327793282,-0.0052338809037369895,-0.11195118107070536,0.03362374926811254,-0.02378689812732849,0.005292860996909169,0.012406794101157033,-0.01129618147127154,0.006797508574717269,-0.0057902564077820864,-0.003293316222993335,0.008662084463493524,-0.0020077662580888726,-0.004745313533168918,0.0010054862821075327,0.0015388092154416733,0.0011417042051502764,-0.0002361129999708531,0.0010054862821075332,-0.0047453135331689145,-0.0020077662580888565,0.008662084463493525,-0.0032933162229933336,-0.005790256407782088,0.006797508574717269,-0.011296181471271522,0.012406794101157033,0.0052928609969091845,-0.023786898127328458,0.03362374926811254,-0.11195118107070531,-0.0052338809037369895,0.11308107327793275,-0.2558531567267701,-0.4680399945622243,-0.39216539524940525,0.0,-2.20414316671747
144,-2.2129560002738144,-0.3945785343612842,-0.459598923941921,-0.2470376723011144,0.1134808429480585,-0.010330184155665242,-0.10137170684929644,0.020307039614075463,-0.014066057694326114,0.003170297780191217,0.009869188588722422,-0.009348145583655003,0.006621331946653956,-0.0059259100597403806,-0.0023873750004239666,0.008537082253589314,-0.002598119406652574,-0.00434627402069518,0.000804467867311367,0.0017662040848423857,0.0012039631818447812,-5.6815622056037415e-05,0.0008044678673113686,-0.004346274020695181,-0.002598119406652559,0.008537082253589314,-0.002387375000423966,-0.0059259100597403806,0.006621331946653954,-0.009348145583654993,0.009869188588722422,0.003170297780191228,-0.014066057694326096,0.02030703961407541,-0.1013717068492964,-0.01033018415566525,0.11348084294805844,-0.2470376723011143,-0.4595989239419211,-0.39457853436128404,0.0,-2.174683953107714
145,-2.183040131815781,-0.39696878677217096,-0.45105122257814095,-0.2380932327397938,0.11377530475807447,-0.015411509628143189,-0.09058059371274363,0.006932627852984434,-0.004293017339243798,0.0010328455174341744,0.00727436630372127,-0.007334539171402471,0.006389889400886351,-0.006003522187959114,-0.0014543183120391088,0.008300786120724919,-0.003149941274121451,-0.003874479979606853,0.000588354724133656,0.001956680629895108,0.0012383426449447002,0.0001239319703755674,0.0005883547241336586,-0.0038744799796068537,-0.0031499412741214376,0.008300786120724919,-0.0014543183120391096,-0.006003522187959114,0.006389889400886348,-0.007334539171402458,0.007274366303721269,0.0010328455174341874,-0.004293017339243774,0.0069326278529844,-0.0905805937127436,-0.015411509628143192,0.11377530475807444,-0.2380932327397937,-0.45105122257814084,-0.3969687867721708,0.0,-2.144523022789595
146,-2.152498119496934,-0.39933601384048345,-0.4423988736081453,-0.22902450709350955,0.11396418545355046,-0.020470489885015236,-0.07960037082178018,-0.006461482852026572,0.005495954641846765,-0.001109457420409739,0.004637370768242222,-0.005269486236721673,0.006105112706549538,-0.006022332617859689,-0.0005047436830425172,0.007956276546360592,-0.003655048093638883,-0.003337829014357566,0.00036120191720594576,0.002106257388360402,0.0012440464881211008,0.00030151620850374437,0.0003612019172059503,-0.0033378290143575664,-0.0036550480936388694,0.007956276546360592,-0.0005047436830425226,-0.0060223326178596905,0.006105112706549537,-0.005269486236721662,0.00463737076824222,-0.0011094574204097304,0.005495954641846769,-0.0064614828520266065,-0.07960037082178015,-0.020470489885015222,0.11396418545355039,-0.2290245070935095,-0.4423988736081451,-0.3993360138404834,0.0,-2.1136892461814845
147,-2.121349530312707,-0.40168007826017665,-0.43364388444830426,-0.21983622929103924,0.11404730975713254,-0.025499789888552244,-0.06845396215127936,-0.019837233363610055,0.01526453082972409,-0.0032465498815867334,0.001973490004441922,-0.0031674716422109106,0.005769378794067806,-0.005982157110059022,0.00045056375294111605,0.0075080447396576626,-0.004105948903551638,-0.0027453044029968326,0.0001272716552018269,0.0022118078114258554,0.0012209426306128974,0.0004714042678910095,0.00012727165520183258,-0.0027453044029968365,-0.004105948903551625,0.007508044739657664,0.0004505637529411088,-0.0059821571100590245,0.005769378794067803,-0.0031674716422108954,0.0019734900044419113,-0.003246549881586724,0.015264530829724107,-0.019837233363610037,-0.06845396215127933,-0.025499789888552234,0.11404730975713251,-0.21983622929103913,-0.4336438844483041,-0.40168007826017654,0.0,-2.0822118849104703
148,-2.089613931258989,-0.40400084406870607,-0.4247882863283588,-0.21053319566809753,0.11402460053119728,-0.030492117634554897,-0.05716463863069579,-0.03315661671459528,0.02497645949508907,-0.005368395184923482,-0.0007018320979984704,-0.001043239509955272,0.005385489915756431,-0.005883389164908325,0.001400753749880443,0.006961934087698707,-0.0044959566417454265,-0.0021068247214328525,-0.00010904668362177009,0.002271125616823614,0.00116956607574843,0.0006292597684884123,-0.00010904668362176335,-0.002106824721432857,-0.004495956641745417,0.006961934087698706,0.001400753749880433,-0.005883389164908325,0.005385489915756428,-0.0010432395099552547,-0.0007018320979984768,-0.005368395184923473,0.02497645949508909,-0.03315661671459533,-0.05716463863069575,-0.030492117634554897,0.11402460053119726,-0.2105331956680974,-0.4247882863283585,-0.40400084406870573,0.0,-2.050120339078884
149,-2.0573108893314407,-0.4062981766549146,-0.41583413382015905,-0.2011202624636207,0.11389607884943374,-0.03544023472506279,-0.045755969560151454,-0.046381786104138005,0.03459569913074796,-0.007465028256285126,-0.0033730853180611382,0.001088310197896151,0.0049566502564119645,-0.005726996168340791,0.0023350341848891736,0.006325063978000608,-0.004819287317788163,-0.0014330778112607468,-0.000343318912044861,0.0022829709059496175,0.0010911065221674808,0.0007710534604129617,-0.00034331891204485236,-0.0014330778112607518,-0.0048192873177881545,0.00632506397800061,0.0023350341848891614,-0.005726996168340793,0.004956650256411964,0.001088310197896166,-0.0033730853180611426,-0.007465028256285117,0.03459569913074799,-0.046381786104138005,-0.04575596956015142,-0.035440234725062775,0.11389607884943367,-0.20112026246362052,-0.4158341338201588,-0.40629817665491436,0.0,-2.017443910140365
150,-2.024459971525496,-0.40857194276683967,-0.4067835043609863,-0.19160234328478076,0.11366186397728727,-0.04033696686333934,-0.0342517734035981,-0.05947516243876003,0.04408655220364911,-0.009526602428736574,-0.006024783024136408,0.003212226191659129,0.0044864391891141124,-0.005514509916777811,0.003242793633623389,0.005605736986410593,-0.005071145792113401,-0.0007353418704546189,-0.0005711492352829942,0.002247096081015078,0.0009873808146238343,0.0008931660702504674,-0.0005711492352829849,-0.0007353418704546254,-0.005071145792113394,0.005605736986410594,0.003242793633623373,-0.005514509916777811,0.004486439189114111,0.00321222619165914,-0.006024783024136408,-0.009526602428736566,0.04408655220364911,-0.05947516243876003,-0.03425177340359808,-0.04033696686333934,0.11366186397728725,-0.19160234328478076,-0.4067835043609863,-0.4085719427668396,0.0,-1.9842115834422351
151,-1.9910807448370424,-0.41082201051944334,-0.3976384977715713,-0.18198440654205342,0.113322173261284,-0.045175214255916286,-0.022676068061787846,-0.07239954111270314,0.05341379763041261,-0.011543435686614062,-0.008641551958007572,0.005313610726668952,0.003978781399463642,-0.005248011613897818,0.004113721893330498,0.004813330640332887,-0.0052477968901000335,-2.529666177887349e-05,-0.0007882627320048148,0.0021642510204934007,0.0008607908723100191,0.0009924806827395828,-0.0007882627320048047,-2.5296661778880488e-05,-0.005247796890100028,0.004813330640332888,0.00411372189333048,-0.005248011613897816,0.003978781399463639,0.005313610726668964,-0.008641551958007572,-0.011543435686614052,0.05341379763041264,-0.07239954111270314,-0.022676068061787794,-0.045175214255916266,0.11332217326128398,-0.18198440654205336,-0.39763849777157123,-0.41082201051944306,0.0,-1.9504518339332286
152,-1.9571927762616288,-0.41304824940226065,-0.3884012357689173,-0.1722714728556781,0.11287732192733761,-0.04994796190661543,-0.011053020728868967,-0.0851181977241824,0.06254282148472892,-0.013506056136325342,-0.011208221361551762,0.007377724100255233,0.0034379141276186954,-0.004930111486217455,0.004937927084666184,0.003958175168317936,-0.0053466207963943834,0.0006851720008011774,-0.0009905855673262318,0.0020361674046820203,0.0007142680689348793,0.001066462299801453,-0.0009905855673262207,0.0006851720008011694,-0.005346620796394382,0.003958175168317937,0.004937927084666163,-0.0049301114862174535,0.003437914127618694,0.007377724100255243,-0.01120822136155176,-0.01350605613632533,0.06254282148472891,-0.08511819772418239,-0.01105302072886895,-0.04994796190661541,0.11287732192733756,-0.1722714728556781,-0.38840123576891716,-0.4130482494022605,0.0,-1.9161924579078056
153,-1.9228156327948016,-0.4152505302869706,-0.3790738614740452,-0.16246861243486457,0.1123277227882262,-0.054648289787622414,0.0005931025627056945,-0.0975949924271481,0.07143974545156356,-0.015405246490328664,-0.01370991092944338,0.009390088040165674,0.002868351801548685,-0.0045639232171408835,0.00570604800225356,0.0030514188297352013,-0.005366151907951972,0.0013841712149063178,-0.0011743214326951485,0.0018655225190162752,0.0005512053525139472,0.0011132225461766673,-0.001174321432695137,0.0013841712149063078,-0.00536615190795197,0.003051418829735202,0.005706048002253537,-0.0045639232171408835,0.002868351801548683,0.009390088040165686,-0.013709910929443382,-0.015405246490328648,0.07143974545156356,-0.0975949924271481,0.000593102562705729,-0.054648289787622414,0.11232772278822617,-0.1624686124348646,-0.37907386147404526,-0.41525053028697045,0.0,-1.8814604329765048
154,-1.8879688814324496,-0.4174287254348858,-0.36965853891477146,-0.15258094243111317,0.11167388586051077,-0.05926938287286565,0.012237987603620116,-0.10979447262204255,0.08007155255146767,-0.017232087355375087,-0.016132117077952986,0.0113365872592433,0.0022748483566994767,-0.004153033449883828,0.006409360437922855,0.0021048825801632024,-0.005306100569590824,0.0020600000711870586,-0.0013360227783778993,0.0016558832917415488,0.00037537867673731934,0.0011315678700629579,-0.0013360227783778878,0.002060000071187049,-0.005306100569590823,0.002104882580163203,0.00640936043792283,-0.004153033449883824,0.0022748483566994754,0.011336587259243313,-0.016132117077952993,-0.01723208735537507,0.08007155255146768,-0.10979447262204255,0.012237987603620116,-0.059269382872865616,0.11167388586051076,-0.15258094243111311,-0.3696585389147713,-0.41742872543488563,0.0,-1.8462818077335474
155,-1.8526720891701203,-0.4195827085043614,-0.3601574525236352,-0.14261362426703136,0.11091641789125042,-0.06380454101915232,0.023857322769717595,-0.12168197369375755,0.08840620966842419,-0.018977999121714474,-0.018460797029696944,0.013203568464024047,0.001662357556574323,-0.003701466657976961,0.0070398762690273954,0.0011309059671557428,-0.005167357369708298,0.0027013455208966548,-0.0014726555019681706,0.001411631735703928,0.00019085956328566216,0.00112103000843596,-0.001472655501968159,0.002701345520896644,-0.0051673573697083005,0.0011309059671557435,0.0070398762690273686,-0.0037014666579769594,0.0016623575565743215,0.013203568464024056,-0.018460797029696947,-0.01897799912171446,0.08840620966842416,-0.12168197369375754,0.023857322769717613,-0.06380454101915232,0.11091641789125041,-0.14261362426703136,-0.360157452523635,-0.41958270850436113,0.0,-1.810681621856439
156,-1.8169448230033607,-0.4217123545581232,-0.3505728066310929,-0.13257186094204096,0.1100560217949536,-0.06824718868073579,0.035426849778626535,-0.13322371751054765,0.09641278642652241,-0.020634782256535863,-0.020682450226855185,0.014977936122780514,0.0010359916454206145,-0.003213645727425683,0.007590434186404852,0.00014218626536863344,-0.004951979932453991,0.003297471750864891,-0.0015816558791278872,0.0011378733527226447,1.9208198407306933e-06,0.0010818779394279967,-0.0015816558791278761,0.00329747175086488,-0.004951979932453996,0.00014218626536863398,0.007590434186404825,-0.0032136457274256794,0.0010359916454206126,0.014977936122780523,-0.020682450226855185,-0.02063478225653586,0.09641278642652244,-0.13322371751054765,0.03542684977862657,-0.0682471886807358,0.1100560217949536,-0.13257186094204096,-0.3505728066310929,-0.42171235455812306,0.0,-1.7746838566360026
157,-1.7808066499279458,-0.4238175400705151,-0.340906824954095,-0.1224608943163803,0.10909349600128825,-0.07259088444322812,0.04692241433502139,-0.14438690840401594,0.1040615699743022,-0.022194655812407347,-0.022784196600862717,0.01664724432126793,0.0004009786781338751,-0.0026943486366056,0.008054781031508518,-0.0008483870518334235,-0.004663162402236774,0.0038383998958270334,-0.0016609786683333431,0.0008403304151345258,-0.00018706240297339572,0.001015111016681305,-0.0016609786683333323,0.003838399895827023,-0.004663162402236779,-0.0008483870518334233,0.00805478103150849,-0.002694348636605595,0.00040097867813387373,0.01664724432126795,-0.022784196600862727,-0.022194655812407343,0.10406156997430227,-0.14438690840401597,0.04692241433502144,-0.07259088444322812,0.10909349600128825,-0.12246089431638027,-0.34090682495409497,-0.42381754007051486,0.0,-1.7383114152174861
158,-1.744277136939537,-0.42589814293466294,-0.3311617500801647,-0.112286002374823,0.10802973371415552,-0.076829330363035,0.05832001655878462,-0.1551398263574471,0.11132417525079794,-0.023650293969863758,-0.024753851244805156,0.0181997840618702,-0.00023738111646879785,-0.0021486616581939647,0.008427642818893,-0.0018279003463740537,-0.004305188073124426,0.004315075079810309,-0.001709135487007464,0.0005252223552076793,-0.0003717139245483351,0.0009224334609208306,-0.0017091354870074535,0.004315075079810298,-0.004305188073124436,-0.0018279003463740548,0.008427642818892973,-0.002148661658193961,-0.00023738111646879785,0.018199784061870207,-0.02475385124480515,-0.02365029396986375,0.11132417525079794,-0.1551398263574471,0.05832001655878467,-0.07682933036303502,0.1080297337141555,-0.11228600237482295,-0.3311617500801647,-0.42589814293466294,0.0,-1.701586131151737
159,-1.707375851033681,-0.42795404246955787,-0.32133984294710005,-0.10205249647153833,0.10686572208281526,-0.08095638109877228,0.06959586109078854,-0.16545191713769417,0.11817365032407744,-0.024994860442522776,-0.026579995055603864,0.01962466539380526,-0.0008737595747855056,-0.001581929541502287,0.00870478463739104,-0.002783584164486398,-0.0038833658656632682,0.004719517990385759,-0.0017252227389630765,0.0001991357626011834,-0.0005477578711002054,0.0008062108598472917,-0.0017252227389630674,0.004719517990385751,-0.0038833658656632786,-0.0027835841644863984,0.008704784637391012,-0.0015819295415022837,-0.0008737595747855067,0.019624665393805262,-0.026579995055603857,-0.024994860442522766,0.11817365032407748,-0.16545191713769425,0.06959586109078857,-0.08095638109877228,0.10686572208281522,-0.10205249647153834,-0.32133984294710005,-0.4279540424695578,0.0,-1.6645288032265049
160,-1.6701223592060392,-0.429985119427056,-0.31144338231841756,-0.09176571855753232,0.10560254128583203,-0.08496605282142303,0.08072640677168737,-0.17529387911451175,0.12458457641136,-0.02622204058314868,-0.02825204093644161,0.020911893798305395,-0.0015028450707281053,-0.000999703163150917,0.008883058749632432,-0.0037029797060713276,-0.003403951593195098,0.005044958448505699,-0.001708938569137298,-0.00013111329273319768,-0.0007111176897284294,0.0006694097866874948,-0.0017089385691372895,0.0050449584485056905,-0.00340395159319511,-0.003702979706071329,0.008883058749632404,-0.0009997031631509131,-0.001502845070728107,0.020911893798305402,-0.028252040936441604,-0.02622204058314867,0.12458457641136006,-0.17529387911451177,0.08072640677168742,-0.08496605282142303,0.105602541285832,-0.0917657185575323,-0.31144338231841745,-0.4299851194270557,0.0,-1.6271592539867552
161,-1.6325362284523868,-0.43199125599879434,-0.3014746642546591,-0.08143103839211759,0.10424136352869187,-0.08885253189031783,0.09168841579000409,-0.18463774652063875,0.13053316220953218,-0.027326071039880287,-0.029760295175619133,0.022052440292985392,-0.0021193868499879724,-0.00040768515882284845,0.008960440343597527,-0.0045741012442100165,-0.0028740551853274772,0.005285948738032144,-0.001660588527484858,-0.0004586217343927501,-0.0008580105469104102,0.0005155220786339108,-0.001660588527484851,0.005285948738032134,-0.0028740551853274916,-0.004574101244210017,0.0089604403435975,-0.00040768515882284525,-0.002119386849987975,0.02205244029298539,-0.02976029517561913,-0.02732607103988028,0.13053316220953218,-0.1846377465206388,0.09168841579000414,-0.08885253189031782,0.10424136352869182,-0.08143103839211764,-0.301474664254659,-0.4319912559987943,0.0,-1.5894964088727033
162,-1.5946370257683844,-0.4339723358230255,-0.2914360015806888,-0.0710538507398676,0.10278345195601996,-0.09261018328235789,0.10245900219690213,-0.19345696891604988,0.1359973321859964,-0.02830176682334481,-0.031096013645997744,0.023038304763666573,-0.002718238856226542,0.0001883259313916968,0.008936050530144261,-0.005385592377444133,-0.0023015352444750625,0.005438454797874671,-0.0015810798357552335,-0.0007765437720298818,-0.0009850349254980266,0.00034847570796069067,-0.0015810798357552274,0.005438454797874662,-0.0023015352444750764,-0.005385592377444135,0.008936050530144233,0.00018832593139170056,-0.0027182388562265428,0.023038304763666577,-0.031096013645997737,-0.028301766823344808,0.1359973321859964,-0.1934569689160499,0.10245900219690218,-0.09261018328235789,0.10278345195601991,-0.07105385073986764,-0.2914360015806888,-0.4339723358230254,0.0,-1.5515583925160428
163,-1.5564443181495793,-0.43592824399136587,-0.2813297233490973,-0.06063957255451669,0.10123015947940875,-0.09623355876225977,0.11301567968635522,-0.2017264866305783,0.1409568085021996,-0.029144545657539378,-0.03225145249921082,0.023862572079429774,-0.003294402683388884,0.0007824924569895914,0.00881016632530607,-0.006126874077836227,-0.001694882499245974,0.005499923750225332,-0.0014719043647295929,-0.0010782339964285287,-0.001089249391780447,0.00017253452082423594,-0.0014719043647295881,0.005499923750225323,-0.0016948824992459876,-0.006126874077836227,0.008810166325306044,0.0007824924569895969,-0.003294402683388885,0.02386257207942978,-0.03225145249921081,-0.029144545657539368,0.1409568085021996,-0.20172648663057832,0.11301567968635524,-0.09623355876225974,0.10123015947940871,-0.06063957255451659,-0.2813297233490973,-0.43592824399136554,0.0,-1.5133626384470928
164,-1.5179776725916327,-0.43785886705546107,-0.27115817429984257,-0.05019364015127828,0.09958292752194423,-0.09971740478197572,0.12333640854096246,-0.20942280197054164,0.1453931862658195,-0.029850449500118087,-0.03321991306074378,0.02451946059729016,-0.0038430692956325603,0.0013689948341173747,0.008584217503983164,-0.006788282604777429,-0.00106309388311198,0.005469326634500552,-0.0013351106413261916,-0.001357386286086338,-0.0011682407086476955,-7.810597092027553e-06,-0.0013351106413261886,0.005469326634500544,-0.0010630938831119963,-0.00678828260477743,0.00858421750398314,0.0013689948341173805,-0.0038430692956325637,0.024519460597290165,-0.03321991306074378,-0.02985044950011809,0.14539318626581946,-0.20942280197054164,0.1233364085409625,-0.09971740478197569,0.09958292752194418,-0.050193640151278245,-0.27115817429984246,-0.4378588670554608,0.0,-1.4749260082842095
165,-1.4792566560900924,-0.43976409303356595,-0.2609237143162508,-0.039721506369056275,0.0978432846805951,-0.10305667009783613,0.13339964164539797,-0.21652404598703798,0.14929000183234314,-0.030416163131016447,-0.03399578066560258,0.02500436271626869,-0.004359659166650234,0.0019420885456794116,0.008260770360762504,-0.00736119548662509,-0.0004155391058325493,0.005347175631644496,-0.0011732654108222232,-0.001608165621788647,-0.0012201797175958708,-0.00018795635009987753,-0.0011732654108222217,0.005347175631644489,-0.0004155391058325649,-0.007361195486625093,0.008260770360762481,0.0019420885456794162,-0.004359659166650235,0.02500436271626869,-0.03399578066560258,-0.030416163131016444,0.14929000183234314,-0.21652404598703803,0.13339964164539797,-0.10305667009783614,0.09784328468059508,-0.039721506369056275,-0.2609237143162507,-0.4397640930335659,0.0,-1.4362649164046943
166,-1.4403008356408462,-0.44164381141704045,-0.2506287178775046,-0.029228637724029977,0.09601284530770689,-0.10624651309436997,0.1431843694714287,-0.2230100406161919,0.15263279390256695,-0.03083902972211312,-0.03457455720942028,0.025313877196402414,-0.0048398605033572835,0.0024961604062021963,0.007843498562308758,-0.007838143927806991,0.00023817830356137503,0.005135515490467359,-0.0009894054754239338,-0.0018253300539019526,-0.0012438636955451527,-0.0003633045312855147,-0.0009894054754239331,0.005135515490467354,0.00023817830356136023,-0.00783814392780699,0.007843498562308735,0.002496160406202202,-0.004839860503357285,0.025313877196402414,-0.03457455720942027,-0.030839029722113127,0.152632793902567,-0.2230100406161919,0.14318436947142874,-0.10624651309436996,0.09601284530770687,-0.02922863772402996,-0.25062871787750457,-0.44164381141704023,0.0,-1.3973954561339603
167,-1.4011297782393282,-0.443497913176759,-0.24027557350774328,-0.01872051155610081,0.09409330801291632,-0.10928230880418427,0.15267016394058547,-0.2288623560147787,0.15540915718928205,-0.03111706331480747,-0.034952887226286304,0.025445833015999057,-0.0052796652349048605,0.0030257835403667095,0.007337141422380643,-0.008212910175993689,0.0008883634214287006,0.004837889299537536,-0.0007869807128677219,-0.0020043402729487095,-0.0012387442056370317,-0.0005293793913981934,-0.0007869807128677235,0.0048378892995375325,0.000888363421428685,-0.008212910175993692,0.007337141422380625,0.0030257835403667147,-0.005279665234904862,0.02544583301599905,-0.034952887226286304,-0.031117063314807458,0.155409157189282,-0.22886235601477875,0.1526701639405855,-0.10928230880418426,0.0940933080129163,-0.018720511556100862,-0.24027557350774317,-0.4434979131767588,0.0,-1.3583335236338434
168,-1.361763050881427,-0.4453262907694345,-0.2298666832219065,-0.008202613169688037,0.09208645408687707,-0.11215965561372469,0.16183722107291046,-0.2340643629283103,0.15760878845398463,-0.03124895814691274,-0.03512857734211164,0.02539930459979425,-0.005675402466630759,0.0035257705367197317,0.0067474500733791165,-0.008480608580008969,0.0015253737096027561,0.004459279177589683,-0.0005697893442294614,-0.002141454493149408,-0.001204939797085174,-0.000681941882016133,-0.0005697893442294644,0.004459279177589682,0.0015253737096027403,-0.00848060858000897,0.006747450073379103,0.003525770536719736,-0.0056754024666307605,0.025399304599794247,-0.03512857734211163,-0.031248958146912736,0.15760878845398457,-0.23406436292831034,0.16183722107291054,-0.1121596556137247,0.09208645408687705,-0.008202613169688054,-0.22986668322190656,-0.4453262907694343,0.0,-1.3190949359164503
169,-1.3222202205625757,-0.4471288381438561,-0.21940446196844646,0.0023195670296330424,0.08999414584825913,-0.11487438164519453,0.17066640233274283,-0.23860127994277835,0.15922352474276694,-0.031234094785062214,-0.03510060899074883,0.025174618311197064,-0.006023769119719825,0.00399122425594836,0.006081122145803237,-0.008637749281764534,0.0021397620185756756,0.004006022875262593,-0.00034190666555219604,-0.0022338066656156256,-0.0011432332599964456,-0.0008170978569414194,-0.0003419066655522007,0.004006022875262593,0.0021397620185756613,-0.008637749281764534,0.006081122145803222,0.003991224255948363,-0.006023769119719828,0.025174618311197057,-0.03510060899074882,-0.031234094785062214,0.15922352474276696,-0.23860127994277835,0.17066640233274283,-0.11487438164519452,0.08999414584825911,0.0023195670296330424,-0.21940446196844632,-0.4471288381438559,0.0,-1.2796955397484213
170,-1.2825208542784359,-0.44890545074704113,-0.2088913370690394,0.012840536401155409,0.08781832491555568,-0.11742255080537853,0.17913927458522141,-0.24246021548579028,0.16024737367949318,-0.03107254303382763,-0.03486914431914486,0.024773350163085142,-0.006321857500835488,0.004417585796074346,0.005345725697515248,-0.008682283711897278,0.0027224166929809717,0.0034857076842135324,-0.00010760858054478316,-0.002279466386331987,-0.001055053498730699,-0.000931397469991358,-0.00010760858054478908,0.003485707684213531,0.0027224166929809574,-0.008682283711897278,0.005345725697515238,0.00441758579607435,-0.006321857500835489,0.02477335016308514,-0.03486914431914486,-0.03107254303382763,0.16024737367949318,-0.2424602154857903,0.17913927458522141,-0.11742255080537853,0.08781832491555568,0.012840536401155357,-0.20889133706903934,-0.44890545074704097,0.0,-1.2401513086314633
171,-1.2426845190247824,-0.45065602553029865,-0.19832974765542843,0.023354802936230844,0.08556101040530183,-0.11980046849260177,0.18723814858008705,-0.2456302044577526,0.16067653570384005,-0.030765061607887764,-0.03443552524729178,0.024198314763206705,-0.0065671795716084145,0.004800679144771583,0.00454961325681542,-0.008613631296003788,0.003264696701546856,0.0029070434295192234,0.000128708630845236,-0.0022774792466922007,-0.0009424424435479676,-0.0010219232320650665,0.0001287086308452289,0.002907043429519224,0.0032646967015468424,-0.008613631296003788,0.004549613256815413,0.004800679144771588,-0.006567179571608415,0.024198314763206694,-0.03443552524729178,-0.030765061607887768,0.16067653570384005,-0.24563020445775263,0.18723814858008717,-0.11980046849260183,0.08556101040530185,0.02335480293623081,-0.1983297476554282,-0.4506560255302984,0.0,-1.200478425535722
172,-1.2027307817972759,-0.4523804609552066,-0.18772214410352345,0.03385687812513228,0.08322429705837625,-0.12200468695354906,0.19494611588243785,-0.24810223938901454,0.16050941817167677,-0.03031309456878646,-0.033802265688424864,0.023453545571729538,-0.006757687715413486,0.005136752081458137,0.0037018269556131694,-0.008432687023315568,0.003758559787482259,0.0022797166714094057,0.00036261080255261066,-0.002227886783156505,-0.000808007766751866,-0.0010863644798352423,0.00036261080255260285,0.002279716671409408,0.003758559787482246,-0.008432687023315568,0.0037018269556131625,0.00513675208145814,-0.0067576877154134855,0.023453545571729534,-0.03380226568842486,-0.030313094568786458,0.16050941817167685,-0.24810223938901452,0.1949461158824379,-0.12200468695354907,0.08322429705837625,0.03385687812513235,-0.18772214410352334,-0.45238046095520634,0.0,-1.1606933496084748
173,-1.162679209591464,-0.45407865699950234,-0.17707098746489394,0.04434127982208758,0.08081035329612528,-0.12403201028217728,0.20224708417333634,-0.24986929603443975,0.15974664126545585,-0.029718764543014965,-0.032973036974572024,0.02254426660941594,-0.006891791828102122,0.005422512928545873,0.002811995830178461,-0.008141809779145711,0.004196681738767591,0.0016142285569254945,0.0005897090833960291,-0.00213172560903009,-0.0006548624982554667,-0.0011230763552573131,0.0005897090833960202,0.0016142285569254984,0.00419668173876758,-0.008141809779145715,0.002811995830178459,0.005422512928545878,-0.006891791828102124,0.022544266609415935,-0.03297303697457203,-0.029718764543014954,0.1597466412654558,-0.24986929603443975,0.20224708417333634,-0.1240320102821773,0.08081035329612525,0.04434127982208755,-0.1770709874648939,-0.45407865699950223,0.0,-1.1208128656657697
174,-1.1225493694031217,-0.4557505151628829,-0.16637874889578563,0.054802535106992664,0.07832141920811314,-0.125879499053474,0.20912581084657025,-0.2509263533326787,0.15839103569268131,-0.02898486275326894,-0.03195264657194994,0.021476855814870494,-0.006968372590039638,0.005655162791886408,0.0018902264559169163,-0.007744791593211395,0.004572565009518103,0.0009217190357893291,0.0008057422878085611,-0.0019910057465105874,-0.0004865529388588069,-0.0011311217904483798,0.0008057422878085511,0.0009217190357893339,0.004572565009518093,-0.007744791593211395,0.001890226455916918,0.0056551627918864115,-0.00696837259003964,0.021476855814870487,-0.03195264657194993,-0.028984862753268937,0.15839103569268134,-0.2509263533326788,0.20912581084657025,-0.125879499053474,0.07832141920811311,0.05480253510699255,-0.16637874889578555,-0.45575051516288284,0.0,-1.0808541158821061
175,-1.0823608282276824,-0.4573959384727193,-0.1556479090837908,0.06523518314230832,0.07575980447336544,-0.12754447458534254,0.21556793483142325,-0.2512704076734299,0.15644763218099622,-0.02811483590969783,-0.03074701020960471,0.020258800307883344,-0.006986790808670657,0.005832422974633189,0.0009469881583233255,-0.0072468082047273214,0.004880635081516099,0.0002137803830234884,0.0010066568510991756,-0.0018086686119220135,-0.00030697654051063124,-0.0011102954262750605,0.0010066568510991652,0.00021378038302349433,0.004880635081516092,-0.007246808204727322,0.0009469881583233285,0.005832422974633191,-0.006986790808670655,0.020258800307883334,-0.030747010209604707,-0.02811483590969783,0.15644763218099625,-0.25127040767342995,0.21556793483142325,-0.12754447458534254,0.07575980447336543,0.06523518314230826,-0.15564790908379078,-0.4573959384727191,0.0,-1.0408346137055307
176,-1.0421331530610343,-0.45901483148968053,-0.14488095767230852,0.07563377802365015,0.07312788621703509,-0.12902452282243485,0.22156000657501945,-0.2509004814321461,0.15392364280887225,-0.02711277002271052,-0.029363117582881824,0.018898643872664336,-0.006946892753633475,0.005952557296013765,-7.00589612879258e-06,-0.006654351588729831,0.00511632313682709,-0.0004977368501355501,0.0011886828889952979,-0.0015885255323545933,-0.00012029165515600787,-0.0010611288541300583,0.0011886828889952866,-0.0004977368501355441,0.005116323136827086,-0.006654351588729831,-7.005896128786929e-06,0.005952557296013767,-0.006946892753633474,0.018898643872664322,-0.029363117582881824,-0.02711277002271052,0.15392364280887225,-0.25090048143214616,0.22156000657501954,-0.12902452282243487,0.07312788621703506,0.07563377802365003,-0.14488095767230827,-0.4590148314896804,0.0,-1.0007722406250656
177,-1.0018859108987255,-0.4606071003132697,-0.1340803926829271,0.0859928916225825,0.07042810680447956,-0.13031749783630128,0.22708951612164563,-0.24981762574793892,0.15082843424118594,-0.025983371213359373,-0.027808991830559904,0.017405927029335466,-0.006849011439893057,0.006014389096410284,-0.0009609203786087866,-0.005975145323254065,0.005276133815427737,-0.0012009222087433539,0.001348404934314138,-0.0013351780788748778,6.917875793385612e-05,-0.0009848770471014995,0.0013484049343141275,-0.001200922208743345,0.005276133815427733,-0.0059751453232540636,-0.0009609203786087791,0.006014389096410285,-0.006849011439893056,0.017405927029335456,-0.027808991830559897,-0.02598337121335937,0.15082843424118592,-0.24981762574793895,0.22708951612164563,-0.13031749783630128,0.07042810680447953,0.08599289162258243,-0.1340803926829269,-0.4606071003132695,0.0,-0.9606852269869908
178,-0.9616386687364167,-0.4621726525872707,-0.12324871993586246,0.09630711642013443,0.06766297157479678,-0.13142152493678128,0.23214491923042715,-0.2480249175367843,0.14717349296900425,-0.024731943611424854,-0.026093643020580308,0.01579112011403713,-0.00669396384818282,0.006017312762191351,-0.0019039208640531464,-0.0052180439006826165,0.005357697052969438,-0.0018840047094126357,0.0014828260234868596,-0.0010539218815522164,0.0002570472365531671,-0.0008834863268784281,0.0014828260234868488,-0.0018840047094126266,0.005357697052969434,-0.005218043900682614,-0.0019039208640531356,0.006017312762191351,-0.006693963848182819,0.015791120114037115,-0.026093643020580284,-0.024731943611424848,0.14717349296900428,-0.2480249175367843,0.23214491923042715,-0.13142152493678125,0.06766297157479673,0.09630711642013452,-0.1232487199358623,-0.46217265258727036,0.0,-0.9205921185798522
179,-0.9214109935697687,-0.46371139750510454,-0.11238845246858704,0.10657106832955669,0.06483504651592262,-0.1323350033901252,0.23671566147683265,-0.2455274507485186,0.14297238268257798,-0.02336436444500088,-0.024227015914039696,0.014065549837042968,-0.006483044105955178,0.0059612996574149564,-0.0028252968870249306,-0.0043929172958961,0.005359803229900188,-0.002535549880891831,0.0015894239304404738,-0.0007506359368212535,0.00043896341361209835,-0.0007595446840348129,0.0015894239304404627,-0.002535549880891822,0.005359803229900189,-0.004392917295896098,-0.002825296887024917,0.005961299657414958,-0.006483044105955177,0.014065549837042958,-0.02422701591403969,-0.02336436444500089,0.14297238268257792,-0.24552745074851856,0.23671566147683265,-0.13233500339012513,0.06483504651592258,0.10657106832955668,-0.11238845246858686,-0.4637113975051043,0.0,-0.8805117311701545
180,-0.881222452394443,-0.46522324581509694,-0.10150210995278416,0.1167793895068466,0.06194695588344731,-0.13305660873990507,0.24079220028768766,-0.24233232189246637,0.13824069393573293,-0.02188705643857037,-0.02221993231028475,0.012241319834025564,-0.006218012685757056,0.005846898404304159,-0.0037145835896573785,-0.0035105222960564197,0.005282421110667404,-0.0031446511715929894,0.001666198492686349,-0.00043165972094855165,0.0006107147561961315,-0.0006162157197631081,0.0016661984926863375,-0.003144651171592979,0.0052824211106674065,-0.003510522296056421,-0.003714583589657361,0.005846898404304157,-0.006218012685757056,0.012241319834025554,-0.02221993231028474,-0.02188705643857038,0.13824069393573296,-0.24233232189246642,0.24079220028768772,-0.13305660873990507,0.06194695588344731,0.11677938950684656,-0.10150210995278423,-0.46522324581509694,0.0,-0.8404630955580625
181,-0.8410926122061007,-0.4667081098256551,-0.09059221810976383,0.12692675114757496,0.059001379765361205,-0.13358529472734992,0.2443660248636944,-0.2384486098728309,0.13299598628845807,-0.020306957649201374,-0.020084028307364016,0.01033122576774864,-0.005901081711187713,0.005675229509748414,-0.004561680580021643,-0.0025823622694357193,0.005126698306955228,-0.003701112519999396,0.0017117091416066392,-0.00010366067825605768,0.0007683241128751677,-0.0004571578951896946,0.0017117091416066288,-0.0037011125199993833,0.005126698306955229,-0.0025823622694357193,-0.004561680580021624,0.0056752295097484105,-0.00590108171118771,0.010331225767748625,-0.020084028307364003,-0.020306957649201384,0.13299598628845813,-0.2384486098728309,0.2443660248636945,-0.1335852947273499,0.05900137976536121,0.12692675114757507,-0.09059221810976376,-0.46670810982565497,0.0,-0.8004653960238941
182,-0.8010410400002888,-0.4681659034103537,-0.07966130812447407,0.1370078562685538,0.05600105159498858,-0.13392029480832077,0.24742967394786416,-0.2338873501911417,0.12725772314240225,-0.01863148888252553,-0.017831686841570632,0.00834866557568643,-0.005534896493084846,0.005447974390461485,-0.005356966650942253,-0.0016205372014188174,0.004894944258086322,-0.0041956190318124436,0.0017251019327346562,0.00022650514605291697,0.0009081418104129918,-0.0002864311494274055,0.0017251019327346464,-0.004195619031812434,0.004894944258086328,-0.001620537201418817,-0.005356966650942231,0.005447974390461484,-0.005534896493084846,0.008348665575686415,-0.01783168684157063,-0.018631488882525544,0.12725772314240225,-0.2338873501911417,0.24742967394786422,-0.1339202948083208,0.05600105159498858,0.13700785626855375,-0.079661308124474,-0.4681659034103536,0.0,-0.7605379052426953
183,-0.7610873027727822,-0.4695965420129309,-0.06871191605824543,0.14701744247289253,0.0529487556144186,-0.13406112326472663,0.2499767514027667,-0.22866150358906545,0.12104719951110848,-0.01686851884152713,-0.015475965897178775,0.006307545493118721,-0.005122513450049919,0.005167358904289352,-0.006091409056300247,-0.0006375859526891789,0.0045905959809964675,-0.004619892906784731,0.0017061255688432975,0.0005519364153236402,0.0010269301672442125,-0.00010839326993238186,0.0017061255688432893,-0.00461989290678472,0.004590595980996474,-0.00063758595268918,-0.006091409056300223,0.005167358904289352,-0.005122513450049919,0.006307545493118703,-0.015475965897178773,-0.01686851884152715,0.12104719951110848,-0.22866150358906556,0.24997675140276673,-0.1340611232647266,0.0529487556144186,0.14701744247289247,-0.06871191605824557,-0.46959654201293083,0.0,-0.7206999188494931
184,-0.7212509675191288,-0.4709999426521925,-0.05774658226040422,0.1569502846970011,0.04984732429078653,-0.13400757590876897,0.2520019395640743,-0.22278591922067942,0.1143874629930351,-0.015026327171818635,-0.013030522802579124,0.004222182510881964,-0.00466737459760226,0.004836131548971291,-0.006756666103679312,0.0003536772039958075,0.004218167097725221,-0.0049668320050994565,0.0016551361151904175,0.0008658307575907079,0.0011219384666865473,7.241133969582867e-05,0.00165513611519041,-0.004966832005099445,0.004218167097725228,0.00035367720399580695,-0.006756666103679287,0.004836131548971287,-0.004667374597602259,0.004222182510881949,-0.013030522802579114,-0.015026327171818649,0.11438746299303511,-0.22278591922067947,0.25200193956407435,-0.13400757590876897,0.04984732429078654,0.1569502846970011,-0.05774658226040415,-0.4709999426521923,0.0,-0.680970692838351
185,-0.6815516012349889,-0.4723760239268257,-0.04676785077888932,0.1668011979381042,0.04669963568780327,-0.13375973037899477,0.2535010103425227,-0.21627729245885288,0.10730322824063625,-0.013113565576957522,-0.010509535051707488,0.0021072039519653197,-0.004173278818891975,0.004457536541887089,-0.00734518189812222,0.0013403296374471356,0.0037831808963679687,-0.005230628733761871,0.0015730903184460671,0.0011616269530957306,0.0011909666537749902,0.00025136765527731625,0.001573090318446061,-0.00523062873376186,0.0037831808963679795,0.0013403296374471347,-0.007345181898122193,0.004457536541887088,-0.004173278818891973,0.002107203951965311,-0.010509535051707488,-0.013113565576957541,0.10730322824063625,-0.21627729245885297,0.25350101034252276,-0.13375973037899477,0.04669963568780326,0.16680119793810405,-0.04676785077888939,-0.4723760239268256,0.0,-0.6413693868734994
186,-0.6420087709161377,-0.47372470602011985,-0.0357782687700133,0.17656503996084266,0.04350861079497208,-0.13331794602772792,0.2544708340511104,-0.20915411745562978,0.09982078524291299,-0.011139217186423177,-0.007927618109805818,-2.2555128650403525e-05,-0.003644350156764858,0.004035282044461717,-0.00785027216091144,0.002309508824304339,0.0032920884182255647,-0.005406867262901945,0.0014615276546627114,0.0014331420810877761,0.0012324162807252892,0.0004239078301999042,0.0014615276546627075,-0.0054068672629019356,0.003292088418225577,0.0023095088243043397,-0.007850272160911416,0.004035282044461716,-0.0036443501567648556,-2.255512865042075e-05,-0.00792761810980582,-0.01113921718642319,0.09982078524291296,-0.2091541174556299,0.25447083405111043,-0.13331794602772798,0.0435086107949721,0.17656503996084263,-0.03577826877001344,-0.4737247060201197,0.0,-0.6019150163828991
187,-0.6026420435582365,-0.4750459107045964,-0.024780385907500646,0.18623671398155262,0.04027721081697111,-0.13268286340004282,0.25490938593910595,-0.2014366345914108,0.09196790176180236,-0.009112554367078909,-0.00529974068003775,-0.0021521560012444925,-0.0030850033918342467,0.003573503842454556,-0.008266200148656446,0.0032485800316981945,0.0027521727859560413,-0.005492597444634329,0.0013225414431334626,0.0016747007591766535,0.0012453275213106308,0.0005856277893633455,0.0013225414431334594,-0.005492597444634322,0.0027521727859560526,0.0032485800316981945,-0.008266200148656418,0.003573503842454552,-0.0030850033918342445,-0.00215215600124451,-0.005299740680037741,-0.009112554367078921,0.09196790176180236,-0.20143663459141076,0.2549093859391059,-0.13268286340004282,0.040277210816971123,0.1862367139815527,-0.024780385907500507,-0.4750459107045963,0.0,-0.5626264159988741
188,-0.5634709861567184,-0.4763395613465464,-0.013776753790941986,0.19581117132881543,0.037008434425717184,-0.13185540330503503,0.2548157504192247,-0.1931467729622573,0.08377372028446922,-0.007043095176254057,-0.0026411379222018895,-0.004266661045811797,-0.0024999071938674746,0.0030767248378678275,-0.008588241810409477,0.004145301030316,0.0021714411915849793,-0.00548638419710954,0.0011587395681468822,0.0018812537737956563,0.0012294013970299707,0.0007323996428678861,0.0011587395681468809,-0.005486384197109531,0.0021714411915849945,0.004145301030316,-0.00858824181040945,0.0030767248378678245,-0.002499907193867474,-0.00426666104581181,-0.002641137922201885,-0.007043095176254074,0.0837737202844692,-0.19314677296225727,0.2548157504192248,-0.13185540330503506,0.037008434425717204,0.19581117132881543,-0.01377675379094185,-0.4763395613465464,0.0,-0.5235222165148918
189,-0.5245151657074723,-0.47760558291047545,-0.0027699253538026603,0.2052834140788948,0.033705314977660564,-0.13083676548073644,0.25419012297914745,-0.18430808806873827,0.07526864987391622,-0.004940558660960772,3.2776873341331456e-05,-0.006351238528734473,-0.0018939451540492818,0.002549810749232083,-0.008812739442764544,0.004987981690582753,0.0015585061462410322,-0.005388331527091224,0.0009731955456403732,0.002048483622084158,0.0011850067003888324,0.0008604770500961799,0.0009731955456403735,-0.005388331527091219,0.0015585061462410476,0.004987981690582756,-0.008812739442764516,0.002549810749232081,-0.0018939451540492807,-0.006351238528734483,3.2776873341335766e-05,-0.004940558660960785,0.07526864987391625,-0.18430808806873836,0.25419012297914745,-0.13083676548073642,0.03370531497766055,0.20528341407889478,-0.0027699253538025913,-0.4776055829104754,0.0,-0.48462083705282377
190,-0.4857941492059319,-0.47884390196345583,0.008237545728879164,0.21464849766468275,0.030370917698893368,-0.1296284268546094,0.2530338097733902,-0.17494569488337744,0.06648425331926053,-0.0028148192131790947,0.0027065016444574623,-0.008391266636736653,-0.0012721750233721167,0.0019979224541637457,-0.008937143233532651,0.005765636381377897,0.0009224577527364663,-0.005200080788933163,0.0007693908529188224,0.0021728947590863037,0.001113171454973982,0.0009665908447782171,0.0007693908529188235,-0.00520008078893316,0.0009224577527364819,0.005765636381377899,-0.008937143233532622,0.0019979224541637436,-0.0012721750233721137,-0.008391266636736667,0.00270650164445746,-0.002814819213179112,0.06648425331926054,-0.17494569488337747,0.2530338097733901,-0.1296284268546094,0.030370917698893368,0.21464849766468275,0.008237545728879095,-0.4788439019634556,0.0,-0.4459404935940334
191,-0.44732750364798557,-0.48005444667938596,0.019243105632966613,0.2239015334567933,0.027008336840683583,-0.1282321394021436,0.25134922489637845,-0.16508619648688627,0.05745313000446863,-0.0006758601955770139,0.005364535430681585,-0.010372436038398894,-0.0006397864973760658,0.0014264654409771632,-0.008960040222146108,0.0064681271845373435,0.00027272889524791917,-0.004924783209099874,0.0005511496035416656,0.0022518866638613,0.001015559110076323,0.001048032480216619,0.0005511496035416688,-0.004924783209099868,0.00027272889524793586,0.006468127184537344,-0.00896004022214608,0.0014264654409771602,-0.0006397864973760629,-0.010372436038398896,0.005364535430681585,-0.0006758601955770268,0.05745313000446864,-0.1650861964868863,0.25134922489637856,-0.12823213940214356,0.02700833684068359,0.22390153345679312,0.019243105632966682,-0.48005444667938596,0.0,-0.4074992244353207
192,-0.40913479602906677,-0.4812371468431564,0.03024420097773152,0.23303769131545524,0.02362069280807428,-0.12664992760665864,0.24913988534241904,-0.15475760847596326,0.048208794930230205,0.001466272944541515,0.007991468240274956,-0.012280850253836767,-2.057899594281245e-06,0.0008410368644490061,-0.008881170347863761,0.007086296058120691,-0.00038104465460486953,-0.004567047136157072,0.0003225667931138947,0.0022838081972308515,0.0008944300211100499,0.001102723164739134,0.00032256679311389936,-0.004567047136157069,-0.0003810446546048534,0.007086296058120692,-0.008881170347863733,0.0008410368644490023,-2.0578995942790917e-06,-0.012280850253836779,0.007991468240274958,0.0014662729445415106,0.048208794930230205,-0.15475760847596326,0.24913988534241904,-0.1266499276066586,0.02362069280807427,0.2330376913154551,0.03024420097773159,-0.4812371468431563,0.0,-0.36931493250376923
193,-0.3712355933450642,-0.4823919338547227,0.0412382794182609,0.242052202111875,0.0202111292642126,-0.12488408552399709,0.24641040366308992,-0.14398927935745395,0.03878555433792746,0.0036015198528639154,0.010572070389888923,-0.014103123128522714,0.0006356878747481313,0.0002473707242991188,-0.008701429403503911,0.007612084225493323,-0.0010291671405925156,-0.004132860899241733,8.793146234962709e-05,0.0022679921149434384,0.0007525891078048179,0.0011292669227010812,8.793146234963287e-05,-0.004132860899241731,-0.0010291671405925002,0.007612084225493323,-0.008701429403503883,0.0002473707242991129,0.000635687874748134,-0.014103123128522726,0.01057207038988893,0.0036015198528639046,0.038785554337927436,-0.14398927935745395,0.24641040366308992,-0.12488408552399705,0.020211129264212573,0.24205220211187503,0.04123827941826083,-0.4823919338547224,0.0,-0.3314054438206018
194,-0.3336494625914117,-0.4835187407330842,0.05222279023762081,0.25094036021774957,0.01678281021309592,-0.12293717345636258,0.24316647833737953,-0.13281180715506805,0.029218378397265862,0.005719852515705956,0.013091380798888368,-0.015826472727542062,0.0012681277870593842,-0.00034871829666099604,-0.008422858861156854,0.008038637233804172,-0.0016620266143082137,-0.0036294925663236392,-0.0001483537808527789,0.00220476901483926,0.000593320902221402,0.0011269862266595925,-0.0001483537808527717,-0.0036294925663236375,-0.0016620266143081968,0.008038637233804172,-0.00842285886115683,-0.0003487182966610003,0.001268127787059388,-0.015826472727542076,0.013091380798888368,0.005719852515705943,0.029218378397265845,-0.132811807155068,0.24316647833737962,-0.12293717345636254,0.01678281021309593,0.2509403602177495,0.05222279023762081,-0.48351874073308415,0.0,-0.2937885807618591
195,-0.29639597076377,-0.48461750212016946,0.0631951849386452,0.25969752596163237,0.013338917063441938,-0.12081201424012654,0.23941488187468019,-0.12125695246561698,0.019542771430030602,0.00781132235576357,0.015534793726446635,-0.01743881099168267,0.0018899830849029168,-0.0009413917846329258,-0.008048622685435132,0.008360394312261153,-0.0022702374846922044,-0.0030653682802567815,-0.0003818553702669579,0.002095460426483311,0.0004203134906482422,0.0010959392912110774,-0.00038185537026694943,-0.003065368280256783,-0.002270237484692188,0.008360394312261155,-0.008048622685435108,-0.0009413917846329293,0.0018899830849029187,-0.017438810991682676,0.015534793726446635,0.007811322355763562,0.019542771430030602,-0.12125695246561698,0.23941488187468019,-0.12081201424012658,0.013338917063441945,0.2596975259616324,0.0631951849386452,-0.4846175021201694,0.0,-0.2564822481418073
196,-0.25949468485791405,-0.4856881542846267,0.07415291783520657,0.26831912805087005,0.009882645676407639,-0.11851168915298534,0.2351634466754722,-0.10935754821181884,0.009794640151574488,0.009866106954798141,0.017888143448552527,-0.01892882852648503,0.0024960633618783994,-0.0015248447793700325,-0.007582971397613325,0.008573160865282549,-0.002844779710574832,-0.0024499312092163407,-0.0006081919710850383,0.0019423511877114763,0.00023757311061456816,0.0010369185870679903,-0.0006081919710850289,-0.0024499312092163433,-0.002844779710574816,0.008573160865282547,-0.007582971397613304,-0.0015248447793700364,0.0024960633618784007,-0.018928828526485038,0.017888143448552527,0.009866106954798132,0.00979464015157447,-0.10935754821181887,0.23516344667547218,-0.11851168915298536,0.009882645676407644,0.2683191280508701,0.07415291783520636,-0.48568815428462647,0.0,-0.21950452956207184
197,-0.22296517186950515,-0.4867306351255209,0.08509344664283762,0.2768006659578438,0.006417203399896588,-0.11603953344640204,0.2304210486792197,-0.09714740634810827,1.0160419001071011e-05,0.011874556183826017,0.02013778638401304,-0.020286073929518634,0.003081309880109621,-0.0020933626310542224,-0.007031193798811757,0.008674163155465212,-0.0033771325719500578,-0.0017934834726228343,-0.0008231166896137143,0.0017486416854927175,4.9331380650128116e-05,0.0009514306133029799,-0.0008231166896137041,-0.0017934834726228384,-0.0033771325719500448,0.00867416315546521,-0.00703119379881174,-0.002093362631054226,0.003081309880109622,-0.020286073929518637,0.02013778638401304,0.011874556183826006,1.0160419001071011e-05,-0.09714740634810827,0.23042104867921975,-0.11603953344640204,0.00641720339989659,0.27680066595784375,0.08509344664283772,-0.4867306351255208,0.0,-0.1828737909433335
198,-0.18682699879420395,-0.4877448841759354,0.09601423306856187,0.28513771226927176,0.002945806092206916,-0.11339913150981075,0.2251975888336161,-0.0846612217845436,-0.009774357019452128,0.013827237524165512,0.02227068019332509,-0.021501027099460668,0.0036408377937417174,-0.002641376972624194,-0.006399556900545336,0.008662084463493525,-0.0038594010360912335,-0.0011070136886371417,-0.0010225967603685019,0.0015183809593992852,-0.00014005268897902476,0.0008416574440723874,-0.001022596760368491,-0.0011070136886371473,-0.0038594010360912183,0.008662084463493527,-0.006399556900545321,-0.0026413769726241973,0.003640837793741718,-0.02150102709946067,0.022270680193325093,0.0138272375241655,-0.009774357019452154,-0.08466122178454362,0.22519758883361612,-0.11339913150981075,0.002945806092206916,0.28513771226927176,0.09601423306856173,-0.48774488417593526,0.0,-0.1466087877036803
199,-0.15109973262744436,-0.48873084260647964,0.10691274339979762,0.2933259149973454,-0.0005283248622182714,-0.11059431167359458,0.2195039724238675,-0.07193447380181153,-0.01952260127561893,0.015714980366494796,0.024274459391839254,-0.022565166012766643,0.004169976921023165,-0.0031635202593323563,-0.005695234744897813,0.008537082253589314,-0.004284432844442639,-0.0004020130299980801,-0.0012028892153479087,0.00125638206599892,-0.00032619363547515466,0.0007104010313361,-0.0012028892153478972,-0.0004020130299980871,-0.004284432844442626,0.00853708225358931,-0.005695234744897801,-0.0031635202593323576,0.0041699769210231654,-0.022565166012766646,0.024274459391839264,0.01571498036649479,-0.01952260127561895,-0.07193447380181156,0.2195039724238675,-0.11059431167359463,-0.0005283248622182778,0.2933259149973454,0.10691274339979752,-0.4887308426064795,0.0,-0.11072877168324285
200,-0.11580294036511507,-0.48968845322870114,0.11778644909220147,0.30136099985149273,-0.0040019655421686135,-0.10762914065837269,0.21335208630516903,-0.05900332523745528,-0.0291983960731292,0.017528919079873764,0.026137507038847162,-0.023471026499542476,0.004664310724662363,-0.003654678341340895,-0.004926226922771815,0.008300786120724919,-0.0046459245838355485,0.0003097171326610151,-0.0013606111156581144,0.0009681214732764835,-0.000504781095260202,0.0005610116852426906,-0.0013606111156581032,0.0003097171326610073,-0.004645924583835537,0.008300786120724917,-0.004926226922771808,-0.003654678341340897,0.004664310724662364,-0.023471026499542476,0.026137507038847173,0.017528919079873747,-0.0291983960731292,-0.059003325237455294,0.21335208630516908,-0.10762914065837272,-0.0040019655421686135,0.30136099985149256,0.11778644909220144,-0.4896884532287009,0.0,-0.07525359365142759
201,-0.08095618900276302,-0.4906176604984024,0.12863282735631118,0.30923877246958337,-0.007471892481398211,-0.1045079176786439,0.20675477408590734,-0.04590451972978802,-0.038765833999581556,0.019260534648459705,0.02784902208697383,-0.024212254599333283,0.005119713175103556,-0.004110040554432941,-0.004101267715672769,0.007956276546360592,-0.004938515168944806,0.0010162627800586895,-0.0014928030276887248,0.0006596245880069912,-0.000671679616695795,0.00039730255771267583,-0.0014928030276887142,0.0010162627800586804,-0.004938515168944796,0.007956276546360594,-0.00410126771567276,-0.0041100405544329454,0.005119713175103556,-0.024212254599333283,0.02784902208697383,0.019260534648459702,-0.03876583399958159,-0.04590451972978801,0.20675477408590742,-0.10450791767864395,-0.007471892481398183,0.30923877246958337,0.128632827356311,-0.4906176604984021,0.0,-0.04020379708123262
202,-0.04657904553593584,-0.491518410518863,0.13944936174285252,0.3169551206074109,-0.010934885659935315,-0.10123516820933705,0.1997258093134,-0.03267527731147074,-0.048189409760947,0.020901694680373284,0.02939908200141585,-0.024783651129590696,0.005532383189037345,-0.0045251468382237064,-0.0032297268929813846,0.007508044739657664,-0.0051578653495990435,0.0017057966791957455,-0.0015969845527968362,0.00033733980885992075,-0.0008230244224636192,0.00022345231202005296,-0.0015969845527968247,0.0017057966791957358,-0.0051578653495990365,0.0075080447396576626,-0.0032297268929813803,-0.00452514683822371,0.005532383189037345,-0.024783651129590707,0.02939908200141585,0.020901694680373284,-0.04818940976094707,-0.03267527731147068,0.19972580931339992,-0.10123516820933706,-0.010934885659935301,0.316955120607411,0.13944936174285258,-0.49151841051886297,0.0,-0.005600698842386509
203,-0.012691076960522074,-0.492390651043966,0.1502335427265782,0.32450601628530856,-0.014387731492193702,-0.09781563742430455,0.1922798667181538,-0.019353188649423383,-0.05743415194368897,0.02244469160081653,0.030778700285989485,-0.0251812081542028,0.005898876355699729,-0.004895931420370681,-0.0023215032914452637,0.006961934087698705,-0.005300722063815298,0.002366776365525168,-0.0016712008685615869,8.003737857135386e-06,-0.0009553109040893441,4.3898462723795165e-05,-0.0016712008685615758,0.002366776365525157,-0.005300722063815295,0.006961934087698705,-0.0023215032914452637,-0.004895931420370685,0.005898876355699727,-0.0251812081542028,0.03077870028598948,0.022444691600816524,-0.05743415194368901,-0.01935318864942338,0.19227986671815384,-0.09781563742430459,-0.014387731492193684,0.3245060162853085,0.15023354272657816,-0.49239065104396584,0.0,0.028533547444087537
204,0.020688149727931093,-0.4932343314812271,0.16098286828849667,0.33188751789077875,-0.017827225809113355,-0.09425428331627446,0.18443249157667707,-0.005976108231585566,-0.06646575279562306,0.02388227885007187,0.03197987858248044,-0.025402137096286276,0.006216133686151448,-0.005218762638916465,-0.001386912385598528,0.00632506397800061,-0.005364966682173516,0.002988137358235636,-0.001714059408326845,-0.0003214996323794936,-0.001065475776234616,-0.0001367758915604035,-0.0017140594083268352,0.0029881373582356253,-0.005364966682173513,0.00632506397800061,-0.0013869123855985313,-0.005218762638916466,0.006216133686151449,-0.025402137096286272,0.03197987858248044,0.02388227885007187,-0.06646575279562308,-0.005976108231585557,0.184432491576677,-0.09425428331627446,-0.017827225809113348,0.33188751789077864,0.16098286828849678,-0.4932343314812271,0.0,0.06217590943136009
205,0.05353906753387594,-0.49404940289473104,0.1716948444963624,0.3390957722360379,-0.021250176831562502,-0.09055626950823449,0.1762000672568076,0.0074179531959660105,-0.07525069554389266,0.025207704916381288,0.03299565304124855,-0.025444888298049615,0.006481507145577595,-0.005490478512722935,-0.0004365691260687326,0.005605736986410594,-0.005349646428045163,0.003559478374318097,-0.0017247559907910656,-0.0006442828122327986,-0.0011509680115117744,-0.0003139590514105779,-0.0017247559907910559,0.003559478374318087,-0.005349646428045163,0.005605736986410594,-0.00043656912606873747,-0.005490478512722935,0.0064815071455775934,-0.025444888298049615,0.032995653041248546,0.025207704916381284,-0.07525069554389271,0.007417953195966058,0.1762000672568076,-0.0905562695082345,-0.021250176831562502,0.3390957722360379,0.17169484449636221,-0.49404940289473076,0.0,0.09530245915486846
206,0.08584210946142434,-0.49483581800796833,0.18236698608328764,0.34612701656940426,-0.024653408132242323,-0.08672695776667269,0.1675997810133153,0.020790936635904974,-0.0837563787775764,0.026414745043872947,0.033820134694253164,-0.025309161890529164,0.006692781755498355,-0.00570841771160098,0.000518732623523125,0.0048133306403328885,-0.005254988507699803,0.0040712354410213335,-0.0017030899093586585,-0.0009535987817914514,-0.001209807913222795,-0.0004831284298823867,-0.0017030899093586503,0.004071235441021322,-0.005254988507699806,0.004813330640332888,0.0005187326235231169,-0.005708417711600983,0.006692781755498353,-0.02530916189052915,0.033820134694253164,0.02641474504387295,-0.0837563787775764,0.02079093663590499,0.16759978101331527,-0.08672695776667273,-0.024653408132242313,0.3461270165694041,0.18236698608328775,-0.4948358180079683,0.0,0.1278883844686346
207,0.11757770851514227,-0.49559353120657834,0.19299681702434612,0.3529775805394753,-0.0280337615833453,-0.08277190022752856,0.15864958810518764,0.03410484298364752,-0.09195123743333647,0.027497730466621614,0.034448543596435864,-0.02499590989695436,0.006848194081411582,-0.005870445622797804,0.0014681426817309189,0.003958175168317937,-0.005082396740733773,0.004514841992138081,-0.0016494676981220404,-0.0012429820213637128,-0.0012406329581075043,-0.0006399659912036603,-0.0016494676981220332,0.00451484199213807,-0.005082396740733776,0.003958175168317936,0.0014681426817309087,-0.005870445622797804,0.006848194081411581,-0.024995909896954358,0.034448543596435864,0.027497730466621607,-0.09195123743333648,0.034104842983647556,0.1586495881051876,-0.08277190022752855,-0.02803376158334532,0.35297758053947526,0.19299681702434618,-0.49559353120657823,0.0,0.1599080314891571
208,0.14872629769936951,-0.49632249854099525,0.20358187111103032,0.3596438881110745,-0.03138810028723215,-0.07869683134612655,0.14936817430951463,0.04732184100116075,-0.09980485993512335,0.02845157503154735,0.03487723653752543,-0.02450732955498892,0.006946446951557367,-0.005974975258532723,0.0024008777841015854,0.003051418829735201,-0.004834430740793231,0.0048828722681871954,-0.001564895503810899,-0.0015063836578940353,-0.0012427293475457482,-0.0007804684683155331,-0.0015648955038108931,0.004882872268187184,-0.004834430740793235,0.0030514188297352004,0.0024008777841015736,-0.005974975258532723,0.006946446951557365,-0.024507329554988914,0.034877236537525426,0.028451575031547348,-0.09980485993512339,0.04732184100116081,0.1493681743095146,-0.07869683134612654,-0.03138810028723217,0.3596438881110745,0.20358187111103018,-0.4963224985409949,0.0,0.19133498006190736
209,0.1792683100183301,-0.49702267772899594,0.21411969252343194,0.36612245943196214,-0.034713311487407465,-0.07450765958276427,0.13977491691023247,0.0604043748137809,-0.10728810105322543,0.029271799085120453,0.03510372816360541,-0.02384684790468722,0.006986720283952297,-0.00602098279980194,0.0033063440579595895,0.0021048825801632015,-0.004514767955350839,0.005169165620042009,-0.0014509602068385247,-0.001738297902365922,-0.001216048536599671,-0.0009010495459656352,-0.0014509602068385203,0.0051691656200419985,-0.0045147679553508464,0.0021048825801632002,0.003306344057959575,-0.006020982799801941,0.0069867202839522975,-0.02384684790468721,0.03510372816360541,0.02927179908512045,-0.10728810105322541,0.060404374813780935,0.13977491691023244,-0.07450765958276427,-0.03471331148740745,0.36612245943196203,0.21411969252343205,-0.49702267772899583,0.0,0.22214215351742644
210,0.2091841784763636,-0.49769402815815433,0.22460783640001433,0.37240991264933876,-0.038006309457093025,-0.07021045883600982,0.1298898442431735,0.07331527062459128,-0.1143731900638365,0.029954550511690336,0.03512670538599165,-0.023019097750270716,0.006968677931323928,-0.0060080176242079016,0.004174257346106542,0.001130905967155742,-0.004128149127503276,0.005368929635222195,-0.0013097996456826885,-0.001933877135315794,-0.0011612083581421565,-0.000998631401137512,-0.001309799645682686,0.005368929635222188,-0.004128149127503285,0.001130905967155743,0.0041742573461065234,-0.006008017624207903,0.006968677931323926,-0.023019097750270705,0.03512670538599165,0.029954550511690336,-0.1143731900638365,0.0733152706245913,0.12988984424317343,-0.0702104588360098,-0.03800630945709299,0.3724099126493386,0.22460783640001428,-0.4976940281581542,0.0,0.25230196316910436
211,0.23845433607803623,-0.4983365108881957,0.23504386940483765,0.3785029656751928,-0.04126403836271788,-0.06581145963612951,0.11973359388188165,0.08601784234313277,-0.12103383380775588,0.030496622824633907,0.03494603499388412,-0.022029885164334975,0.006892470486813271,-0.005936206719595422,0.004994760012816427,0.00014218626536863235,-0.0036803079886157004,0.005478820360564799,-0.0011440625032994366,-0.0020890332348670578,-0.0010794787160406084,-0.0010707232642536357,-0.001144062503299435,0.005478820360564791,-0.003680307988615711,0.00014218626536863439,0.004994760012816407,-0.005936206719595422,0.006892470486813271,-0.02202988516433497,0.03494603499388412,0.030496622824633907,-0.12103383380775594,0.0860178423431328,0.11973359388188161,-0.06581145963612949,-0.04126403836271788,0.3785029656751928,0.23504386940483749,-0.4983365108881953,0.0,0.2817864871418019
212,0.2670592158273458,-0.4989500886532553,0.24542537029211506,0.38439843789957046,-0.04448347509966851,-0.061317040111414665,0.10932736955149096,0.09847599582830491,-0.1272453142657638,0.030895470225359517,0.03456276442665861,-0.020886148762422087,0.006758734027027077,-0.005806253440264988,0.005758532905460634,-0.0008483870518334242,-0.003177886224502903,0.005496998278385623,-0.0009568586082458364,-0.0022005230292611606,-0.0009727521786911457,-0.001115484995883161,-0.0009568586082458369,0.005496998278385615,-0.003177886224502916,-0.000848387051833424,0.005758532905460614,-0.005806253440264988,0.006758734027027078,-0.020886148762422074,0.03456276442665861,0.030895470225359524,-0.1272453142657638,0.09847599582830494,0.10932736955149096,-0.061317040111414665,-0.04448347509966847,0.3843984378995703,0.24542537029211514,-0.4989500886532551,0.0,0.3105676822301674
213,0.29497925072897246,-0.49953472586404113,0.25574993046796124,0.3900932518508719,-0.04766163209766676,-0.05673371674050541,0.09869289686062017,0.11065433144925273,-0.13298458028856489,0.031149219559443282,0.03397911570132077,-0.019595911033617977,0.006568584802931187,-0.005619430617945607,0.006456901200118492,-0.0018279003463740544,-0.002628334976237006,0.005423159099117111,-0.0007517005830424683,-0.002266016087702332,-0.0008435001538525826,-0.0011317740561636927,-0.0007517005830424704,0.0054231590991171055,-0.0026283349762370196,-0.0018279003463740546,0.006456901200118468,-0.005619430617945608,0.006568584802931187,-0.019595911033617963,0.03397911570132077,0.031149219559443275,-0.1329845802885649,0.11065433144925274,0.09869289686062016,-0.05673371674050541,-0.047661632097666745,0.3900932518508719,0.25574993046796113,-0.4995347258640409,0.0,0.3386176265895646
214,0.3221948737871412,-0.5000903886098966,0.26601515454920543,0.3955844348023112,-0.05079556009317305,-0.052068134904119455,0.08785237794370482,0.12251824467281462,-0.13823033314088468,0.03125667911374671,0.03319847253032846,-0.01816822206855569,0.006323609922898218,-0.0053775680950019856,0.007081932928993965,-0.002783584164486399,-0.0020398043363690807,0.005258538854968779,-0.0005324379346635383,-0.0022841434325085322,-0.0006947156596154664,-0.0011191746680460884,-0.0005324379346635417,0.0052585388549687756,-0.0020398043363690933,-0.002783584164486398,0.007081932928993938,-0.005377568095001983,0.006323609922898217,-0.018168222068555676,0.033198472530328454,0.03125667911374671,-0.13823033314088473,0.1225182446728146,0.08785237794370479,-0.05206813490411946,-0.05079556009317304,0.3955844348023111,0.2660151545492053,-0.5000903886098963,0.0,0.36590879018347333
215,0.3486865180059636,-0.500617044660769,0.2762186609191409,0.4008691203236961,-0.05388235086624141,-0.047327059249885534,0.07682844510846146,0.13403402439171377,-0.14296310554226033,0.031217344213200684,0.032225360704466674,-0.016613096079532035,0.006025854105674882,-0.005083034801982447,0.007626529070578113,-0.003702979706071329,-0.0014210224793854852,0.005005893209344824,-0.0003031848238555272,-0.0022545261543561656,-0.0005298440167273888,-0.0010780084299726348,-0.0003031848238555325,0.005005893209344819,-0.0014210224793855006,-0.0037029797060713285,0.007626529070578087,-0.005083034801982448,0.006025854105674881,-0.01661309607953203,0.032225360704466674,0.031217344213200677,-0.1429631055422603,0.13403402439171377,0.07682844510846144,-0.04732705924988554,-0.05388235086624138,0.400869120323696,0.2762186609191407,-0.5006170446607687,0.0,0.3924143290715324
216,0.37443461639023345,-0.5011146634690775,0.2863580822800789,0.4059445497777223,-0.056919139939287135,-0.042517363884251,0.06564411358525758,0.145168948714095,-0.1471653339112007,0.031031399590970912,0.031065421854505924,-0.014941441158003528,0.00567780261383723,-0.004738715555049665,0.008084504179326038,-0.004574101244210018,-0.0007811662189487349,0.004669451328369232,-6.824286859335416e-05,-0.0021777833324844414,-0.0003527030671942968,-0.0010093261071007899,-6.824286859336068e-05,0.00466945132836923,-0.0007811662189487516,-0.004574101244210018,0.008084504179326012,-0.0047387155550496635,0.0056778026138372285,-0.014941441158003513,0.031065421854505924,0.03103139959097092,-0.1471653339112007,0.14516894871409508,0.06564411358525755,-0.042517363884251,-0.0569191399392871,0.4059445497777224,0.2863580822800788,-0.5011146634690772,0.0,0.41810839884430406
217,0.39941960194406234,-0.5015832161714859,0.29643106620258197,0.41080807375999884,-0.05990310923526236,-0.037646022405684515,0.054322733477033563,0.15589137794222307,-0.15082142354461348,0.030699718520873626,0.029725380743761128,-0.013164982762162282,0.005282360510182256,-0.0043479828005525325,0.008450656639067933,-0.005385592377444133,-0.00012972491161728901,0.004254845086686825,0.0001679795698394355,-0.0020555190943062416,-0.00016739476661179132,-0.0009148808106008799,0.00016797956983942815,0.004254845086686824,-0.00012972491161730354,-0.005385592377444133,0.008450656639067905,-0.004347982800552528,0.005282360510182252,-0.013164982762162268,0.02972538074376112,0.03069971852087363,-0.15082142354461356,0.1558913779422231,0.054322733477033494,-0.03764602240568451,-0.059903109235262327,0.4108080737599989,0.2964310662025819,-0.5015832161714857,0.0,0.4429664818153336
218,0.423621907671789,-0.5020226755905769,0.3064352756712467,0.41545715348205203,-0.0628314896927728,-0.032720097793625204,0.04288794101009468,0.16617084447614458,-0.15391780649061573,0.030223858716116027,0.02821300628117285,-0.01129618147127154,0.004842828410195401,-0.003914663583487905,0.008720827742225965,-0.006126874077836226,0.0005236402745865952,0.0037690147926009066,0.0004010501036612311,-0.0018902890849137512,2.178980256579295e-05,-0.0007970832496241935,0.0004010501036612224,0.0037690147926009066,0.0005236402745865783,-0.006126874077836227,0.00872082774222594,-0.0039146635834879035,0.0048428284101954,-0.011296181471271522,0.02821300628117285,0.030223858716116037,-0.15391780649061573,0.16617084447614458,0.042887941010094625,-0.03272009779362521,-0.06283148969277277,0.4154571534820518,0.30643527567124657,-0.5020226755905768,0.0,0.4669657219878489
219,0.4470219665777524,-0.5024330162364277,0.3163683896269104,0.41988936209658895,-0.06570156383570927,-0.0277467321678375,0.03136360918754809,0.175978139386854,-0.15644299189995706,0.029606055013622734,0.026537066480938384,-0.009348145583655003,0.0043628749329795895,-0.0034430020633807413,0.00889194892382366,-0.00678828260477743,0.0011692396396503863,0.0032200930106632284,0.0006265954862269685,-0.0016855470473546292,0.0002104697972630133,-0.0006589401981316366,0.0006265954862269592,0.003220093010663231,0.00116923963965037,-0.006788282604777432,0.008891948923823634,-0.0034430020633807387,0.004362874932979589,-0.009348145583654993,0.02653706648093838,0.02960605501362274,-0.15644299189995708,0.17597813938685414,0.031363609187548054,-0.027746732167837483,-0.06570156383570924,0.4198893620965888,0.3163683896269105,-0.5024330162364276,0.0,0.49008526133990027
220,0.4696002116664053,-0.5028142143080889,0.32622810350515635,0.42410238596432603,-0.06851066829500876,-0.022733136433020277,0.019773797948409288,0.18528539541296815,-0.15838760866920043,0.028849208878305655,0.02470727762981454,-0.007334539171402471,0.0038465060805880935,-0.0029376179447220515,0.008962076613810608,-0.007361195486625089,0.0017974986541870915,0.0026172684264700063,0.0008403836699610001,-0.0014455726302918734,0.00039427605855830983,-0.0005039777472125652,0.0008403836699609901,0.0026172684264700093,0.001797498654187076,-0.007361195486625091,0.00896207661381058,-0.002937617944722049,0.0038465060805880904,-0.007334539171402458,0.024707277629814537,0.02884920887830566,-0.1583876086692005,0.18528539541296823,0.019773797948409236,-0.02273313643302027,-0.06851066829500872,0.4241023859643259,0.3262281035051562,-0.5028142143080888,0.0,0.5123065706329114
221,0.4913370759419726,-0.5031662476949655,0.3360121297709912,0.42809402586172235,-0.07125619628020564,-0.017686579823684545,0.00814270393643233,0.19406616614507402,-0.15974444021740788,0.027956874776569697,0.02273424795679587,-0.005269486236721673,0.0032980318013411656,-0.0024034612291191884,0.008930414311854762,-0.00783814392780699,0.0023990999540188045,0.0019706320325015634,0.0010384032148844553,-0.001175381932057707,0.0005689522858954635,-0.0003361513018726376,0.0010384032148844442,0.0019706320325015665,0.002399099954018789,-0.007838143927806991,0.008930414311854734,-0.002403461229119186,0.0032980318013411634,-0.005269486236721662,0.02273424795679587,0.0279568747765697,-0.15974444021740786,0.19406616614507408,0.008142703936432296,-0.017686579823684562,-0.07125619628020559,0.4280940258617222,0.33601212977099126,-0.5031662476949654,0.0,0.5336137677565147
222,0.5122129924089074,-0.5034890959780984,0.34571819844957274,0.4318621981289873,-0.07393559999847875,-0.012614379364458262,-0.003505390016465113,0.20229550117275102,-0.1605084512672735,0.02693324348304998,0.020629416131743957,-0.0031674716422109106,0.002722030016210598,-0.0018457637323399847,0.008797321633879958,-0.008212910175993692,0.0029651215208843637,0.001291008209780403,0.0012169385577457577,-0.0008806226509667372,0.000730453597895931,-0.00015974461961596189,0.0012169385577457464,0.0012910082097804094,0.002965121520884349,-0.008212910175993692,0.008797321633879931,-0.0018457637323399808,0.0027220300162105956,-0.0031674716422108954,0.02062941613174395,0.02693324348304998,-0.16050845126727348,0.20229550117275105,-0.0035053900164651298,-0.012614379364458262,-0.07393559999847875,0.4318621981289871,0.3457181984495728,-0.5034890959780983,0.0,0.5539939165858879
223,0.5322083940714346,-0.5037827404313497,0.35534405765286237,0.4354049357577639,-0.0765463930189504,-0.007523889261100147,-0.015146165586716154,0.20995001698073665,-0.16067680653131736,0.02578312239897913,0.018404984949523067,-0.001043239509955272,0.0021233084085312557,-0.00126998784111871,0.008564310227599384,-0.008480608580008969,0.0034871689999889962,0.0005897735329591798,0.0013726397294330215,-0.0005674560335234239,0.0008750401974534896,2.0739532145800545e-05,0.0013726397294330102,0.0005897735329591863,0.003487168999988982,-0.008480608580008967,0.008564310227599362,-0.0012699878411187048,0.002123308408531253,-0.0010432395099552547,0.018404984949523057,0.02578312239897913,-0.16067680653131736,0.20995001698073668,-0.015146165586716206,-0.007523889261100121,-0.0765463930189504,0.4354049357577639,0.35534405765286226,-0.5037827404313493,0.0,0.5734372994517964
224,0.5513037139340067,-0.5040471640224881,0.3648874741020813,0.4387203894179187,-0.07908615258004222,-0.002422490237604343,-0.026755319729716964,0.21700796339278705,-0.16024888123379527,0.024511912974617817,0.016073850584109286,0.001088310197896151,0.0015068642959673794,-0.0006817730116270022,0.008234026603435793,-0.008637749281764534,0.003957500192067065,-0.00012133366804609033,0.0015025852125173872,-0.0002424280881177129,0.0009993639721600984,0.00020069430889588797,0.0015025852125173753,-0.00012133366804608306,0.0039575001920670524,-0.008637749281764534,0.008234026603435769,-0.0006817730116269973,0.0015068642959673766,0.001088310197896166,0.016073850584109282,0.024511912974617828,-0.16024888123379522,0.21700796339278705,-0.026755319729717016,-0.002422490237604343,-0.07908615258004216,0.43872038941791847,0.3648874741020813,-0.5040471640224878,0.0,0.5919376566095652
225,0.5694793850009627,-0.5042823514141774,0.3743462336458507,0.4418068284229023,-0.08155252183774753,0.002682421165143606,-0.03830861541854042,0.22344928537443196,-0.15922626342927604,0.023125585341782346,0.013649527822823677,0.003212226191659129,0.0008778429196681372,-8.688053363229453e-05,0.007810222075832373,-0.00868228371189728,0.004369139873684563,-0.0008304098020312569,0.0016043367594923109,8.76672438176759e-05,0.0011005460247045019,0.00037552637837524064,0.0016043367594922998,-0.0008304098020312477,0.004369139873684552,-0.008682283711897281,0.007810222075832352,-8.688053363229103e-05,0.0008778429196681356,0.00321222619165914,0.013649527822823674,0.023125585341782356,-0.15922626342927604,0.22344928537443196,-0.038308615418540456,0.002682421165143606,-0.08155252183774749,0.44180682842290225,0.3743462336458507,-0.5042823514141773,0.0,0.6094923865388352
226,0.5867158402765282,-0.5044882889648657,0.3837181417738921,0.4446626416331795,-0.08394321205273354,0.0077834433136441065,-0.04978193224482089,0.22925568001901345,-0.15761274810928277,0.02163065027560542,0.011146071714144978,0.005313610726668952,0.00024149449875815243,0.0005088628986469849,0.007297710156356706,-0.008613631296003788,0.004715983242944562,-0.0015255852768734314,0.0016759851431202618,0.00041593009910456696,0.0011762433379147654,0.0005407731650459343,0.0016759851431202507,-0.0015255852768734223,0.0047159832429445525,-0.008613631296003788,0.007297710156356686,0.0005088628986469892,0.00024149449875815042,0.005313610726668964,0.011146071714144975,0.02163065027560543,-0.1576127481092828,0.22925568001901345,-0.04978193224482094,0.007783443313644098,-0.08394321205273354,0.4446626416331795,0.383718141773892,-0.5044882889648655,0.0,0.6261027015048554
227,0.6029935127652695,-0.5046649647295772,0.39300102412617227,0.44728633829725256,-0.08625600471424397,0.012873180213444385,-0.061151316776168904,0.23441064855508362,-0.15541432311886838,0.020034128617209542,0.008577996083350003,0.007377724100255233,-0.00039686959138604945,0.0010996222562922847,0.0067023118825207464,-0.008432687023315566,0.004992886456449173,-0.00219522319077219,0.0017161859804447706,0.0007354989181605294,0.0012247030307189896,0.000692216756999054,0.0017161859804447606,-0.0021952231907721802,0.004992886456449166,-0.008432687023315568,0.006702311882520731,0.001099622256292289,-0.000396869591386051,0.007377724100255243,0.008577996083350003,0.020034128617209556,-0.15541432311886835,0.23441064855508362,-0.06115131677616894,0.012873180213444359,-0.08625600471424393,0.44728633829725245,0.39300102412617227,-0.5046649647295771,0.0,0.6417737335541631
228,0.618292835471411,-0.5048123684606042,0.40219272699737296,0.4496765488298428,-0.08848875359883046,0.017944252232623366,-0.07239303256498142,0.23889954322738194,-0.15263914693538955,0.018343518300896915,0.005960189388388452,0.009390088040165674,-0.0010319211513092042,0.0016796113270702991,0.006030789703264409,-0.008141809779145715,0.005195742914814131,-0.0028281141283671156,0.0017241849582797161,0.0010396938696938891,0.0012448029486487513,0.000825991567841679,0.001724184958279707,-0.002828114128367105,0.005195742914814125,-0.008141809779145717,0.006030789703264397,0.0016796113270703028,-0.001031921151309206,0.009390088040165686,0.0059601893883884476,0.018343518300896925,-0.15263914693538955,0.238899543227382,-0.07239303256498143,0.017944252232623366,-0.08848875359883042,0.4496765488298427,0.40219272699737296,-0.5048123684606041,0.0,0.6565145869891305
229,0.6325942413991785,-0.5049304916081022,0.4112911178365678,0.45183202552682206,-0.09063938676200366,0.02298930680155257,-0.08348360970424143,0.2427096089181831,-0.149297518391944,0.01656675914070992,0.0033078284038190768,0.0113365872592433,-0.0016583596300751167,0.0022431493886816895,0.005290770672022008,-0.007744791593211395,0.005321544165387436,-0.00341366380093874,0.0016998319868543879,0.0013221564767980935,0.0012360776489532886,0.0009386830055013459,0.0016998319868543796,-0.00341366380093873,0.005321544165387431,-0.007744791593211395,0.005290770672021996,0.002243149388681692,-0.0016583596300751178,0.011336587259243313,0.0033078284038190694,0.016566759140709934,-0.14929751839194405,0.24270960891818308,-0.08348360970424144,0.02298930680155255,-0.09063938676200364,0.45183202552682206,0.4112911178365677,-0.504930491608102,0.0,0.6703383343499064
230,0.6458781635531385,-0.5050193273205857,0.420294085741992,0.4537516432165224,-0.09270590846095439,0.02800102907341903,-0.09439989382684766,0.24583001939074578,-0.14540183845782806,0.014712195541739376,0.0006362902332258423,0.013203568464024047,-0.0022709563670920505,0.0027847168487851234,0.004490659819733755,-0.007246808204727322,0.005368424518957301,-0.003942070389686519,0.0016435840160407271,0.0015769825258917414,0.0011987291786014333,0.001027414629434101,0.0016435840160407202,-0.003942070389686508,0.0053684245189573,-0.007246808204727322,0.004490659819733748,0.002784716848785126,-0.002270956367092052,0.013203568464024056,0.000636290233225839,0.014712195541739389,-0.1454018384578281,0.24583001939074586,-0.0943998938268477,0.028001029073419014,-0.09270590846095436,0.45375164321652217,0.42029408574199184,-0.5050193273205855,0.0,0.6832619540088541
231,0.6581250349375158,-0.5050788704453252,0.429199541950789,0.4554343998470812,-0.09468640100656144,0.032972152530053894,-0.10511909444617501,0.24825190805188074,-0.14096656421785034,0.012788537311303697,-0.002038936839776495,0.014977936122780514,-0.0028645982338948188,0.003299009306828571,0.0036395446916993993,-0.006654351588729832,0.0053356887187635494,-0.004404488623442976,0.0015564964613201291,0.0017988454803568438,0.0011336223955910158,0.0010899215715549204,0.001556496461320124,-0.004404488623442966,0.0053356887187635494,-0.0066543515887298324,0.0036395446916993937,0.003299009306828576,-0.00286459823389482,0.014977936122780523,-0.0020389368397764943,0.01278853731130371,-0.1409665642178503,0.24825190805188083,-0.10511909444617508,0.032972152530053915,-0.09468640100656141,0.4554343998470812,0.429199541950789,-0.5050788704453251,0.0,0.6953062086289921
232,0.6693152885566498,-0.5051091175286466,0.4380054203236207,0.45687941700951906,-0.09657902654296717,0.03789546951768924,-0.11561883253694329,0.24996839314622352,-0.13600815522128615,0.010804818754046248,-0.004702343145104742,0.01664724432126793,-0.003434330311621041,0.0037809895081774413,0.002747092132530762,-0.005975145323254066,0.005223822251468534,-0.0047931778442423375,0.0014402034003696974,0.0019831078192047214,0.0010422649419076137,0.0011246083468267071,0.0014402034003696928,-0.004793177844242327,0.005223822251468535,-0.005975145323254067,0.0027470921325307594,0.0037809895081774457,-0.0034343303116210417,0.01664724432126795,-0.004702343145104747,0.010804818754046258,-0.13600815522128618,0.2499683931462235,-0.11561883253694333,0.03789546951768924,-0.09657902654296714,0.45687941700951923,0.4380054203236207,-0.5051091175286464,0.0,0.7064954649296351
233,0.679429357414993,-0.5051100668161312,0.4467096778240286,0.4580859403962746,-0.09838202875306949,0.042763841697366696,-0.12587718725705652,0.2509745973106256,-0.1305450123995754,0.008770356243057331,-0.00733848754375803,0.0181997840618702,-0.003975397247967772,0.004225936681673116,0.001823438491505102,-0.005218043900682614,0.0050344841471712505,-0.005101631582197482,0.0012968869118516557,0.0021259179734977388,0.0009267723318878281,0.0011305895778969067,0.0012968869118516531,-0.005101631582197472,0.005034484147171256,-0.005218043900682615,0.0018234384915051046,0.00422593668167312,-0.003975397247967772,0.018199784061870207,-0.007338487543758023,0.008770356243057345,-0.13054501239957533,0.25097459731062555,-0.12587718725705657,0.0427638416973667,-0.09838202875306945,0.4580859403962745,0.4467096778240286,-0.5051100668161312,0.0,0.7168574564132537
234,0.6884476745167698,-0.5050817182527177,0.45531029499243547,0.4590533401949568,-0.1000937344883476,0.04757021039484672,-0.13587274171287064,0.2512676614330983,-0.12459740977944253,0.006694704466284611,-0.00993208694805855,0.01962466539380526,-0.0044832829484365636,0.004629492777383525,0.0008790744953512034,-0.004392917295896102,0.004770482375243687,-0.005324686470664362,0.0011292361317211874,0.0022242908342999445,0.0007898189644166712,0.001107712594288415,0.0011292361317211863,-0.005324686470664354,0.004770482375243694,-0.004392917295896102,0.0008790744953512088,0.004629492777383528,-0.004483282948436564,0.019624665393805262,-0.009932086948058546,0.006694704466284622,-0.12459740977944256,0.2512676614330984,-0.13587274171287064,0.04757021039484673,-0.10009373448834756,0.4590533401949567,0.45531029499243547,-0.5050817182527176,0.0,0.7264229919103904
235,0.6963506728664339,-0.5050240734827051,0.4638052764146761,0.4597811114171114,-0.10171255532150895,0.05230760683501141,-0.1455846276723409,0.25084675277693136,-0.11818741924485693,0.004587611553717199,-0.012468104925587302,0.020911893798305395,-0.004953748270578221,0.004987705151668571,-7.52739039332149e-05,-0.003510522296056422,0.0044357322008802096,-0.0054586086785066296,0.0009403967953045295,0.002276170149328093,0.0006345761933426765,0.0010565613293021228,0.0009403967953045294,-0.005458608678506622,0.0044357322008802165,-0.0035105222960564214,-7.527390393320843e-05,0.004987705151668575,-0.004953748270578222,0.020911893798305402,-0.012468104925587295,0.004587611553717211,-0.11818741924485697,0.2508467527769314,-0.14558462767234095,0.05230760683501141,-0.10171255532150894,0.45978111141711137,0.463805276414676,-0.5050240734827048,0.0,0.7352256139670382
236,0.7031187854683238,-0.5049371358496573,0.47219265118495074,0.4602688741618279,-0.10323698902051677,0.05696916224592208,-0.1549925691327014,0.24971306734689927,-0.11133882862704389,0.0024589732960848725,-0.014931838873132233,0.022052440292985392,-0.005382866406616654,0.005297065281480106,-0.001028767352919279,-0.0025823622694357206,0.0040351981199511396,-0.0055011564126260576,0.0007339122119205331,0.0022804715040484393,0.00046463889018009285,0.0009784414151629507,0.0007339122119205349,-0.005501156412626049,0.004035198119951152,-0.00258236226943572,-0.0010287673529192692,0.005297065281480109,-0.0053828664066166544,0.02205244029298539,-0.01493183887313223,0.002458973296084887,-0.11133882862704389,0.24971306734689933,-0.15499256913270149,0.05696916224592208,-0.10323698902051673,0.46026887416182766,0.47219265118495085,-0.5049371358496573,0.0,0.7433012122041369
237,0.7091600706546941,-0.5048209103962095,0.48047047336309073,0.46051637381404936,-0.10466562094262997,0.06154811781788203,-0.16407692465171653,0.24786982649083478,-0.10407705342652077,0.00031878667008063583,-0.017309005255256377,0.023038304763666573,-0.005767055659125603,0.005554543128707944,-0.0019705762085820387,-0.0016205372014188165,0.00357482023329281,-0.0054516174444966155,0.000513656779575391,0.002237104988801018,0.00028394219964529734,0.0008753468568546549,0.0005136567795753943,-0.005451617444496609,0.0035748202332928206,-0.0016205372014188159,-0.0019705762085820266,0.0055545431287079465,-0.005767055659125604,0.023038304763666577,-0.017309005255256377,0.00031878667008064445,-0.10407705342652077,0.24786982649083483,-0.16407692465171658,0.06154811781788203,-0.10466562094262995,0.4605163738140492,0.48047047336309073,-0.5048209103962094,0.0,0.7506875977957492
238,0.7148971685905154,-0.5046754038637759,0.4886368224260328,0.4605234811774841,-0.10599712534716237,0.0660378345030644,-0.17281872835412804,0.2453222677462236,-0.0964290424947616,-0.0018228971116283851,-0.019585822413314132,0.023862572079429774,-0.0061031093361912534,0.0057576168179892095,-0.002890003539846188,-0.0006375859526891799,0.003061426152336491,-0.0053108210325261175,0.0002837632872354568,0.0021469770781486963,9.667041567370917e-05,0.0007499091352912904,0.0002837632872354614,-0.005310821032526111,0.003061426152336502,-0.0006375859526891799,-0.0028900035398461733,0.005757616817989211,-0.006103109336191253,0.02386257207942978,-0.019585822413314132,-0.0018228971116283745,-0.0964290424947616,0.2453222677462236,-0.17281872835412804,0.0660378345030644,-0.10599712534716235,0.460523481177484,0.4886368224260326,-0.5046754038637755,0.0,0.757424046116659
239,0.7203323850285743,-0.5045006246921576,0.4966898037133965,0.46029019254204595,-0.10723026662574237,0.07043180264149689,-0.18119972952768587,0.24207762995783097,-0.08842317802551108,-0.003956019805104895,-0.02174909046482913,0.02451946059729016,-0.006388222516536348,0.00590429733730069,-0.003776606621808309,0.00035367720399580695,0.002502629742555451,-0.005081124040670852,4.8545368750586534e-05,0.0020119716831676787,-9.283991197480421e-05,0.0006053300389630849,4.854536875059259e-05,-0.005081124040670847,0.002502629742555466,0.0003536772039958075,-0.003776606621808292,0.005904297337300694,-0.00638822251653635,0.024519460597290165,-0.021749090464829125,-0.003956019805104879,-0.08842317802551103,0.24207762995783097,-0.18119972952768593,0.07043180264149687,-0.1072302666257423,0.4602901925420457,0.4966898037133965,-0.5045006246921574,0.0,0.763550815379389
240,0.7254680257216581,-0.5042965830190543,0.5046275488670611,0.4598166296857916,-0.10836390044893161,0.0747236513994462,-0.18920243072609766,0.2381451327086476,-0.08008917022688575,-0.006070563372867156,-0.023786267830015837,0.02500436271626869,-0.00662001546120681,0.005993148019403443,-0.004620315542721575,0.0013403296374471347,0.0019067182064104143,-0.004766371485670916,-0.00018758343652696682,0.0018349107727365403,-0.00028020039681495533,0.00044529993852395155,-0.00018758343652695955,-0.004766371485670912,0.001906718206410428,0.0013403296374471369,-0.004620315542721556,0.0059931480194034435,-0.0066200154612068105,0.02500436271626869,-0.02378626783001583,-0.006070563372867149,-0.08008917022688573,0.2381451327086476,-0.1892024307260976,0.0747236513994462,-0.10836390044893161,0.45981662968579146,0.5046275488670612,-0.5042965830190542,0.0,0.7691086496954409
241,0.7303063964226673,-0.5040632906794759,0.51244821626464,0.45910303981135125,-0.10939697482813932,0.07890715800651818,-0.1968101242993443,0.23353595012260162,-0.07145794706513997,-0.008156597032788409,-0.025685543941781137,0.025313877196402414,-0.006796553476411748,0.006023298613327986,-0.005411547576621616,0.0023095088243043392,0.001282529180404171,-0.004371832173326456,-0.00042019249771242336,0.0016194953869427457,-0.0004610724350896221,0.0002739035903557029,-0.0004201924977124153,-0.004371832173326453,0.0012825291804041843,0.0023095088243043384,-0.005411547576621596,0.006023298613327987,-0.006796553476411748,0.025313877196402414,-0.025685543941781134,-0.008156597032788399,-0.07145794706514,0.23353595012260162,-0.19681012429934433,0.07890715800651815,-0.1093969748281393,0.4591030398113512,0.5124482162646399,-0.5040632906794756,0.0,0.7741382754398266
242,0.7348498028845021,-0.5038007612050552,0.5201499914467517,0.4581497954168878,-0.11032853109184537,0.08297625677807977,-0.20400692727509925,0.22826317911347593,-0.06256153948926382,-0.010204323897208527,-0.027435907717668663,0.025445833015999057,-0.006916363061728801,0.005994453808076454,-0.006141316022565546,0.0032485800316981927,0.0006393196689514412,-0.0039041105012324823,-0.0006449172270573424,0.0013702282755820496,-0.0006312676724321592,9.551587346596536e-05,-0.0006449172270573328,-0.003904110501232481,0.0006393196689514577,0.0032485800316981953,-0.006141316022565523,0.005994453808076456,-0.006916363061728803,0.02544583301599905,-0.02743590771766866,-0.010204323897208517,-0.06256153948926382,0.22826317911347593,-0.20400692727509928,0.08297625677807972,-0.11032853109184533,0.4581497954168875,0.5201499914467516,-0.503800761205055,0.0,0.7786799000590061
243,0.73910055085995,-0.5035090098232646,0.5277310875379905,0.4569573941016499,-0.1111577047752277,0.08692504790992182,-0.21077781451842467,0.2223418021702508,-0.05343296256235053,-0.012204126983221254,-0.029027211396778586,0.02539930459979425,-0.006978444208891406,0.005906896125055998,-0.006801332274303529,0.004145301030316001,-1.3371241166315472e-05,-0.0033710359043519086,-0.0008575409754102613,0.0010923197788101997,-0.0007868449912861696,-8.530987897229604e-05,-0.000857540975410251,-0.003371035904351909,-1.3371241166299322e-05,0.004145301030316004,-0.006801332274303503,0.005906896125056,-0.006978444208891408,0.025399304599794247,-0.02902721139677858,-0.012204126983221245,-0.05343296256235051,0.22234180217025082,-0.21077781451842473,0.08692504790992184,-0.11115770477522767,0.45695739410164976,0.5277310875379905,-0.5035090098232644,0.0,0.7827727225317289
244,0.743060946102025,-0.5031880534565313,0.5351897456614958,0.4555264583062233,-0.11188372642236775,0.09074780603241145,-0.2171086501005168,0.21578864478461665,-0.04410609294086217,-0.014146614378053361,-0.030450229371567442,0.025174618311197064,-0.006982278748504385,0.005761483150913465,-0.0073840999610900815,0.004987981690582753,-0.0006658638497546466,-0.0027815317940545156,-0.0010540741518138932,0.0007915789172896068,-0.0009242017731983595,-0.00026395810311052203,-0.0010540741518138825,-0.0027815317940545177,-0.0006658638497546315,0.004987981690582756,-0.007384099961090054,0.005761483150913463,-0.006982278748504385,0.025174618311197057,-0.030450229371567442,-0.014146614378053353,-0.044106092940862186,0.21578864478461665,-0.21710865010051683,0.09074780603241143,-0.11188372642236773,0.4555264583062233,0.5351897456614957,-0.5031880534565311,0.0,0.786454464565629
245,0.7467332943635137,-0.5028379107212568,0.5425242353470253,0.4538577349876123,-0.11250592230028932,0.09443898851173026,-0.2229862168110099,0.20862232764162633,-0.03461554315647408,-0.01602266334742015,-0.0316967116734497,0.024773350163085142,-0.006927834675020756,0.005559639137874358,-0.007883000090397167,0.0057656363813778965,-0.0013084813975201076,-0.002145466184519079,-0.0012308290826689302,0.00047429196833420005,-0.0010401573226737377,-0.0004358688163476539,-0.0012308290826689191,-0.002145466184519081,-0.001308481397520092,0.005765636381377898,-0.00788300009039714,0.005559639137874358,-0.006927834675020756,0.02477335016308514,-0.03169671167344971,-0.016022663347420134,-0.034615543156474124,0.20862232764162633,-0.2229862168110099,0.09443898851173027,-0.11250592230028932,0.45385773498761217,0.5425242353470252,-0.5028379107212568,0.0,0.7897609312899234
246,0.7501199013973177,-0.5024586019267371,0.5497328549324402,0.45195209522932367,-0.11302371502416902,0.09799324348616378,-0.2283982437522251,0.20086321370933546,-0.024996533167045563,-0.017823463179706144,-0.03275943180211749,0.024198314763206705,-0.00681556641388073,0.005303341053856919,-0.008292366225490228,0.006468127184537345,-0.0019316935767693649,-0.0014734865069405334,-0.0013844892058356417,0.00014709106613132849,-0.001132026520792793,-0.0005966540105460331,-0.0013844892058356307,-0.0014734865069405373,-0.0019316935767693497,0.006468127184537348,-0.008292366225490202,0.005303341053856917,-0.006815566413880732,0.024198314763206694,-0.03275943180211748,-0.01782346317970614,-0.024996533167045545,0.2008632137093355,-0.22839824375222517,0.09799324348616384,-0.11302371502416901,0.4519520952293236,0.5497328549324402,-0.502458601926737,0.0,0.792725609690687
247,0.7532230729561091,-0.5020501490739834,0.5568139319585027,0.44981053378665636,-0.1134366240931371,0.10140541762578932,-0.23333343195775283,0.19253335037777602,-0.01528475965339838,-0.01954055656475656,-0.03363222862128717,0.023453545571729538,-0.006646411028583156,0.004995099218993909,-0.008607548844010958,0.007086296058120689,-0.002526257870165113,-0.000776841376672636,-0.001512171301341515,-0.00018318442735730213,-0.001197682003034328,-0.0007422096556119417,-0.0015121713013415041,-0.0007768413766726406,-0.0025262578701650985,0.007086296058120692,-0.008607548844010928,0.004995099218993907,-0.0066464110285831554,0.023453545571729534,-0.03363222862128716,-0.019540556564756548,-0.015284759653398363,0.19253335037777594,-0.23333343195775283,0.10140541762578935,-0.11343662409313708,0.4498105337866564,0.5568139319585028,-0.5020501490739832,0.0,0.7953793123389562
248,0.7560451147930167,-0.5016125758544477,0.563765823556902,0.447434168567433,-0.11374426633617239,0.10467056360431141,-0.2377814779818849,0.18365640681167295,-0.005516263546949641,-0.021165879312947573,-0.03431004207798171,0.02254426660941594,-0.006421780399347664,0.004637932718218339,-0.008824968146591165,0.00761208422549332,-0.0030833566214213807,-6.719229683804999e-05,-0.0016114795910216757,-0.0005096308831018141,-0.0012356034214862858,-0.000868820454557749,-0.001611479591021665,-6.719229683805699e-05,-0.003083356621421367,0.007612084225493324,-0.00882496814659114,0.004637932718218336,-0.006421780399347664,0.022544266609415935,-0.0343100420779817,-0.021165879312947555,-0.005516263546949615,0.1836564068116729,-0.2377814779818849,0.10467056360431143,-0.11374426633617235,0.4474341685674329,0.563765823556902,-0.5016125758544476,0.0,0.7977498730965404
249,0.7585883326607135,-0.5011459076486474,0.5705869168314123,0.44482424004844573,-0.11394635626767705,0.10778394727221224,-0.24173309541064755,0.17425760669491597,0.004272703720188273,-0.022691798227997946,-0.03478894253826561,0.021476855814870494,-0.006143549438649451,0.004235339830735386,-0.008942154715705043,0.008038637233804172,-0.0035947278051180636,0.0006435815496034515,-0.00168055069198705,-0.0008254247090615953,-0.0012449126507066259,-0.000973254676180506,-0.0016805506919870396,0.0006435815496034455,-0.0035947278051180506,0.008038637233804175,-0.008942154715705017,0.0042353398307353836,-0.006143549438649451,0.021476855814870487,-0.034788942538265595,-0.022691798227997936,0.004272703720188247,0.174257606694916,-0.24173309541064755,0.10778394727221226,-0.11394635626767702,0.44482424004844573,0.5705869168314125,-0.5011459076486474,0.0,0.799861900467037
250,0.7608550323122132,-0.5006501715246943,0.5772756292320989,0.44198211062791953,-0.11404270635240123,0.11074105452081584,-0.24518003424952356,0.1643636565578919,0.014045814746287532,-0.02411114695565538,-0.03506615356935801,0.020258800307883344,-0.00581404044198746,0.0037912637660100336,-0.008957777562962293,0.008360394312261151,-0.004052787556259443,0.0013435821516421622,-0.0017180885804305337,-0.0011239649812585326,-0.0012253941219914901,-0.0010528466447599408,-0.0017180885804305235,0.0013435821516421546,-0.004052787556259433,0.008360394312261155,-0.008957777562962267,0.003791263766010031,-0.005814040441987458,0.020258800307883334,-0.035066153569358,-0.024111146955655374,0.014045814746287515,0.1643636565578919,-0.24518003424952356,0.11074105452081584,-0.11404270635240123,0.4419821106279195,0.5772756292320989,-0.500650171524694,0.0,0.8017365931110667
251,0.7628475195003042,-0.5001253962367228,0.5838304089224818,0.4389092639143321,-0.11403322717947191,0.11353759782731393,-0.24811509814738997,0.15400266989133302,0.023766800973012366,-0.02541725963989725,-0.03514006803604447,0.018898643872664336,-0.005436003704504582,0.0033100540418704444,-0.008871659246285041,0.008573160865282545,-0.004450742642408142,0.002021091837178084,-0.0017233889097236328,-0.0013990114205003805,-0.0011774998151811804,-0.0011055647812324668,-0.0017233889097236232,0.0020210918371780756,-0.004450742642408133,0.008573160865282549,-0.008871659246285015,0.003310054041870442,-0.00543600370450458,0.018898643872664322,-0.03514006803604447,-0.025417259639897244,0.02376680097301235,0.15400266989133302,-0.24811509814739,0.11353759782731393,-0.11403322717947187,0.4389092639143321,0.583830408922482,-0.5001253962367228,0.0,0.803391620789128
252,0.7645680999778854,-0.49957161222322405,0.5902497351395759,0.43560730395196223,-0.1139179275453642,0.11616952247126433,-0.25053215942070933,0.14320408726231265,0.03339958728005526,-0.02660400222858203,-0.035010257418068055,0.017405927029335466,-0.005012594565246079,0.0027964238830105125,-0.008684777885269722,0.008674163155465212,-0.004782691210382104,0.0026647694211942813,-0.0016963522265080932,-0.001644814830676771,-0.0011023387924114472,-0.0011300634590953038,-0.0016963522265080852,0.0026647694211942717,-0.004782691210382097,0.008674163155465216,-0.008684777885269696,0.0027964238830105086,-0.005012594565246077,0.017405927029335456,-0.035010257418068055,-0.026604002228582016,0.033399587280055265,0.14320408726231268,-0.2505321594207094,0.1161695224712643,-0.11391792754536419,0.4356073039519621,0.590249735139576,-0.4995716122232239,0.0,0.804841072659461
253,0.7660190794978583,-0.49898885160527917,0.5965321185467193,0.4320779543835682,-0.11369691444573853,0.11863301241354775,-0.2524261718466093,0.13199859265937533,0.04290842586191393,-0.027665801281526917,-0.03467747429448213,0.01579112011403713,-0.004547347070659709,0.0022554040571533844,-0.008399256051843766,0.008662084463493527,-0.005043710313395714,0.0032638400517182647,-0.001637485836800799,-0.0018562372721234181,-0.001001651516171252,-0.001125717351422633,-0.0016374858368007918,0.003263840051718254,-0.005043710313395706,0.008662084463493525,-0.008399256051843742,0.002255404057153379,-0.0045473470706597074,0.015791120114037115,-0.03467747429448211,-0.027665801281526906,0.04290842586191393,0.1319985926593753,-0.2524261718466093,0.11863301241354773,-0.1136969144457385,0.43207795438356805,0.5965321185467193,-0.4989888516052789,0.0,0.806095473470664
254,0.7672027638130099,-0.4983771481846966,0.602676101579112,0.42832305755063654,-0.11337039297615095,0.12092449582925989,-0.25379318119814076,0.12041802630450604,0.05225802888998489,-0.02859767014571708,-0.03414364798056168,0.014065549837042968,-0.004044144477159003,0.001692293601029198,-0.008018336662395457,0.008537082253589312,-0.005229928920578108,0.003808275575641628,-0.0015478942870970664,-0.0020288594581141994,-0.0008777695463696268,-0.0010926373922887512,-0.0015478942870970605,0.003808275575641618,-0.005229928920578103,0.008537082253589314,-0.008018336662395433,0.0016922936010291935,-0.004044144477159001,0.014065549837042958,-0.03414364798056167,-0.028597670145717072,0.052258028889984855,0.12041802630450603,-0.25379318119814076,0.12092449582925986,-0.11337039297615092,0.4283230575506362,0.602676101579112,-0.4983771481846965,0.0,0.8071618667798385
255,0.7681214586761269,-0.4977365374420512,0.608680258781984,0.4243445735316684,-0.11293866614172854,0.1230406502865159,-0.25463033349972086,0.1084952941796821,0.061413699467657144,-0.02939523237471646,-0.03341187334256844,0.012241319834025564,-0.003507186838954357,0.0011126079187830774,-0.00754634614519065,0.008300786120724919,-0.005338585326104661,0.004288962405161238,-0.0014292586390812852,-0.002159073129611123,-0.0007335615496844982,-0.0010316679451840994,-0.0014292586390812806,0.004288962405161228,-0.005338585326104657,0.00830078612072492,-0.007546346145190632,0.0011126079187830735,-0.0035071868389543563,0.012241319834025554,-0.033411873342568434,-0.029395232374716453,0.06141369946765718,0.10849529417968216,-0.2546303334997209,0.1230406502865159,-0.1129386661417285,0.42434457353166827,0.6086802587819838,-0.4977365374420512,0.0,0.8080439629276917
256,0.7687774698403371,-0.4970670565346269,0.6145431971413108,0.4201445791190074,-0.11240213457598705,0.12497840756365922,-0.25493588098552394,0.0962642745250862,0.07034146039242456,-0.03005474228229307,-0.03248639285521606,0.01033122576774864,-0.002940955951684897,0.0005220247611652676,-0.006988645301415684,0.007956276546360592,-0.005368068106538335,0.004697854074838786,-0.0012838049268263283,-0.002244156477396262,-0.0005723668714253059,-0.0009443652507001208,-0.0012838049268263253,0.004697854074838774,-0.005368068106538333,0.007956276546360592,-0.006988645301415667,0.000522024761165263,-0.002940955951684895,0.010331225767748625,-0.03248639285521605,-0.030054742282293073,0.0703414603924246,0.0962642745250862,-0.254935880985524,0.12497840756365917,-0.11240213457598705,0.4201445791190074,0.6145431971413106,-0.4970670565346268,0.0,0.8087423481434565
257,0.7691731030582003,-0.49636874429426026,0.6202635564070057,0.4157252667347414,-0.11176129616905145,0.1267349580978893,-0.2547091857483821,0.08375972157466376,0.07900818024717302,-0.03057310253373011,-0.03137257200585778,0.00834866557568643,-0.00235017794445419,-7.367138538797291e-05,-0.006351568417959702,0.0075080447396576626,-0.005317940018965107,0.0050281059355471855,-0.0011142623883388224,-0.0022823310350641186,-0.00039791820814927823,-0.0008329577036042022,-0.0011142623883388211,0.005028105935547176,-0.005317940018965108,0.0075080447396576626,-0.006351568417959686,-7.367138538797776e-05,-0.0023501779444541878,0.008348665575686415,-0.03137257200585777,-0.03057310253373011,0.07900818024717302,0.08375972157466377,-0.25470918574838214,0.1267349580978893,-0.11176129616905144,0.4157252667347413,0.6202635564070055,-0.4963687442942603,0.0,0.8092547498651359
258,0.7693106640828447,-0.49564164122509,0.6258400094085081,0.4110889432862451,-0.11101674560562405,0.1283077550588595,-0.25395072107157673,0.07101716680255966,0.08738169635271135,-0.030947878692206957,-0.030076868187991018,0.006307545493118721,-0.0017397838325008844,-0.0006686459550997133,-0.005642351323484776,0.006961934087698706,-0.005188944485503332,0.005274189730592194,-0.0009238122551776361,-0.002272798853660822,-0.00021425517165908617,-0.0007002889732293839,-0.0009238122551776367,0.005274189730592184,-0.005188944485503335,0.006961934087698707,-0.005642351323484763,-0.0006686459550997169,-0.001739783832500883,0.006307545493118703,-0.03007686818799101,-0.030947878692206957,0.08738169635271134,0.07101716680255973,-0.2539507210715768,0.1283077550588595,-0.11101674560562401,0.41108894328624507,0.6258400094085083,-0.4956416412250899,0.0,0.8095763521735275
259,0.7691924586669432,-0.4948857895012053,0.6312712623626991,0.4062380289619607,-0.1101691738131296,0.12969451804133725,-0.2526620704407407,0.0580728179610399,0.09543093412526188,-0.031177310651933923,-0.028606793264419304,0.004222182510881964,-0.0011148683597571982,-0.0012570714497014649,-0.00486904920491277,0.00632506397800061,-0.004982994568018859,0.005431986136060283,-0.000716028061037664,-0.0022157591809221287,-2.5630745932865027e-05,-0.0005497454190266593,-0.000716028061037666,0.005431986136060273,-0.004982994568018861,0.00632506397800061,-0.0048690492049127615,-0.001257071449701468,-0.0011148683597571958,0.004222182510881949,-0.028606793264419294,-0.031177310651933916,0.09543093412526192,0.058072817961039955,-0.25266207044074074,0.12969451804133725,-0.11016917381312957,0.4062380289619607,0.6312712623626987,-0.4948857895012051,0.0,0.809700154178888
260,0.76882079256351,-0.4941012329642017,0.6365560551740679,0.4011750559680452,-0.10921936732054904,0.13089323637157382,-0.25084592423793406,0.0449634561967803,0.10312602239596828,-0.03126032090434617,-0.026970870017112153,0.0021072039519653197,-0.0004806474748218462,-0.0018331845160593485,-0.004040445117757568,0.005605736986410594,-0.004703144596555846,0.005498853716312042,-0.0004948085893258849,-0.0021124042964701644,0.00016358719688794015,-0.00038516965399247637,-0.0004948085893258887,0.005498853716312034,-0.004703144596555852,0.005605736986410591,-0.004040445117757563,-0.0018331845160593511,-0.000480647474821844,0.002107203951965311,-0.026970870017112153,-0.031260320904346175,0.10312602239596823,0.04496345619678037,-0.2508459242379341,0.13089323637157385,-0.10921936732054902,0.401175055968045,0.6365560551740675,-0.4941012329642016,0.0,0.8096173632913446
261,0.7681979715253324,-0.493288017120637,0.6416931617270666,0.3959026672065432,-0.10816820752853688,0.13190217202258897,-0.24850607412479556,0.03172633153786494,0.11043840426446377,-0.031196519598535206,-0.025178582736245594,-2.2555128650403525e-05,0.00015758520471953016,-0.0023913423955286015,-0.0031659502294293386,0.0048133306403328885,-0.004353544872246416,0.0054736731403394285,-0.0002643047178758135,-0.001964894590024268,0.00034901704091277623,-0.00021076246225851063,-0.0002643047178758191,0.005473673140339421,-0.004353544872246424,0.0048133306403328885,-0.003165950229429334,-0.002391342395528606,0.00015758520471953247,-2.255512865042075e-05,-0.025178582736245594,-0.031196519598535213,0.11043840426446379,0.031726331537865006,-0.2485060741247956,0.13190217202258903,-0.1081682075285369,0.3959026672065432,0.6416931617270666,-0.49328801712063697,0.0,0.8093178145715073
262,0.7673263013051972,-0.49244618913939203,0.646681390170578,0.39042361489577737,-0.10701666989149987,0.132719862134144,-0.24564740512649574,0.018399057048466304,0.11734094307511614,-0.030986206372151926,-0.02324032223488411,-0.0021521560012444925,0.000794502576249525,-0.0029260781921413414,-0.002255496928533166,0.003958175168317938,-0.003939380116475411,0.005356865918826403,-2.884153345824033e-05,-0.0017763134035570789,0.000526364889172625,-3.097557438991412e-05,-2.884153345824652e-05,0.005356865918826396,-0.00393938011647542,0.003958175168317937,-0.002255496928533164,-0.0029260781921413466,0.0007945025762495266,-0.00215215600124451,-0.0232403222348841,-0.030986206372151933,0.11734094307511621,0.018399057048466286,-0.24564740512649572,0.132719862134144,-0.10701666989149988,0.3904236148957775,0.6466813901705779,-0.492446189139392,0.0,0.8087904068136244
263,0.7662080876561186,-0.49157579784893457,0.6515195831944343,0.3847407591336729,-0.10576582301239545,0.13334512113374897,-0.2422758854330193,0.005019501951964002,0.12380802312266526,-0.030630368944182817,-0.021167325608082058,-0.004266661045811797,0.0014247885155618627,-0.0034321544183014705,-0.001319426014211485,0.0030514188297352,-0.003466792579126848,0.005150387348263587,0.00020716282249812226,-0.0015506025813139348,0.0006915239950318012,0.00014960196270543606,0.00020716282249811445,0.00515038734826358,-0.0034667925791268595,0.0030514188297352,-0.0013194260142114886,-0.003432154418301475,0.0014247885155618627,-0.00426666104581181,-0.021167325608082054,-0.030630368944182817,0.12380802312266526,0.005019501951963985,-0.2422758854330193,0.133345121133749,-0.10576582301239545,0.38474075913367284,0.6515195831944343,-0.4915757978489346,0.0,0.80802354567338
264,0.7648456363308833,-0.4906768937344874,0.6562066182979241,0.3788570664047703,-0.10441682765109063,0.13377704245562994,-0.23839855393906867,-0.008374315973808125,0.12981564471352935,-0.030130678476207883,-0.01897161108565243,-0.006351238528734473,0.0020431822486713593,-0.0039046142935316285,-0.0003683692468176761,0.002104882580163203,-0.00294279094625144,0.004857693780229087,0.00043928005422811344,-0.0012924800748701582,0.0008406698598623517,0.000326360920857101,0.0004392800542281047,0.004857693780229083,-0.0029427909462514524,0.002104882580163202,-0.000368369246817682,-0.0039046142935316307,0.0020431822486713614,-0.006351238528734483,-0.01897161108565242,-0.030130678476207883,0.1298156447135294,-0.008374315973808107,-0.23839855393906867,0.1337770424556299,-0.1044168276510906,0.3788570664047702,0.6562066182979243,-0.4906768937344874,0.0,0.8070055840248396
265,0.7632412530825061,-0.4897495289351,0.6607414080502209,0.37277560803170223,-0.10297093564720078,0.1340149998551622,-0.2340235055486022,-0.021744338423429696,0.13534151323000224,-0.02948948172392605,-0.01666590835629471,-0.008391266636736653,0.002644522261635169,-0.0043388302938249185,0.000586871406106383,0.0011309059671557437,-0.002375146398095472,0.004483684763731888,0.0006631548024836996,-0.0010073413254979044,0.0009703487948564945,0.0004947895408374648,0.0006631548024836902,0.004483684763731887,-0.0023751463980954857,0.0011309059671557426,0.0005868714061063754,-0.004338830293824921,0.0026445222616351713,-0.008391266636736667,-0.016665908356294702,-0.029489481723926052,0.13534151323000226,-0.021744338423429713,-0.23402350554860216,0.13401499985516216,-0.10297093564720078,0.37277560803170207,0.6607414080502207,-0.4897495289350998,0.0,0.8057252498201756
266,0.7613972436634324,-0.48879375724062396,0.6651229003426754,0.3664995585719449,-0.10142948875840883,0.13405864831686531,-0.22915987427468756,-0.035052574705920506,0.14036512186681882,-0.02870979001580763,-0.014263584767028947,-0.010372436038398894,0.003223789381885521,-0.004730549476083142,0.0015354464570418403,0.00014218626536863493,-0.001772277358997308,0.0040346210291270735,0.0008745863668345466,-0.0007011464852112276,0.0010775578961998778,0.0006505886946796218,0.0008745863668345358,0.004034621029127071,-0.001772277358997323,0.0001421862653686333,0.0015354464570418295,-0.0047305494760831466,0.0032237893818855235,-0.010372436038398896,-0.014263584767028945,-0.028709790015807635,0.1403651218668188,-0.035052574705920506,-0.22915987427468767,0.13405864831686531,-0.10142948875840879,0.3664995585719448,0.6651229003426755,-0.48879375724062407,0.0,0.8041720520308786
267,0.759315913827018,-0.4878096340885937,0.6693500786329154,0.36003219416068044,-0.09979391741534172,0.13390792455464276,-0.22381781416995405,-0.04826120969464147,0.14486782773304974,-0.027795265110634727,-0.011778567825795887,-0.012280850253836767,0.0037761486714893108,-0.005075935133709835,0.0024665821254295046,-0.0008483870518334241,-0.0011431246483624695,0.0035180196865125094,0.001069607526009496,-0.0003802958338670247,0.0011598145816645417,0.0007897816205981858,0.001069607526009485,0.0035180196865125103,-0.001143124648362484,-0.0008483870518334252,0.00246658212542949,-0.005075935133709837,0.003776148671489313,-0.012280850253836779,-0.011778567825795883,-0.027795265110634727,0.14486782773304974,-0.04826120969464148,-0.22381781416995405,0.13390792455464276,-0.09979391741534167,0.3600321941606804,0.6693500786329153,-0.48780963408859357,0.0,0.8023366557644458
268,0.7569995693259357,-0.4867972165610101,0.6734219621806901,0.35337689080063467,-0.09806573939416077,0.13356304710354042,-0.21800847812745583,-0.06133271127833261,0.14883292103690587,-0.026750202000348493,-0.009225264456515617,-0.014103123128522714,0.004296989782666302,-0.005371604375360988,0.003369702704737611,-0.0018279003463740544,-0.000497018884284554,0.002942528392935274,0.0012445589773241055,-5.149599643306965e-05,0.0012152140784009178,0.0009088154295373566,0.0012445589773240943,0.002942528392935276,-0.0004970188842845691,-0.0018279003463740544,0.0033697027047375947,-0.005371604375360991,0.004296989782666303,-0.014103123128522726,-0.009225264456515607,-0.026750202000348493,0.14883292103690587,-0.06133271127833261,-0.21800847812745588,0.1335630471035404,-0.09806573939416074,0.3533768908006346,0.67342196218069,-0.48679721656100977,0.0,0.8002112183656425
269,0.7544505159130865,-0.48575656338103024,0.6773376062754105,0.34653712259978353,-0.09624655840809702,0.13302451600289172,-0.2117439945962045,-0.07422993700796775,0.15224568709670455,-0.025579508738968342,-0.006618477474724604,-0.015826472727542062,0.004781965438732706,-0.0056146612587871705,0.004234550679832953,-0.0027835841644863984,0.000156457893723964,0.0023177805947879907,0.0013961579984412146,0.0002783802431648569,0.001242473530715671,0.00100465179239916,0.001396157998441203,0.0023177805947879925,0.00015645789372394677,-0.002783584164486399,0.004234550679832935,-0.005614661258787172,0.00478196543873271,-0.015826472727542076,-0.006618477474724596,-0.025579508738968356,0.1522456870967045,-0.07422993700796778,-0.21174399459620452,0.13302451600289172,-0.096246558408097,0.3465371225997833,0.6773376062754103,-0.4857565633810302,0.0,0.7977896792112813
270,0.7516710593412572,-0.48468773490956113,0.6810961024553305,0.3395164599578477,-0.09433806261923858,0.13229311207130856,-0.20503744225998358,-0.08691623963639057,0.1550934609478715,-0.02428868339231487,-0.003973319768025067,-0.01743881099168267,0.005227027719283284,-0.005802725155236471,0.005051303230379331,-0.0037029797060713285,0.0008076143306938262,0.0016542342685674852,0.0015215600431214323,0.0006024376013563625,0.0012409617064558182,0.0010748444931671399,0.0015215600431214209,0.0016542342685674904,0.0008076143306938095,-0.0037029797060713293,0.005051303230379309,-0.005802725155236472,0.005227027719283285,-0.017438810991682676,-0.003973319768025066,-0.024288683392314877,0.15509346094787155,-0.08691623963639064,-0.20503744225998358,0.13229311207130856,-0.09433806261923855,0.3395164599578476,0.6810961024553305,-0.4846877349095611,0.0,0.7950679969727783
271,0.7486635053633481,-0.4835907931417582,0.684696578718317,0.3323185677025236,-0.09234202307195147,0.1313698957745688,-0.19790282273230958,-0.09935557125084302,0.1573656743433284,-0.02288378821679023,-0.0013051266788867957,-0.01892882852648503,0.005628461846752376,-0.005933954066602223,0.005810683797034322,-0.004574101244210018,0.0014467934833585524,0.000962996859397618,0.0016184121152043728,0.0009139024245417659,0.001210713614104707,0.0011176018683877837,0.001618412115204361,0.0009629968593976236,0.0014467934833585355,-0.004574101244210018,0.0058106837970343,-0.005933954066602223,0.005628461846752375,-0.018928828526485038,-0.0013051266788867938,-0.02288378821679024,0.15736567434332846,-0.09935557125084304,-0.19790282273230955,0.1313698957745688,-0.09234202307195145,0.33231856770252355,0.6846965787183169,-0.48359079314175796,0.0,0.7920443293283315
272,0.7454301597322603,-0.48246580170343,0.6881381997241619,0.32494720317642073,-0.09026029204938726,0.1302562056880424,-0.1903550313245442,-0.11151258570249495,0.15905389497284522,-0.021371421188483362,0.0013706329022366147,-0.020286073929518634,0.005982917192349409,-0.0060070626669349,0.006504067443291335,-0.005385592377444133,0.002064516036972938,0.00025563934776085657,0.0016848969193315913,0.0012062642763201827,0.0011524296921098178,0.0011318325392465885,0.001684896919331581,0.0002556393477608641,0.0020645160369729227,-0.005385592377444133,0.0065040674432913104,-0.006007062666934902,0.005982917192349409,-0.020286073929518637,0.0013706329022366136,-0.021371421188483376,0.15905389497284517,-0.11151258570249493,-0.1903550313245442,0.1302562056880424,-0.09026029204938722,0.3249472031764206,0.6881381997241619,-0.4824658017034298,0.0,0.7887191514300278
273,0.7419733282007805,-0.48131282584734725,0.6914201669883877,0.3174062142757065,-0.08809480135460286,0.12895365655588492,-0.1824098259481889,-0.12335273904192401,0.1601518577558123,-0.019758685016311114,0.0040384462180379594,-0.021501027099460668,0.006287435242573258,-0.006021334891609999,0.007123578816282149,-0.006126874077836226,0.00265162088782059,-0.00045599744312823016,0.0017197669599839022,0.0014734120227838353,0.001067459589214654,0.0011171732689309267,0.0017197669599838923,-0.0004559974431282221,0.002651620887820573,-0.006126874077836227,0.007123578816282123,-0.0060213348916100026,0.006287435242573258,-0.02150102709946067,0.004038446218037966,-0.019758685016311128,0.1601518577558123,-0.12335273904192405,-0.18240982594818886,0.12895365655588495,-0.08809480135460285,0.31740621427570653,0.6914201669883877,-0.48131282584734714,0.0,0.7850953108410894
274,0.7382953165218091,-0.4801319324494583,0.6945417190675028,0.3096995374414821,-0.08584756051788757,0.12746413694981318,-0.17408379421628378,-0.1348423876751594,0.16065548809130284,-0.018053153784722723,0.006682846579805397,-0.022565166012766643,0.006539474292878867,-0.005976630950846888,0.007662181593915071,-0.006788282604777432,0.0031994010065085443,-0.0011600010569865352,0.0017223679490117251,0.001709761571336958,0.000957770911384682,0.0010739982342226056,0.0017223679490117163,-0.0011600010569865257,0.003199401006508529,-0.00678828260477743,0.007662181593915044,-0.005976630950846884,0.006539474292878868,-0.022565166012766646,0.006682846579805411,-0.01805315378472274,0.16065548809130292,-0.13484238767515938,-0.17408379421628378,0.12746413694981318,-0.08584756051788756,0.309699537441482,0.6945417190675024,-0.480131932449458,0.0,0.7811780181236065
275,0.7343984304482472,-0.47892319000500994,0.6975021317356619,0.30183119560493604,-0.08352065493196068,0.1257898065308564,-0.16539431881259717,-0.1459488839613806,0.16056291697914352,-0.016262837382627335,0.00928850303578804,-0.023471026499542476,0.006736930662386817,-0.005873388698884471,0.008113758402420823,-0.007361195486625091,0.0036997325671351616,-0.0018445868132289552,0.0016926510824484952,0.0019103725929610251,0.0008259036590375614,0.0010034094746634104,0.0016926510824484874,-0.001844586813228945,0.0036997325671351464,-0.007361195486625089,0.008113758402420793,-0.0058733886988844705,0.0067369306623868185,-0.023471026499542476,0.009288503035788044,-0.016262837382627345,0.16056291697914354,-0.14594888396138062,-0.16539431881259717,0.1257898065308564,-0.08352065493196065,0.3018311956049359,0.6975021317356616,-0.4789231900050098,0.0,0.7769747737445024
276,0.7302849757329948,-0.47768666862457465,0.7003007181526939,0.29380529608735095,-0.08111624391677054,0.1239330929180545,-0.15635954120090373,-0.1566406689806327,0.15987448795587783,-0.01439614388560127,0.011840309252624408,-0.024212254599333283,0.006878156252564166,-0.005712619345403255,0.008473180296614027,-0.007838143927806993,0.004145195427287527,-0.0024982950768314385,0.0016311739562496876,0.002071051788123068,0.0006749114096496889,0.0009072087630779688,0.0016311739562496815,-0.002498295076831427,0.004145195427287514,-0.007838143927806993,0.008473180296614,-0.005712619345403257,0.006878156252564164,-0.024212254599333283,0.01184030925262441,-0.014396143885601283,0.15987448795587783,-0.15664066898063275,-0.1563595412009038,0.12393309291805454,-0.08111624391677051,0.2938052960873508,0.7003007181526938,-0.47768666862457443,0.0,0.7724952334437691
277,0.7259572581288394,-0.4764224400299838,0.7029368290234528,0.28562602845605634,-0.07863655871569049,0.12189668816864252,-0.14699832375012037,-0.16688736220795966,0.158592755819883,-0.012461840068044006,0.014323471094542342,-0.024783651129590696,0.006961972303320437,-0.005495897551198399,0.008736365013723395,-0.008212910175993692,0.0045291831720957595,-0.0031101830870882852,0.0015390901037748766,0.00218844053779719,0.0005082906077411005,0.0007878516154567426,0.0015390901037748714,-0.003110183087088273,0.004529183172095748,-0.008212910175993692,0.008736365013723367,-0.005495897551198395,0.006961972303320435,-0.024783651129590707,0.014323471094542349,-0.012461840068044018,0.15859275581988302,-0.1668873622079597,-0.14699832375012034,0.12189668816864253,-0.07863655871569049,0.2856260284560562,0.7029368290234528,-0.47642244002998363,0.0,0.7677510156406393
278,0.7214175833886813,-0.47513057755016763,0.7054098527484602,0.2772976623374506,-0.07608390042497164,0.11968354487482477,-0.13733021035436982,-0.17665984783914834,0.1567224771503713,-0.010469010230734217,0.016723592392588568,-0.0251812081542028,0.006987679231701524,-0.00522534600511201,0.00890032333915186,-0.008480608580008967,0.0048460010903413194,-0.0036700081341429196,0.0014181273513275282,0.002260085107461731,0.0003298995996316841,0.0006483846140934562,0.001418127351327524,-0.0036700081341429075,0.004846001090341312,-0.008480608580008969,0.008900323339151835,-0.005225346005112009,0.006987679231701523,-0.0251812081542028,0.016723592392588565,-0.010469010230734235,0.1567224771503713,-0.1766598478391483,-0.13733021035436985,0.11968354487482484,-0.07608390042497162,0.2772976623374505,0.7054098527484601,-0.4751305775501676,0.0,0.7627554558079057
279,0.7166682572653076,-0.47381115611690183,0.707719215565802,0.26882454518823035,-0.07346063785837317,0.11729687188279889,-0.1273753856301901,-0.18593035752278994,0.15427059265545986,-0.00842701353714896,0.019026758406639536,-0.025402137096286276,0.006955062471061349,-0.004903614633286522,0.008963193057550967,-0.008637749281764535,0.005090950629589496,-0.0041683990170054445,0.0012705553978809253,0.002284487936623345,0.00014386928783634696,0.0004923676437992023,0.001270555397880923,-0.004168399017005433,0.005090950629589489,-0.008637749281764537,0.00896319305755094,-0.004903614633286518,0.0069550624710613485,-0.025402137096286272,0.019026758406639536,-0.00842701353714897,0.15427059265545992,-0.18593035752279008,-0.12737538563019005,0.11729687188279889,-0.07346063785837313,0.2688245451882303,0.707719215565802,-0.4738111561169019,0.0,0.7575233139907918
280,0.7117115855117322,-0.47246425226046207,0.7098643816842454,0.26021110002599146,-0.07076920534895272,0.11474012964023493,-0.11715463277607474,-0.19467254926357772,0.15124620141481743,-0.006345440058912555,0.021219616496321182,-0.025444888298049615,0.006864394261973841,-0.0045338546443746625,0.00892426010359801,-0.00868228371189728,0.0052603990778384265,-0.004597012912932558,0.0010991432273118969,0.0022611389417816425,-4.5492525973803544e-05,0.00032378302610806554,0.0010991432273118951,-0.004597012912932548,0.005260399077838423,-0.008682283711897281,0.008924260103597982,-0.004533854644374659,0.006864394261973839,-0.025444888298049615,0.02121961649632118,-0.006345440058912569,0.15124620141481745,-0.19467254926357785,-0.11715463277607473,0.11474012964023494,-0.07076920534895267,0.26021110002599146,0.7098643816842451,-0.4724642522604619,0.0,0.7520704427561131
281,0.7065498738807425,-0.4710899441051835,0.711844853407546,0.2514618231203882,-0.06801210049005585,0.11201702517895767,-0.10668929018232254,-0.20286158227263754,0.1476605271124732,-0.004234065736804089,0.023289453533146792,-0.025309161890529164,0.0067164313799370715,-0.004119687664921217,0.008783966672248468,-0.008613631296003786,0.005351833438274399,-0.0049486750322521545,0.0009071071522429425,0.0021905261785198746,-0.00023380089436679795,0.00014693387081688783,0.0009071071522429431,-0.004948675032252143,0.005351833438274396,-0.008613631296003786,0.008783966672248442,-0.004119687664921216,0.006716431379937068,-0.02530916189052915,0.02328945353314679,-0.0042340657368041025,0.14766052711247318,-0.2028615822726376,-0.10668929018232257,0.1120170251789577,-0.06801210049005584,0.25146182312038806,0.7118448534075461,-0.4710899441051835,0.0,0.7464134238039795
282,0.7011854281251251,-0.4696883113649306,0.7136601712499192,0.2425812816460536,-0.06519188181760147,0.10913150674010468,-0.0960012068817848,-0.210474187552206,0.14352687638510223,-0.0021028064688455176,0.025224269605074855,-0.02499590989695436,0.006512408818835628,-0.003665170267221032,0.008543906196348545,-0.008432687023315568,0.005363897698146549,-0.005217498720878251,0.0006980504643783198,0.0020741256398558216,-0.0004166952639671239,-3.3665760571453186e-05,0.0006980504643783219,-0.005217498720878242,0.005363897698146549,-0.008432687023315568,0.00854390619634852,-0.0036651702672210293,0.006512408818835626,-0.024995909896954358,0.025224269605074855,-0.002102806468845526,0.14352687638510223,-0.2104741875522061,-0.09600120688178478,0.10913150674010465,-0.06519188181760145,0.2425812816460535,0.7136601712499192,-0.4696883113649305,0.0,0.7405691822357691
283,0.6956205539977809,-0.4682594353384735,0.715309914042644,0.23357411129850705,-0.062311166435813706,0.10608775804955392,-0.0851126969345184,-0.21748873401409172,0.1388605894403564,3.832845890802767e-05,0.027012847586183577,-0.02450732955498892,0.006254029482883112,-0.0031747542370863632,0.008206805248651482,-0.008141809779145715,0.0052964129390467634,-0.005398984000058178,0.0004758958237121543,0.0019143704040942855,-0.0005899404503932847,-0.00021340607593133825,0.00047589582371215767,-0.005398984000058167,0.005296412939046763,-0.008141809779145715,0.008206805248651458,-0.0031747542370863576,0.006254029482883109,-0.024507329554988914,0.027012847586183573,3.832845890801798e-05,0.13886058944035637,-0.21748873401409183,-0.08511269693451837,0.1060877580495539,-0.062311166435813664,0.23357411129850691,0.7153099140426437,-0.4682594353384732,0.0,0.7345545880303093
284,0.6898575572517238,-0.46680339890477146,0.716793699031776,0.2244450138742936,-0.059372627588603684,0.10289019225192143,-0.07404649284157705,-0.22388528994404333,0.13367898312850116,0.002179283380167281,0.028644818168130855,-0.02384684790468722,0.005943449973082513,-0.0026532429706822487,0.007776492573791875,-0.007744791593211393,0.0051503799903502515,-0.005490092893844178,0.0002448116552317148,0.0017145997770724281,-0.000749524710094482,-0.00038769921711470244,0.0002448116552317196,-0.005490092893844169,0.005150379990350256,-0.007744791593211393,0.0077764925737918555,-0.002653242970682244,0.005943449973082511,-0.02384684790468721,0.028644818168130855,0.002179283380167266,0.1336789831285011,-0.22388528994404333,-0.07404649284157702,0.10289019225192143,-0.059372627588603656,0.22444501387429344,0.716793699031776,-0.46680339890477124,0.0,0.7283860546215155
285,0.6838987436397412,-0.4653202865181664,0.718111181966953,0.21519875481661815,-0.056378992178854816,0.09954344551192353,-0.06282569808520232,-0.22964567963737595,0.12800128667862162,0.004310003474028838,0.03011071997637887,-0.023019097750270716,0.005583262586839785,-0.0021057444275025517,0.007257855601948501,-0.007246808204727322,0.004927964586465115,-0.005489300283343967,9.13393418004587e-06,0.0014789894918592014,-0.0008917526380908024,-0.0005520963646881935,9.133934180052732e-06,-0.005489300283343963,0.00492796458646512,-0.007246808204727324,0.007257855601948483,-0.002105744427502548,0.005583262586839783,-0.023019097750270705,0.03011071997637887,0.004310003474028832,0.12800128667862157,-0.22964567963737606,-0.06282569808520225,0.0995434455119235,-0.056378992178854816,0.21519875481661804,0.7181111819669529,-0.46532028651816626,0.0,0.7220791445861068
286,0.6777464189146198,-0.46381018420348463,0.7192620571812599,0.20584016072775602,-0.05333303823791375,0.09605237029238098,-0.05147373889449795,-0.2347535350449268,0.12184857033788417,0.00642048198662494,0.03140205442265831,-0.022029885164334975,0.005176473680973554,-0.0015376211002903282,0.006656784938107245,-0.006654351588729831,0.004632465248015528,-0.005396619436474633,-0.00022671517253052223,0.0012124644249192642,-0.0010133307404350082,-0.0007024012937175032,-0.0002267151725305148,-0.0053966194364746265,0.004632465248015535,-0.0066543515887298324,0.006656784938107228,-0.0015376211002903254,0.005176473680973553,-0.02202988516433497,0.03140205442265832,0.006420481986624933,0.12184857033788417,-0.23475353504492688,-0.051473738894497904,0.09605237029238095,-0.05333303823791374,0.20584016072775585,0.7192620571812597,-0.4638101842034843,0.0,0.715648192335721
287,0.6714028888293735,-0.4622731795510459,0.720246057662149,0.19637411684953715,-0.050237592347635,0.09242202831861203,-0.04001431533728919,-0.23919434228258749,0.11524366717867822,0.008500807227030243,0.03251133497566464,-0.020886148762422087,0.004726478578717234,-0.000954437491923778,0.005980107457407193,-0.005975145323254065,0.004268264363295108,-0.005213601785864087,-0.0004583102821724928,0.0009205956532038034,-0.0011114436998414697,-0.0008347774820959428,-0.0004583102821724838,-0.005213601785864082,0.004268264363295117,-0.005975145323254065,0.00598010745740718,-0.0009544374919237745,0.004726478578717234,-0.020886148762422074,0.03251133497566464,0.008500807227030232,0.11524366717867816,-0.2391943422825875,-0.04001431533728917,0.09242202831861203,-0.050237592347635,0.19637411684953698,0.7202460576621489,-0.46227317955104563,0.0,0.70910595336506
288,0.6648704591366763,-0.4607093617115842,0.7210629551133874,0.1868055645132217,-0.047095527017371866,0.08865768323941459,-0.028471351840274498,-0.24295548287225852,0.10821108836381482,0.01054120911671325,0.03343213056433833,-0.019595911033617977,0.004237033230155942,-0.0003619056137072045,0.005235508766463471,-0.005218043900682615,0.003840763195474521,-0.004943310958617967,-0.0006813058323976482,0.0006094840039466116,-0.0011838195684409957,-0.0009458460374851641,-0.0006813058323976382,-0.004943310958617966,0.0038407631954745316,-0.0052180439006826165,0.005235508766463463,-0.0003619056137072024,0.0042370332301559415,-0.019595911033617963,0.03343213056433833,0.010541209116713237,0.10821108836381478,-0.2429554828722586,-0.028471351840274464,0.08865768323941459,-0.047095527017371866,0.18680556451322164,0.7210629551133875,-0.46070936171158405,0.0,0.7024632890429636
289,0.6581514355895421,-0.459118821391076,0.721712560008025,0.17713949856009487,-0.0439097580183476,0.08476479299527843,-0.016868947240772387,-0.24602626959704016,0.10077693218423908,0.01253210507391665,0.03415910286209824,-0.01816822206855569,0.0037122228626385386,0.00023417096111422875,0.004431445911340043,-0.0043929172958961,0.0033563017794357246,-0.004590271492681074,-0.000891517619712327,0.00028563253128185344,-0.0012287823780287698,-0.0010327719432901652,-0.0008915176197123164,-0.004590271492681074,0.003356301779435734,-0.004392917295896102,0.004431445911340034,0.00023417096111423224,0.0037122228626385373,-0.018168222068555676,0.034159102862098244,0.012532105073916637,0.10077693218423908,-0.24602626959704016,-0.016868947240772352,0.08476479299527843,-0.04390975801834758,0.17713949856009473,0.7217125600080246,-0.4591188213910757,0.0,0.6957288951581617
290,0.6512481239407579,-0.45750165084547967,0.7221947216323643,0.16738096473413056,-0.040683241677880295,0.08074900190489365,-0.005231324474341605,-0.24839797686877663,0.09296878720682153,0.014464145017474223,0.03468803723587204,-0.016613096079532035,0.003156427882828704,0.000827953940646229,0.0035770513236229504,-0.0035105222960564206,0.0028220648961988595,-0.004160393098256744,-0.001085001310276672,-4.418941474139012e-05,-0.0012452909495388076,-0.0010933364222464968,-0.0010850013102766606,-0.004160393098256743,0.0028220648961988716,-0.003510522296056422,0.0035770513236229456,0.0008279539406462312,0.0031564278828287023,-0.01661309607953203,0.03468803723587205,0.014464145017474209,0.0929687872068215,-0.24839797686877663,-0.00523132447434157,0.08074900190489365,-0.040683241677880295,0.16738096473413047,0.722194721632364,-0.45750165084547945,0.0,0.6889090814619792
291,0.644162829943338,-0.45585794387538353,0.7225093281209296,0.15753505704808282,-0.037418972135972756,0.07661613248142782,0.006417219996684291,-0.25006386552166654,0.08481562989165264,0.016328255278707682,0.03501586718049624,-0.014941441158003528,0.0025742873149986077,0.0014136274976900675,0.0026820290955608264,-0.0025823622694357193,0.0022459755193834276,-0.0036608717321113928,-0.001258126449881134,-0.0003730876854316577,-0.0012329630030552604,-0.0011259935705445067,-0.0012581264498811228,-0.0036608717321113945,0.0022459755193834424,-0.0025823622694357215,0.0026820290955608234,0.0014136274976900716,0.0025742873149986072,-0.014941441158003513,0.03501586718049624,0.016328255278707682,0.0848156298916526,-0.25006386552166665,0.006417219996684359,0.07661613248142783,-0.03741897213597278,0.15753505704808277,0.7225093281209295,-0.4558579438753833,0.0,0.6820076083072875
292,0.6368978593498416,-0.4541877958205657,0.7226563064824191,0.14760691512438082,-0.0341199785668129,0.07237217699043876,0.018052366908168724,-0.25101920196148775,0.07634771705878858,0.01811568121517466,0.035140692096827006,-0.013164982762162282,0.0019706600807327976,0.0019854552330560668,0.0017565447623648525,-0.0016205372014188176,0.001636577313940697,-0.0031000691407326543,-0.0014076445844052518,-0.0006941874393484597,-0.0011920840100582892,-0.0011299098169088146,-0.0014076445844052403,-0.0031000691407326564,0.0016365773139407095,-0.0016205372014188176,0.0017565447623648536,0.0019854552330560724,0.001970660080732796,-0.013164982762162268,0.03514069209682701,0.018115681215174654,0.07634771705878857,-0.25101920196148775,0.018052366908168794,0.07237217699043874,-0.034119978566812925,0.14760691512438068,0.722656306482419,-0.4541877958205655,0.0,0.675025585191098
293,0.6294555179135106,-0.4524913035544643,0.7226356226166395,0.137601721512215,-0.03078932236776318,0.06802328876166219,0.029649824966747583,-0.2512612716160243,0.06759647360351004,0.019818028326135863,0.035061788310492906,-0.01129618147127154,0.0013505844432269165,0.0025378363609168076,0.0008111098435052027,-0.0006375859526891799,0.0010029079297540636,-0.0024873728887304255,-0.001530750212572386,-0.00100077684462316,-0.0011236005829179216,-0.001104985199442969,-0.0015307502125723748,-0.0024873728887304285,0.0010029079297540803,-0.0006375859526891799,0.0008111098435052075,0.002537836360916812,0.001350584443226917,-0.011296181471271522,0.035061788310492906,0.019818028326135856,0.06759647360351001,-0.25126127161602424,0.02964982496674767,0.06802328876166222,-0.03078932236776317,0.13760172151221486,0.7226356226166394,-0.4524913035544642,0.0,0.6679614345955975
294,0.6218381113869051,-0.4507685654785577,0.7224472813224186,0.12752469898221652,-0.02743009431844735,0.06357577326727211,0.041185381564009506,-0.2507893866484773,0.058594375876788604,0.021427301676646086,0.03477961326740825,-0.009348145583655003,0.0007192359546854102,0.0030653605658907154,-0.0001435375456325853,0.00035367720399580587,0.00035436496922038914,-0.0018330392155378606,-0.0016251334273061576,-0.0012864473739498108,-0.001029098554711743,-0.0010518559171493983,-0.001625133427306147,-0.001833039215537865,0.0003543649692204053,0.00035367720399580587,-0.00014353754563257884,0.0030653605658907176,0.000719235954685409,-0.009348145583654993,0.03477961326740825,0.021427301676646082,0.05859437587678859,-0.25078938664847733,0.04118538156400953,0.0635757732672721,-0.027430094318447333,0.12752469898221652,0.7224472813224188,-0.45076856547855765,0.0,0.6608109230200656
295,0.6140479455230385,-0.449019681516658,0.7220913262964914,0.11738110780013894,-0.024045411712571674,0.05903607897954859,0.05263495332640068,-0.2496048879119418,0.04937483116374307,0.022935943445116787,0.03429580288172332,-0.007334539171402471,8.188425781635555e-05,0.003562860994556542,-0.0010965546557353861,0.0013403296374471343,-0.0002994333834266075,-0.0011480213509152332,-0.0016890232579462414,-0.0015452277597105572,-0.0009107662569600344,-0.0009718780909973083,-0.001689023257946231,-0.0011480213509152389,-0.00029943338342659136,0.0013403296374471354,-0.0010965546557353781,0.003562860994556545,8.188425781635367e-05,-0.007334539171402458,0.03429580288172331,0.022935943445116774,0.04937483116374307,-0.24960488791194185,0.05263495332640075,0.05903607897954857,-0.024045411712571685,0.11738110780013888,0.7220913262964912,-0.44901968151665794,0.0,0.6535672595371028
296,0.6060873260746984,-0.4472447531091143,0.721567840123361,0.10717624298096842,-0.02063841546514094,0.054410788021209744,0.06397463639532029,-0.24771114113939505,0.03997205370734698,0.02433686841801136,0.03361316205158695,-0.005269486236721673,-0.0005561508980138586,0.004025464862371534,-0.002037117253967566,0.002309508824304338,-0.0009487910041209312,-0.0004437861631722457,-0.0017212209000667018,-0.001771708809220134,-0.0007713438456356667,-0.0008670931490360588,-0.0017212209000666918,-0.00044378616317225164,-0.0009487910041209139,0.002309508824304339,-0.0020371172539675525,0.004025464862371538,-0.0005561508980138617,-0.005269486236721662,0.03361316205158695,0.024336868418011352,0.03997205370734696,-0.24771114113939513,0.06397463639532036,0.05441078802120978,-0.020638415465140933,0.10717624298096841,0.7215678401233608,-0.4472447531091142,0.0,0.6462212606256428
297,0.5979585587948986,-0.44544388320692924,0.7208769442561402,0.09691543152489474,-0.0172122671977549,0.04970660662196308,0.07518075633243274,-0.24511352738002395,0.030420937737470906,0.025623497264975096,0.03273564839770641,-0.0031674716422109106,-0.0011895440588484412,0.004448641180322173,-0.002954542564068514,0.003248580031698195,-0.0015840776268517195,0.00026787779067097723,-0.0017211222093852338,-0.00196115647112161,-0.0006140598488784717,-0.0007401757190964117,-0.001721122209385225,0.0002678777906709686,-0.0015840776268517044,0.0032485800316981958,-0.002954542564068499,0.004448641180322176,-0.0011895440588484418,-0.0031674716422108954,0.0327356483977064,0.025623497264975082,0.030420937737470885,-0.245113527380024,0.07518075633243278,0.04970660662196306,-0.017212267197754882,0.09691543152489468,0.7208769442561402,-0.4454438832069292,0.0,0.6387615784653067
298,0.5896639494364264,-0.4436171762657876,0.7200187989883725,0.08660402963658498,-0.013770146304689077,0.04493035539511323,0.08622991754600752,-0.24181942770906523,0.020756927976455647,0.026789787438125767,0.03166834931898047,-0.001043239509955272,-0.0018130085158222873,0.004828245133847191,-0.00383841059980654,0.004145301030316002,-0.0021958716648460427,0.0009750575996365909,-0.001688729037696162,-0.0021096107895474427,-0.0004425564057438009,-0.0005943653591145711,-0.0016887290376961536,0.0009750575996365818,-0.002195871664846027,0.004145301030316001,-0.0038384105998065235,0.004828245133847196,-0.0018130085158222892,-0.0010432395099552547,0.03166834931898046,0.02678978743812576,0.02075692797645562,-0.24181942770906523,0.08622991754600756,0.04493035539511319,-0.01377014630468905,0.08660402963658481,0.7200187989883722,-0.4436171762657871,0.0,0.6311749883571375
299,0.5812058037520687,-0.44176473823999735,0.7189936034168422,0.0762474199292131,-0.010315247002483253,0.040088959448324954,0.09709905213509701,-0.23783820225460617,0.011015888101776946,0.027830261550389066,0.030417452498226104,0.001088310197896151,-0.002421340431452507,0.005160558679362059,-0.004678682513700958,0.004987981690582755,-0.002775099936944582,0.0016659154151669423,-0.0016246491981240757,-0.002213968677642869,-0.00026080492719047257,-0.00043338386765740547,-0.001624649198124069,0.0016659154151669338,-0.0027750999369445663,0.004987981690582756,-0.0046786825137009385,0.005160558679362064,-0.002421340431452511,0.001088310197896166,0.030417452498226104,0.027830261550389063,0.011015888101776903,-0.23783820225460617,0.09709905213509704,0.04008895944832494,-0.010315247002483253,0.07624741992921304,0.7189936034168419,-0.44176473823999707,0.0,0.6234467294986458
300,0.572586427494612,-0.43988667657634406,0.7178015953953828,0.06585100861470403,-0.006850775365774817,0.035189438342879124,0.10776546804957715,-0.23318116360093988,0.0012339676539447238,0.02874003309960207,0.02899021002899225,0.003212226191659129,-0.003009462274230795,0.00544232696076087,-0.00546581461682444,0.005765636381377898,-0.0033131722269651403,0.0023288866109938116,-0.0015300850603500755,-0.0022720487802666326,-7.301413230024386e-05,-0.00026134028529152715,-0.0015300850603500702,0.0023288866109938016,-0.003313172226965127,0.005765636381377899,-0.005465814616824418,0.005442326960760873,-0.003009462274230796,0.00321222619165914,0.02899021002899224,0.028740033099602068,0.0012339676539447238,-0.2331811636009399,0.10776546804957718,0.035189438342879124,-0.006850775365774834,0.06585100861470403,0.7178015953953828,-0.43988667657634406,0.0,0.6155608920190307
301,0.5638081264171848,-0.437983100207859,0.7164430514796934,0.055420222681658034,-0.00337994635212841,0.030238895915979752,0.11820689646550511,-0.22786154464405003,-0.008552532116451406,0.02951482941757383,0.027394896371435898,0.005313610726668952,-0.00357246519898446,0.005670790189213047,-0.006190866774664927,0.006468127184537347,-0.0038021086804780027,0.0029528733693984428,-0.0014068109898054413,-0.002282637070067517,0.00011646741071647024,-8.262601162919934e-05,-0.0014068109898054374,0.002952873369398433,-0.00380210868047799,0.006468127184537345,-0.006190866774664904,0.005670790189213048,-0.0035724651989844608,0.005313610726668964,0.02739489637143589,0.02951482941757383,-0.008552532116451414,-0.22786154464405003,0.11820689646550515,0.03023889591597976,-0.0033799463521284184,0.055420222681657964,0.7164430514796932,-0.4379831002078588,0.0,0.6075008420035041
302,0.5548732062725739,-0.4360541195474999,0.7149182868631744,0.044960507062431265,9.401918137793032e-05,0.025244509980869294,0.12840153827688577,-0.2218944609905622,-0.01830729296470127,0.030151011736324482,0.025640760381012213,0.007377724100255233,-0.004105650019272259,0.005843710674007101,-0.006845603947902299,0.0070862960581206886,-0.0042346581496415505,0.0035274304533218503,-0.0012571400541551106,-0.002245512223858404,0.0003032519819242785,9.819728481934165e-05,-0.0012571400541551083,0.0035274304533218395,-0.00423465814964154,0.007086296058120689,-0.006845603947902274,0.005843710674007104,-0.00410565001927226,0.007377724100255243,0.025640760381012213,0.03015101173632448,-0.01830729296470126,-0.22189446099056223,0.12840153827688583,0.02524450998086931,9.401918137791309e-05,0.0449605070624313,0.7149182868631743,-0.43605411954749984,0.0,0.5992496752309766
303,0.5457839728135658,-0.4340998464817478,0.713227655303801,0.034477321790848406,0.0035678974670409888,0.020213521919685666,0.1383281096067846,-0.21529686800700526,-0.027994114430999233,0.030645592277263527,0.023737971688092788,0.009390088040165674,-0.00460456642983286,0.005959394739686931,-0.007422589724814095,0.0076120842254933235,-0.004604405730990962,0.004042940054589954,-0.0010838806217778024,-0.002161450248854699,0.000483014313681468,0.00027651410289449035,-0.0010838806217778022,0.004042940054589944,-0.0046044057309909524,0.007612084225493324,-0.007422589724814068,0.005959394739686935,-0.004604566429832862,0.009390088040165686,0.02373797168809278,0.030645592277263524,-0.027994114430999233,-0.21529686800700532,0.13832810960678465,0.020213521919685666,0.0035678974670409805,0.03447732179084844,0.7132276553038011,-0.43409984648174776,0.0,0.590790689540291
304,0.5365427317930618,-0.4321203943641163,0.7113715490420479,0.0239761391520321,0.007038464818121756,0.0151532261841503,0.14796588624276935,-0.20808751264142636,-0.037577048182363015,0.03099624828304935,0.021697561739377234,0.0113365872592433,-0.005065050151710082,0.0060167093148125825,-0.007915270782982561,0.008038637233804173,-0.0049058679013461145,0.0044907727913787,-0.0008902836666123738,-0.002032208262076543,0.0006515917484852239,0.00044777291911023885,-0.0008902836666123746,0.0044907727913786905,-0.004905867901346106,0.008038637233804173,-0.007915270782982533,0.006016709314812582,-0.0050650501517100835,0.011336587259243313,0.02169756173937723,0.03099624828304935,-0.03757704818236303,-0.20808751264142636,0.14796588624276938,0.015153226184150317,0.007038464818121747,0.0239761391520321,0.7113715490420476,-0.4321203943641162,0.0,0.5821078651459787
305,0.5271517889639619,-0.43011587800857737,0.7093503987098864,0.013462440825837871,0.010502500620359592,0.010070959719310697,0.15729474690391218,-0.20028688015425736,-0.04702053141889594,0.031201332926230393,0.019531359842911374,0.013203568464024047,-0.005483257690017628,0.006015093029866249,-0.008318051320998894,0.008360394312261153,-0.005134573840930338,0.004863432159899302,-0.0006799817681221689,-0.0018604877619680877,0.000805080631343248,0.0006076023649517929,-0.0006799817681221713,0.004863432159899291,-0.005134573840930333,0.008360394312261153,-0.008318051320998865,0.006015093029866251,-0.005483257690017629,0.013203568464024056,0.01953135984291138,0.031201332926230386,-0.0470205314188959,-0.20028688015425744,0.15729474690391218,0.010070959719310723,0.010502500620359569,0.013462440825837906,0.7093503987098861,-0.43011587800857726,0.0,0.5731863418597261
306,0.5176134500790535,-0.42808641368290135,0.7071646732308744,0.0029417150253848857,0.01395679032063519,0.004974091325671411,0.16629521524902083,-0.19191713590979645,-0.05628951884931434,0.031259883043436534,0.017251924587491942,0.014977936122780514,-0.005855698414232571,0.005954561715604752,-0.008626356614780038,0.008573160865282549,-0.0052871317376415395,0.00515468002225216,-0.00045692095095879054,-0.0016498781599538733,0.0009399267045666124,0.0007519228057309829,-0.0004569209509587947,0.005154680022252151,-0.005287131737641535,0.008573160865282549,-0.008626356614780012,0.005954561715604753,-0.005855698414232572,0.014977936122780523,0.017251924587491942,0.03125988304343654,-0.056289518849314366,-0.1919171359097965,0.16629521524902086,0.0049740913256714194,0.013956790320635156,0.0029417150253848857,0.7071646732308744,-0.4280864136829013,0.0,0.564012882047964
307,0.507930020891237,-0.4260321191019135,0.7048148797113623,-0.007580546367824726,0.01739812841000904,-0.000129989024862277,0.1749485005383952,-0.18300206239370304,-0.0653496127459718,0.031171623658797644,0.014872471034055021,0.01664724432126793,-0.0061792636932547,0.005835708248004656,-0.008836684976634378,0.008674163155465212,-0.00536127908915347,0.0053596410298433796,-0.00022528664325984716,-0.00140478175227174,0.0010530074117613192,0.0008770504729574983,-0.00022528664325985234,0.005359641029843371,-0.005361279089153467,0.008674163155465212,-0.00883668497663435,0.005835708248004654,-0.006179263693254698,0.01664724432126795,0.014872471034055017,0.03117162365879765,-0.06534961274597186,-0.18300206239370298,0.17494850053839525,-0.000129989024862277,0.017398128410009022,-0.0075805463678247954,0.7048148797113621,-0.42603211910191335,0.0,0.5545763082736923
308,0.4981038071535264,-0.42395311342066594,0.7023015633228394,-0.018098850670700096,0.020823321398366925,-0.005233880903737007,0.18323653686421948,-0.17356699163547018,-0.07416719059673879,0.030936969275345432,0.012406794101157036,0.0181997840618702,-0.006451252842051689,0.005659696741318736,-0.008946647526932664,0.008662084463493524,-0.005355916256844354,0.005474884234366281,1.0574857129044807e-05,-0.0011303217003688808,0.0011417042051502767,0.0009797914922549426,1.0574857129038212e-05,0.005474884234366272,-0.0053559162568443544,0.008662084463493525,-0.008946647526932637,0.005659696741318738,-0.006451252842051687,0.018199784061870207,0.012406794101157042,0.030936969275345432,-0.07416719059673879,-0.17356699163547015,0.18323653686421956,-0.0052338809037369895,0.020823321398366897,-0.018098850670700096,0.7023015633228394,-0.42395311342066594,0.0,0.5448679049309673
309,0.48813711461848186,-0.4218495172275262,0.6996253071754507,-0.028607707265774912,0.024229190777912336,-0.01033018415566525,0.19114202086768503,-0.16363873322789413,-0.08270952988001427,0.03055702192833359,0.009869188588722426,0.01962466539380526,-0.0066693956633226015,0.005428251146120119,-0.008954995326663193,0.008537082253589314,-0.005271122773932963,0.005498480520219503,0.0002462379349301338,-0.0008322349433134776,0.0012039631818447814,0.0010575234067661521,0.00024623793493012606,0.005498480520219498,-0.005271122773932965,0.008537082253589314,-0.008954995326663167,0.005428251146120119,-0.0066693956633226015,0.019624665393805262,0.009869188588722426,0.03055702192833359,-0.0827095298800143,-0.16363873322789418,0.19114202086768503,-0.01033018415566525,0.024229190777912333,-0.028607707265774877,0.6996253071754507,-0.4218495172275263,0.0,0.5348817737772469
310,0.4780322490392309,-0.4197214525371835,0.6967867321827099,-0.03910163046734269,0.027612575972755498,-0.015411509628143192,0.19864844786410024,-0.15324549814807373,-0.09094492949982251,0.03003356600961875,0.007274366303721273,0.020911893798305395,-0.00683187139603246,0.005143638364010868,-0.008861633562703523,0.008300786120724919,-0.005108156165965163,0.005430034896970756,0.00047728069799146157,-0.0005167522806350158,0.0012383426449447006,0.001108262115168945,0.0004772806979914531,0.00543003489697075,-0.005108156165965167,0.008300786120724919,-0.008861633562703497,0.0051436383640108664,-0.006831871396032459,0.020911893798305402,0.007274366303721273,0.03003356600961875,-0.09094492949982252,-0.15324549814807376,0.1986484478641003,-0.015411509628143192,0.02761257597275549,-0.03910163046734269,0.6967867321827098,-0.41972145253718335,0.0,0.5246151340907634
311,0.46779151616856063,-0.41756904278357015,0.6937864969174423,-0.04957514238501755,0.03097033727186203,-0.020470489885015247,0.20574014630056836,-0.14241681859639893,-0.09884282743034267,0.029369059887409062,0.004637370768242226,0.022052440292985392,-0.006937323912661117,0.004808646044378647,-0.008667622624694442,0.007956276546360592,-0.004869433301143622,0.00527069311130593,0.0006993679479854824,-0.00019046813217822782,0.0012440464881211008,0.0011307125157144346,0.0006993679479854725,0.005270693111305923,-0.004869433301143628,0.007956276546360592,-0.008667622624694418,0.004808646044378646,-0.006937323912661117,0.02205244029298539,0.004637370768242226,0.029369059887409073,-0.09884282743034266,-0.14241681859639893,0.20574014630056842,-0.020470489885015233,0.030970337271861995,-0.04957514238501741,0.6937864969174423,-0.41756904278357015,0.0,0.5140685592110501
312,0.45741722175925803,-0.41539241281270334,0.6906252974589905,-0.06002277578322471,0.03429935874263937,-0.02549978988855223,0.21240231047429253,-0.13118346408130716,-0.1063739141332857,0.028566624360737564,0.001973490004441922,0.023038304763666573,-0.006984873038320398,0.004426555280671802,-0.00837516606128519,0.0075080447396576626,-0.004558494547083717,0.005023122467782779,0.0009083325244178093,0.00013979730266672956,0.0012209426306128974,0.0011243015636026065,0.0009083325244177988,0.005023122467782774,-0.004558494547083723,0.007508044739657664,-0.008375166061285166,0.0044265552806718005,-0.006984873038320398,0.023038304763666577,0.00197349000444192,0.028566624360737564,-0.10637391413328567,-0.13118346408130718,0.21240231047429253,-0.025499789888552248,0.03429935874263937,-0.060022775783224604,0.6906252974589905,-0.4153924128127033,0.0,0.5032461424399546
313,0.4469116715643371,-0.4131916888754433,0.687303867231719,-0.07043907693513113,0.03759655112245751,-0.0304921176345549,0.21862103144320144,-0.1195773539882491,-0.11351024132722015,0.027630028002882966,-0.0007018320979984704,0.023862572079429774,-0.006974121897262829,0.004001108473620143,-0.007987585552541206,0.006961934087698706,-0.004179951265567083,0.004691467179440466,0.001100253495638117,0.00046714060512216446,0.0011695660757484302,0.0010891928979081128,0.001100253495638106,0.004691467179440464,-0.00417995126556709,0.006961934087698706,-0.007987585552541185,0.0040011084736201385,-0.006974121897262827,0.02386257207942978,-0.0007018320979984748,0.027630028002882966,-0.11351024132722015,-0.11957735398824909,0.21862103144320144,-0.030492117634554897,0.037596551122457515,-0.07043907693513123,0.6873038672317189,-0.413191688875443,0.0,0.49215558666301873
314,0.4362771713364715,-0.4109669986201698,0.6838229768348527,-0.08081860846952281,0.040858854685420255,-0.0354402347250628,0.2243833260643615,-0.107631466881299,-0.12022532570519852,0.02656366946257135,-0.003373085318061136,0.02451946059729016,-0.006905160225463241,0.0035364726761661644,-0.00750928318277423,0.006325063978000608,-0.0037394174239692483,0.0042812789956742205,0.0012715297297068847,0.0007847194366854631,0.0010911065221674808,0.001026282664705091,0.0012715297297068732,0.004281278995674217,-0.0037394174239692595,0.006325063978000609,-0.00750928318277421,0.003536472676166161,-0.006905160225463241,0.024519460597290165,-0.003373085318061136,0.02656366946257136,-0.12022532570519845,-0.107631466881299,0.2243833260643615,-0.03544023472506278,0.04085885468542022,-0.08081860846952277,0.6838229768348524,-0.41096699862016967,0.0,0.4808082135686042
315,0.4255160268286753,-0.40871847108537906,0.6801834338636914,-0.09115595220914467,0.04408324208172723,-0.04033696686333932,0.2296771640995508,-0.09537974679512655,-0.12649424721578145,0.02537255680607968,-0.006024783024136405,0.02500436271626869,-0.006778563621624306,0.0030371987791260107,-0.006945691442294571,0.005605736986410594,-0.003243426337594709,0.0037994242686309777,0.0014189474646622796,0.0010858955620528285,0.0009873808146238343,0.0009371766430054418,0.001418947464662269,0.003799424268630976,-0.00324342633759472,0.005605736986410593,-0.006945691442294554,0.0030371987791260077,-0.006778563621624306,0.02500436271626869,-0.0060247830241364035,0.02537255680607968,-0.12649424721578145,-0.09537974679512654,0.22967716409955077,-0.04033696686333933,0.044083242081727224,-0.09115595220914463,0.6801834338636914,-0.4087184710853791,0.0,0.46921888996313527
316,0.4146305437938489,-0.40644623669219876,0.6763860827222424,-0.1014457119990221,0.04726672114699149,-0.045175214255916266,0.23449149333140473,-0.08285700678360086,-0.13229374154273424,0.02406228399725923,-0.008641551958007566,0.025313877196402414,-0.006595388742857575,0.0025081769373375843,-0.006303211525958569,0.004813330640332888,-0.0026993337776680996,0.0032539690137897035,0.001539740610324454,0.0013643736057477763,0.0008607908723100191,0.0008241492573692742,0.0015397406103244424,0.0032539690137897035,-0.0026993337776681104,0.004813330640332887,-0.006303211525958554,0.0025081769373375795,-0.006595388742857573,0.025313877196402414,-0.008641551958007572,0.024062283997259237,-0.1322937415427343,-0.08285700678360082,0.2344914933314047,-0.04517521425591626,0.04726672114699149,-0.1014457119990221,0.6763860827222423,-0.40644623669219865,0.0,0.45740587037166897
317,0.40362302798477967,-0.404150427236823,0.6724318044273102,-0.11168251652328529,0.05040633767890581,-0.049947961906615414,0.2388162626376975,-0.07009882999909113,-0.1376022864401974,0.022639004625938784,-0.011208221361551762,0.025445833015999057,-0.0063571644851400195,0.001954588672875866,-0.005589140629307543,0.003958175168317937,-0.0021152088819336094,0.0026540438887567444,0.00163164265015718,0.001614332642074826,0.0007142680689348794,0.0006900855233875924,0.0016316426501571694,0.0026540438887567457,-0.0021152088819336246,0.0039581751683179355,-0.005589140629307532,0.0019545886728758615,-0.006357164485140017,0.02544583301599905,-0.011208221361551756,0.02263900462593879,-0.13760228644019737,-0.07009882999909109,0.23881626263769756,-0.04994796190661541,0.05040633767890578,-0.11168251652328515,0.67243180442731,-0.404150427236823,0.0,0.44539055683842527
318,0.39249578515414063,-0.401831175882868,0.6683215164040944,-0.12186102210902822,0.05349917817868079,-0.05464828978762241,0.24264244297558607,-0.05714146858354529,-0.1424001816029378,0.021109403008089677,-0.01370991092944338,0.02539930459979425,-0.006065879222159628,0.001381856124462129,-0.004811589068058354,0.0030514188297352013,-0.0014997144857075877,0.0020096913504660144,0.0016929291693201002,0.0018305478678212399,0.0005512053525139472,0.0005384074078744438,0.0016929291693200896,0.0020096913504660183,-0.0014997144857076027,0.003051418829735201,-0.004811589068058347,0.0013818561244621263,-0.006065879222159628,0.025399304599794247,-0.013709910929443379,0.02110940300808968,-0.14240018160293777,-0.05714146858354528,0.2426424429755861,-0.054648289787622414,0.05349917817868077,-0.12186102210902816,0.6683215164040947,-0.40183117588286793,0.0,0.43319717856592604
319,0.3812511210551732,-0.39948861715364836,0.6640561722733397,-0.1319759155157381,0.056542372554711326,-0.05926938287286562,0.2459620462320058,-0.044021740658646606,-0.1466696217752764,0.019480662793478785,-0.016132117077952986,0.025174618311197064,-0.005723964209062957,0.0007955889401453736,-0.003979388162290625,0.002104882580163202,-0.0008619786481287104,0.0013316975492986764,0.0017224502109313958,0.0020084998144264004,0.00037537867673731945,0.00037298648341913167,0.0017224502109313862,0.0013316975492986816,-0.0008619786481287247,0.0021048825801632007,-0.003979388162290617,0.0007955889401453685,-0.005723964209062957,0.025174618311197057,-0.01613211707795299,0.019480662793478796,-0.14666962177527643,-0.044021740658646585,0.2459620462320058,-0.059269382872865616,0.05654237255471132,-0.1319759155157381,0.6640561722733394,-0.3994886171536482,0.0,0.4208523957179045
320,0.36989134144055114,-0.39712288692437375,0.6596367616300854,-0.14202191670883846,0.05953309678596168,-0.06380454101915232,0.24876814190086444,-0.030776925707748027,-0.15039476282738212,0.017760433228240852,-0.018460797029696944,0.024773350163085142,-0.0053342732896276505,0.00020152933341740058,-0.0031019899315689174,0.001130905967155743,-0.0002114592789293293,0.0006314117741335905,0.0017196518534203383,0.002144468816796388,0.00019085956328566237,0.00019804510678453983,0.0017196518534203294,0.000631411774133595,-0.0002114592789293457,0.0011309059671557413,-0.0031019899315689165,0.00020152933341739614,-0.00533427328962765,0.02477335016308514,-0.01846079702969695,0.01776043322824086,-0.1503947628273821,-0.03077692570774802,0.24876814190086444,-0.06380454101915231,0.059533096785961664,-0.1420219167088384,0.6596367616300853,-0.3971228869243739,0.0,0.40838483332496056
321,0.35841875206317453,-0.394734122414269,0.655064309814076,-0.151993781615898,0.0624685755425983,-0.06824718868073577,0.2510548715522154,-0.01744465864685553,-0.15356178055371825,0.015956793230815218,-0.020682450226855192,0.024198314763206705,-0.004900059076237005,-0.0003945041590887636,-0.0021893597402484334,0.00014218626536863357,0.0004421961266260685,-7.944352926880056e-05,0.0016845866041004702,0.0022356127641163506,1.920819840730828e-06,1.804864356558029e-05,0.001684586604100463,-7.944352926879436e-05,0.00044219612662605264,0.0001421862653686325,-0.0021893597402484317,-0.0003945041590887698,-0.0049000590762370054,0.024198314763206694,-0.020682450226855185,0.015956793230815232,-0.15356178055371827,-0.017444658646855554,0.2510548715522155,-0.0682471886807358,0.06246857554259827,-0.15199378161589794,0.6550643098140758,-0.39473412241426875,0.0,0.39582455273918693
322,0.34683565867583077,-0.39232246217861283,0.6503398776718693,-0.1618863048640684,0.0653460847614381,-0.0725908844432281,0.25281746106320263,-0.004062822885655695,-0.15615892197543793,0.014078213449961574,-0.022784196600862727,0.023453545571729538,-0.004424945801473923,-0.0009866736674500004,-0.0012518631122835262,-0.0008483870518334233,0.0010892935644412436,-0.0007889689863485914,0.0016179124139423919,0.002280026507463583,-0.0001870624029733956,-0.000162408509934678,0.0016179124139423854,-0.0007889689863485841,0.001089293564441228,-0.0008483870518334248,-0.0012518631122835266,-0.0009866736674500065,-0.004424945801473922,0.023453545571729534,-0.022784196600862724,0.014078213449961583,-0.15615892197543801,-0.0040628228856556346,0.25281746106320263,-0.0725908844432281,0.06534608476143808,-0.16188630486406846,0.6503398776718693,-0.39232246217861266,0.0,0.3832024694532147
323,0.33514436703153394,-0.38988804610070354,0.6454645613107133,-0.1716943224973196,0.06816295417382238,-0.07682933036303499,0.25405223058524146,0.009330557317547776,-0.15817654895634192,0.01213351648304601,-0.024753851244805156,0.02254426660941594,-0.003912899067932389,-0.0015691791676647816,-0.000300148001080432,-0.0018279003463740533,0.0017202362880355106,-0.0014852874835312368,0.0015208803320325755,0.002276781682445502,-0.0003717139245483348,-0.000338720198328085,0.0015208803320325703,-0.0014852874835312275,0.0017202362880354947,-0.001827900346374056,-0.00030014800108043736,-0.0015691791676647885,-0.003912899067932389,0.022544266609415935,-0.024753851244805152,0.01213351648304602,-0.15817654895634192,0.00933055731754782,0.25405223058524146,-0.07682933036303499,0.06816295417382236,-0.17169432249731953,0.6454645613107132,-0.38988804610070366,0.0,0.3705497273017025
324,0.32334718288307074,-0.38743101538374414,0.6404394918442405,-0.1814127146720557,0.07091656978357071,-0.08095638109877223,0.2547566022266281,0.022697424901115773,-0.1596071739705378,0.010131835441429038,-0.026579995055603864,0.021476855814870494,-0.003368192748734103,-0.0021363152901817126,0.0006549761484435982,-0.0027835841644863967,0.0023256671326167904,-0.002156742985374213,0.0013953110313652314,0.0022259461144643364,-0.0005477578711002052,-0.0005063860789142559,0.0013953110313652277,-0.0021567429853742055,0.002325667132616775,-0.0027835841644864,0.0006549761484435891,-0.002136315290181717,-0.003368192748734102,0.021476855814870487,-0.026579995055603857,0.010131835441429045,-0.1596071739705379,0.022697424901115825,0.2547566022266281,-0.08095638109877228,0.07091656978357071,-0.1814127146720556,0.6404394918442406,-0.3874310153837442,0.0,0.35789704007403017
325,0.31144641198322853,-0.38495151254265236,0.63526583513004,-0.19103640832970348,0.07360437629271475,-0.08496605282142301,0.25492910543453606,0.03599979813856619,-0.1604454878890651,0.008082571057549875,-0.028252040936441614,0.020258800307883344,-0.0027953733150199696,-0.00268252720133191,0.0016026611719987568,-0.0037029797060713276,0.0028966072860503117,-0.002792095650972494,0.0012435606464283287,0.002128582400987302,-0.000711117689728429,-0.0006611264925924511,0.0012435606464283257,-0.0027920956509724856,0.0028966072860502983,-0.0037029797060713293,0.0016026611719987456,-0.0026825272013319148,-0.002795373315019966,0.020258800307883334,-0.028252040936441607,0.008082571057549882,-0.16044548788906512,0.035999798138566234,0.25492910543453606,-0.08496605282142301,0.07360437629271475,-0.19103640832970342,0.6352658351300399,-0.3849515125426523,0.0,0.34527401236483907
326,0.2994443600850212,-0.38244968139579427,0.6299447914991675,-0.2005603798448798,0.07622387947276173,-0.08885253189031782,0.25456938006516466,0.04919987856300253,-0.1606883796823675,0.005995347535150037,-0.029760295175619136,0.018898643872664336,-0.0021992218881622615,-0.00320246501033265,0.0025321433978302936,-0.004574101244210016,0.0034245894486869765,-0.003380709983468424,0.0010684765635942675,0.0019867257004565746,-0.0008580105469104101,-0.0007989917018410309,0.0010684765635942666,-0.0033807099834684143,0.0034245894486869643,-0.004574101244210019,0.0025321433978302797,-0.003202465010332655,-0.0021992218881622576,0.018898643872664322,-0.02976029517561913,0.005995347535150046,-0.1606883796823675,0.049199878563002564,0.2545693800651647,-0.08885253189031782,0.07622387947276167,-0.2005603798448796,0.6299447914991674,-0.38244968139579427,0.0,0.33270845205744615
327,0.28734333294112235,-0.3799256670566425,0.6244775954776609,-0.20997965764775303,0.07877264847928644,-0.09261018328235789,0.25367817713562985,0.062260158370813466,-0.16033494796549702,0.0038799673499821294,-0.031096013645997744,0.017405927029335466,-0.0015847143334342265,-0.0036910361689710875,0.0034328658989719136,-0.005385592377444132,0.0039017834072311523,-0.003912732863134014,0.0008733439938474783,0.0018033411921094086,-0.0009850349254980264,-0.0009164627074731993,0.0008733439938474788,-0.003912732863134005,0.0039017834072311405,-0.005385592377444136,0.0034328658989718997,-0.0036910361689710927,-0.0015847143334342254,0.017405927029335456,-0.031096013645997737,0.003879967349982136,-0.160334947965497,0.062260158370813494,0.25367817713562985,-0.09261018328235786,0.07877264847928644,-0.20997965764775298,0.6244775954776608,-0.37992566705664244,0.0,0.3202256871621926
328,0.27514563630454614,-0.3773796159253596,0.6188655155001189,-0.2192893248192332,0.08124831810770447,-0.09623355876225974,0.25225735725602744,0.07514352699945782,-0.1593865043432033,0.001746365213278633,-0.03225145249921083,0.01579112011403713,-0.0009569797282211874,-0.004143455350737589,0.00429459839732126,-0.006126874077836226,0.004321112160330884,-0.0043792584838378695,0.0006618243303379012,0.001582262095910393,-0.0010892493917804469,-0.0010105410708288725,0.000661824330337903,-0.004379258483837859,0.004321112160330875,-0.006126874077836227,0.004294598397321243,-0.004143455350737594,-0.0009569797282211841,0.015791120114037115,-0.03225145249921081,0.0017463652132786373,-0.1593865043432033,0.07514352699945785,0.25225735725602744,-0.09623355876225974,0.08124831810770447,-0.21928932481923324,0.6188655155001188,-0.37737961592535935,0.0,0.30784789981073096
329,0.2628535759281929,-0.3748116756803056,0.6131098536154131,-0.22848452165763236,0.08364859098813261,-0.09971740478197572,0.2503098867449414,0.08781337657649563,-0.1578465685424957,-0.0003954385858125576,-0.03321991306074379,0.014065549837042968,-0.0003212575514242652,-0.004555291320865849,0.0051075534576840555,-0.006788282604777429,0.004676356873695705,-0.004772477431939863,0.0004378864473957238,0.001328109548142748,-0.0011682407086476953,-0.0010788254486979096,0.0004378864473957272,-0.0047724774319398535,0.004676356873695697,-0.006788282604777433,0.005107553457684035,-0.004555291320865854,-0.00032125755142426197,0.014065549837042958,-0.033219913060743775,-0.00039543858581254573,-0.15784656854249565,0.08781337657649561,0.2503098867449414,-0.09971740478197569,0.08364859098813257,-0.22848452165763228,0.6131098536154129,-0.37481167568030554,0.0,0.29559349003645335
330,0.25046945756485006,-0.3722219952694732,0.6072119451846031,-0.23756044821545766,0.08597123971730039,-0.10305667009783613,0.24783983143650898,0.10023370594023388,-0.15572085535074048,-0.002535385239702253,-0.03399578066560259,0.012241319834025564,0.0003171460486183038,-0.00492251033820961,0.005862497652071451,-0.007361195486625091,0.004962249108210358,-0.005085807412104897,0.0002057322300864705,0.001046196007470157,-0.0012201797175958712,-0.00111957288742651,0.0002057322300864759,-0.005085807412104886,0.0049622491082103514,-0.007361195486625094,0.0058624976520714285,-0.004922510338209612,0.0003171460486183065,0.012241319834025554,-0.03399578066560258,-0.0025353852397022405,-0.15572085535074048,0.10023370594023388,0.24783983143650906,-0.10305667009783613,0.08597123971730036,-0.2375604482154576,0.6072119451846031,-0.37222199526947325,0.0,0.2834764815542609
331,0.23799558696741796,-0.3696107249018475,0.6011731585711209,-0.24651236680501293,0.08821410892553394,-0.10624651309437,0.24485234819196955,0.11236922293641417,-0.15301725340776728,-0.00466342466273287,-0.03457455720942028,0.01033122576774864,0.0009529025426760963,-0.00524151566385486,0.006550856431662298,-0.007838143927806991,0.005174548953259995,-0.005314003431748706,-3.028226835851453e-05,0.0007424142105372462,-0.0012438636955451527,-0.0011317433116792668,-3.0282268358507802e-05,-0.005314003431748693,0.005174548953259989,-0.007838143927806991,0.0065508564316622735,-0.005241515663854861,0.0009529025426760979,0.010331225767748625,-0.03457455720942028,-0.004663424662732859,-0.1530172534077673,0.11236922293641417,0.24485234819196955,-0.10624651309436996,0.08821410892553394,-0.24651236680501304,0.6011731585711206,-0.3696107249018474,0.0,0.2715059810982439
332,0.22543426988868331,-0.36697801603869373,0.5949948948232993,-0.2553356044714999,0.09037511727689423,-0.10928230880418426,0.24135367413342082,0.12418544470026763,-0.14974579593068824,-0.0067695626905894726,-0.03495288722628631,0.00834866557568643,0.0015807054959768249,-0.005509182789499108,0.007164811515309534,-0.00821291017599369,0.005310107906514412,-0.005453245599681302,-0.00026572856186428114,0.0004231139982295821,-0.0012387442056370314,-0.0011150260722845606,-0.0002657285618642731,-0.005453245599681293,0.005310107906514408,-0.00821291017599369,0.007164811515309508,-0.005509182789499111,0.0015807054959768275,0.008348665575686415,-0.034952887226286304,-0.006769562690589459,-0.14974579593068824,0.12418544470026763,0.24135367413342082,-0.10928230880418424,0.0903751172768942,-0.25533560447149983,0.594994894823299,-0.36697801603869384,0.0,0.2596857019970854
333,0.21278781208154718,-0.3643240213847726,0.5886785873493178,-0.26402555543232786,0.09245225940061332,-0.1121596556137247,0.23735111362225925,0.13564879563898755,-0.1459186234800713,-0.008843908017080786,-0.035128577342111646,0.006307545493118721,0.0021953148591420373,-0.0057228900405521645,0.007697389688465832,-0.008480608580008967,0.0053669155676358115,-0.005501203069241165,-0.0004961888259367461,9.496958724925525e-05,-0.001204939797085174,-0.0010698478755314974,-0.0004961888259367366,-0.005501203069241158,0.005366915567635811,-0.008480608580008969,0.007697389688465804,-0.005722890040552167,0.0021953148591420395,0.006307545493118703,-0.03512857734211163,-0.008843908017080767,-0.1459186234800713,0.13564879563898755,0.23735111362225925,-0.11215965561372469,0.09245225940061329,-0.2640255554323278,0.5886785873493179,-0.36432402138477255,0.0,0.2480135615820574
334,0.20005851929890972,-0.3616488948794819,0.58222570158464,-0.27257768348136024,0.0944436077520369,-0.11487438164519452,0.23285302300948954,0.14672670283620434,-0.14154993890564546,-0.010876718647855325,-0.035100608990748836,0.004222182510881964,0.002791600705027365,-0.005880544254215359,0.00814254200396297,-0.008637749281764535,0.005344129453421383,-0.005457073055542951,-0.0007173387920373295,-0.000235159938619749,-0.0011432332599964458,-0.0009973618915236988,-0.0007173387920373194,-0.005457073055542944,0.005344129453421382,-0.008637749281764535,0.008142542003962942,-0.0058805442542153585,0.0027916007050273685,0.004222182510881949,-0.03510060899074882,-0.010876718647855315,-0.1415499389056455,0.14672670283620434,0.23285302300948957,-0.11487438164519452,0.09444360775203689,-0.27257768348136024,0.5822257015846396,-0.3616488948794817,0.0,0.23648136075349602
335,0.1872486972935583,-0.35895279168792865,0.5756377346520193,-0.2809875243568411,0.09634731440134559,-0.11742255080537854,0.22786879318974185,0.15738768860737243,-0.13665595463873506,-0.012858447652886695,-0.03486914431914486,0.0021072039519653197,0.0033645860464114464,-0.005980601281034391,0.008495212485093726,-0.00868228371189728,0.0052420874922086795,-0.005321594273708872,-0.0009250288865093068,-0.0005603740014558424,-0.0010550534987306985,-0.0008994183195983848,-0.0009250288865092958,-0.005321594273708864,0.00524208749220868,-0.008682283711897276,0.008495212485093696,-0.005980601281034391,0.0033645860464114477,0.002107203951965311,-0.03486914431914486,-0.012858447652886677,-0.13665595463873503,0.15738768860737248,0.22786879318974185,-0.11742255080537853,0.09634731440134553,-0.28098752435684093,0.5756377346520191,-0.35895279168792865,0.0,0.22507455260440218
336,0.17436065181850702,-0.35623586819192843,0.5689162150141552,-0.2892506880717655,0.09816161274839508,-0.11980046849260179,0.2224088299954192,0.16760145994307443,-0.13125483252702666,-0.014779788002855034,-0.03443552524729178,-2.2555128650403525e-05,0.003909488377149317,-0.00602208110912267,0.008751395550676454,-0.008613631296003788,0.005062303012246155,-0.00509703457313422,-0.0011153620915959977,-0.0008738747694810632,-0.0009424424435479674,-0.0007785171621262453,-0.0011153620915959866,-0.005097034573134215,0.0050623030122461605,-0.008613631296003788,0.008751395550676428,-0.006022081109122671,0.003909488377149319,-2.255512865042075e-05,-0.03443552524729178,-0.014779788002855032,-0.1312548325270267,0.16760145994307443,0.2224088299954193,-0.11980046849260183,0.09816161274839506,-0.2892506880717655,0.5689162150141553,-0.3562358681919283,0.0,0.2137721054431242
337,0.16139668862654255,-0.35349828198093486,0.5620627021190779,-0.29736286120548044,0.09988481916208469,-0.12200468695354906,0.21648453247190713,0.17733899458609118,-0.1253666164349422,-0.01663171627885435,-0.03380226568842487,-0.0021521560012444925,0.0044217595900610225,-0.006004577462920419,0.008908181509876625,-0.008432687023315568,0.004807442298353594,-0.004787152974783473,-0.0012847670675963211,-0.0011691092496768645,-0.0008080077667518659,-0.0006377444121373262,-0.00128476706759631,-0.00478715297478347,0.0048074422983535965,-0.008432687023315568,0.008908181509876597,-0.006004577462920419,0.004421759590061023,-0.00215215600124451,-0.033802265688424864,-0.016631716278854344,-0.1253666164349422,0.17733899458609118,0.21648453247190708,-0.12200468695354907,0.09988481916208466,-0.29736286120548056,0.5620627021190777,-0.35349828198093486,0.0,0.20254646390224568
338,0.14835911347056596,-0.350740191842899,0.555078786038341,-0.30531980915531465,0.10151533454273165,-0.12403201028217728,0.21010826907920122,0.18657262349765144,-0.11901315785974373,-0.01840553505014651,-0.03297303697457204,-0.004266661045811797,0.0048971239383748975,-0.005928261782474202,0.008963789610061624,-0.008141809779145713,0.004481285049717203,-0.00439713674699429,-0.0014300651641214765,-0.0014399062626239943,-0.0006548624982554664,-0.0004806932835790327,-0.0014300651641214648,-0.004397136746994286,0.004481285049717212,-0.008141809779145713,0.008963789610061597,-0.005928261782474202,0.004897123938374897,-0.00426666104581181,-0.032973036974572024,-0.018405535050146492,-0.11901315785974372,0.18657262349765144,0.21010826907920122,-0.1240320102821773,0.10151533454273161,-0.30531980915531465,0.555078786038341,-0.3507401918428992,0.0,0.19136361010089808
339,0.13525023210336395,-0.3479617577550598,0.5479660870981148,-0.31311737834706704,0.1030516458060025,-0.125879499053474,0.20329335186963887,0.19527610947853366,-0.11221803483941258,-0.02009291372093834,-0.03195264657194995,-0.006351238528734473,0.0053316137238747585,-0.0057938815442616694,0.008917588262335963,-0.007744791593211394,0.004088668325248196,-0.003933514573110085,-0.001548530063079067,-0.001680605436430978,-0.0004865529388588064,-0.00031137249479803243,-0.001548530063079056,-0.003933514573110085,0.004088668325248204,-0.007744791593211395,0.008917588262335938,-0.005793881544261669,0.00533161372387476,-0.006351238528734483,-0.03195264657194993,-0.020092913720938327,-0.11221803483941262,0.19527610947853377,0.20329335186963887,-0.125879499053474,0.10305164580600248,-0.313117378347067,0.5479660870981148,-0.3479617577550598,0.0,0.18018322507681306
340,0.1220723502779506,-0.3451631408746634,0.5407262555032554,-0.3207514984031972,0.10449232728702387,-0.12754447458534257,0.19605400869564418,0.20342472172162113,-0.10500646445323943,-0.021685927654348163,-0.030747010209604714,-0.008391266636736653,0.005721602413874699,-0.00560275294000826,0.008770102215038161,-0.007246808204727322,0.003635414807820308,-0.003404047264473085,-0.0016379389342664544,-0.001886175523437842,-0.00030697654051063086,-0.00013410394630334683,-0.001637938934266443,-0.0034040472644730865,0.003635414807820319,-0.007246808204727322,0.008770102215038135,-0.0056027529400082595,0.005721602413874701,-0.008391266636736667,-0.030747010209604707,-0.021685927654348156,-0.10500646445323944,0.20342472172162115,0.19605400869564416,-0.12754447458534254,0.10449232728702387,-0.32075149840319717,0.5407262555032553,-0.3451631408746633,0.0,0.16895894895708913
341,0.1088277737468859,-0.3423445035296174,0.5333609709544433,-0.3282181842675868,0.1058360420633697,-0.1290245228224349,0.1884053535055102,0.21099530608406833,-0.09740520923984118,-0.023177095389819297,-0.029363117582881834,-0.010372436038398894,0.006063834910605755,-0.005356747985203455,0.008523006593723712,-0.006654351588729831,0.0031282464512600305,-0.0028175978481895657,-0.0016966141437092885,-0.0020523195665638635,-0.00012029165515600757,4.658759542189807e-05,-0.0016966141437092777,-0.0028175978481895657,0.0031282464512600435,-0.006654351588729829,0.008523006593723688,-0.005356747985203455,0.006063834910605756,-0.010372436038398896,-0.029363117582881824,-0.023177095389819297,-0.09740520923984121,0.21099530608406838,0.1884053535055103,-0.12902452282243485,0.10583604206336963,-0.3282181842675866,0.5333609709544432,-0.34234450352961754,0.0,0.1576387366268393
342,0.09551880826341108,-0.33950600920907403,0.525871942258481,-0.33551353828576175,0.10708154319569739,-0.13031749783630128,0.18036335478923335,0.21796635087940372,-0.0894424778798924,-0.02455941377919193,-0.027808991830559907,-0.012280850253836767,0.006355454720366589,-0.005058276183582611,0.008179107875327211,-0.005975145323254065,0.0025746847907435347,-0.002183983204335387,-0.0017234547321458528,-0.002175564717045272,6.917875793385634e-05,0.00022608999224758473,-0.001723454732145843,-0.002183983204335391,0.0025746847907435473,-0.0059751453232540636,0.008179107875327187,-0.0050582761835826105,0.006355454720366591,-0.012280850253836779,-0.027808991830559904,-0.024559413779191925,-0.0894424778798924,0.21796635087940372,0.18036335478923335,-0.13031749783630125,0.10708154319569735,-0.3355135382857616,0.5258719422584809,-0.339506009209074,0.0,0.14616530401576983
343,0.08214775958019976,-0.336647822553948,0.5182609069318337,-0.34263375223949233,0.10822767488488173,-0.13142152493678128,0.17194480224027753,0.22431804800262026,-0.08114782051214321,-0.02582639087641963,-0.0260936430205803,-0.014103123128522714,0.006594027795666901,-0.00471026092716227,0.007742312012596342,-0.005218043900682615,0.0019829393950420095,-0.0015138097361233772,-0.0017179570730069414,-0.0022533348261352506,0.00025704723655316756,0.00039982145887849593,-0.001717957073006932,-0.0015138097361233817,0.0019829393950420216,-0.005218043900682615,0.00774231201259632,-0.004710260927162266,0.0065940277956669,-0.014103123128522726,-0.02609364302058029,-0.025826390876419622,-0.0811478205121432,0.22431804800262026,0.17194480224027753,-0.13142152493678122,0.10822767488488173,-0.3426337522394924,0.5182609069318337,-0.33664782255394776,0.0,0.1344766585854082
344,0.06871693345003876,-0.33377010934736634,0.5105296307975118,-0.34957510933470515,0.1092733735445724,-0.1323350033901252,0.16316727170286904,0.23003234921456814,-0.07255201907121124,-0.02697207642646676,-0.024227015914039706,-0.015826472727542062,0.006777562851361612,-0.004316110862979524,0.007217580070835941,-0.004392917295896099,0.0013617861149188791,-0.0008182958238345762,-0.001680224322272809,-0.002284004293408229,0.0004389634136120986,0.0005633475125823512,-0.0016802243222728008,-0.0008182958238345808,0.0013617861149188956,-0.004392917295896098,0.007217580070835922,-0.004316110862979522,0.006777562851361616,-0.015826472727542076,-0.024227015914039692,-0.02697207642646676,-0.0725520190712112,0.23003234921456814,0.1631672717028691,-0.13233500339012513,0.10927337354457234,-0.34957510933470504,0.5105296307975116,-0.3337701093473663,0.0,0.12250670619318293
345,0.0552286356259421,-0.33087303650505306,0.5026799075753855,-0.35633398614167117,0.11021766878817972,-0.13305660873990505,0.15404908847800478,0.235093017425719,-0.0636869730541114,-0.02799108981019794,-0.02221993231028475,-0.01743881099168267,0.006904527985204232,-0.0038796865069849387,0.006610871880833616,-0.003510522296056421,0.0007204369333100014,-0.00010908403454885788,-0.0016109644828936835,-0.002266932046096864,0.0006107147561961315,0.000712494163030916,-0.0016109644828936772,-0.00010908403454886595,0.0007204369333100179,-0.0035105222960564206,0.0066108718808336,-0.003879686506984936,0.006904527985204232,-0.017438810991682676,-0.022219932310284747,-0.02799108981019794,-0.0636869730541114,0.23509301742571906,0.15404908847800478,-0.13305660873990507,0.1102176687881797,-0.35633398614167117,0.5026799075753855,-0.3308730365050532,0.0,0.11018592525962395
346,0.0416851718606972,-0.32795677206564733,0.4947135584660271,-0.3629068544864589,0.11105968432937352,-0.1335852947273499,0.14460928906478068,0.23948567283357908,-0.05458558113944897,-0.028878645314018802,-0.020084028307364016,-0.01892882852648503,0.006973863464093503,-0.0034052624320902868,0.00592907834794905,-0.002582362269435719,6.8403347467283e-05,0.0006019537688066554,-0.001511477120092315,-0.002202474939203926,0.0007683241128751676,0.0008434544530919135,-0.0015114771200923098,0.0006019537688066478,6.840334746729943e-05,-0.002582362269435719,0.005929078347949035,-0.0034052624320902824,0.0069738634640935,-0.018928828526485038,-0.020084028307364013,-0.028878645314018802,-0.05458558113944896,0.23948567283357913,0.14460928906478066,-0.1335852947273499,0.1110596843293735,-0.3629068544864589,0.4947135584660271,-0.3279567720656472,0.0,0.09744209809413457
347,0.02808884790720434,-0.3250214851809562,0.4866324317281773,-0.3692902832926611,0.11179863879525845,-0.13392029480832077,0.1348675814169157,0.24319783378265292,-0.045281619098594156,-0.02963057460559123,-0.01783168684157063,-0.020286073929518634,0.006984990569291083,-0.002897485400721595,0.005179943186190666,-0.0016205372014188174,-0.0005846446908299059,0.0013029151567109638,-0.0013836289768175566,-0.002091980296291414,0.0009081418104129917,0.0009528856311259783,-0.0013836289768175533,0.001302915156710954,-0.0005846446908298889,-0.0016205372014188159,0.005179943186190657,-0.002897485400721592,0.006984990569291081,-0.020286073929518637,-0.017831686841570632,-0.02963057460559123,-0.045281619098594156,0.24319783378265294,0.13486758141691574,-0.13392029480832077,0.11179863879525839,-0.369290283292661,0.4866324317281771,-0.32502148518095614,0.0,0.08420108836164047
348,0.014441969518363962,-0.3220673461061444,0.4784384022499332,-0.3754809403724375,0.11243384645147174,-0.1340611232647266,0.12484430379744514,0.24621895223085472,-0.03580961445191705,-0.030243346310067636,-0.015475965897178779,-0.021501027099460668,0.006937816426782341,-0.0023613288519495667,0.004371974966212948,-0.0006375859526891804,-0.0012290221850153502,0.0019820663739725675,-0.001229818946891318,-0.0019377577468640762,0.0010269301672442125,0.0010379944744730153,-0.001229818946891316,0.001982066373972558,-0.0012290221850153327,-0.0006375859526891797,0.00437197496621294,-0.0023613288519495654,0.00693781642678234,-0.02150102709946067,-0.015475965897178773,-0.030243346310067636,-0.03580961445191703,0.2462189522308548,0.12484430379744514,-0.1340611232647266,0.1124338464514717,-0.3754809403724375,0.4784384022499334,-0.32206734610614424,0.0,0.07038765301124278
349,0.0007468424469633805,-0.3190945261898579,0.4701333711137609,-0.3814755941659369,0.11296471783853053,-0.13400757590876894,0.11456038231748526,0.2485404437215906,-0.026204718335239966,-0.03071408259490609,-0.013030522802579124,-0.022565166012766643,0.0068327347824629105,-0.0018020441889747179,0.0035143504761806833,0.0003536772039958064,-0.0018551727265975586,0.0026280387571260212,-0.0010529330630793983,-0.0017430309490203144,0.0011219384666865473,0.0010966085862523349,-0.0010529330630793983,0.0026280387571260104,-0.0018551727265975423,0.00035367720399580695,0.0035143504761806768,-0.0018020441889747129,0.0068327347824629105,-0.022565166012766646,-0.013030522802579108,-0.03071408259490609,-0.026204718335239973,0.24854044372159062,0.11456038231748526,-0.13400757590876897,0.11296471783853052,-0.3814755941659369,0.4701333711137607,-0.3190945261898578,0.0,0.055926276548769416
350,-0.01299422755398344,-0.3161031978642862,0.46171926515542555,-0.38727111542819026,0.11339076031883794,-0.13375973037899475,0.10403728724771699,0.25015571177634516,-0.01650257505201824,-0.03104057268537716,-0.010509535051707488,-0.023471026499542476,0.006670622715680877,-0.001225109344083556,0.00261681049311376,0.0013403296374471354,-0.0024538102210022793,0.003230019040369264,-0.0008562903446728911,-0.001511870206494413,0.0011909666537749902,0.0011272318456310563,-0.0008562903446728923,0.0032300190403692524,-0.0024538102210022628,0.0013403296374471358,0.00261681049311376,-0.0012251093440835534,0.006670622715680877,-0.023471026499542476,-0.010509535051707488,-0.03104057268537716,-0.016502575052018253,0.25015571177634516,0.10403728724771699,-0.13375973037899477,0.11339076031883791,-0.38727111542819015,0.4617192651554254,-0.3161031978642861,0.0,0.0407420153230344
351,-0.02677893473191656,-0.31309353463516,0.45319803651695234,-0.3928644788625953,0.11371157853384044,-0.13331794602772792,0.09329698819379997,0.2510601666384632,-0.0067391897953484915,-0.031221283247287866,-0.00792761810980582,-0.024212254599333283,0.006452833318565407,-0.0006361751248581022,0.0016895491485267456,0.00230950882430434,-0.0030160566045378473,0.0037779303644122223,-0.0006435805206754843,-0.0012491073885716561,0.001232416280725289,0.001129082596196819,-0.0006435805206754875,0.00377793036441221,-0.0030160566045378317,0.00230950882430434,0.001689549148526746,-0.0006361751248580981,0.006452833318565405,-0.024212254599333283,-0.007927618109805818,-0.031221283247287866,-0.006739189795348457,0.25106016663846326,0.0932969881938,-0.13331794602772792,0.11371157853384041,-0.3928644788625954,0.4531980365169524,-0.31309353463515993,0.0,0.024761339511419678
352,-0.04060497333370816,-0.3100657110716878,0.4445716621937123,-0.39825276470013965,0.11392687477091247,-0.13268286340004282,0.08236190822929922,0.2512512383148649,0.003049204969304502,-0.031255365588161145,-0.00529974068003775,-0.024783651129590696,0.006181184402244962,-4.100986715252992e-05,0.0007430981449325227,0.0032485800316981953,-0.0035335735100787604,0.0042626009582359655,-0.00041879479713504537,-0.0009602349312745371,0.0012453275213106312,0.0011021135976794231,-0.0004187947971350493,0.004262600958235953,-0.0035335735100787465,0.003248580031698195,0.0007430981449325253,-4.10098671525244e-05,0.006181184402244959,-0.024783651129590707,-0.005299740680037741,-0.031255365588161145,0.003049204969304562,0.25125123831486484,0.08236190822929917,-0.13268286340004282,0.11392687477091247,-0.3982527647001398,0.44457166219371225,-0.3100657110716877,0.0,0.007912960730073082
353,-0.05447003760657165,-0.3070199027964301,0.43584214357574264,-0.4034331602235372,0.11403644923962754,-0.131855403305035,0.07125487708188366,0.2507283838786375,0.012826283964801538,-0.031142659643051206,-0.0026411379222018873,-0.0251812081542028,0.005857943324220232,0.0005545570630647579,-0.00021179286173742,0.004145301030316001,-0.00399868592880608,0.004675917670111197,-0.00018615096767486954,-0.0006512910309616884,0.0012294013970299703,0.0010470132317552088,-0.0001861509676748748,0.004675917670111186,-0.003998685928806069,0.004145301030316002,-0.00021179286173741302,0.0005545570630647637,0.005857943324220231,-0.0251812081542028,-0.0026411379222018895,-0.03114265964305121,0.012826283964801581,0.25072838387863744,0.07125487708188366,-0.13185540330503503,0.1140364492396275,-0.40343316022353715,0.43584214357574264,-0.30701990279643016,0.0,-0.009871366350719613
354,-0.0683718217974923,-0.30395628647511297,0.42701150598340837,-0.40840296123548353,0.11404020025715943,-0.1308367654807364,0.05999908347053179,0.2494930890117525,0.02255576390745182,-0.030883694726275487,3.2776873341331456e-05,-0.025402137096286276,0.0054858080635324016,0.0011446923656305427,-0.0011642783551966676,0.004987981690582755,-0.004404496034045332,0.0050109617778409665,4.9985727577952025e-05,-0.0003287334300961509,0.0011850067003888324,0.0009651879311560907,4.998572757794543e-05,0.005010961777840955,-0.00440449603404532,0.004987981690582757,-0.0011642783551966567,0.001144692365630546,0.0054858080635324,-0.025402137096286272,3.277687334133361e-05,-0.03088369472627549,0.022555763907451832,0.24949308901175263,0.05999908347053176,-0.1308367654807364,0.1140402002571594,-0.40840296123548353,0.4270115059834083,-0.3039562864751131,0.0,-0.028656079347204877
355,-0.0834562675568771,-0.3008750398063811,0.4180817981975114,-0.41315957347026305,0.11393812434264203,-0.12962842685460937,0.04861802669325324,0.2475488637835263,0.03220153815629577,-0.03047968704553299,0.0027065016444574558,-0.025444888298049615,0.005067884701685569,0.0017236159406398073,-0.0021035401406358308,0.0057656363813778965,-0.00474498547914314,0.005262124804829708,0.0002851845096941496,6.955666066355341e-07,0.001113171454973982,0.0008587262805789393,0.0002851845096941421,0.0052621248048297,-0.0047449854791431325,0.005765636381377899,-0.002103540140635818,0.001723615940639811,0.005067884701685567,-0.025444888298049615,0.002706501644457458,-0.030479687045532996,0.032201538156295804,0.24754886378352642,0.04861802669325321,-0.1296284268546094,0.11393812434264199,-0.41315957347026305,0.4180817981975113,-0.3008750398063811,0.0,-0.048501090575244044
356,-0.10081418198860423,-0.2977763415114902,0.4090550919839557,-0.41770051394797125,0.11373031622039924,-0.12823213940214354,0.03713546756639806,0.2449012326768175,0.04172781070685707,-0.02993253399008357,0.005364535430681584,-0.025309161890529164,0.00460766149728218,0.002285657501827063,-0.0030189102162410594,0.006468127184537344,-0.0050151046522590005,0.005425202403273544,0.0005150321983889971,0.000330110024132545,0.0010155591100763227,0.0007303457057169214,0.0005150321983889878,0.005425202403273533,-0.005015104652258994,0.006468127184537345,-0.0030189102162410443,0.0022856575018270673,0.004607661497282176,-0.02530916189052915,0.00536453543068158,-0.029932533990083582,0.04172781070685707,0.24490123267681754,0.03713546756639805,-0.12823213940214356,0.11373031622039917,-0.417700513947971,0.4090550919839556,-0.29777634151149024,0.0,-0.06946112564067317
357,-0.12036055752100383,-0.294660371323941,0.3999334816130813,-0.4220234122706441,0.11341696873204286,-0.12664992760665864,0.025575378817980894,0.2415577188903029,0.051099229032105245,-0.029244805219813437,0.00799146824027495,-0.02499590989695436,0.004108979770761242,0.0028253121143742978,-0.003899991938841843,0.007086296058120689,-0.005210847564383407,0.005497464732912539,0.000735216019254773,0.0006526243113746022,0.0008944300211100498,0.0005833231111712928,0.0007352160192547635,0.005497464732912531,-0.005210847564383402,0.007086296058120692,-0.003899991938841826,0.002825312114374302,0.004108979770761238,-0.024995909896954358,0.00799146824027495,-0.02924480521981344,0.05109922903210528,0.24155771889030295,0.02557537881798086,-0.1266499276066586,0.11341696873204285,-0.4220234122706439,0.39993348161308123,-0.29466037132394096,0.0,-0.09158512615639405
358,-0.14201038658206544,-0.2915273099790545,0.39071908337377614,-0.42612601185962123,0.11299837265751969,-0.12488408552399707,0.0139618950385865,0.23752782296143723,0.06028101527764861,-0.028419730597036112,0.010572070389888921,-0.02450732955498892,0.003576001842254199,0.003337294113178672,-0.004736778107505952,0.0076120842254933235,-0.005329311259959326,0.005477702157238634,0.0009416045270156242,0.0009614970289863518,0.0007525891078048179,0.00042141123770577803,0.000941604527015614,0.005477702157238625,-0.00532931125995932,0.0076120842254933235,-0.0047367781075059335,0.0033372941131786767,0.0035760018422541957,-0.024507329554988914,0.010572070389888928,-0.028419730597036116,0.06028101527764866,0.23752782296143726,0.013961895038586483,-0.12488408552399703,0.11299837265751965,-0.4261260118596211,0.39071908337377603,-0.29152730997905435,0.0,-0.11491572326175392
359,-0.16567866159989136,-0.2883773392034881,0.38141403508247906,-0.4300061711334929,0.11247491644527363,-0.12293717345636257,0.0023192622943462413,0.23282299577083743,0.06923909532428574,-0.027461185017706474,0.013091380798888365,-0.02384684790468722,0.003013176290169808,0.003816588873475679,-0.005519764623904777,0.008038637233804172,-0.005368738869020701,0.005366245492226733,0.0011303251263917228,0.0012502719224109751,0.000593320902221402,0.0002487428738183823,0.001130325126391712,0.005366245492226727,-0.0053687388690207,0.008038637233804172,-0.005519764623904757,0.0038165888734756847,0.0030131762901698046,-0.02384684790468721,0.013091380798888368,-0.027461185017706488,0.06923909532428572,0.23282299577083743,0.0023192622943462244,-0.12293717345636257,0.1124749164452736,-0.43000617113349265,0.381414035082479,-0.288377339203488,0.0,-0.1394887872545173
360,-0.19128037500281186,-0.2852106417046955,0.37202049558718925,-0.43366186462601747,0.1118470858517737,-0.12081201424012658,-0.0093282124928187,0.22745660600480036,0.07794022523895562,-0.02637367021328661,0.015534793726446635,-0.023019097750270716,0.0024252008204823303,0.004258501926748657,-0.006240058438510857,0.008360394312261153,-0.005328545662365423,0.005164960468635018,0.0012978367360007832,0.0015129128346321333,0.000420313490648242,6.97253666231219e-05,0.001297836736000772,0.005164960468635016,-0.005328545662365424,0.008360394312261155,-0.006240058438510834,0.00425850192674866,0.0024252008204823285,-0.023019097750270705,0.015534793726446637,-0.026373670213286612,0.07794022523895565,0.22745660600480044,-0.009328212492818769,-0.12081201424012654,0.11184708585177368,-0.4336618646260173,0.3720204955871892,-0.2852106417046955,0.0,-0.16533305721769304
361,-0.21873051921893,-0.282027401160329,0.3625406442665957,-0.43709118404342806,0.1111154634907422,-0.11851168915298536,-0.02095621229200555,0.22144390216840912,0.08635211464482193,-0.025162293608729555,0.017888143448552524,-0.022029885164334975,0.0018169830566399905,0.004658704940857257,-0.006889478556589973,0.008573160865282547,-0.005209327723352777,0.0048772165005728785,0.0014409962318591761,0.0017439298777780648,0.00023757311061456808,-0.00011107187535644763,0.0014409962318591644,0.004877216500572876,-0.005209327723352779,0.008573160865282549,-0.006889478556589948,0.00465870494085726,0.0018169830566399895,-0.02202988516433497,0.01788814344855253,-0.02516229360872956,0.08635211464482194,0.2214439021684092,-0.02095621229200562,-0.11851168915298531,0.11111546349074215,-0.437091184043428,0.3625406442665956,-0.2820274011603288,0.0,-0.19246985306180747
362,-0.24794408667623438,-0.27882780220758524,0.35297668052444303,-0.4402923392605726,0.1102807282925011,-0.11603953344640204,-0.032540460731243365,0.214801969257165,0.09444354655265605,-0.023832744335872923,0.020137786384013038,-0.020886148762422087,0.0011935995773664687,0.00501327811403098,-0.007460648956776178,0.008674163155465212,-0.005012853107718721,0.0045078302831355515,0.0015571174237621345,0.0019384941862595837,4.933138065012782e-05,-0.00028903401599909893,0.0015571174237621237,0.004507830283135548,-0.005012853107718727,0.008674163155465212,-0.007460648956776152,0.005013278114030983,0.0011935995773664676,-0.020886148762422074,0.02013778638401304,-0.023832744335872937,0.09444354655265602,0.21480196925716502,-0.03254046073124338,-0.11603953344640204,0.11028072829250105,-0.4402923392605724,0.3529766805244428,-0.2788278022075851,0.0,-0.22091287093719852
363,-0.27883606980305564,-0.27561203043249627,0.3433308232792517,-0.4432636592553697,0.10934365487393906,-0.11339913150981076,-0.044056772780520996,0.20754968021026396,0.10218449320881993,-0.0223912665148932,0.022270680193325093,-0.019595911033617977,0.0005602535442524088,0.005318748567498338,-0.007947082366873724,0.008662084463493524,-0.004742035622512929,0.004062985163253859,0.0016440214579327226,0.0020925388527986994,-0.00014005268897902495,-0.0004596185849338434,0.0016440214579327118,0.00406298516325386,-0.004742035622512935,0.008662084463493525,-0.007947082366873697,0.005318748567498342,0.0005602535442524077,-0.019595911033617963,0.022270680193325097,-0.022391266514893208,0.10218449320881998,0.20754968021026404,-0.04405677278052103,-0.11339913150981076,0.10934365487393902,-0.4432636592553697,0.34333082327925185,-0.2756120304324962,0.0,-0.2506680615292438
364,-0.31132146102738245,-0.2723802723591649,0.33360531044951147,-0.44600359298109266,0.108305112819683,-0.11059431167359463,-0.055481105244115286,0.19970764228346194,0.10954622752992908,-0.020844629929302527,0.024274459391839257,-0.01816822206855569,-7.776872719551465e-05,0.005572124360713848,-0.008343253945372303,0.008537082253589312,-0.004400891613027744,0.0035501276334520653,0.0017000777002034741,0.0022028439375186004,-0.00032619363547515444,-0.0006184714237574631,0.0017000777002034635,0.003550127633452066,-0.00440089161302775,0.008537082253589314,-0.008343253945372274,0.00557212436071385,-7.776872719551735e-05,-0.018168222068555676,0.024274459391839268,-0.020844629929302534,0.10954622752992911,0.19970764228346197,-0.05548110524411531,-0.11059431167359458,0.10830511281968296,-0.44600359298109254,0.33360531044951136,-0.27238027235916484,0.0,-0.2817335893597893
365,-0.34531525277754516,-0.2691327154389457,0.3238023984344639,-0.4485107101760246,0.10716606587514159,-0.1076291406583727,-0.0667896069568048,0.19129813849390823,0.11650142971065582,-0.019200098232210232,0.026137507038847162,-0.016613096079532035,-0.0007151418905618962,0.0057709237960194785,-0.008644664031811395,0.008300786120724917,-0.0039944803985883775,0.0029778426811583663,0.0017242343326142817,0.0022671037731807897,-0.0005047810952602018,-0.0007615378256031042,0.0017242343326142725,0.002977842681158368,-0.003994480398588387,0.008300786120724919,-0.008644664031811368,0.005770923796019481,-0.0007151418905618984,-0.01661309607953203,0.026137507038847173,-0.01920009823221024,0.11650142971065579,0.19129813849390825,-0.06678960695680483,-0.1076291406583727,0.10716606587514156,-0.4485107101760244,0.32380239843446385,-0.26913271543894557,0.0,-0.3140998699063183
366,-0.3807324374814194,-0.2658695480395719,0.3139243615906015,-0.45078370211006363,0.10592757105216971,-0.10450791767864394,-0.07795866857917166,0.18234506430333222,0.123024288609046,-0.017465394833165962,0.027849022086973825,-0.014941441158003528,-0.0013465460173070806,0.005913199725715151,-0.008847889253284008,0.007956276546360592,-0.003528829240568405,0.002355710080160401,0.0017160380893236247,0.002283975159712363,-0.0006716796166957951,-0.0008851660312307344,0.0017160380893236167,0.002355710080160405,-0.003528829240568417,0.007956276546360596,-0.00884788925328398,0.005913199725715155,-0.0013465460173070806,-0.014941441158003513,0.02784902208697383,-0.017465394833165976,0.12302428860904603,0.1823450643033323,-0.07795866857917173,-0.10450791767864394,0.10592757105216973,-0.45078370211006374,0.31392436159060144,-0.26586954803957186,0.0,-0.34774968014040825
367,-0.41748800756733473,-0.2625909594342302,0.30397349170399673,-0.4528213822678885,0.10459077764818332,-0.10123516820933706,-0.0889649718880311,0.17287385971949612,0.12909059753310143,-0.015648666625794005,0.029399082001415847,-0.013164982762162282,-0.001966711000330562,0.005997558623461832,-0.008950621406619414,0.007508044739657664,-0.003010843955388683,0.0016941440298174045,0.0016756427615160223,0.0022531054406306856,-0.000823024422463619,-0.0009862004399094672,0.001675642761516015,0.0016941440298174088,-0.003010843955388693,0.007508044739657664,-0.008950621406619386,0.005997558623461832,-0.0019667110003305627,-0.013164982762162268,0.029399082001415857,-0.015648666625794012,0.1290905975331015,0.1728738597194961,-0.08896497188803117,-0.10123516820933702,0.10459077764818334,-0.4528213822678885,0.3039734917039967,-0.2625909594342302,0.0,-0.3826583370000133
368,-0.45549695546339447,-0.259297139790582,0.2939520974585885,-0.45462268696832503,0.10315692617963555,-0.09781563742430456,-0.0997855384590827,0.16291143700884594,0.1346778440731599,-0.013758445726569061,0.030778700285989485,-0.01129618147127154,-0.002570460541692446,0.006023174233221736,-0.00895169367462659,0.006961934087698705,-0.0024482064981491683,0.0010042188263911704,0.0016038063117228762,0.0021751398744941385,-0.000955310904089344,-0.0010620621558909366,0.0016038063117228703,0.0010042188263911763,-0.0024482064981491826,0.006961934087698706,-0.008951693674626567,0.006023174233221737,-0.0025704605416924453,-0.011296181471271522,0.03077870028598948,-0.013758445726569073,0.13467784407315994,0.16291143700884594,-0.09978553845908278,-0.09781563742430459,0.10315692617963551,-0.45462268696832475,0.2939520974585885,-0.259297139790582,0.0,-0.4187939373641843
369,-0.4946742735979288,-0.2559882801597329,0.2838625039005498,-0.456186675919596,0.10162734723084292,-0.09425428331627449,-0.11039777764014644,0.1524861042257654,0.13976529364669854,-0.011803609404424178,0.031979878582480435,-0.009348145583655003,-0.003152755357342972,0.005989795662050664,-0.00885109387863797,0.006325063978000611,-0.0018492610357745485,0.00029748348467358607,0.0015018766517024857,0.002051708147296149,-0.0010654757762346158,-0.00111081481453099,0.0015018766517024807,0.0002974834846735925,-0.0018492610357745633,0.0063250639780006125,-0.008851093878637945,0.0059897956620506634,-0.0031527553573429735,-0.009348145583654993,0.031979878582480435,-0.01180360940442419,0.1397652936466986,0.1524861042257654,-0.11039777764014645,-0.09425428331627445,0.10162734723084288,-0.4561866759195959,0.2838625039005498,-0.2559882801597329,0.0,-0.4561176523091094
370,-0.534934954398699,-0.25266457246515184,0.2737070518988565,-0.45751253271015774,0.10000346021923123,-0.0905562695082345,-0.12077953371482625,0.14162748477572146,0.14433406644552274,-0.009793338389378209,0.03299565304124855,-0.007334539171402471,-0.0037087352382455564,0.005897749837477291,-0.00864996461683301,0.005605736986410593,-0.0012228901992602003,-0.00041423158694482725,0.0013717663507376641,0.001885390307729071,-0.0011509680115117742,-0.0011312140078528544,0.0013717663507376604,-0.00041423158694482026,-0.0012228901992602154,0.005605736986410594,-0.008649964616832984,0.005897749837477291,-0.0037087352382455564,-0.007334539171402458,0.032995653041248546,-0.009793338389378223,0.14433406644552282,0.14162748477572146,-0.12077953371482632,-0.09055626950823448,0.10000346021923119,-0.4575125327101576,0.2737070518988565,-0.2526645724651518,0.0,-0.4945840678020923
371,-0.5761939902940356,-0.2493262094915381,0.263488097602187,-0.45859956523487205,0.09828677207814546,-0.08672695776667269,-0.1309091321581366,0.13036643324086267,0.1483672074997836,-0.0077370737559829175,0.033820134694253164,-0.005269486236721673,-0.0042337596168239506,0.005747938305400603,-0.008350590286770536,0.004813330640332888,-0.0005783833502534512,-0.0011190126217993502,0.0012159167489148334,0.0016796628373607428,-0.0012098079132227947,-0.001122739047967959,0.0012159167489148317,-0.0011190126217993424,-0.0005783833502534676,0.004813330640332888,-0.008350590286770513,0.005747938305400604,-0.004233759616823953,-0.005269486236721662,0.033820134694253164,-0.007737073755982926,0.14836720749978358,0.13036643324086267,-0.13090913215813665,-0.08672695776667273,0.09828677207814542,-0.45859956523487183,0.2634880976021869,-0.2493262094915382,0.0,-0.5341415635432123
372,-0.6183663737120411,-0.24597338487364012,0.2532080118922766,-0.45944720605628936,0.096478875858447,-0.08277190022752856,-0.14076542488752053,0.11873494770724942,0.1518497495988138,-0.005644472584083123,0.034448543596435864,-0.0031674716422109106,-0.004723446300139785,0.00554182839986851,-0.007956371139526063,0.0039581751683179355,7.470118436394234e-05,-0.0018050619256527586,0.001037252148749332,0.0014388259829992943,-0.0012406329581075043,-0.0010856062575954706,0.0010372521487493314,-0.0018050619256527482,7.4701184363927e-05,0.0039581751683179355,-0.00795637113952604,0.00554182839986851,-0.004723446300139784,-0.0031674716422108954,0.034448543596435864,-0.005644472584083129,0.15184974959881378,0.11873494770724943,-0.14076542488752058,-0.08277190022752855,0.09647887585844697,-0.45944720605628914,0.2532080118922765,-0.2459733848736401,0.0,-0.5747327213968414
373,-0.661367097080932,-0.24260629308502357,0.24286917983385256,-0.4600550127008547,0.09458144925019568,-0.07869683134612658,-0.15032783441478717,0.10676607884283788,0.15476876883527835,-0.003525362605125548,0.03487723653752543,-0.001043239509955272,-0.005173708046508287,0.0052814388712255625,-0.007471784660123523,0.0030514188297352004,0.0007266778667688968,-0.002460895364400633,0.0008391249446878256,0.0011679138701914673,-0.001242729347545748,-0.0010207634484410138,0.0008391249446878261,-0.002460895364400622,0.0007266778667688803,0.0030514188297352,-0.007471784660123505,0.00528143887122556,-0.0051737080465082885,-0.0010432395099552547,0.034877236537525426,-0.0035253626051255566,0.15476876883527835,0.10676607884283784,-0.15032783441478723,-0.07869683134612653,0.09458144925019564,-0.4600550127008547,0.24286917983385237,-0.24260629308502332,0.0,-0.616294754767391
374,-0.7051111528288114,-0.2392251294267914,0.23247400012128006,-0.4604226678898812,0.09259625302578839,-0.07450765958276429,-0.15957639680678967,0.09449383598457002,0.1571134325665133,-0.0013896960470162728,0.03510372816360541,0.001088310197896151,-0.005580786680260175,0.0049693201133953775,-0.0069023347128969945,0.0021048825801632007,0.0013678775890856563,-0.0030755346029314283,0.0006252527200569149,0.0008725892767194407,-0.001216048536599671,-0.0009298657283735549,0.0006252527200569178,-0.0030755346029314188,0.00136787758908564,0.002104882580163201,-0.006902334712896976,0.0049693201133953775,-0.00558078668026018,0.001088310197896166,0.03510372816360541,-0.0013896960470162834,0.15711343256651325,0.09449383598457002,-0.15957639680678973,-0.07450765958276426,0.09259625302578833,-0.46042266788988095,0.23247400012127986,-0.23922512942679125,0.0,-0.6587599503622075
375,-0.7495135333837817,-0.2358300900162559,0.22202488452204489,-0.460549979705171,0.09052512940599866,-0.07021045883600982,-0.16849180336515335,0.0819530905014222,0.15887503961506486,0.0007524971057093321,0.03512670538599165,0.003212226191659129,-0.00594128445990577,0.004608529183962282,-0.006254489029382117,0.001130905967155742,0.0019887910706109352,-0.0036386908771556268,0.00039964849174682176,0.0005590252656076452,-0.0011612083581421567,-0.0008152332549204526,0.00039964849174682615,-0.003638690877155616,0.00198879107061092,0.0011309059671557426,-0.006254489029382102,0.004608529183962281,-0.00594128445990577,0.00321222619165914,0.03512670538599165,0.0007524971057093235,0.15887503961506486,0.08195309050142223,-0.1684918033651534,-0.07021045883600982,0.09052512940599866,-0.46054997970517086,0.22202488452204489,-0.23583009001625593,0.0,-0.702056114042789
376,-0.7944892311740595,-0.23242137177556335,0.21152425731720395,-0.46043688168919883,0.08837000035043456,-0.0658114596361295,-0.17705544093803613,0.06917947670800442,0.1600470525592425,0.002891156216894365,0.03494603499388413,0.005313610726668952,-0.006252192437882402,0.004202599861718831,-0.005535605748740919,0.00014218626536863276,0.0025802098847301012,-0.004140937222948914,0.00016654541149230712,0.00023377615182196114,-0.0010794787160406086,-0.0006797920134195627,0.0001665454114923125,-0.004140937222948902,0.0025802098847300873,0.00014218626536863384,-0.005535605748740907,0.004202599861718829,-0.006252192437882402,0.005313610726668964,0.03494603499388412,0.0028911562168943542,0.16004705255924254,0.06917947670800442,-0.17705544093803616,-0.0658114596361295,0.08837000035043453,-0.4604368816891987,0.21152425731720392,-0.2324213717755633,0.0,-0.7461070128833526
377,-0.8399532386278614,-0.22899917242027182,0.2009745547389316,-0.4600834328798022,0.08613286577399978,-0.06131704011141466,-0.1852494307797608,0.05620929061026242,0.16062512199385462,0.0050162372477209815,0.03456276442665861,0.007377724100255233,-0.006510915575176339,0.00375550803495156,-0.004753849845063391,-0.0008483870518334241,0.003133363024031701,-0.004573866278980042,-6.968266337270829e-05,-9.63595002023421e-05,-0.000972752178691146,-0.000526999131461652,-6.968266337270115e-05,-0.004573866278980033,0.003133363024031687,-0.0008483870518334235,-0.004753849845063381,0.003755508034951558,-0.00651091557517634,0.007377724100255243,0.03456276442665861,0.0050162372477209685,0.1606251219938546,0.05620929061026243,-0.18524943077976083,-0.06131704011141467,0.08613286577399978,-0.4600834328798021,0.20097455473893153,-0.22899917242027182,0.0,-0.790832806120373
378,-0.8858205481730625,-0.22556369044788327,0.19037822440529378,-0.45948981777936393,0.08381580169101448,-0.056733716740505404,-0.19305666587719036,0.04307938677099534,0.16060710267109252,0.007117759927722964,0.033979115701320776,0.009390088040165674,-0.006715294401196301,0.0032716327594705407,-0.0039181003907526775,-0.0018279003463740537,0.0036400469782981726,-0.004930231021880232,-0.00030460323930674854,-0.0004244809844908723,-0.0008435001538525829,-0.0003607546359664097,-0.00030460323930674003,-0.004930231021880223,0.0036400469782981596,-0.0018279003463740537,-0.003918100390752673,0.00327163275947054,-0.006715294401196303,0.009390088040165686,0.03397911570132077,0.007117759927722947,0.16060710267109252,0.04307938677099538,-0.1930566658771904,-0.056733716740505404,0.08381580169101446,-0.45948981777936393,0.19037822440529392,-0.22556369044788327,0.0,-0.8361504583724672
379,-0.9320061522379934,-0.22211512512632997,0.17973772475238095,-0.4586563462585006,0.0814209582887171,-0.052068134904119434,-0.200460846664917,0.029827073588243467,0.15999306146166486,0.009185854626315371,0.03319847253032846,0.0113365872592433,-0.006863623038111316,0.002755713367801191,-0.003037849709283164,-0.002783584164486399,0.004092747396257559,-0.0052040660779153125,-0.0005338083561798308,-0.0007437296964879793,-0.0006947156596154664,-0.00018530190528610774,-0.0005338083561798213,-0.005204066077915303,0.004092747396257547,-0.0027835841644863984,-0.00303784970928316,0.0027557133678011866,-0.006863623038111316,0.011336587259243313,0.033198472530328454,0.009185854626315356,0.15999306146166492,0.029827073588243484,-0.200460846664917,-0.05206813490411946,0.0814209582887171,-0.4586563462585006,0.17973772475238092,-0.22211512512632992,0.0,-0.8819741293191711
380,-0.9784250432508701,-0.2186536764824164,0.16905552446392944,-0.45758345339430806,0.07895055793193542,-0.04732705924988553,-0.20744651505470127,0.016490007284110864,0.15878527710663626,0.011210808704712992,0.032225360704466674,0.013203568464024047,-0.006954663439210092,0.0022128030496337656,-0.0021230955627400687,-0.0037029797060713285,0.004484750526797624,-0.0053907875804618,-0.0007529972965569348,-0.0010474324959839122,-0.0005298440167273888,-5.119357289548144e-06,-0.0007529972965569246,-0.005390787580461789,0.004484750526797613,-0.0037029797060713276,-0.002123095562740071,0.002212803049633763,-0.006954663439210092,0.013203568464024056,0.03222536070446668,0.011210808704712978,0.15878527710663623,0.016490007284110916,-0.2074465150547013,-0.047327059249885554,0.07895055793193541,-0.4575834533943078,0.16905552446392938,-0.2186536764824164,0.0,-0.9282155349302096
381,-1.0249922136396818,-0.2151795452902173,0.15833410189856784,-0.45627169924324873,0.07640689310077821,-0.04251736388425098,-0.21399908670811674,0.003106084905251898,0.15698823176089277,0.013183112130549577,0.031065421854505927,0.014977936122780514,-0.006987655722439373,0.0016482193581883956,-0.0011842275986591892,-0.004574101244210018,0.004810242786918981,-0.005487269901720961,-0.0009580572827204269,-0.0013292411933479224,-0.00035270306719429684,0.00017519386192012612,-0.0009580572827204161,-0.005487269901720953,0.004810242786918973,-0.004574101244210019,-0.0011842275986591918,0.0016482193581883913,-0.006987655722439373,0.014977936122780523,0.031065421854505927,0.01318311213054957,0.15698823176089277,0.0031060849052519327,-0.2139990867081168,-0.042517363884251,0.07640689310077822,-0.45627169924324873,0.15833410189856784,-0.2151795452902173,0.0,-0.9747842763129214
382,-1.0716226558325317,-0.21169293305943188,0.14757594451481637,-0.45472176854879887,0.0737923242632615,-0.03764602240568452,-0.2201048814850214,-0.010286663360941061,0.15460859435961574,0.01509350214097242,0.02972538074376113,0.01664724432126793,-0.006962324512870895,0.0010674921272626986,-0.00023190934588738173,-0.005385592377444133,0.005064396979789641,-0.005491897974219046,-0.001145140647263271,-0.001583265243437092,-0.00016739476661179132,0.00035103527086680043,-0.0011451406472632597,-0.005491897974219039,0.0050643969797896345,-0.005385592377444133,-0.00023190934588738712,0.0010674921272626936,-0.006962324512870893,0.01664724432126795,0.029725380743761128,0.015093502140972414,0.1546085943596158,-0.010286663360941096,-0.2201048814850214,-0.03764602240568452,0.0737923242632615,-0.454721768548799,0.14757594451481634,-0.21169293305943188,0.0,-1.021588133272812
383,-1.1182313622577493,-0.20819404202369596,0.13678354829397632,-0.4529344703840085,0.07110927768484324,-0.0327200977936252,-0.2257511520042884,-0.023650182248467305,0.15165519586949297,0.016933006744455838,0.02821300628117286,0.0181997840618702,-0.0068788812411585895,0.00047630930909019876,0.0007230429002619152,-0.0061268740778362245,0.005243443884248384,-0.005404594326256986,-0.0013107370292534412,-0.001804194873528175,2.1789802565792884e-05,0.0005179165306979039,-0.00131073702925343,-0.0054045943262569784,0.00524344388424838,-0.006126874077836227,0.0007230429002619054,0.0004763093090901945,-0.006878881241158589,0.018199784061870207,0.02821300628117286,0.016933006744455824,0.15165519586949297,-0.023650182248467287,-0.22575115200428844,-0.03272009779362522,0.07110927768484324,-0.45293447038400847,0.13678354829397632,-0.20819404202369607,0.0,-1.0685333207386218
384,-1.1647333253433243,-0.20468307512885164,0.12595941716104186,-0.4509107377291603,0.06836024317689958,-0.027746732167837497,-0.23092611025716822,-0.03694649954610737,0.14813899651650989,0.018692986857030643,0.026537066480938395,0.01962466539380526,-0.0067380223788016304,-0.00011953873649753694,0.0016697829279529893,-0.006788282604777432,0.005344728154052388,-0.005226820378749238,-0.001451739241308225,-0.0019874120715738766,0.00021046979726301352,0.0006715780096989683,-0.0014517392413082137,-0.0052268203787492334,0.0053447281540523845,-0.006788282604777432,0.0016697829279529773,-0.00011953873649754017,-0.00673802237880163,0.019624665393805262,0.026537066480938384,0.018692986857030632,0.1481389965165099,-0.03694649954610738,-0.23092611025716828,-0.027746732167837487,0.06836024317689955,-0.4509107377291603,0.12595941716104184,-0.2046830751288517,0.0,-1.1155247072666685
385,-1.2110435375174726,-0.20116023602117594,0.11510606240376864,-0.44865162698474814,0.06554777178623174,-0.022733136433020273,-0.23561895221771914,-0.05013783399481456,0.14407304511194205,0.02036517687504038,0.024707277629814544,0.020911893798305395,-0.00654092362494298,-0.0007142159559434183,0.00259755779855975,-0.007361195486625089,0.0053667476978580785,-0.004961551981743294,-0.0015655015716737428,-0.0021290871148362455,0.00039427605855830983,0.0008080975100755417,-0.0015655015716737313,-0.0049615519817432915,0.0053667476978580785,-0.007361195486625091,0.002597557798559736,-0.0007142159559434221,-0.006540923624942977,0.020911893798305402,0.02470727762981454,0.020365176875040365,0.1440730451119421,-0.05013783399481457,-0.23561895221771917,-0.022733136433020273,0.06554777178623172,-0.4486516269847481,0.11510606240376867,-0.20116023602117597,0.0,-1.1624659958879748
386,-1.2570769912084112,-0.19762572903556874,0.10422600209003417,-0.44615831742003015,0.0626744734277476,-0.01768657982368454,-0.23981988039892674,-0.0631867026425186,0.1394724306274908,0.02194172349387756,0.02273424795679587,0.022052440292985392,-0.006289230093224141,-0.001301897763386055,0.0034958299770137926,-0.00783814392780699,0.005309175955912362,-0.00461322960012669,-0.0016498894273516954,-0.0022262586211941214,0.0005689522858954637,0.0009239903817594504,-0.0016498894273516839,-0.004613229600126686,0.005309175955912363,-0.00783814392780699,0.0034958299770137756,-0.0013018977633860588,-0.006289230093224139,0.02205244029298539,0.02273424795679587,0.021941723493877553,0.13947243062749082,-0.0631867026425186,-0.23981988039892682,-0.017686579823684555,0.0626744734277476,-0.44615831742003,0.1042260020900341,-0.1976257290355688,0.0,-1.2092598685750726
387,-1.3027486788441287,-0.19407975918370063,0.09332176048362574,-0.44343211055744275,0.05974301446251507,-0.01261437936445827,-0.24352012430742073,-0.07605602735129527,0.1343542261992705,0.023415222590390968,0.020629416131743957,0.023038304763666573,-0.005985042580602999,-0.0018768280897602525,0.0043543970156294555,-0.008212910175993692,0.005172866743080843,-0.004187683982388766,-0.0017033193867886315,-0.002276895449841132,0.000730453597895931,0.0010162984678419725,-0.0017033193867886211,-0.004187683982388764,0.005172866743080845,-0.008212910175993692,0.0043543970156294355,-0.001876828089760257,-0.005985042580602998,0.023038304763666577,0.020629416131743954,0.023415222590390958,0.1343542261992705,-0.0760560273512953,-0.24352012430742076,-0.012614379364458254,0.05974301446251506,-0.4434321105574426,0.09332176048362571,-0.19407975918370063,0.0,-1.255808096563961
388,-1.347973592852728,-0.1905225321421219,0.08239586745859001,-0.44047442949319865,0.05675611522343445,-0.007523889261100141,-0.24671195875408378,-0.08870924015426364,0.1287374257684514,0.02477875399574861,0.01840498494952307,0.023862572079429774,-0.005630900032744057,-0.0024333757608074697,0.005163507432054049,-0.008480608580008969,0.004959841586388795,-0.003692038556706187,-0.0017247889105943422,-0.002279939157486387,0.0008750401974534898,0.001082665611308373,-0.0017247889105943322,-0.003692038556706187,0.004959841586388798,-0.008480608580008969,0.005163507432054028,-0.002433375760807475,-0.0056309000327440534,0.02386257207942978,0.018404984949523057,0.024778753995748602,0.1287374257684514,-0.08870924015426368,-0.24671195875408378,-0.007523889261100133,0.056756115223434433,-0.44047442949319854,0.08239586745859001,-0.1905225321421218,0.0,-1.3020116196527425
389,-1.3926667256625396,-0.18695425424033235,0.07145085791228147,-0.4372868181544218,0.05371654749082622,-0.0024224902376043388,-0.24938871998232523,-0.10111038716284076,0.1226428735936878,0.026025913995448676,0.01607385058410929,0.02451946059729016,-0.005229758352336267,-0.0029660896517999234,0.0059139714652179385,-0.008637749281764534,0.0046732597448647835,-0.0031345901881946405,-0.0017138951528087873,-0.002235326122611269,0.0009993639721600986,0.0011213977957700277,-0.0017138951528087787,-0.0031345901881946418,0.00467325974486479,-0.008637749281764535,0.005913971465217915,-0.002966089651799929,-0.0052297583523362645,0.024519460597290165,0.016073850584109286,0.026025913995448673,0.12264287359368774,-0.10111038716284076,-0.24938871998232526,-0.002422490237604343,0.05371654749082621,-0.43728681815442155,0.0714508579122814,-0.18695425424033232,0.0,-1.347770598396086
390,-1.4367430697015524,-0.1833751324488139,0.06048927117724509,-0.4338709404932081,0.050627131920276486,0.0026824211651435997,-0.25154481958034813,-0.11322423072910354,0.11609318689691553,0.027150845403844538,0.01364952782282368,0.02500436271626869,-0.0047849657272179364,-0.0034697520787635525,0.00659726545133416,-0.00868228371189728,0.0043173713563062375,-0.0025246702933927312,-0.0016708425197501172,-0.002143988875326993,0.0011005460247045019,0.0011315063851064372,-0.00167084251975011,-0.002524670293392733,0.004317371356306245,-0.00868228371189728,0.0065972654513341365,-0.003469752078763557,-0.004784965727217936,0.02500436271626869,0.013649527822823679,0.02715084540384453,0.11609318689691553,-0.1132242307291036,-0.2515448195803481,0.0026824211651436084,0.050627131920276465,-0.43387094049320807,0.06048927117724499,-0.18337513244881395,0.0,-1.392984443810191
391,-1.4801176173979829,-0.1797853743670255,0.04951365043207078,-0.4302285796180331,0.04749073542512736,0.007783443313644098,-0.2531757561483629,-0.12501634957296498,0.109112671929584,0.028148265071941465,0.011146071714144983,0.025313877196402414,-0.004300234684236126,-0.003939429903257739,0.0072056286344598175,-0.008613631296003788,0.0038974544058214674,-0.0018724886368545763,-0.001596438834612443,-0.002007836605035413,0.0011762433379147654,0.0011127333583284894,-0.0015964388346124362,-0.0018724886368545798,0.0038974544058214757,-0.008613631296003786,0.007205628634459793,-0.003939429903257743,-0.004300234684236124,0.025313877196402414,0.011146071714144975,0.028148265071941462,0.10911267192958402,-0.12501634957296498,-0.25317575614836285,0.0077834433136440935,0.047490735425127356,-0.43022857961803296,0.04951365043207071,-0.1797853743670255,0.0,-1.4375518297851018
392,-1.5227053611799335,-0.17618518821136187,0.038526542111354284,-0.426361636862958,0.044310268516041106,0.01287318021344438,-0.25427812469639116,-0.13645323658965475,0.1017272337708057,0.029013488699276783,0.008577996083350003,0.025445833015999057,-0.003779611102097112,-0.004370522850164318,0.007732151312058647,-0.008432687023315566,0.003419736450933109,-0.0011889624246207032,-0.00149208017977938,-0.0018297152533343776,0.0012247030307189896,0.001065557895544968,-0.0014920801797793752,-0.001188962424620708,0.003419736450933123,-0.008432687023315568,0.007732151312058621,-0.0043705228501643234,-0.003779611102097111,0.02544583301599905,0.008577996083350007,0.029013488699276772,0.10172723377080573,-0.1364532365896548,-0.25427812469639116,0.01287318021344436,0.044310268516041085,-0.42636163686295786,0.038526542111354284,-0.1761851882113619,0.0,-1.4813706938612303
393,-1.564421293475621,-0.1725747828030763,0.027530495314904157,-0.4222721307951228,0.04108868260010674,0.017944252232623355,-0.2548496237530377,-0.14750239405958693,0.09396428019216758,0.029742452833356525,0.005960189388388453,0.02539930459979425,-0.0032274404418466806,-0.004758808565235656,0.00817085331441999,-0.008141809779145715,0.0028913022640949344,-0.0004855335554600337,-0.0013597247012664237,-0.001613348026331173,0.0012448029486487513,0.0009911841469260052,-0.0013597247012664205,-0.0004855335554600406,0.002891302264094947,-0.008141809779145717,0.008170853314419965,-0.00475880856523566,-0.0032274404418466793,0.025399304599794247,0.005960189388388449,0.029742452833356515,0.09396428019216756,-0.14750239405958698,-0.2548496237530377,0.017944252232623355,0.04108868260010672,-0.42227213079512266,0.027530495314904226,-0.17257478280307634,0.0,-1.524338232358601
394,-1.6051804067130344,-0.16895436755616836,0.016528061216328722,-0.4179621961610413,0.03782896724199574,0.022989306801552565,-0.2548890601703907,-0.15813242599007604,0.08585261994596691,0.030331733953330074,0.003307828403819075,0.025174618311197064,-0.0026483314768425167,-0.005100483971084171,0.008516751926576114,-0.007744791593211393,0.0023199887623250883,0.0002260229109910638,-0.0012018558668155967,-0.00136325756981364,0.0012360776489532886,0.0008915104968597687,-0.0012018558668155952,0.00022602291099105666,0.0023199887623251004,-0.007744791593211393,0.008516751926576083,-0.0051004839710841725,-0.0026483314768425154,0.025174618311197057,0.003307828403819069,0.030331733953330074,0.08585261994596692,-0.15813242599007604,-0.2548890601703907,0.022989306801552548,0.037828967241995734,-0.41796219616104124,0.016528061216328722,-0.16895436755616836,0.0,-1.5663508960470962
395,-1.644897693320504,-0.16532415246523738,0.005521792471143023,-0.41343408277225163,0.03453414738970821,0.028001029073419014,-0.2543963516150174,-0.16831312732651557,0.07742235585433001,0.030778564548277765,0.0006362902332258423,0.024773350163085142,-0.0020471178249517785,-0.005392202516550656,0.008765918481270348,-0.007246808204727322,0.0017142687821966667,0.0009337958630417911,-0.0010214358670534948,-0.001084671434023162,0.0011987291786014335,0.0007690811078324993,-0.0010214358670534945,0.0009337958630417839,0.0017142687821966817,-0.0072468082047273214,0.00876591848127032,-0.0053922025165506595,-0.0020471178249517764,0.02477335016308514,0.000636290233225839,0.03077856454827776,0.07742235585433004,-0.1683131273265156,-0.2543963516150174,0.028001029073418997,0.03453414738970822,-0.41343408277225147,0.005521792471143023,-0.1653241524652375,0.0,-1.6073043926128041
396,-1.6834881457261326,-0.16168434809330212,-0.0054857573754679145,-0.4086901543309006,0.031207280567484216,0.03297215253005389,-0.2533725267398566,-0.17801556977952593,0.0687047730959658,0.03108084611460118,-0.0020389368397764973,0.024198314763206705,-0.0014288176040510177,-0.005631106954611232,0.008915522980201223,-0.006654351588729832,0.001083125423854846,0.001625937523205637,-0.0008218500340756171,-0.0007834128040651495,0.001133622395591016,0.0006270209808707433,-0.0008218500340756185,0.0016259375232056288,0.0010831254238548613,-0.006654351588729831,0.008915522980201197,-0.005631106954611236,-0.0014288176040510166,0.024198314763206694,-0.002038936839776495,0.03108084611460118,0.0687047730959658,-0.17801556977952596,-0.2533725267398567,0.0329721525300539,0.031207280567484234,-0.4086901543309006,-0.005485757375468121,-0.16168434809330218,0.0,-1.6470937021110514
397,-1.7208667563579088,-0.15803516555958746,-0.016492034481093126,-0.40373288719587713,0.02785145403848479,0.037895469517689226,-0.2518197230366466,-0.18721218402419565,0.05973222310512838,0.0312371590114748,-0.004702343145104744,0.023453545571729538,-0.0007985915475697251,-0.005814857327778631,0.0089638662367408,-0.005975145323254066,0.00043591882759538543,0.0022908617742750867,-0.0006068433203654905,-0.00046577877997966384,0.0010422649419076135,0.00046895619012314984,-0.0006068433203654926,0.002290861774275078,0.00043591882759540023,-0.005975145323254065,0.008963866236740772,-0.005814857327778633,-0.0007985915475697229,0.023453545571729534,-0.004702343145104747,0.031237159011474794,0.059732223105128386,-0.18721218402419565,-0.25181972303664657,0.03789546951768923,0.027851454038484786,-0.40373288719587713,-0.016492034481093192,-0.15803516555958752,0.0,-1.6856131114046584
398,-1.7569485176441637,-0.15437681652727892,-0.027494485298608252,-0.39856486909013833,0.024469781939876062,0.04276384169736669,-0.24974118237337362,-0.19587683803784872,0.050538003513645985,0.0312467691280739,-0.007338487543758032,0.02254426660941594,-0.0001616999296722527,-0.005941653886893848,0.008910399175054788,-0.005218043900682614,-0.0002177526412321334,0.002917438105329611,-0.00038045002993392676,-0.0001384087507398053,0.0009267723318878284,0.00029892132758818917,-0.00038045002993393094,0.0029174381053296,-0.00021775264123211665,-0.005218043900682615,0.008910399175054763,-0.005941653886893851,-0.00016169992967225163,0.022544266609415935,-0.007338487543758023,0.03124676912807389,0.050538003513645964,-0.19587683803784872,-0.24974118237337364,0.042763841697366675,0.024469781939876065,-0.3985648690901383,-0.02749448529860832,-0.15437681652727903,0.0,-1.7227562732725792
399,-1.7916484220128854,-0.15070951319124545,-0.038490557168618884,-0.3931887977499033,0.02106540239297477,0.047570210394846706,-0.2471412442260587,-0.2039849113537413,0.04115623458155809,0.031109631331266385,-0.00993208694805855,0.021476855814870494,0.00047654134039158913,-0.006010254718829315,0.008755729066427824,-0.0043929172958961015,-0.000868194740305908,0.003495177931114372,-0.00014691812017652637,0.00019185438649151616,0.0007898189644166714,0.00012125652045421174,-0.00014691812017653195,0.003495177931114364,-0.0008681947403058917,-0.0043929172958961,0.0087557290664278,-0.006010254718829318,0.00047654134039158995,0.021476855814870487,-0.009932086948058546,0.031109631331266378,0.04115623458155813,-0.20398491135374136,-0.2471412442260587,0.04757021039484673,0.021065402392974747,-0.3931887977499033,-0.03849055716861902,-0.15070951319124556,0.0,-1.7584162954474052
400,-1.824881461892291,-0.14703346826573185,-0.04947769891169938,-0.3876074795164175,0.017641474591136994,0.0523076068350114,-0.24402533661900996,-0.21151336501969903,0.03162173257493372,0.03082638967757689,-0.012468104925587304,0.020258800307883344,0.0011108050883023408,-0.006019987910448454,0.008501612631962542,-0.003510522296056421,-0.0015057611203122228,0.004014410165893246,8.93705051794767e-05,0.0005181072609627951,0.0006345761933426767,-5.950335032343374e-05,8.937050517947038e-05,0.004014410165893237,-0.0015057611203122079,-0.003510522296056421,0.008501612631962516,-0.006019987910448454,0.001110805088302344,0.020258800307883334,-0.012468104925587298,0.03082638967757689,0.03162173257493375,-0.21151336501969908,-0.2440253366190099,0.0523076068350114,0.017641474591136977,-0.38760747951641744,-0.049477698911699446,-0.14703346826573194,0.0,-1.7924858643101822
401,-1.8565626297105966,-0.1433488949720203,-0.060453361420287316,-0.3818238278710268,0.014201175868092523,0.05696916224592208,-0.240399964792458,-0.21844080706290644,0.02196988056077237,0.030398374388427612,-0.014931838873132234,0.018898643872664336,0.0017357973387122556,-0.005970758129681292,0.008150936089991073,-0.0025823622694357206,-0.0021209963846508567,0.004466443112754589,0.00032398221644627643,0.0008335303269926673,0.0004646388901800931,-0.00023874440252066325,0.00032398221644626835,0.004466443112754579,-0.002120996384650842,-0.0025823622694357193,0.00815093608999105,-0.005970758129681295,0.0017357973387122593,0.018898643872664322,-0.01493183887313223,0.03039837438842762,0.021969880560772388,-0.21844080706290653,-0.24039996479245804,0.056969162245922064,0.014201175868092532,-0.3818238278710267,-0.06045336142028756,-0.1433488949720204,0.0,-1.82485740734898
402,-1.8866069178957914,-0.13965600702606315,-0.07141499825009733,-0.3758408619143227,0.010747698749445268,0.06154811781788202,-0.23627269762123201,-0.22474755327483384,0.012236497098475336,0.02982759560286147,-0.017309005255256377,0.017405927029335466,0.002346301502186571,-0.005863047559257627,0.007707682374817594,-0.0016205372014188176,-0.0027047763172257434,0.004843709958420963,0.0005525148489127606,0.001131530410463563,0.00028394219964529766,-0.00041189152164441273,0.0005525148489127521,0.004843709958420953,-0.0027047763172257286,-0.0016205372014188148,0.007707682374817574,-0.005863047559257628,0.0023463015021865726,0.017405927029335456,-0.017309005255256377,0.02982759560286147,0.012236497098475319,-0.2247475532748339,-0.23627269762123201,0.06154811781788202,0.01074769874944525,-0.37584086191432264,-0.07141499825009753,-0.13965600702606315,0.0,-1.855423297786276
403,-1.9149293188762055,-0.13595501862608686,-0.0823600662109172,-0.36966170479015414,0.007284247990075862,0.0660378345030644,-0.23165215181283144,-0.23041568314357994,0.002457703315180569,0.02911673393708729,-0.019585822413314143,0.01579112011403713,0.0029372219162319144,-0.005697911173952167,0.0071768858991167975,-0.0006375859526891799,-0.0032484431986795777,0.00513989543804996,0.0007706803033849494,0.0014058785235525446,9.66704156737095e-05,-0.0005745251403889546,0.0007706803033849398,0.005139895438049951,-0.0032484431986795647,-0.0006375859526891788,0.007176885899116778,-0.005697911173952167,0.002937221916231917,0.015791120114037115,-0.019585822413314132,0.02911673393708728,0.0024577033151805517,-0.23041568314357994,-0.2316521518128314,0.0660378345030644,0.007284247990075819,-0.36966170479015403,-0.08236006621091733,-0.1359550186260868,0.0,-1.884076104013114
404,-1.9414448250798284,-0.1322461444401675,-0.09328602595664892,-0.3632895820553268,0.003814037600196014,0.07043180264149687,-0.22654797391788306,-0.23542909077470134,-0.007330211141748292,0.028269127895183536,-0.021749090464829132,0.014065549837042968,0.003503626376990287,-0.005476966407598932,0.0065645753737905285,0.0003536772039958064,-0.0037439342042716655,0.005350041549718491,0.0009743850064445522,0.0016508400670079174,-9.28399119748038e-05,-0.00072249404776185,0.0009743850064445417,0.005350041549718482,-0.003743934204271654,0.00035367720399580966,0.00656457537379051,-0.005476966407598932,0.0035036263769902907,0.014065549837042958,-0.021749090464829122,0.02826912789518354,-0.007330211141748292,-0.2354290907747013,-0.22654797391788306,0.07043180264149686,0.0038140376001959886,-0.3632895820553265,-0.09328602595664909,-0.1322461444401675,0.0,-1.9107088856493613
405,-1.9660684289347623,-0.1285295995937798,-0.1041903425744587,-0.35672781999584435,0.00034028786281375934,0.0747236513994462,-0.22097082019054273,-0.239773530655837,-0.017090922777620633,0.027288758190085055,-0.023786267830015837,0.012241319834025564,0.004040787306601553,-0.0052023773110816095,0.0058777053347265264,0.0013403296374471358,-0.004183900979200629,0.00547063054898112,0.0011598067207000326,0.001861294698400579,-0.0002802003968149555,-0.0008520213484350161,0.001159806720700021,0.005470630548981111,-0.004183900979200619,0.0013403296374471367,0.005877705334726513,-0.005202377311081606,0.004040787306601555,0.012241319834025554,-0.023786267830015837,0.027288758190085062,-0.01709092277762065,-0.23977353065583704,-0.2209708201905428,0.0747236513994462,0.0003402878628137852,-0.3567278199958443,-0.10419034257445862,-0.12852959959377988,0.0,-1.9352155371939581
406,-1.9887151228692246,-0.12480559965731917,-0.11507048617289632,-0.349979843890567,-0.003133777654621936,0.0789071580065182,-0.21493233434088635,-0.2434366581350893,-0.02678820904892717,0.026180229048488088,-0.025685543941781137,0.01033122576774864,0.004544221212625058,-0.004876833356464983,0.005124077154168625,0.0023095088243043392,-0.0045618186180161014,0.005499643834213632,0.001323466263791898,0.002032843360787468,-0.00046107243508962235,-0.0009598008677163668,0.0013234662637918865,0.005499643834213622,-0.004561818618016091,0.0023095088243043392,0.005124077154168614,-0.004876833356464981,0.004544221212625059,0.010331225767748625,-0.025685543941781137,0.026180229048488098,-0.026788209048927213,-0.2434366581350893,-0.21493233434088635,0.07890715800651818,-0.0031337776546219273,-0.349979843890567,-0.11507048617289625,-0.12480559965731913,0.0,-1.9574911793514407
407,-2.0092998993114297,-0.12107436063359761,-0.12592393246885186,-0.34304917622319536,-0.006604935091624894,0.08297625677807977,-0.20844512322573855,-0.24640806449814154,-0.036386082787212504,0.02494874658747349,-0.027435907717668663,0.00834866557568643,0.005009726110166526,-0.00450352309487111,0.0043122504338400066,0.0032485800316981945,-0.0048720824319056265,0.0054365957370295865,0.0014622927904441587,0.002161900234605707,-0.0006312676724321594,-0.0010430815414123227,0.0014622927904441472,0.005436595737029579,-0.004872082431905618,0.003248580031698195,0.004312250433839999,-0.004503523094871106,0.0050097261101665295,0.008348665575686415,-0.02743590771766866,0.0249487465874735,-0.036386082787212504,-0.24640806449814148,-0.20844512322573858,0.08297625677807972,-0.006604935091624876,-0.3430491762231953,-0.12592393246885195,-0.12107436063359768,0.0,-1.9774325972360183
408,-2.0277377506893695,-0.11733609894531548,-0.13674816337321025,-0.33593943484351313,-0.010069963286347008,0.08692504790992185,-0.20152273052869119,-0.2486793065444424,-0.04584892574945786,0.023600094364400755,-0.02902721139677859,0.006307545493118721,0.005433416594360936,-0.004086102926108974,0.003451445786203841,0.004145301030316002,-0.005110091068754315,0.005282541652134619,0.00157368141263441,0.0022457676907603054,-0.0007868449912861698,-0.001099737636536228,0.0015736814126343982,0.005282541652134614,-0.0051100910687543084,0.004145301030316002,0.003451445786203837,-0.004086102926108973,0.005433416594360938,0.006307545493118703,-0.02902721139677858,0.02360009436440077,-0.04584892574945786,-0.24867930654444248,-0.20152273052869119,0.08692504790992184,-0.010069963286346986,-0.33593943484351313,-0.13674816337321014,-0.11733609894531546,0.0,-1.9949387237761183
409,-2.0439436694313717,-0.11359103142250791,-0.14754066757506776,-0.32865433107884773,-0.013525646764749428,0.09074780603241145,-0.19417960848425944,-0.25024393057841693,-0.05514162079936123,0.022140606214900556,-0.030450229371567435,0.004222182510881964,0.005811756270473772,-0.0036286612859446196,0.002551440108057927,0.004987981690582755,-0.0052723147532693455,0.005040060370528633,0.0016555420767196437,0.0022826926781881795,-0.00092420177319836,-0.0011283230104843429,0.0016555420767196325,0.0050400603705286285,-0.005272314753269339,0.004987981690582755,0.0025514401080579258,-0.0036286612859446157,0.005811756270473775,0.004222182510881949,-0.030450229371567442,0.02214060621490057,-0.055141620799361274,-0.250243930578417,-0.19417960848425947,0.09074780603241143,-0.013525646764749415,-0.32865433107884773,-0.14754066757506762,-0.11359103142250787,0.0,-2.0099111657843642
410,-2.057832647965313,-0.10983937528996827,-0.1582989411243779,-0.3211976677967359,-0.016968778724495568,0.09443898851173026,-0.18643108770521055,-0.2510974907475321,-0.06422968222898234,0.020577136506530168,-0.03169671167344971,0.0021072039519653197,0.006141587270938097,-0.0031356786017806525,0.001622455535930955,0.005765636381377898,-0.005356347635137494,0.004713210911789572,0.0017063387804060338,0.0022719033672496487,-0.001040157322673738,-0.0011281080237179751,0.0017063387804060232,0.004713210911789567,-0.0053563476351374895,0.005765636381377897,0.0016224555359309588,-0.00313567860178065,0.006141587270938098,0.002107203951965311,-0.03169671167344971,0.020577136506530185,-0.06422968222898229,-0.2510974907475322,-0.18643108770521064,0.09443898851173024,-0.01696877872449554,-0.32119766779673586,-0.15829894112437778,-0.1098393752899683,0.0,-2.0222547693331467
411,-2.069319678719637,-0.10608134815464844,-0.16902048801288796,-0.3135733374198038,-0.020396164010796813,0.09799324348616381,-0.17829334517605647,-0.25123756167511097,-0.07307938373712192,0.018917027947792906,-0.03275943180211748,-2.2555128650403525e-05,0.006420156612959078,-0.0026119834089606154,0.000675043344509205,0.006468127184537345,-0.005360943468868968,0.004307464578045478,0.0017251183937104203,0.0022136252830038715,-0.0011320265207927934,-0.001099098163758308,0.0017251183937104112,0.004307464578045476,-0.005360943468868969,0.006468127184537347,0.0006750433445092088,-0.0026119834089606123,0.006420156612959078,-2.255512865042075e-05,-0.032759431802117475,0.018917027947792917,-0.07307938373712194,-0.2512375616751111,-0.17829334517605655,0.09799324348616384,-0.020396164010796792,-0.3135733374198038,-0.1690204880128879,-0.10608134815464845,0.0,-2.0318782202961585
412,-2.0783197541222194,-0.10231716799303692,-0.1797028207532336,-0.3057853198938988,-0.023804622081449824,0.10140541762578935,-0.16978337047953304,-0.25066374535199953,-0.0816578835895006,0.017168077103703997,-0.03363222862128717,-0.0021521560012444925,0.006645139176688456,-0.002062705057518499,-0.00028003589324115594,0.007086296058120691,-0.005286034096179395,0.003829613367018561,0.0017115285431279575,0.0021090765911402085,-0.0011976820030343283,-0.0010420339051178268,0.001711528543127949,0.003829613367018561,-0.005286034096179394,0.007086296058120689,-0.00028003589324115003,-0.0020627050575184936,0.006645139176688455,-0.00215215600124451,-0.03363222862128716,0.01716807710370401,-0.08165788358950067,-0.2506637453519995,-0.16978337047953299,0.10140541762578935,-0.023804622081449806,-0.30578531989389884,-0.1797028207532337,-0.10231716799303696,0.0,-2.0386946751923607
413,-2.08474786660139,-0.09854705313851561,-0.19034346095605667,-0.2978376806105351,-0.02719098995831332,0.1046705636043114,-0.1609189303265762,-0.2493776722675027,-0.08993334649626047,0.015338497779856238,-0.03431004207798171,-0.004266661045811797,0.0068146571121781956,-0.0014932234725887432,-0.0012319345231318625,0.007612084225493323,-0.005132730456807854,0.0032876562772626706,0.001665824223434227,0.001960442635101983,-0.001235603421486286,-0.0009583718087436002,0.00166582422343422,0.0032876562772626706,-0.0051327304568078574,0.007612084225493323,-0.0012319345231318506,-0.001493223472588739,0.006814657112178195,-0.00426666104581181,-0.0343100420779817,0.015338497779856254,-0.08993334649626049,-0.24937767226750265,-0.16091893032657614,0.10467056360431143,-0.027190989958313292,-0.297837680610535,-0.1903434609560569,-0.09854705313851572,0.0,-2.04262241681022
414,-2.0885190085852514,-0.0947712222686959,-0.20093993990501177,-0.28973456828473454,-0.03055212516248611,0.10778394727221227,-0.15171853146384762,-0.2473829967763767,-0.09787506175449563,0.013436882446949114,-0.03478894253826561,-0.006351238528734473,0.00692729551313034,-0.0009091164605500738,-0.002169841015866501,0.008038637233804173,-0.004903306112780158,0.0026906654087896264,0.0015888630130604796,0.0017708302566439153,-0.0012449126507066259,-0.0008502473434077076,0.0015888630130604737,0.0026906654087896285,-0.0049033061127801624,0.008038637233804175,-0.002169841015866487,-0.0009091164605500707,0.006927295513130342,-0.006351238528734483,-0.0347889425382656,0.013436882446949124,-0.09787506175449563,-0.2473829967763768,-0.15171853146384762,0.10778394727221226,-0.03055212516248611,-0.28973456828473454,-0.2009399399050119,-0.09477122226869593,0.0,-2.0435855285052695
415,-2.0895481725019063,-0.09098989439273458,-0.2114897991295285,-0.2814802127893724,-0.033884908630462,0.11074105452081584,-0.14220138203625016,-0.24468538671504264,-0.10545355721737779,0.011472161886948022,-0.035066153569358015,-0.008391266636736653,0.00698211422661984,-0.00031610507701485853,-0.003083102762853054,0.008360394312261153,-0.004601163530459896,0.0020486341004952637,0.0014820889828188774,0.001544202854644075,-0.0012253941219914901,-0.0007204203780260518,0.001482088982818872,0.0020486341004952676,-0.0046011635304599036,0.008360394312261153,-0.0030831027628530397,-0.0003161050770148558,0.00698211422661984,-0.008391266636736667,-0.035066153569358,0.011472161886948036,-0.10545355721737779,-0.24468538671504272,-0.1422013820362501,0.11074105452081584,-0.033884908630462,-0.2814802127893723,-0.2114897991295284,-0.09098989439273462,0.0,-2.0415145805598365
416,-2.087750350779458,-0.08720328883863082,-0.2219905909751978,-0.2730789229471591,-0.03718624760855588,0.11353759782731397,-0.13238735148509753,-0.2412925072965256,-0.11264070866693182,0.009453563250392136,-0.03514006803604447,-0.010372436038398894,0.006978655700218761,0.0002800024082408992,-0.003961347067017706,0.008573160865282547,-0.004230783620439663,0.0013723096464913571,0.0013475055999082855,0.0012852975396124974,-0.0011774998151811804,-0.0005722047362100587,0.0013475055999082823,0.0013723096464913602,-0.004230783620439673,0.008573160865282547,-0.003961347067017689,0.0002800024082409024,0.006978655700218761,-0.010372436038398896,-0.03514006803604447,0.009453563250392153,-0.11264070866693182,-0.24129250729652568,-0.13238735148509762,0.11353759782731393,-0.03718624760855582,-0.273078922947159,-0.2219905909751979,-0.08720328883863093,0.0,-2.0363473215760814
417,-2.0830405358461226,-0.08341162524050447,-0.23243987917164718,-0.26453508428140876,-0.04045307852291457,0.11616952247126433,-0.12229692906566215,-0.23721399932988224,-0.11940984418457219,0.0073905667218312834,-0.03501025741806807,-0.012280850253836767,0.0069169488010246884,0.0008733674005696288,-0.004794598954423394,0.008674163155465214,-0.0037976592836185983,0.0006730133915912491,0.00118763813561952,0.0009995261155857512,-0.001102338792411447,-0.0004093836111660756,0.0011876381356195182,0.0006730133915912555,-0.0037976592836186074,0.008674163155465212,-0.004794598954423372,0.0008733674005696325,0.0069169488010246884,-0.012280850253836779,-0.035010257418068055,0.007390566721831288,-0.11940984418457219,-0.23721399932988224,-0.12229692906566213,0.1161695224712643,-0.04045307852291456,-0.26453508428140876,-0.2324398791716472,-0.08341162524050445,0.0,-2.0280293675463366
418,-2.074477440627162,-0.07961512352585653,-0.24283523939777585,-0.2558531567267703,-0.04368236982244995,0.11863301241354775,-0.11195118107070533,-0.23246145182600655,-0.12573584313207542,0.0052928609969091715,-0.034677474294482126,-0.014103123128522714,0.00679750857471727,0.0014581781667622053,-0.0055733944686055335,0.008662084463493525,-0.0033082139490078254,-3.754878253608089e-05,0.0010054862821075332,0.000692861959147068,-0.0010016515161712517,-0.0002361129999708535,0.0010054862821075325,-3.7548782536073355e-05,-0.0033082139490078354,0.008662084463493525,-0.005573394468605511,0.0014581781667622115,0.0067975085747172675,-0.014103123128522726,-0.03467747429448212,0.0052928609969091775,-0.12573584313207542,-0.23246145182600655,-0.11195118107070531,0.11863301241354772,-0.043682369822449954,-0.2558531567267702,-0.2428352393977758,-0.0796151235258565,0.0,-2.0165148810115094
419,-2.0612948971532306,-0.0758140039028129,-0.2531742598442173,-0.24703767230111445,-0.04687112479205494,0.12092449582925988,-0.10137170684929646,-0.22704836906765263,-0.13159522937566512,0.003170297780191215,-0.034143647980561694,-0.015826472727542062,0.006621331946653954,0.0020287067582627255,-0.006288888160843959,0.00853708225358931,-0.0027697063113848617,-0.000747482408173266,0.0008044678673113672,0.0003717151600989051,-0.0008777695463696265,-5.6815622056037584e-05,0.0008044678673113682,-0.0007474824081732585,-0.0027697063113848756,0.00853708225358931,-0.006288888160843936,0.00202870675826273,0.006621331946653955,-0.015826472727542076,-0.03414364798056168,0.0031702977801912322,-0.13159522937566506,-0.22704836906765263,-0.10137170684929647,0.12092449582925983,-0.04687112479205491,-0.24703767230111426,-0.2531742598442172,-0.07581400390281288,0.0,-2.0017672325804288
420,-2.0436705765113734,-0.07200848684735152,-0.26345454177289895,-0.2380932327397938,-0.05001638433349286,0.12304065028651588,-0.09058059371274363,-0.22099013223724548,-0.13696625840724963,0.0010328455174341744,-0.033411873342568434,-0.01743881099168267,0.006389889400886351,0.0025793651137516875,-0.006932953555511821,0.008300786120724919,-0.002190122681580472,-0.001444903539201185,0.0005883547241336562,4.279853367724259e-05,-0.0007335615496844984,0.0001239319703755674,0.0005883547241336591,-0.0014449035392011744,-0.002190122681580486,0.008300786120724919,-0.006932953555511795,0.002579365113751692,0.0063898894008863494,-0.017438810991682676,-0.033411873342568434,0.001032845517434183,-0.13696625840724969,-0.22099013223724556,-0.09058059371274362,0.1230406502865159,-0.05001638433349284,-0.2380932327397938,-0.26345454177289895,-0.07200848684735155,0.0,-1.9837596370413793
421,-2.021782149787952,-0.06819879309051424,-0.27367370007356884,-0.22902450709350963,-0.05311522971137897,0.12497840756365917,-0.07960037082178015,-0.214303955711513,-0.1418289980395005,-0.0011094574204097412,-0.03248639285521605,-0.01892882852648503,0.006105112706549538,0.0031047597915989794,-0.007498275449430333,0.007956276546360592,-0.0015780585458916902,-0.0021181376826191205,0.0003612019172059459,-0.00028701269499422564,-0.000572366871425306,0.00030151620850374415,0.00036120191720595015,-0.002118137682619111,-0.0015780585458917056,0.007956276546360592,-0.007498275449430308,0.003104759791598983,0.006105112706549534,-0.018928828526485038,-0.03248639285521605,-0.0011094574204097304,-0.14182899803950053,-0.21430395571151303,-0.0796003708217801,0.12497840756365916,-0.053115229711378956,-0.22902450709350952,-0.2736737000735686,-0.06819879309051423,0.0,-1.9624757563508013
422,-1.9958072880698965,-0.06438514360560368,-0.2838293638171612,-0.2198362292910393,-0.05616478526170628,0.1267349580978893,-0.06845396215127938,-0.20700883814712814,-0.14616540237530734,-0.0032465498815867325,-0.03137257200585777,-0.020286073929518634,0.005769378794067805,0.0035997447961078266,-0.007978432996906395,0.0075080447396576626,-0.0009425910911483081,-0.00275591522392086,0.000127271655201827,-0.0006108246012449591,-0.0003979182081492785,0.0004714042678910094,0.00012727165520183298,-0.0027559152239208483,-0.0009425910911483249,0.007508044739657662,-0.007978432996906367,0.0035997447961078296,0.005769378794067802,-0.020286073929518637,-0.03137257200585777,-0.0032465498815867173,-0.14616540237530734,-0.20700883814712817,-0.06845396215127938,0.12673495809788926,-0.05616478526170625,-0.21983622929103921,-0.28382936381716123,-0.06438514360560367,0.0,-1.9379102619319823
423,-1.9659236624439116,-0.060567759595366165,-0.29391917680587215,-0.21053319566809756,-0.05916222106040166,0.12830775505885944,-0.05716463863069582,-0.19912550849634922,-0.14995937877710575,-0.0053683951849234825,-0.030076868187991015,-0.021501027099460668,0.005385489915756431,0.004059471980141282,-0.008367972636785043,0.006961934087698707,-0.0002931445859434596,-0.0033475600750002567,-0.00010904668362176995,-0.0009218686620683024,-0.00021425517165908622,0.0006292597684884123,-0.00010904668362176296,-0.003347560075000246,-0.0002931445859434763,0.006961934087698706,-0.008367972636785013,0.004059471980141285,0.00538548991575643,-0.02150102709946067,-0.03007686818799101,-0.0053683951849234695,-0.14995937877710577,-0.19912550849634927,-0.05716463863069579,0.12830775505885944,-0.05916222106040165,-0.2105331956680976,-0.29391917680587204,-0.06056775959536615,0.0,-1.9100693489555556
424,-1.9323089439967007,-0.05674686247916139,-0.3039407981198155,-0.20112026246362077,-0.06210475554943671,0.1296945180413372,-0.04575596956015145,-0.19067636710605587,-0.15319684758754953,-0.007465028256285127,-0.028606793264419294,-0.022565166012766643,0.0049566502564119645,0.004479438530461076,-0.008662470033221665,0.006325063978000611,0.00036064938551466885,-0.0038831683867114534,-0.00034331891204486103,-0.0012136432361066448,-2.5630745932865027e-05,0.0007710534604129617,-0.00034331891204485236,-0.0038831683867114417,0.00036064938551465275,0.006325063978000609,-0.008662470033221636,0.004479438530461076,0.004956650256411964,-0.022565166012766646,-0.02860679326441929,-0.007465028256285114,-0.1531968475875496,-0.19067636710605596,-0.04575596956015143,0.12969451804133722,-0.06210475554943671,-0.20112026246362072,-0.3039407981198153,-0.05674686247916141,0.0,-1.8789711956006558
425,-1.8951408038149662,-0.05292267388011932,-0.31389190266013683,-0.19160234328478068,-0.06498965811805556,0.13089323637157382,-0.03425177340359808,-0.18168542206754454,-0.15586579437990208,-0.009526602428736573,-0.02697087001711215,-0.023471026499542476,0.004486439189114113,0.004855531070682064,-0.008858580326659463,0.005605736986410594,0.0010090947641350867,-0.004353774334521746,-0.0005711492352829938,-0.0014800494651061244,0.00016358719688794,0.0008931660702504673,-0.0005711492352829846,-0.004353774334521734,0.001009094764135069,0.005605736986410591,-0.008858580326659435,0.004855531070682067,0.004486439189114111,-0.023471026499542476,-0.026970870017112153,-0.009526602428736557,-0.15586579437990208,-0.18168542206754457,-0.034251773403598085,0.13089323637157382,-0.06498965811805554,-0.19160234328478062,-0.3138919026601368,-0.052922673880119356,0.0,-1.8446463607061219
426,-1.8545969129855262,-0.04909541561228557,-0.32377018168845567,-0.1819844065420535,-0.06781425163672482,0.13190217202258894,-0.022676068061787825,-0.17217822099794644,-0.15795631454424183,-0.011543435686614064,-0.025178582736245597,-0.024212254599333283,0.0039787813994636425,0.0051840659498744454,-0.008954076124268729,0.004813330640332888,0.0016425748128677993,-0.004751500202085332,-0.0007882627320048146,-0.001715518756141987,0.00034901704091277596,0.0009924806827395828,-0.0007882627320048046,-0.0047515002020853195,0.0016425748128677826,0.004813330640332888,-0.0089540761242687,0.00518406594987445,0.003978781399463639,-0.024212254599333283,-0.025178582736245594,-0.011543435686614055,-0.15795631454424186,-0.17217822099794647,-0.022676068061787843,0.13190217202258897,-0.06781425163672478,-0.18198440654205342,-0.3237701816884554,-0.04909541561228561,0.0,-1.8071381137103295
427,-1.81085494259497,-0.04526530966775545,-0.33357334336251027,-0.17227147285567823,-0.07057591494145414,0.13271986213414394,-0.011053020728868932,-0.16218177844710868,-0.15946065004402032,-0.013506056136325342,-0.02324032223488411,-0.024783651129590696,0.0034379141276186962,0.00546182532220565,-0.008947872798357894,0.003958175168317937,0.0022516947372460145,-0.00506968825041138,-0.0009905855673262316,-0.0019151291798998,0.0005263648891726252,0.0010664622998014528,-0.000990585567326221,-0.005069688250411369,0.0022516947372459993,0.003958175168317937,-0.008947872798357868,0.005461825322205652,0.003437914127618693,-0.024783651129590707,-0.023240322234884096,-0.013506056136325339,-0.15946065004402038,-0.1621817784471086,-0.011053020728868884,0.13271986213414397,-0.07057591494145413,-0.1722714728556781,-0.33357334336251027,-0.0452653096677555,0.0,-1.7665026913404445
428,-1.7640925637301144,-0.041432578203797706,-0.3432991132678859,-0.16246861243486455,-0.07327208526618181,0.1333451211337489,0.0005931025627057074,-0.15172449913621114,-0.16037321820656728,-0.015405246490328664,-0.02116732560808205,-0.0251812081542028,0.002868351801548685,0.005686088664238679,-0.008840040805420665,0.0030514188297352,0.002827421014419868,-0.005303012165200211,-0.0011743214326951478,-0.002074708351981424,0.0006915239950318008,0.0011132225461766671,-0.0011743214326951368,-0.005303012165200201,0.002827421014419854,0.0030514188297352,-0.008840040805420642,0.005686088664238682,0.0028683518015486837,-0.0251812081542028,-0.021167325608082054,-0.01540524649032865,-0.16037321820656728,-0.1517244991362111,0.0005931025627057247,0.13334512113374897,-0.07327208526618179,-0.16246861243486455,-0.3432991132678858,-0.04143257820379779,0.0,-1.7228094761408548
429,-1.7144874474776635,-0.03759744352996889,-0.35294523494569674,-0.15258094243111317,-0.07590026062096827,0.1337770424556299,0.012237987603620125,-0.14083609724623525,-0.1606906324406987,-0.017232087355375084,-0.018971611085652425,-0.025402137096286276,0.0022748483566994776,0.0058546594211896655,-0.008631804885901167,0.002104882580163203,0.0033612153643693345,-0.00544756621677299,-0.0013360227783778989,-0.0021909206467450332,0.0008406698598623516,0.0011315678700629579,-0.0013360227783778878,-0.005447566216772981,0.003361215364369321,0.002104882580163202,-0.00863180488590114,0.0058546594211896655,0.002274848356699476,-0.025402137096286272,-0.018971611085652422,-0.017232087355375077,-0.16069063244069873,-0.1408360972462353,0.012237987603620146,0.1337770424556299,-0.07590026062096825,-0.15258094243111311,-0.35294523494569674,-0.03759744352996899,0.0,-1.6761410926195703
430,-1.6622172649244338,-0.03376012809521869,-0.3625094704161029,-0.14261362426703147,-0.0784580021137907,0.13401499985516216,0.023857322769717623,-0.12954751198562517,-0.1604117148045459,-0.018977999121714474,-0.01666590835629471,-0.025444888298049615,0.001662357556574323,0.005965886521156952,-0.008325530153766107,0.0011309059671557441,0.0038451613764428987,-0.005500930640100769,-0.0014726555019681708,-0.0022613369206799065,0.0009703487948564945,0.00112103000843596,-0.0014726555019681593,-0.0055009306401007626,0.0038451613764428874,0.001130905967155742,-0.008325530153766084,0.005965886521156951,0.0016623575565743209,-0.025444888298049615,-0.016665908356294706,-0.018977999121714467,-0.160411714804546,-0.1295475119856252,0.023857322769717672,0.13401499985516216,-0.0784580021137907,-0.14261362426703147,-0.36250947041610276,-0.03376012809521878,0.0,-1.6265934175333854
431,-1.6074596871569016,-0.029920854474987386,-0.3719896006975404,-0.13257186094204096,-0.08094293621378416,0.13405864831686526,0.03542684977862655,-0.11789081967705393,-0.15953750037696246,-0.020634782256535863,-0.014263584767028938,-0.025309161890529164,0.0010359916454206147,0.006018680546599914,-0.007924695233876638,0.00014218626536863493,0.004272081913293379,-0.005462212140502747,-0.0015816558791278874,-0.0022844852879135014,0.0010775578961998776,0.0010818779394279965,-0.0015816558791278755,-0.005462212140502737,0.004272081913293368,0.00014218626536863384,-0.007924695233876617,0.006018680546599916,0.0010359916454206113,-0.02530916189052915,-0.014263584767028947,-0.02063478225653586,-0.15953750037696243,-0.11789081967705398,0.035426849778626576,0.1340586483168653,-0.08094293621378412,-0.13257186094204088,-0.37198960069754045,-0.029920854474987456,0.0,-1.5742755016198775
432,-1.5503923852621115,-0.026079845358295457,-0.38138342632154343,-0.12246089431638031,-0.08335275695382861,0.13390792455464276,0.04692241433502139,-0.10589914261309921,-0.15807123341628945,-0.022194655812407354,-0.011778567825795885,-0.02499590989695436,0.0004009786781338748,0.006012524404675404,-0.00743385275226176,-0.0008483870518334241,0.004635645551057645,-0.00533205884696791,-0.0016609786683333431,-0.002259881886508803,0.0011598145816645415,0.0010151110166813052,-0.0016609786683333323,-0.005332058846967904,0.004635645551057636,-0.0008483870518334252,-0.00743385275226174,0.006012524404675404,0.00040097867813387243,-0.024995909896954358,-0.011778567825795885,-0.022194655812407343,-0.15807123341628945,-0.10589914261309921,0.04692241433502142,0.13390792455464273,-0.08335275695382861,-0.12246089431638028,-0.38138342632154354,-0.026079845358295474,0.0,-1.5193094009090817
433,-1.4911930303265393,-0.022237323534827446,-0.39068876784303924,-0.1122860023748231,-0.08568522807043867,0.1335630471035404,0.05832001655878466,-0.09360655493981333,-0.15601835532073238,-0.023650293969863758,-0.009225264456515619,-0.02450732955498892,-0.00023738111646879757,0.005947478391920838,-0.006858577628039188,-0.0018279003463740544,0.004930460477224431,-0.00511264946278871,-0.001709135487007464,-0.002188040992455159,0.0012152140784009178,0.0009224334609208312,-0.0017091354870074535,-0.005112649462788704,0.004930460477224422,-0.0018279003463740548,-0.006858577628039169,0.005947478391920837,-0.00023738111646880053,-0.024507329554988914,-0.009225264456515605,-0.023650293969863755,-0.15601835532073238,-0.09360655493981329,0.058320016558784674,0.13356304710354036,-0.08568522807043867,-0.11228600237482296,-0.39068876784303913,-0.022237323534827446,0.0,-1.4618299166016333
434,-1.430039293437002,-0.018393511882009148,-0.3999034663459961,-0.10205249647153844,-0.08793818507896935,0.13302451600289172,0.06959586109078854,-0.08104798583561786,-0.15338648443502975,-0.024994860442522773,-0.006618477474724601,-0.02384684790468722,-0.0008737595747855059,0.005824179603677758,-0.0062054037542766585,-0.002783584164486399,0.00515215445364256,-0.004807656795119864,-0.0017252227389630765,-0.0020704642699435226,0.0012424735307156715,0.0008062108598472919,-0.0017252227389630672,-0.004807656795119859,0.005152154453642553,-0.0027835841644864,-0.006205403754276643,0.005824179603677758,-0.0008737595747855099,-0.02384684790468721,-0.006618477474724595,-0.024994860442522762,-0.1533864844350297,-0.08104798583561783,0.06959586109078854,0.1330245160028917,-0.0879381850789693,-0.1020524964715383,-0.39990346634599616,-0.018393511882009148,0.0,-1.4019842433748324
435,-1.3671088456802036,-0.014548633352080226,-0.4090253839443121,-0.09176571855753227,-0.09010953728221287,0.13229311207130856,0.08072640677168735,-0.06825912026063827,-0.15018538777835239,-0.02622204058314868,-0.003973319768025066,-0.023019097750270716,-0.0015028450707281066,0.005643835694040255,-0.00548174978696346,-0.0037029797060713298,0.005297439658782149,-0.004422186273959915,-0.001708938569137298,-0.0019096093826237003,0.001240961706455818,0.0006694097866874947,-0.0017089385691372895,-0.004422186273959915,0.005297439658782145,-0.0037029797060713293,-0.0054817497869634494,0.005643835694040255,-0.0015028450707281077,-0.023019097750270705,-0.003973319768025064,-0.026222040583148674,-0.15018538777835236,-0.06825912026063828,0.08072640677168742,0.13229311207130853,-0.09010953728221284,-0.0917657185575322,-0.4090253839443119,-0.014548633352080259,0.0,-1.339931526864709
436,-1.3025793581429606,-0.010702910959162405,-0.41805240427781964,-0.08143103839211763,-0.09219726971052217,0.13136989577456884,0.09168841579000413,-0.055276297558497854,-0.1464269447983522,-0.027326071039880287,-0.0013051266788867968,-0.022029885164334975,-0.0021193868499879732,0.005408213047446668,-0.004695834884970509,-0.004574101244210019,0.005364161447608865,-0.003962690489718095,-0.0016605885274848583,-0.0017088386219511345,0.0012107136141047072,0.0005155220786339108,-0.0016605885274848507,-0.0039626904897180956,0.005364161447608862,-0.004574101244210017,-0.004695834884970499,0.005408213047446668,-0.0021193868499879745,-0.02202988516433497,-0.0013051266788867905,-0.027326071039880283,-0.1464269447983522,-0.05527629755849786,0.0916884157900042,0.13136989577456878,-0.09219726971052214,-0.08143103839211752,-0.4180524042778194,-0.01070291095916244,0.0,-1.275842331961846
437,-1.2366285019118628,-0.00685656776632384,-0.4269824330033006,-0.07105385073986757,-0.09419944499166066,0.1302562056880424,0.10245900219690211,-0.042136408198691785,-0.14212510328587166,-0.02830176682334481,0.0013706329022366136,-0.020886148762422087,-0.0027182388562265406,0.005119619477768281,-0.003856585358012483,-0.005385592377444133,0.005351330305940314,-0.003436861179966336,-0.0015810798357552335,-0.001472348626426276,0.0011524296921098173,0.0003484757079606904,-0.001581079835755228,-0.003436861179966336,0.005351330305940314,-0.005385592377444133,-0.003856585358012478,0.005119619477768281,-0.002718238856226542,-0.020886148762422074,0.0013706329022366147,-0.02830176682334481,-0.14212510328587163,-0.04213640819869179,0.10245900219690217,0.1302562056880424,-0.09419944499166062,-0.0710538507398675,-0.4269824330033005,-0.006856567766323858,0.0,-1.209898024442352
438,-1.1694339480737277,-0.003009826872640867,-0.43581339828039,-0.06063957255451662,-0.0961142051486435,0.12895365655588498,0.11301567968635519,-0.02887678895294681,-0.13729582761391645,-0.02914454565753938,0.004038446218037961,-0.019595911033617977,-0.003294402683388884,0.0047808816243493785,-0.002973533282891251,-0.006126874077836227,0.005259136525387087,-0.0028535004734660924,-0.0014719043647295927,-0.0012050826607798366,0.0010674595892146543,0.0001725345208242359,-0.0014719043647295883,-0.0028535004734660963,0.005259136525387088,-0.006126874077836227,-0.0029735332828912508,0.004780881624349379,-0.003294402683388885,-0.019595911033617963,0.004038446218037966,-0.029144545657539375,-0.13729582761391643,-0.02887678895294685,0.11301567968635523,0.12895365655588498,-0.09611420514864345,-0.06063957255451662,-0.43581339828038995,-0.003009826872640901,0.0,-1.1422900693237585
439,-1.1011733677152584,0.0008370885997423942,-0.4445432512522607,-0.050193640151278314,-0.09793977332390141,0.1274641369498132,0.1233364085409625,-0.01553511680342052,-0.1319570394929798,-0.029850449500118087,0.006682846579805396,-0.01816822206855569,-0.0038430692956325616,0.004395317266393914,-0.0020567082395228278,-0.006788282604777432,0.005088947381242459,-0.002222373546782766,-0.0013351106413261916,-0.000912627288700346,0.0009577709113846821,-7.810597092027519e-06,-0.0013351106413261886,-0.0022223735467827702,0.00508894738124246,-0.006788282604777432,-0.0020567082395228278,0.004395317266393911,-0.0038430692956325624,-0.018168222068555676,0.006682846579805409,-0.029850449500118083,-0.13195703949297982,-0.015535116803420554,0.12333640854096252,0.12746413694981318,-0.0979397733239014,-0.05019364015127821,-0.44454325125226046,0.0008370885997423425,0.0,-1.0732192501796005
440,-1.032024431923158,0.004683955518555632,-0.4531699665209747,-0.03972150636905615,-0.09967445542816769,0.1257898065308564,0.13339964164539792,-0.00214930188419847,-0.1261285514625785,-0.030416163131016444,0.009288503035788038,-0.016613096079532035,-0.004359659166650234,0.003966702826866426,-0.0011165233963947028,-0.007361195486625091,0.0048432868551739105,-0.001554045159944874,-0.0011732654108222228,-0.0006010955989165671,0.0008259036590375613,-0.0001879563500998776,-0.0011732654108222217,-0.0015540451599448783,0.004843286855173915,-0.00736119548662509,-0.0011165233963947056,0.003966702826866426,-0.004359659166650235,-0.01661309607953203,0.009288503035788044,-0.03041616313101644,-0.12612855146257848,-0.00214930188419847,0.133399641645398,0.1257898065308564,-0.09967445542816766,-0.03972150636905615,-0.4531699665209745,0.004683955518555598,0.0,-1.002894814456624
441,-0.9621648117841306,0.008530550754344886,-0.4616915426173925,-0.029228637724029925,-0.10131664171255762,0.12393309291805452,0.14318436947142868,0.01124262023970585,-0.11983199336581732,-0.030839029722113123,0.011840309252624408,-0.014941441158003528,-0.004839860503357285,0.0034992363841913547,-0.000163657239278724,-0.007838143927806991,0.004525798203438108,-0.0008597028074621052,-0.0009894054754239331,-0.00027699942551767334,0.0006749114096496889,-0.00036330453128551504,-0.0009894054754239338,-0.0008597028074621111,0.0045257982034381155,-0.007838143927806993,-0.00016365723927872882,0.0034992363841913525,-0.004839860503357285,-0.014941441158003513,0.01184030925262441,-0.03083902972211313,-0.11983199336581728,0.011242620239705833,0.14318436947142876,0.12393309291805453,-0.1013166417125576,-0.02922863772402986,-0.4616915426173923,0.008530550754344817,0.0,-0.9315335506060637
442,-0.8917721783848794,0.012376651193414587,-0.47010600246552997,-0.018720511556100862,-0.10286480826238202,0.12189668816864253,0.1526701639405855,0.024602596649760753,-0.11309073207983872,-0.03111706331480747,0.014323471094542342,-0.013164982762162282,-0.00527966523490486,0.0029974965540338783,0.0007910677134920392,-0.008212910175993692,0.004141189925749548,-0.00015096944506884344,-0.0007869807128677216,5.288676655642985e-05,0.0005082906077411005,-0.0005293793913981934,-0.0007869807128677231,-0.00015096944506884992,0.004141189925749555,-0.008212910175993692,0.0007910677134920307,0.002997496554033873,-0.00527966523490486,-0.013164982762162268,0.014323471094542352,-0.03111706331480747,-0.11309073207983873,0.024602596649760822,0.15267016394058558,0.1218966881686425,-0.102864808262382,-0.018720511556100692,-0.4701060024655298,0.012376651193414483,0.0,-0.8593588035559708
443,-0.8210242028122209,0.016222033750768736,-0.47841139384125686,-0.008202613169687987,-0.10431751841130828,0.1196835448748248,0.1618372210729105,0.03789266520063639,-0.10592978480004298,-0.03124895814691274,0.016723592392588568,-0.01129618147127154,-0.00567540246663076,0.0024663976438960623,0.0017368078316477428,-0.008480608580008965,0.0036951659361088973,0.0005602910729429763,-0.000569789344229461,0.00038166748570234594,0.0003298995996316842,-0.0006819418820161329,-0.0005697893442294644,0.0005602910729429678,0.003695165936108909,-0.008480608580008969,0.0017368078316477315,0.0024663976438960592,-0.005675402466630759,-0.011296181471271522,0.016723592392588565,-0.03124895814691274,-0.10592978480004295,0.037892665200636375,0.16183722107291057,0.11968354487482483,-0.10431751841130825,-0.008202613169687917,-0.47841139384125675,0.01622203375076863,0.0,-0.7865994357067319
444,-0.7500985561528593,0.02006647538305074,-0.48660578982522895,0.002319567029633163,-0.10567342407455692,0.1172968718827989,0.17066640233274283,0.05107506238899338,-0.09837572619988483,-0.031234094785062203,0.019026758406639536,-0.009348145583655003,-0.006023769119719827,0.0019111415197681236,0.0026628215333926396,-0.008637749281764535,0.0031943409711891043,0.0012621725889165364,-0.0003419066655521961,0.0007024703476169452,0.00014386928783634704,-0.0008170978569414194,-0.0003419066655522007,0.0012621725889165292,0.003194340971189117,-0.008637749281764537,0.0026628215333926245,0.0019111415197681206,-0.006023769119719828,-0.009348145583654993,0.019026758406639532,-0.03123409478506221,-0.09837572619988484,0.05107506238899346,0.17066640233274283,0.11729687188279887,-0.10567342407455686,0.0023195670296331282,-0.4866057898252291,0.020066475383050654,0.0,-0.7134887412180874
445,-0.6791729094934977,0.023909753101480146,-0.49468728924994854,0.012840536401155442,-0.1069312669998961,0.11474012964023493,0.17913927458522141,0.0641123306578345,-0.09045658981078339,-0.03107254303382763,0.021219616496321182,-0.007334539171402471,-0.006321857500835489,0.0013371666562784633,0.003558591286763844,-0.008682283711897276,0.0026461424908109966,0.0019429259451607223,-0.000107608580544783,0.0010085897262575932,-4.5492525973803476e-05,-0.000931397469991358,-0.00010760858054478858,0.0019429259451607143,0.002646142490811011,-0.00868228371189728,0.003558591286763828,0.0013371666562784598,-0.006321857500835487,-0.007334539171402458,0.02121961649632118,-0.031072543033827633,-0.0904565898107834,0.06411233065783456,0.17913927458522153,0.1147401296402349,-0.10693126699989607,0.012840536401155442,-0.49468728924994826,0.023909753101480077,0.0,-0.6402633218654552
446,-0.6084249339208392,0.02775164398478709,-0.5026540171408513,0.023354802936230983,-0.10808987993527365,0.11201702517895769,0.18723814858008708,0.0769674248315144,-0.08220176398812827,-0.03076506160788776,0.023289453533146792,-0.005269486236721673,-0.006567179571608413,0.0007500948693725312,0.004413943066263995,-0.008613631296003786,0.0020587005253685287,0.0025911556591770722,0.00012870863084523613,0.0012936269191148513,-0.0002338008943667979,-0.0010219232320650665,0.00012870863084522887,0.0025911556591770636,0.002058700525368544,-0.008613631296003788,0.004413943066263975,0.0007500948693725282,-0.006567179571608415,-0.005269486236721662,0.0232894535331468,-0.03076506160788776,-0.08220176398812826,0.07696742483151445,0.18723814858008717,0.1120170251789577,-0.1080898799352736,0.023354802936230913,-0.5026540171408513,0.02775164398478701,0.0,-0.5671619331687641
447,-0.5380323005215879,0.03159192519214207,-0.5105041251513164,0.03385687812513235,-0.10914818771200241,0.10913150674010468,0.1949461158824378,0.08960381737897516,-0.07364188284945897,-0.030313094568786458,0.02522426960507486,-0.0031674716422109106,-0.006757687715413489,0.00015567625324902884,0.005219161907996283,-0.008432687023315568,0.001440727103815952,0.003196010678534775,0.00036261080255261066,0.0015516238969737195,-0.0004166952639671239,-0.0010863644798352423,0.0003626108025526024,0.003196010678534764,0.0014407271038159664,-0.008432687023315568,0.005219161907996262,0.00015567625324902398,-0.006757687715413487,-0.0031674716422108954,0.02522426960507486,-0.030313094568786454,-0.07364188284945893,0.08960381737897516,0.19494611588243785,0.10913150674010465,-0.10914818771200237,0.033856878125132314,-0.5105041251513165,0.03159192519214204,0.0,-0.4944243098318061
448,-0.46817268038256055,0.03543037397608149,-0.5182357919914978,0.04434127982208758,-0.1101052082424947,0.10608775804955392,0.2022470841733364,0.10198560220610327,-0.06480871258955184,-0.029718764543014958,0.027012847586183577,-0.001043239509955272,-0.006891791828102124,-0.00044026713912952164,0.005965102250843125,-0.008141809779145715,0.0008013870503541862,0.0037473660222491992,0.0005897090833960297,0.001777187842440592,-0.0005899404503932846,-0.001123076355257313,0.0005897090833960206,0.0037473660222491884,0.0008013870503542013,-0.008141809779145713,0.005965102250843102,-0.000440267139129527,-0.006891791828102121,-0.0010432395099552547,0.027012847586183573,-0.029718764543014954,-0.06480871258955181,0.1019856022061033,0.20224708417333642,0.10608775804955385,-0.11010520824249466,0.04434127982208772,-0.5182357919914977,0.03543037397608149,0.0,-0.42228997976861604
449,-0.3990237445904605,0.03926676769542768,-0.5258472238508779,0.05480253510699271,-0.11096005343161895,0.10289019225192148,0.20912581084657025,0.1140775966822843,-0.055735033594305025,-0.028984862753268937,0.02864481816813086,0.001088310197896151,-0.006968372590039637,-0.0010318983203287063,0.0066432918104489935,-0.007744791593211393,0.00015016206595972901,0.004235992268074975,0.0008057422878085615,0.0019656038740522093,-0.0007495247100944819,-0.0011311217904483796,0.0008057422878085508,0.004235992268074965,0.00015016206595974596,-0.007744791593211394,0.006643291810448969,-0.001031898320328712,-0.00696837259003964,0.001088310197896166,0.02864481816813086,-0.028984862753268944,-0.05573503359430495,0.1140775966822843,0.2091258108465703,0.10289019225192142,-0.1109600534316189,0.05480253510699275,-0.525847223850878,0.039266767695427696,0.0,-0.35099707613076037
450,-0.3307631642318771,0.043100883828202576,-0.5333366548144477,0.06523518314230835,-0.11171193000083357,0.09954344551192353,0.21556793483142317,0.12584544161124844,-0.046454518790904176,-0.028114835909697822,0.03011071997637887,0.003212226191659129,-0.006986790808670657,-0.0016134225390103407,0.007246027806221545,-0.007246808204727322,-0.0005032898895117521,0.004653710048578181,0.0010066568510991758,0.0021129335997353677,-0.0008917526380908025,-0.0011102954262750605,0.001006656851099165,0.00465371004857817,-0.0005032898895117358,-0.007246808204727324,0.007246027806221519,-0.001613422539010345,-0.006986790808670657,0.00321222619165914,0.030110719976378868,-0.02811483590969783,-0.046454518790904176,0.12584544161124844,0.21556793483142322,0.09954344551192353,-0.11171193000083354,0.06523518314230828,-0.5333366548144477,0.04310088382820249,0.0,-0.2807811567821512
451,-0.26356861039374196,0.04693249998453484,-0.5407023472724121,0.07563377802365008,-0.11236014022433294,0.09605237029238096,0.2215600065750195,0.13725569886214098,-0.03700160868571773,-0.027112770022710515,0.03140205442265832,0.005313610726668952,-0.006946892753633474,-0.0021791440368177386,0.007766464448418391,-0.006654351588729829,-0.001149277829220407,0.004993526969797981,0.001188682888995298,0.00221609743959013,-0.0010133307404350084,-0.0010611288541300583,0.0011886828889952868,0.00499352696979797,-0.0011492778292203913,-0.006654351588729832,0.007766464448418364,-0.002179144036817743,-0.006946892753633471,0.005313610726668964,0.03140205442265831,-0.02711277002271052,-0.0370016086857177,0.13725569886214098,0.22156000657501954,0.09605237029238096,-0.11236014022433292,0.07563377802365012,-0.5407023472724121,0.046932499984534734,0.0,-0.21187404059359377
452,-0.1976177541626445,0.050761393919558966,-0.5479425923233311,0.0859928916225825,-0.11290408257652239,0.09242202831861203,0.2270895161216456,0.14827594638340166,-0.027411383553662967,-0.025983371213359367,0.03251133497566464,0.007377724100255233,-0.006849011439893056,-0.0027235218356709183,0.008198690691653654,-0.005975145323254065,-0.00177822146104223,0.0052497546605454245,0.0013484049343141385,0.0022729389972331857,-0.0011114436998414699,-0.0009848770471014995,0.0013484049343141272,0.005249754660545416,-0.0017782214610422144,-0.005975145323254065,0.008198690691653628,-0.0027235218356709227,-0.0068490114398930555,0.007377724100255243,0.03251133497566464,-0.025983371213359373,-0.02741138355366296,0.14827594638340166,0.22708951612164563,0.09242202831861206,-0.11290408257652235,0.08599289162258243,-0.5479425923233311,0.050761393919558896,0.0,-0.14450266974671425
453,-0.1330882666252875,0.0545873435463063,-0.5550557101705985,0.0963071164201345,-0.11334325229022141,0.08865768323941457,0.23214491923042713,0.15887487032947165,-0.01771943325335564,-0.024731943611424848,0.03343213056433833,0.009390088040165674,-0.00669396384818282,-0.0032412240090612266,0.008537797371711021,-0.0052180439006826165,-0.0023807932676165964,0.005418103992990657,0.00148282602348686,0.0022822701341705057,-0.0011838195684409957,-0.0008834863268784281,0.0014828260234868483,0.00541810399299065,-0.0023807932676165808,-0.0052180439006826165,0.008537797371710993,-0.00324122400906123,-0.006693963848182819,0.009390088040165686,0.03343213056433833,-0.024731943611424858,-0.01771943325335564,0.15887487032947167,0.23214491923042715,0.08865768323941457,-0.11334325229022135,0.09630711642013445,-0.5550557101705985,0.05458734354630623,0.0,-0.07888800694654285
454,-0.0701578188686027,0.058410126948586445,-0.5620400505121683,0.10657106832955664,-0.11367724182507721,0.08476479299527842,0.23671566147683265,0.1690223540385521,-0.007961725151166195,-0.023364364445000875,0.03415910286209824,0.0113365872592433,-0.006483044105955177,-0.0037271799057833743,0.008779932963132921,-0.0043929172958961,-0.0029480568376301993,0.0054957568805918955,0.001589423930440474,0.0022438958050259956,-0.0012287823780287698,-0.0007595446840348129,0.0015894239304404625,0.005495756880591888,-0.0029480568376301845,-0.004392917295896101,0.00877993296313289,-0.0037271799057833764,-0.006483044105955177,0.011336587259243313,0.034159102862098244,-0.023364364445000885,-0.007961725151166195,0.1690223540385521,0.23671566147683265,0.08476479299527843,-0.11367724182507717,0.10657106832955664,-0.562040050512168,0.05841012694858636,0.0,-0.015243976045766015
455,-0.009004081979179429,0.06222952239385944,-0.5688939929234383,0.11677938950684665,-0.11390574124575352,0.08074900190489365,0.24079220028768764,0.1786895636085855,0.001825529355676522,-0.02188705643857037,0.03468803723587205,0.013203568464024047,-0.006218012685757057,-0.0041766298145978,0.008922347324299059,-0.0035105222960564206,-0.003471599396822133,0.005481413451503485,0.0016661984926863486,0.0021586181345043553,-0.0012452909495388076,-0.0006162157197631078,0.0016661984926863377,0.005481413451503476,-0.0034715993968221183,-0.003510522296056421,0.008922347324299031,-0.004176629814597803,-0.006218012685757055,0.013203568464024056,0.034688037235872056,-0.02188705643857038,0.0018255293556765047,0.1786895636085855,0.24079220028768766,0.08074900190489366,-0.1139057412457535,0.11677938950684655,-0.5688939929234381,0.062229522393859336,0.0,0.04622354591508001
456,0.05019527295639309,0.06604530834609645,-0.5756159472332032,0.12692675114757496,-0.1140285385095443,0.0766161324814278,0.24436602486369435,0.18784902982829718,0.011606009221593416,-0.020306957649201377,0.03501586718049625,0.014977936122780514,-0.005901081711187714,-0.004585171583381165,0.008963422933143925,-0.00258236226943572,-0.003943656573215622,0.0053753138078029925,0.0017117091416066392,0.002028219650868869,-0.0012329630030552604,-0.00045715789518969426,0.001711709141606629,0.005375313807802986,-0.00394365657321561,-0.0025823622694357206,0.0089634229331439,-0.00458517158338117,-0.005901081711187711,0.014977936122780523,0.03501586718049625,-0.02030695764920139,0.01160600922159345,0.1878490298282972,0.2443660248636944,0.07661613248142783,-0.1140285385095443,0.12692675114757496,-0.5756159472332032,0.06604530834609632,0.0,0.10531767784331467
457,0.10726257485129675,0.06985726347862983,-0.5822043538925861,0.13700785626855377,-0.11404551966314481,0.07237217699043876,0.2474296739478642,0.19647472623049092,0.021343418542074485,-0.018631488882525526,0.035140692096827006,0.01664724432126793,-0.0055348964930848465,-0.004948803736152165,0.00890269325874243,-0.0016205372014188176,-0.004357227546251815,0.005179234006298354,0.0017251019327346562,0.0018554260263986663,-0.0011920840100582892,-0.0002864311494274053,0.0017251019327346468,0.005179234006298349,-0.004357227546251804,-0.0016205372014188178,0.008902693258742404,-0.004948803736152168,-0.005534896493084845,0.01664724432126795,0.03514069209682701,-0.018631488882525537,0.021343418542074534,0.19647472623049092,0.2474296739478642,0.07237217699043876,-0.11404551966314481,0.13700785626855388,-0.582204353892586,0.06985726347862972,0.0,0.1618514181844297
458,0.16202015261871514,0.07366516668699064,-0.5886576843368667,0.14701744247289256,-0.11395666894839798,0.06802328876166219,0.24997675140276662,0.20454214304581228,0.031001621249798255,-0.01686851884152713,0.035061788310492906,0.0181997840618702,-0.005122513450049919,-0.005263964665661488,0.00874084806010182,-0.0006375859526891799,-0.00470617887211211,0.004896456328194431,0.0017061255688432973,0.0016438491036481855,-0.0011236005829179216,-0.0001083932699323814,0.0017061255688432893,0.004896456328194429,-0.004706178872112101,-0.0006375859526891794,0.008740848060101798,-0.0052639646656614915,-0.005122513450049918,0.018199784061870207,0.035061788310492906,-0.016868518841527142,0.031001621249798272,0.20454214304581225,0.24997675140276665,0.06802328876166222,-0.11395666894839795,0.14701744247289256,-0.5886576843368667,0.07366516668699052,0.0,0.2156484570150392
459,0.21429033517205853,0.07746879710173325,-0.5949744413401223,0.1569502846970012,-0.1137620688169176,0.0635757732672721,0.25200193956407424,0.21202835684684018,0.040544775217586544,-0.015026327171818638,0.034779613267408256,0.01962466539380526,-0.00466737459760226,-0.005527567517672826,0.008479725551976947,0.0003536772039958064,-0.004985335445452733,0.004531714335290417,0.0016551361151904173,0.0013979113984102993,-0.0010290985547117431,7.241133969582874e-05,0.0016551361151904101,0.004531714335290414,-0.004985335445452726,0.0003536772039958064,0.008479725551976926,-0.005527567517672828,-0.0046673745976022595,0.019624665393805262,0.03477961326740825,-0.015026327171818649,0.04054477521758658,0.21202835684684027,0.25200193956407424,0.0635757732672721,-0.11376206881691756,0.15695028469700115,-0.5949744413401223,0.07746879710173314,0.0,0.2665439115285708
460,0.26389545142439585,0.08126793410124647,-0.6011531593625951,0.1668011979381041,-0.11346189985357504,0.05903607897954857,0.25350101034252276,0.21891209568461598,0.049937465270531,-0.013113565576957522,0.03429580288172332,0.020911893798305395,-0.004173278818891975,-0.0057370304252596475,0.00812229152668844,0.0013403296374471343,-0.005190557248548051,0.0040911136324407954,0.0015730903184460671,0.0011227536574703269,-0.0009107662569600349,0.000251367655277316,0.0015730903184460608,0.0040911136324407954,-0.005190557248548045,0.0013403296374471347,0.008122291526688417,-0.00573703042525965,-0.004173278818891973,0.020911893798305402,0.03429580288172332,-0.013113565576957533,0.04993746527053102,0.21891209568461603,0.2535010103425228,0.05903607897954857,-0.11346189985357502,0.16680119793810408,-0.6011531593625948,0.08126793410124633,0.0,0.3143849807073732
461,0.3106578302892511,0.08506235732455025,-0.6071924048907098,0.17656503996084277,-0.11305644060892014,0.054410788021209765,0.2544708340511103,0.22517379953252337,0.059144834613676,-0.011139217186423175,0.03361316205158695,0.022052440292985392,-0.0036443501567648587,-0.005890301796986937,0.007672605669075202,0.0023095088243043375,-0.005318800749618266,0.0035820296626780236,0.0014615276546627116,0.0008241274034377242,-0.0007713438456356668,0.00042390783019990416,0.0014615276546627073,0.003582029662678022,-0.005318800749618264,0.0023095088243043384,0.007672605669075182,-0.00589030179698694,-0.0036443501567648556,0.02205244029298539,0.03361316205158695,-0.01113921718642319,0.05914483461367599,0.2251737995325234,0.25447083405111043,0.05441078802120977,-0.1130564406089201,0.17656503996084263,-0.6071924048907099,0.08506235732455011,0.0,0.35903151592756555
462,0.35439980067980714,0.08885184668407725,-0.6130907767696618,0.18623671398155262,-0.11254606734069217,0.04970660662196307,0.25490938593910584,0.23079567586577096,0.0681327141875226,-0.009112554367078909,0.03273564839770641,0.023038304763666573,-0.0030850033918342467,-0.005985880411291924,0.007135775447171228,0.003248580031698195,-0.00536816403977664,0.0030129842458572155,0.0013225414431334626,0.0005082747127519094,-0.0006140598488784717,0.0005856277893633452,0.0013225414431334598,0.0030129842458572176,-0.0053681640397766385,0.0032485800316981958,0.007135775447171208,-0.005985880411291927,-0.003085003391834246,0.023038304763666577,0.03273564839770641,-0.009112554367078916,0.06813271418752258,0.230795675865771,0.25490938593910584,0.04970660662196306,-0.11254606734069215,0.18623671398155248,-0.6130907767696618,0.08885184668407715,0.0,0.4003565052310161
463,0.3949436915092477,0.09263618237843857,-0.6188469065284954,0.19581117132881531,-0.11193125366466042,0.04493035539511321,0.2548157504192247,0.23576175021854837,0.07686774947130771,-0.007043095176254056,0.03166834931898047,0.023862572079429774,-0.0024999071938674733,-0.006022830120248764,0.00651789810230985,0.004145301030316001,-0.0053379150391949775,0.0023935029275063274,0.0011587395681468824,0.00018179773981904574,-0.00044255640574380084,0.000732399642867886,0.0011587395681468804,0.0023935029275063305,-0.005337915039194977,0.004145301030316001,0.0065178981023098345,-0.006022830120248765,-0.0024999071938674703,0.02386257207942978,0.03166834931898046,-0.007043095176254064,0.07686774947130771,0.23576175021854842,0.2548157504192247,0.0449303553951132,-0.1119312536646604,0.19581117132881537,-0.6188469065284952,0.09263618237843847,0.0,0.43824647000777545
464,0.4321118316909818,0.0964151449051729,-0.6244594586976,0.20528341407889478,-0.11121257011511872,0.040088959448324954,0.25419012297914745,0.24005791157519865,0.08531752426348524,-0.00494055866096077,0.030417452498226104,0.02451946059729016,-0.001893945154049282,-0.006000789018700617,0.005825991397523602,0.004987981690582755,-0.005228502354177229,0.0017339555257931858,0.0009731955456403734,-0.00014847928543051836,-0.00026080492719047257,0.0008604770500961795,0.0009731955456403734,0.0017339555257931893,-0.005228502354177232,0.004987981690582755,0.005825991397523589,-0.006000789018700618,-0.0018939451540492787,0.024519460597290165,0.0304174524982261,-0.004940558660960785,0.0853175242634852,0.24005791157519865,0.25419012297914745,0.04008895944832495,-0.11121257011511866,0.2052834140788947,-0.6244594586975999,0.09641514490517279,0.0,0.4726017738468222
465,0.4657265501381928,0.10018851507347817,-0.6299271311185516,0.21464849766468275,-0.11039068361544127,0.03518943834287913,0.2530338097733901,0.24367195246642862,0.09345068098005185,-0.0028148192131791034,0.02899021002899225,0.02500436271626869,-0.001272175023372116,-0.005919972988951778,0.005067913910789466,0.005765636381377897,-0.005041548624125947,0.0010453825457761767,0.0007693908529188225,-0.0004756527019490611,-7.301413230024403e-05,0.0009665908447782172,0.0007693908529188242,0.0010453825457761813,-0.0050415486241259504,0.005765636381377901,0.005067913910789455,-0.005919972988951778,-0.0012721750233721145,0.02500436271626869,0.02899021002899224,-0.00281481921317911,0.09345068098005185,0.24367195246642867,0.2530338097733901,0.035189438342879124,-0.11039068361544126,0.21464849766468266,-0.6299271311185517,0.10018851507347808,0.0,0.5033368443173529
466,0.49561017576417793,0.10395607401692535,-0.6352486552462233,0.22390153345679323,-0.10946635685919201,0.030238895915979766,0.25134922489637845,0.2465936036566252,0.1012370370242847,-0.0006758601955770139,0.027394896371435898,0.025313877196402414,-0.0006397864973760658,-0.005781173586301251,0.004252275778417566,0.006468127184537345,-0.0047798264570690285,0.00033931036668020524,0.0005511496035416658,-0.000792883722298183,0.00011646741071647016,0.0010480324802166186,0.0005511496035416683,0.0003393103666802115,-0.004779826457069033,0.006468127184537344,0.0042522757784175585,-0.005781173586301251,-0.0006397864973760629,0.025313877196402414,0.02739489637143589,-0.0006758601955770268,0.10123703702428476,0.2465936036566252,0.2513492248963784,0.03023889591597976,-0.10946635685919198,0.2239015334567932,-0.6352486552462233,0.10395607401692525,0.0,0.5303803094211608
467,0.5215850374822328,0.10771760320615342,-0.6404227964430982,0.2330376913154553,-0.10844044760236046,0.025244509980869304,0.24913988534241904,0.248814563323713,0.10864769679603561,0.001466272944541515,0.025640760381012213,0.025445833015999057,-2.057899594282052e-06,-0.00558575028612797,0.0033883409023471524,0.007086296058120688,-0.004447217310633785,-0.00037244170412630175,0.0003225667931138949,-0.0010935413813459361,0.0003032519819242782,0.001102723164739134,0.00032256679311389963,-0.00037244170412629443,-0.004447217310633794,0.007086296058120691,0.003388340902347148,-0.00558575028612797,-2.0578995942801683e-06,0.02544583301599905,0.025640760381012213,0.0014662729445415019,0.1086476967960356,0.24881456332371307,0.24913988534241904,0.02524450998086932,-0.10844044760236043,0.23303769131545515,-0.6404227964430981,0.10771760320615334,0.0,0.5536750513929957
468,0.5434734642056545,0.11147288446154459,-0.6454483542657159,0.24205220211187503,-0.10731390786738232,0.02021352191968567,0.24641040366308992,0.2503285206486408,0.11565515892490984,0.003601519852863911,0.023737971688092788,0.02539930459979425,0.0006356878747481302,-0.005335617168463845,0.0024859217320655214,0.007612084225493323,-0.004048653928281968,-0.0010779592806300796,8.793146234962742e-05,-0.0013713411409295505,0.00048301431368146777,0.001129266922701081,8.793146234963348e-05,-0.0010779592806300705,-0.0040486539282819775,0.007612084225493325,0.0024859217320655205,-0.005335617168463847,0.0006356878747481321,0.025399304599794247,0.023737971688092777,0.0036015198528639024,0.11565515892490984,0.25032852064864086,0.24641040366308992,0.020213521919685673,-0.10731390786738226,0.242052202111875,-0.645448354265716,0.1114728844615445,0.0,0.5731781814048115
469,0.5610977848477399,0.1152216999658792,-0.6503241627431853,0.25094036021774946,-0.10608778305968229,0.015153226184150308,0.24316647833737953,0.2511311737474659,0.12223341832938021,0.005719852515705961,0.021697561739377234,0.025174618311197064,0.0012681277870593842,-0.005033224170473062,0.0015552678162018864,0.008038637233804172,-0.003590047184502322,-0.0017654323392423176,-0.00014835378085277886,-0.0016204762532806808,0.0006515917484852238,0.0011269862266595923,-0.00014835378085277146,-0.001765432339242309,-0.0035900471845023317,0.008038637233804173,0.001555267816201888,-0.005033224170473058,0.0012681277870593862,0.025174618311197057,0.02169756173937723,0.005719852515705946,0.12223341832938023,0.2511311737474659,0.24316647833737953,0.015153226184150326,-0.10608778305968226,0.25094036021774935,-0.6503241627431849,0.11522169996587911,0.0,0.5888609395366888
470,0.5742803283215574,0.11896383227697024,-0.6550490906476983,0.2596975259616324,-0.10476321099755963,0.01007095971931071,0.23941488187468019,0.25122024189508446,0.1283580627230907,0.007811322355763569,0.019531359842911374,0.024773350163085142,0.0018899830849029155,-0.0046815330904607915,0.0006069493896113362,0.008360394312261151,-0.0030781984238794366,-0.0024233529128913586,-0.0003818553702669578,-0.0018357391373710705,0.0008050806313432479,0.0010959392912110774,-0.00038185537026694943,-0.0024233529128913495,-0.0030781984238794496,0.008360394312261153,0.0006069493896113432,-0.004681533090460791,0.0018899830849029176,0.02477335016308514,0.019531359842911374,0.007811322355763553,0.12835806272309067,0.25122024189508446,0.23941488187468019,0.01007095971931074,-0.10476321099755961,0.2596975259616323,-0.6550490906476981,0.11896383227697008,0.0,0.6007085250982787
471,0.5828434235406315,0.12269906434027511,-0.6596220417569864,0.26831912805087016,-0.10334142085631659,0.004974091325671417,0.23516344667547218,0.25059547200587245,0.134006363210208,0.009866106954798141,0.017251924587491942,0.024198314763206705,0.0024960633618783994,-0.004283988578440912,-0.0003482626818497552,0.008573160865282549,-0.0025206985940899665,-0.0030407077288351347,-0.0006081919710850382,-0.002012630231092846,0.0009399267045666123,0.0010369185870679905,-0.0006081919710850289,-0.0030407077288351248,-0.00252069859408998,0.008573160865282549,-0.00034826268184974876,-0.004283988578440909,0.0024960633618784016,0.024198314763206694,0.017251924587491942,0.009866106954798132,0.13400636321020803,0.2505954720058725,0.2351634466754722,0.004974091325671417,-0.10334142085631659,0.26831912805087005,-0.6596220417569864,0.122699064340275,0.0,0.6087198630073881
472,0.5867691159246049,0.12642717950148558,-0.6640419551086509,0.27680066595784386,-0.10182373202760914,-0.0001299890248622684,0.23042104867921975,0.24925863935282477,0.13915735863361767,0.011874556183826022,0.014872471034055017,0.023453545571729538,0.00308130988010962,-0.0038444843973965493,-0.00129951923528673,0.008674163155465214,-0.001925815668729327,-0.003607162565529382,-0.0008231166896137145,-0.0021474520439757148,0.001053007411761319,0.0009514306133029797,-0.0008231166896137047,-0.0036071625655293726,-0.00192581566872934,0.008674163155465216,-0.0012995192352867214,-0.003844484397396545,0.003081309880109622,0.023453545571729534,0.014872471034055012,0.01187455618382601,0.13915735863361775,0.24925863935282472,0.2304210486792197,-0.000129989024862277,-0.10182373202760912,0.2768006659578439,-0.664041955108651,0.1264271795014854,0.0,0.6129073124460862
473,0.5862713210354484,0.1301479615190946,-0.6683078052463163,0.28513771226927187,-0.10021155289507903,-0.0052338809037369895,0.22519758883361612,0.2472135425231469,0.14379193336294344,0.013827237524165512,0.012406794101157036,0.02254426660941594,0.0036408377937417174,-0.003367325285688652,-0.002236016034016239,0.008662084463493524,-0.0013023720295390496,-0.00411323524250667,-0.0010225967603685016,-0.0022373864444912165,0.0011417042051502764,0.0008416574440723869,-0.0010225967603684912,-0.0041132352425066595,-0.0013023720295390658,0.008662084463493527,-0.0022360160340162264,-0.0033673252856886485,0.0036408377937417183,0.022544266609415935,0.012406794101157042,0.013827237524165491,0.14379193336294344,0.2472135425231469,0.2251975888336161,-0.005233880903736979,-0.10021155289507902,0.28513771226927176,-0.6683078052463162,0.13014796151909447,0.0,0.6132963244103218
474,0.5815201729988728,0.13386119457693865,-0.6724186024575439,0.2933259149973455,-0.09850637952740317,-0.010330184155665232,0.2195039724238675,0.2444659926246341,0.1478928882337142,0.015714980366494796,0.009869188588722426,0.021476855814870494,0.004169976921023165,-0.0028571847941525467,-0.003147116480550354,0.008537082253589314,-0.0006596136265116264,-0.004550454347499179,-0.0012028892153479083,-0.002280553566435457,0.0012039631818447812,0.0007104010313361,-0.0012028892153478972,-0.004550454347499172,-0.0006596136265116426,0.008537082253589316,-0.0031471164805503375,-0.0028571847941525432,0.0041699769210231654,0.021476855814870487,0.009869188588722422,0.015714980366494786,0.14789288823371421,0.24446599262463417,0.2195039724238675,-0.010330184155665258,-0.09850637952740313,0.2933259149973454,-0.672418602457544,0.13386119457693849,0.0,0.6099250550397978
475,0.5726858059409299,0.13756666329671577,-0.676373393003454,0.3013609998514928,-0.0967097942899729,-0.015411509628143175,0.21335208630516908,0.24102379677350796,0.15144500437441955,0.017528919079873764,0.007274366303721269,0.020258800307883344,0.004664310724662362,-0.0023190595108483762,-0.00402247242555849,0.008300786120724917,-7.072856287368844e-06,-0.004911501043789863,-0.0013606111156581149,-0.0022760511030915716,0.0012383426449447002,0.0005610116852426911,-0.0013606111156581034,-0.004911501043789854,-7.072856287384319e-06,0.008300786120724919,-0.004022472425558472,-0.002319059510848372,0.0046643107246623645,0.020258800307883334,0.00727436630372127,0.017528919079873757,0.15144500437441963,0.24102379677350802,0.21335208630516903,-0.015411509628143177,-0.09670979428997288,0.30136099985149273,-0.6763733930034539,0.1375666632967156,0.0,0.602843941756013
476,0.5599383539872154,0.14126415275047816,-0.6801712593400003,0.3092387724695834,-0.09482346437649201,-0.02047048988501524,0.2067547740859074,0.23689673591062815,0.15443509968458807,0.0192605346484597,0.004637370768242223,0.018898643872664336,0.005119713175103556,-0.001758220121812697,-0.004852141700676219,0.007956276546360592,0.0006455728075815212,-0.005190331584005361,-0.0014928030276887252,-0.0022239731678202544,0.001244046488121101,0.0003973025577126758,-0.0014928030276887135,-0.0051903315840053504,0.0006455728075815055,0.007956276546360594,-0.004852141700676198,-0.0017582201218126925,0.005119713175103558,0.018898643872664322,0.004637370768242225,0.019260534648459695,0.15443509968458807,0.2368967359106282,0.20675477408590737,-0.02047048988501523,-0.09482346437649199,0.30923877246958326,-0.6801712593400003,0.14126415275047802,0.0,0.5921152492458264
477,0.5434479512638948,0.14495344847309868,-0.6838113203308488,0.3169551206074109,-0.09284914026185553,-0.02549978988855222,0.19972580931339992,0.232096537009116,0.15685207775429497,0.020901694680373287,0.001973490004441921,0.017405927029335466,0.0055323831890373475,-0.001180159787148284,-0.005626701040239946,0.007508044739657664,0.0012886443359228423,-0.005382278479528952,-0.0015969845527968357,-0.002125408326842261,0.0012209426306128977,0.00022345231202005307,-0.001596984552796825,-0.005382278479528942,0.0012886443359228265,0.007508044739657664,-0.0056267010402399256,-0.0011801597871482791,0.0055323831890373475,0.017405927029335456,0.00197349000444192,0.02090169468037328,0.15685207775429494,0.23209653700911606,0.19972580931339992,-0.02549978988855223,-0.0928491402618555,0.3169551206074108,-0.6838113203308488,0.1449534484730986,0.0,0.5778125922060275
478,0.5233847318967921,0.14863433647471036,-0.6872927314518077,0.32450601628530856,-0.09078865407774554,-0.030492117634554883,0.19227986671815378,0.2266368397523602,0.15868696904355606,0.02244469160081653,-0.0007018320979984726,0.01579112011403713,0.005898876355699727,-0.0005905403380842789,-0.006337353109398516,0.006961934087698707,0.0019126046883068308,-0.005484128632006424,-0.001671200868561587,-0.0019824168453329238,0.0011695660757484305,4.3898462723795606e-05,-0.0016712008685615762,-0.005484128632006415,0.0019126046883068165,0.006961934087698705,-0.006337353109398493,-0.0005905403380842718,0.005898876355699728,0.015791120114037115,-0.0007018320979984768,0.022444691600816524,0.1586869690435561,0.2266368397523602,0.19227986671815375,-0.0304921176345549,-0.0907886540777455,0.32450601628530856,-0.6872927314518077,0.14863433647471022,0.0,0.5600204415141202
479,0.4999188300117319,0.1523066032531185,-0.6906146849867644,0.33188751789077875,-0.08864391791245115,-0.035440234725062796,0.18443249157667702,0.22053315777708846,0.15993296416878958,0.023882278850071874,-0.0033730853180611382,0.014065549837042968,0.006216133686151448,4.863178018638014e-06,-0.0069760264229916345,0.00632506397800061,0.0025082002516515906,-0.005494177119061155,-0.0017140594083268452,-0.00179798762244533,0.001091106522167481,-0.00013677589156040334,-0.0017140594083268352,-0.0054941771190611475,0.002508200251651576,0.006325063978000608,-0.006976026422991609,4.863178018643397e-06,0.006216133686151449,0.014065549837042958,-0.003373085318061136,0.02388227885007187,0.15993296416878952,0.2205331577770884,0.18443249157667702,-0.03544023472506279,-0.08864391791245112,0.3318875178907786,-0.6906146849867644,0.15230660325311837,0.0,0.538833620117502
480,0.47322037973465075,0.15597003580618432,-0.6937764102150826,0.33909577223603793,-0.08641692203649019,-0.04033696686333933,0.1762000672568076,0.21380283459163354,0.16058543917281706,0.02520770491638129,-0.006024783024136409,0.012241319834025564,0.006481507145577595,0.0006002190615622396,-0.007535467020330713,0.005605736986410593,0.00306659807547328,-0.0054122557338715125,-0.0017247559907910656,-0.0015759757154337598,0.000987380814623834,-0.00031395905141057815,-0.0017247559907910557,-0.0054122557338715065,0.0030665980754732663,0.005605736986410594,-0.007535467020330687,0.0006002190615622433,0.006481507145577597,0.012241319834025554,-0.00602478302413641,0.025207704916381284,0.16058543917281706,0.21380283459163366,0.1762000672568076,-0.04033696686333933,-0.08641692203649017,0.3390957722360379,-0.6937764102150825,0.15597003580618424,0.0,0.5143567944455179
481,0.443459515191487,0.15962442164417984,-0.696777173590415,0.34612701656940414,-0.08410973305567984,-0.04517521425591627,0.1675997810133153,0.20646499429464987,0.16064197268462532,0.026414745043872954,-0.008641551958007568,0.01033122576774864,0.006692781755498353,0.001189696079486991,-0.008009320854652984,0.004813330640332888,0.003579516868520496,-0.005239735800871842,-0.0017030899093586588,-0.0013210217587880262,0.0008607908723100191,-0.0004831284298823865,-0.00170308990935865,-0.005239735800871834,0.003579516868520484,0.004813330640332888,-0.008009320854652956,0.001189696079486995,0.006692781755498352,0.010331225767748625,-0.008641551958007573,0.026414745043872954,0.16064197268462538,0.20646499429464987,0.1675997810133152,-0.045175214255916266,-0.08410973305567984,0.34612701656940426,-0.6967771735904149,0.1596244216441798,0.0,0.4867039665571051
482,0.410806370508065,0.16326954880211278,-0.6996162789108928,0.3529775805394755,-0.08172449199336936,-0.04994796190661542,0.15864958810518767,0.19854048723431253,0.16010235490520927,0.027497730466621607,-0.011208221361551762,0.00834866557568643,0.006848194081411577,0.0017675205794787532,-0.008392205961481223,0.003958175168317937,0.00403934981405375,-0.004979505220443533,-0.0016494676981220404,-0.001038454962731359,0.0007142680689348792,-0.0006399659912036605,-0.0016494676981220332,-0.004979505220443529,0.004039349814053739,0.003958175168317937,-0.008392205961481195,0.0017675205794787585,0.006848194081411579,0.008348665575686415,-0.011208221361551758,0.027497730466621604,0.16010235490520927,0.19854048723431258,0.15864958810518764,-0.0499479619066154,-0.08172449199336933,0.35297758053947526,-0.6996162789108927,0.1632695488021127,0.0,0.455997971553783
483,0.3754310798103217,0.16690520585202118,-0.7022930674806501,0.3596438881110746,-0.07926341230361479,-0.05464828978762242,0.14936817430951468,0.1900518307624086,0.15896858838614725,0.028451575031547358,-0.013709910929443384,0.006307545493118721,0.006946446951557366,0.0023280330401989533,-0.008679773586211054,0.0030514188297352,0.0044392773823641145,-0.004635920126857004,-0.001564895503810899,-0.000734181718669099,0.0005512053525139472,-0.0007804684683155331,-0.0015648955038108931,-0.004635920126857002,0.004439277382364104,0.003051418829735201,-0.008679773586211024,0.0023280330401989568,0.006946446951557368,0.006307545493118703,-0.013709910929443379,0.02845157503154735,0.15896858838614725,0.19005183076240872,0.14936817430951468,-0.054648289787622414,-0.07926341230361478,0.3596438881110746,-0.7022930674806502,0.16690520585202115,0.0,0.42236998402848613
484,0.3375037772241951,0.1705311819152369,-0.7048069182626476,0.3661224594319621,-0.07672877781713996,-0.05926938287286562,0.13977491691023244,0.18102314525166582,0.15724488059802125,0.029271799085120453,-0.016132117077952986,0.004222182510881964,0.006986720283952297,0.0028657435036551077,-0.008868757576647445,0.0021048825801632024,0.004773368467470595,-0.0042147319686872565,-0.0014509602068385253,-0.000414562140028177,0.00037537867673731934,-0.0009010495459656355,-0.0014509602068385203,-0.004214731968687255,0.004773368467470586,0.002104882580163203,-0.008868757576647417,0.00286574350365511,0.0069867202839522975,0.004222182510881949,-0.01613211707795299,0.02927179908512045,0.15724488059802133,0.1810231452516659,0.13977491691023247,-0.05926938287286561,-0.07672877781713995,0.3661224594319621,-0.7048069182626471,0.1705311819152368,0.0,0.3859590365019096
485,0.2971945968755096,0.17414726667461713,-0.7071572480227558,0.3724099126493388,-0.07412294062198899,-0.06380454101915232,0.12988984424317349,0.1714800855581242,0.15493762831625932,0.029954550511690336,-0.018460797029696947,0.0021072039519653197,0.006968677931323928,0.003375385346777498,-0.008957011479496946,0.0011309059671557424,0.0050366683480934284,-0.003722991232341674,-0.0013097996456826891,-8.627711910948886e-05,0.00019085956328566216,-0.0009986314011375121,-0.001309799645682686,-0.0037229912323416725,0.00503666834809342,0.0011309059671557426,-0.008957011479496919,0.0033753853467775007,0.006968677931323927,0.002107203951965311,-0.01846079702969695,0.029954550511690336,0.15493762831625926,0.17148008555812422,0.1298898442431735,-0.06380454101915231,-0.07412294062198896,0.3724099126493386,-0.7071572480227556,0.174147266674617,0.0,0.34691155193784606
486,0.25467367289020215,0.17775325038674336,-0.7093435114650734,0.3785029656751928,-0.07144831888083746,-0.06824718868073579,0.11973359388188162,0.16144976812329956,0.15205539388234637,0.030496622824633914,-0.02068245022685519,-2.2555128650403525e-05,0.006892470486813272,0.0038519668655344983,-0.008943532919479025,0.00014218626536863384,0.005225272168402454,-0.003168929420321723,-0.0011440625032994364,0.00024381132118436095,1.9208198407304243e-06,-0.001070723264253636,-0.0011440625032994357,-0.003168929420321724,0.005225272168402449,0.0001421862653686333,-0.008943532919478999,0.0038519668655345026,0.006892470486813271,-2.255512865042075e-05,-0.020682450226855185,0.03049662282463392,0.15205539388234637,0.16144976812329967,0.11973359388188168,-0.06824718868073583,-0.07144831888083748,0.3785029656751928,-0.7093435114650735,0.1777532503867433,0.0,0.30538089154669956
487,0.21011113939409715,0.18134892389408727,-0.7113652013584383,0.38439843789957034,-0.06870739458698795,-0.0725908844432281,0.10932736955149094,0.1509606939232777,0.14860887342849924,0.030895470225359517,-0.022784196600862724,-0.0021521560012444925,0.006758734027027077,0.004290820166344212,-0.008828474984161965,-0.000848387051833423,0.005336382848787987,-0.002561821259845461,-0.0009568586082458362,0.0005688034617286841,-0.00018706240297339586,-0.001115484995883161,-0.0009568586082458362,-0.002561821259845463,0.0053363828487879815,-0.0008483870518334235,-0.008828474984161939,0.004290820166344216,0.0067587340270270765,-0.00215215600124451,-0.022784196600862727,0.030895470225359524,0.14860887342849927,0.15096069392327766,0.10932736955149089,-0.0725908844432281,-0.06870739458698796,0.3843984378995705,-0.7113652013584383,0.1813489238940872,0.0,0.2615269182020642
488,0.16367713051313265,0.18493407863714223,-0.7132218486541098,0.3900932518508719,-0.06590271126113176,-0.07682933036303499,0.09869289686062017,0.14004266748367572,0.144610857183725,0.031149219559443282,-0.024753851244805152,-0.004266661045811797,0.006568584802931188,0.004687646885913853,-0.00861314448521605,-0.0018279003463740537,0.005368352567811327,-0.0019118294483919673,-0.0007517005830424683,0.000881906109506811,-0.00037171392454833543,-0.0011317740561636927,-0.0007517005830424703,-0.0019118294483919706,0.0053683525678113264,-0.0018279003463740537,-0.008613144485216023,0.004687646885913856,0.006568584802931187,-0.00426666104581181,-0.024753851244805156,0.031149219559443275,0.144610857183725,0.1400426674836757,0.09869289686062013,-0.07682933036303502,-0.06590271126113177,0.3900932518508719,-0.7132218486541098,0.18493407863714217,0.0,0.21551557492922802
489,0.11554178037313184,0.18850850666652064,-0.7149130225945923,0.3955844348023113,-0.06303687159101479,-0.08095638109877226,0.08785237794370476,0.12872671219059056,0.14007618200857028,0.03125667911374671,-0.026579995055603864,-0.006351238528734473,0.006323609922898219,0.005038560291702393,-0.008299987115832401,-0.0027835841644863976,0.005320707200138955,-0.0012298345350523654,-0.0005324379346635382,0.0011765745932635404,-0.0005477578711002055,-0.0011191746680460886,-0.0005324379346635416,-0.0012298345350523702,0.005320707200138955,-0.0027835841644863997,-0.008299987115832378,0.005038560291702396,0.006323609922898219,-0.006351238528734483,-0.026579995055603857,0.03125667911374671,0.1400761820085703,0.12872671219059065,0.08785237794370476,-0.08095638109877228,-0.06303687159101476,0.3955844348023112,-0.7149130225945924,0.1885085066665206,0.0,0.16751847709697995
490,0.06587522310026023,0.19207200065501528,-0.7164383308135742,0.4008691203236961,-0.06011253501619733,-0.08496605282142303,0.07682844510846147,0.11704498213817636,0.1350216763347069,0.031217344213200684,-0.02825204093644162,-0.008391266636736653,0.006025854105674883,0.005340123350652082,-0.00789255967288746,-0.0037029797060713276,0.005194153348034781,-0.0005272527853914383,-0.0003031848238555273,0.0014466495643982084,-0.0007111176897284294,-0.0010780084299726355,-0.0003031848238555316,-0.0005272527853914441,0.005194153348034784,-0.0037029797060713298,-0.007892559672887437,0.0053401233506520825,0.006025854105674881,-0.008391266636736667,-0.028252040936441607,0.031217344213200687,0.13502167633470694,0.11704498213817639,0.0768284451084614,-0.08496605282142303,-0.06011253501619733,0.400869120323696,-0.7164383308135739,0.19207200065501515,0.0,0.11771251617477715
491,0.014847592820114386,0.19562435390962518,-0.7177974194269598,0.4059445497777225,-0.05713241526014971,-0.08885253189031783,0.06564411358525757,0.10503067076333329,0.12946609771368645,0.03103139959097091,-0.029760295175619133,-0.010372436038398894,0.005677802613837231,0.00558938239332336,-0.007395489659349758,-0.0045741012442100165,0.004990567862130293,0.00018415492132586175,-6.824286859335459e-05,0.0016864857435978562,-0.0008580105469104103,-0.00100932610710079,-6.824286859336079e-05,0.00018415492132585582,0.004990567862130298,-0.0045741012442100165,-0.00739548965934974,0.005589382393323363,0.0056778026138372285,-0.010372436038398896,-0.02976029517561913,0.031031399590970916,0.12946609771368645,0.10503067076333332,0.06564411358525761,-0.08885253189031783,-0.05713241526014969,0.4059445497777222,-0.7177974194269598,0.19562435390962513,0.0,0.06627947222481462
492,-0.03737097634125369,0.1991653603835442,-0.7189899731149745,0.4108080737599988,-0.054099277811973226,-0.09261018328235789,0.054322733477033536,0.09271791652712237,0.12343006320662357,0.03069971852087363,-0.031096013645997747,-0.012280850253836767,0.005282360510182256,0.005783896043708724,-0.006814422725759156,-0.005385592377444135,0.004712970006884287,0.0008924799635748559,0.00016797956983943536,0.00189106992206625,-0.0009850349254980266,-0.0009148808106008803,0.00016797956983942788,0.0008924799635748474,0.004712970006884293,-0.005385592377444136,-0.006814422725759138,0.005783896043708726,0.005282360510182254,-0.012280850253836779,-0.031096013645997747,0.03069971852087363,0.12343006320662357,0.09271791652712234,0.054322733477033494,-0.09261018328235784,-0.0540992778119732,0.4108080737599986,-0.7189899731149745,0.19916536038354418,0.0,0.013405631700051629
493,-0.09061035025802111,0.20269481468811254,-0.7200157151953201,0.4154571534820519,-0.051015937360083856,-0.09623355876225977,0.04288794101009462,0.08014170591091012,0.11693597287313613,0.030223858716116027,-0.03225145249921082,-0.014103123128522714,0.004842828410195401,0.005921759131371446,-0.006155958547730705,-0.006126874077836227,0.004365476683530946,0.0015858653221456742,0.0004010501036612312,0.0020561257508117975,-0.001089249391780447,-0.000797083249624194,0.00040105010366122285,0.0015858653221456644,0.004365476683530952,-0.006126874077836227,-0.0061559585477306885,0.005921759131371448,0.004842828410195397,-0.014103123128522726,-0.03225145249921082,0.030223858716116027,0.1169359728731361,0.08014170591091012,0.04288794101009459,-0.09623355876225974,-0.05101593736008383,0.4154571534820519,-0.7200157151953201,0.20269481468811243,0.0,-0.040718593369869244
494,-0.14470039480424957,0.2062125121047297,-0.7208744076873688,0.41988936209658895,-0.047885255180240116,-0.0997174047819757,0.031363609187548096,0.06733777400287783,0.11000792664347851,0.029606055013622734,-0.033219913060743796,-0.015826472727542062,0.0043628749329795895,0.006001621351700974,-0.0054275758677773695,-0.006788282604777429,0.003953241374580125,0.002252704060919961,0.0006265954862269687,0.002178203127621821,-0.0011682407086476953,-0.0006589401981316368,0.0006265954862269593,0.0022527040609199513,0.003953241374580136,-0.00678828260477743,-0.005427575867777359,0.006001621351700975,0.004362874932979588,-0.015826472727542076,-0.03321991306074378,0.02960605501362274,0.11000792664347847,0.0673377740028778,0.0313636091875481,-0.09971740478197566,-0.047885255180240116,0.4198893620965888,-0.7208744076873685,0.2062125121047297,0.0,-0.09589904908950111
495,-0.19947097585400098,0.20971824859672888,-0.721565851367375,0.4241023859643259,-0.04471013648033855,-0.1030566700978361,0.019773797948409277,0.05434250295737735,0.10267163488236082,0.028849208878305655,-0.03399578066560258,-0.01743881099168267,0.0038465060805880935,0.006022700491516478,-0.0046375475528158926,-0.007361195486625091,0.003482377715350406,0.002881833621377371,0.0008403836699609998,0.002254750313299643,-0.0012201797175958715,-0.0005039777472125652,0.0008403836699609896,0.0028818336213773583,0.0034823777153504174,-0.007361195486625093,-0.004637547552815884,0.006022700491516478,0.003846506080588091,-0.017438810991682676,-0.03399578066560258,0.028849208878305662,0.10267163488236086,0.05434250295737734,0.01977379794840927,-0.10305667009783613,-0.04471013648033855,0.4241023859643259,-0.721565851367375,0.20971824859672883,0.0,-0.15193823082345825
496,-0.2547519592815659,0.21321182082121154,-0.7220898858146991,0.42809402586172224,-0.041493527704441424,-0.10624651309436996,0.008142703936432304,0.041192818615659474,0.09495432297635616,0.0279568747765697,-0.03457455720942028,-0.01892882852648503,0.003298031801341165,0.005984790090479935,-0.0037948466321206056,-0.007838143927806991,0.0029598688260034926,0.0034627226784356264,0.0010384032148844555,0.0022841672697448915,-0.0012438636955451527,-0.00033615130187263775,0.0010384032148844447,0.0034627226784356155,0.0029598688260035052,-0.00783814392780699,-0.0037948466321205973,0.005984790090479934,0.0032980318013411617,-0.018928828526485038,-0.03457455720942028,0.027956874776569704,0.09495432297635616,0.041192818615659474,0.008142703936432261,-0.10624651309436994,-0.041493527704441424,0.4280940258617222,-0.7220898858146988,0.21321182082121148,0.0,-0.20863568634816737
497,-0.31037321096077886,0.21669302614084218,-0.7224463894490236,0.4318621981289873,-0.038238413798537846,-0.10928230880418426,-0.0035053900164651,0.02792608558172519,0.08688463029897718,0.02693324348304998,-0.034952887226286304,-0.020286073929518634,0.002722030016210598,0.005888261463278806,-0.002909044382932716,-0.00821291017599369,0.002393463748726754,0.003985647429747614,0.0012169385577457574,0.002265839104970454,-0.0012387442056370314,-0.00015974461961596178,0.0012169385577457464,0.003985647429747603,0.002393463748726769,-0.008212910175993689,-0.0029090443829327137,0.005888261463278806,0.0027220300162105956,-0.020286073929518637,-0.034952887226286304,0.026933243483049995,0.08688463029897718,0.02792608558172519,-0.003505390016465113,-0.10928230880418424,-0.038238413798537825,0.43186219812898713,-0.7224463894490235,0.21669302614084204,0.0,-0.26578843558758425
498,-0.36616459676604274,0.2201616626356014,-0.7226352795585634,0.435404935757764,-0.03494781544057606,-0.11215965561372467,-0.015146165586716137,0.014580001051439964,0.07849250392836928,0.025783122398979126,-0.03512857734211164,-0.021501027099460668,0.0021233084085312565,0.005734060062771936,-0.00199020162125427,-0.008480608580008967,0.001791562525947111,0.004441854367457765,0.0013726397294330213,0.002200148925966997,-0.001204939797085174,2.0739532145800545e-05,0.0013726397294330098,0.004441854367457754,0.0017915625259471261,-0.008480608580008969,-0.0019902016212542707,0.005734060062771937,0.0021233084085312552,-0.02150102709946067,-0.03512857734211163,0.025783122398979133,0.07849250392836926,0.014580001051439981,-0.015146165586716168,-0.11215965561372467,-0.034947815440576055,0.4354049357577639,-0.7226352795585638,0.22016166263560136,0.0,-0.32319141129121476
499,-0.4219559825711934,0.22361752911449848,-0.7226565123192545,0.4387203894179186,-0.031624786237337256,-0.11487438164519452,-0.02675531972971699,0.0011924876965941401,0.06980908751203843,0.024511912974617817,-0.03510060899074882,-0.022565166012766643,0.0015068642959673792,0.0055236962197199955,-0.0010487544325304423,-0.008637749281764537,0.001163091623918137,0.004823706807697144,0.0015025852125173874,0.0020884698307562814,-0.0011432332599964456,0.00020069430889588802,0.001502585212517376,0.004823706807697133,0.0011630916239181513,-0.008637749281764534,-0.0010487544325304438,0.005523696219719989,0.001506864295967378,-0.022565166012766646,-0.03510060899074882,0.02451191297461783,0.06980908751203845,0.0011924876965941572,-0.026755319729716995,-0.1148743816451945,-0.031624786237337235,0.4387203894179185,-0.7226565123192543,0.22361752911449828,0.0,-0.3806379246679966
500,-0.47757723425052,0.22706042512724045,-0.7225100828049207,0.4418068284229023,-0.028272409890751905,-0.11742255080537853,-0.03830861541854044,-0.012198414091722905,0.060866605691044004,0.023125585341782346,-0.03486914431914486,-0.023471026499542476,0.000877842919668138,0.005259230349800463,-9.53956400748661e-05,-0.00868228371189728,0.0005173715492046909,0.005124812724984235,0.0016043367594923104,0.0019331362070204936,-0.0010550534987306987,0.00037552637837524075,0.0016043367594922996,0.005124812724984222,0.000517371549204708,-0.008682283711897276,-9.539564007487418e-05,0.005259230349800461,0.0008778429196681356,-0.023471026499542476,-0.03486914431914486,0.023125585341782356,0.06086660569104402,-0.012198414091722887,-0.03830861541854043,-0.11742255080537853,-0.02827240989075189,0.4418068284229021,-0.7225100828049206,0.2270604251272403,0.0,-0.43792015950504504
501,-0.5328582176779708,0.2304901509758592,-0.7221960249884182,0.44466264163317964,-0.02489379733628871,-0.11980046849260176,-0.04978193224482091,-0.025554654294245784,0.05169824451256437,0.02163065027560542,-0.03443552524729177,-0.024212254599333283,0.0002414944987581527,0.004943252772797561,0.0008590466424972304,-0.008613631296003786,-0.00013602137862775545,0.005340131751645258,0.0016759851431202611,0.0017373949372419244,-0.0009424424435479675,0.0005407731650459345,0.0016759851431202512,0.0053401317516452475,-0.00013602137862773862,-0.008613631296003788,0.0008590466424972207,0.004943252772797561,0.0002414944987581508,-0.024212254599333283,-0.03443552524729178,0.02163065027560544,0.05169824451256432,-0.025554654294245818,-0.04978193224482091,-0.11980046849260179,-0.024893797336288735,0.4446626416331796,-0.7221960249884182,0.23049015097585906,0.0,-0.4948296976844699
502,-0.5876287987277227,0.23390650772629434,-0.7217144117337521,0.44728633829725256,-0.02149208385607112,-0.12200468695354903,-0.06115131677616897,-0.03883828138201449,0.042338028274630846,0.020034128617209542,-0.033802265688424864,-0.024783651129590696,-0.00039686959138604864,0.004578858341628716,0.0018037319954439404,-0.008432687023315568,-0.0007873970481458254,0.0054660595511354226,0.0017161859804447704,0.0015053375302943157,-0.000808007766751866,0.0006922167569990539,0.0017161859804447606,0.005466059551135413,-0.0007873970481458094,-0.008432687023315568,0.00180373199544393,0.0045788583416287105,-0.00039686959138605053,-0.024783651129590707,-0.03380226568842486,0.020034128617209553,0.042338028274630804,-0.03883828138201455,-0.06115131677616901,-0.12200468695354906,-0.02149208385607113,0.44728633829725273,-0.7217144117337521,0.23390650772629426,0.0,-0.5511580782762158
503,-0.6417188432739513,0.2373092972199321,-0.7210653547791726,0.4496765488298428,-0.018070426169400865,-0.12403201028217722,-0.07239303256498142,-0.052011550154997525,0.03282069326006623,0.018343518300896915,-0.032973036974572024,-0.0251812081542028,-0.0010319211513092048,0.004169616129704423,0.002727930816842787,-0.008141809779145713,-0.001427095264765597,0.005500488152892413,0.001724184958279716,0.0012418145981146292,-0.0006548624982554664,0.0008259915678416792,0.0017241849582797068,0.005500488152892403,-0.00142709526476558,-0.008141809779145713,0.002727930816842773,0.004169616129704419,-0.0010319211513092044,-0.0251812081542028,-0.032973036974572024,0.018343518300896925,0.032820693260066196,-0.0520115501549975,-0.07239303256498145,-0.12403201028217728,-0.01807042616940087,0.4496765488298427,-0.7210653547791723,0.23730929721993196,0.0,-0.6066973915448344
504,-0.694958217190718,0.2406983220850987,-0.7202490047112492,0.4518320255268222,-0.014631999503388036,-0.12587949905347398,-0.08348360970424144,-0.06503702899443423,0.023181558828208066,0.01656675914070992,-0.03195264657194994,-0.025402137096286276,-0.0016583596300751157,0.0037195344735197018,0.0036211461878838218,-0.007744791593211395,-0.0020456290157896072,0.005442841238745821,0.0016998319868543874,0.0009523344651183925,-0.00048655293885880663,0.000938683005501346,0.0016998319868543796,0.005442841238745814,-0.0020456290157895916,-0.007744791593211396,0.0036211461878838036,0.003719534473519698,-0.0016583596300751176,-0.025402137096286272,-0.03195264657194993,0.01656675914070993,0.023181558828208073,-0.06503702899443427,-0.08348360970424146,-0.12587949905347398,-0.014631999503388032,0.45183202552682217,-0.7202490047112492,0.24069832208509861,0.0,-0.6612409082807522
505,-0.7471767863520864,0.24407338574850923,-0.719265550929936,0.4537516432165224,-0.011179994646406604,-0.12754447458534252,-0.09439989382684767,-0.07787770622414211,0.013456396342802816,0.014712195541739373,-0.03074701020960471,-0.025444888298049615,-0.0022709563670920505,0.0032330217128685806,0.004473233095380995,-0.007246808204727322,-0.0026338251670784806,0.005294083790205066,0.0016435840160407278,0.0006429480296893034,-0.00030697654051063086,0.0010274146294341011,0.00164358401604072,0.005294083790205062,-0.002633825167078467,-0.007246808204727322,0.004473233095380976,0.003233021712868576,-0.002270956367092052,-0.025444888298049615,-0.030747010209604707,0.014712195541739387,0.013456396342802808,-0.07787770622414217,-0.09439989382684774,-0.12754447458534252,-0.011179994646406599,0.4537516432165224,-0.7192655509299358,0.24407338574850904,0.0,-0.7145837438717032
506,-0.7982044166323461,0.2474342924466686,-0.7181152216046262,0.4554343998470813,-0.007717614987109059,-0.12902452282243485,-0.10511909444617504,-0.09049709527856391,0.003681296422486081,0.012788537311303694,-0.02936311758288182,-0.025309161890529164,-0.0028645982338948183,0.0027148430132129453,0.005274513657389513,-0.006654351588729832,-0.0031829605047621508,0.005056705935134833,0.0015564964613201295,0.0003201222844416734,-0.0001202916551560076,0.0010899215715549204,0.0015564964613201237,0.005056705935134827,-0.0031829605047621356,-0.006654351588729829,0.005274513657389492,0.002714843013212943,-0.0028645982338948205,-0.02530916189052915,-0.02936311758288182,0.01278853731130371,0.003681296422486081,-0.09049709527856394,-0.10511909444617507,-0.12902452282243487,-0.007717614987109059,0.455434399847081,-0.7181152216046263,0.2474342924466685,0.0,-0.7665235554893796
507,-0.8478709739053314,0.25078084723722716,-0.7167982836212173,0.4568794170095191,-0.00424807354174854,-0.13031749783630128,-0.11561883253694326,-0.1028593383787218,-0.006107464993509347,0.010804818754046248,-0.027808991830559897,-0.02499590989695436,-0.003434330311621043,0.0021700736931104876,0.0060158870432129394,-0.005975145323254065,-0.003684891104430822,0.004734681264216917,0.0014402034003696972,-9.394860984148431e-06,6.917875793385626e-05,0.0011246083468267071,0.0014402034003696928,0.004734681264216914,-0.0036848911044308095,-0.005975145323254065,0.006015887043212916,0.0021700736931104837,-0.0034343303116210434,-0.024995909896954358,-0.027808991830559897,0.010804818754046257,-0.00610746499350939,-0.10285933837872184,-0.11561883253694329,-0.13031749783630123,-0.004248073541748514,0.45687941700951895,-0.7167982836212172,0.25078084723722704,0.0,-0.8168612697033419
508,-0.8960063240452181,0.2541128560102874,-0.7153150425201904,0.4580859403962746,-0.0007745899725664992,-0.13142152493678125,-0.12587718725705657,-0.11492930842148563,-0.015873561267380685,0.008770356243057333,-0.0260936430205803,-0.02450732955498892,-0.003975397247967771,0.001604049513837795,0.00668893283934429,-0.005218043900682615,-0.004132173109202321,0.0043334003149607695,0.0012968869118516555,-0.0003387156290332032,0.00025704723655316746,0.001130589577896907,0.001296886911851653,0.004333400314960768,-0.004132173109202308,-0.005218043900682614,0.006688932839344266,0.0016040495138377887,-0.003975397247967772,-0.024507329554988914,-0.026093643020580284,0.008770356243057342,-0.01587356126738072,-0.1149293084214857,-0.12587718725705657,-0.13142152493678122,-0.0007745899725664648,0.4580859403962744,-0.7153150425201901,0.25411285601028716,0.0,-0.8654018367731213
509,-0.9424403329260693,0.2574301254996631,-0.7136658424257218,0.4590533401949568,0.0026996123999867214,-0.13233500339012516,-0.13587274171287061,-0.12667270879263784,-0.02558074987292767,0.006694704466284609,-0.024227015914039696,-0.02384684790468722,-0.004483282948436563,0.0010223144180985556,0.007286006687325416,-0.004392917295896099,-0.004518173125472652,0.003859580336708271,0.0011292361317211874,-0.0006609563469557196,0.0004389634136120988,0.001107712594288415,0.001129236131721186,0.0038595803367082702,-0.00451817312547264,-0.004392917295896098,0.007286006687325391,0.0010223144180985502,-0.004483282948436567,-0.02384684790468721,-0.02422701591403969,0.0066947044662846265,-0.025580749872927664,-0.12667270879263787,-0.13587274171287061,-0.13233500339012513,0.002699612399986713,0.45905334019495664,-0.7136658424257218,0.257430125499663,0.0,-0.9119550068351971
510,-0.9870028664221744,0.26073246329408944,-0.7118510659658452,0.4597811114171115,0.006171309588426196,-0.13305660873990505,-0.1455846276723409,-0.13805617082011828,-0.03519300689358196,0.004587611553717201,-0.022219932310284747,-0.023019097750270716,-0.004953748270578222,0.00043056622969183024,0.0078003271072834965,-0.0035105222960564197,-0.004837166599131081,0.003321152847123009,0.0009403967953045292,-0.0009693813337256537,0.0006107147561961315,0.0010565613293021228,0.0009403967953045299,0.0033211528471230115,-0.004837166599131073,-0.0035105222960564214,0.00780032710728347,0.00043056622969182595,-0.004953748270578222,-0.023019097750270705,-0.022219932310284747,0.004587611553717207,-0.03519300689358198,-0.1380561708201183,-0.14558462767234095,-0.13305660873990502,0.006171309588426161,0.45978111141711137,-0.7118510659658451,0.26073246329408933,0.0,-0.9563361222189584
511,-1.0295237904074814,0.26401967784838304,-0.7098711341836763,0.4602688741618279,0.009637279930025697,-0.1335852947273499,-0.15499256913270143,-0.14904734859053742,-0.04467466070916441,0.0024589732960848725,-0.02008402830736401,-0.022029885164334975,-0.005382866406616653,-0.00016539915401319802,0.00822605252101523,-0.0025823622694357185,-0.005084422713276177,0.00272713086241413,0.0007339122119205327,-0.0012575436935418265,0.0007683241128751675,0.0009784414151629505,0.0007339122119205344,0.0027271308624141326,-0.00508442271327617,-0.002582362269435721,0.008226052521015203,-0.00016539915401320127,-0.005382866406616654,-0.02202988516433497,-0.020084028307364003,0.0024589732960848833,-0.04467466070916446,-0.14904734859053748,-0.1549925691327015,-0.13358529472734987,0.009637279930025706,0.46026887416182777,-0.7098711341836762,0.2640196778483828,0.0,-0.9983669192191018
512,-1.0698329707561673,0.2672915784945525,-0.7077265064397295,0.4605163738140494,0.013094307076453713,-0.13392029480832077,-0.16407692465171653,-0.15961501085953814,-0.05399052437525051,0.00031878667008063583,-0.017831686841570625,-0.020886148762422087,-0.005767055659125601,-0.0007597445301873352,0.00855834759980151,-0.001620537201418817,-0.005256274548361378,0.002087458023796709,0.000513656779575391,-0.001519420072956086,0.0009081418104129918,0.0008753468568546547,0.0005136567795753948,0.002087458023796712,-0.005256274548361374,-0.0016205372014188174,0.008558347599801482,-0.0007597445301873399,-0.005767055659125603,-0.020886148762422074,-0.017831686841570625,0.00031878667008064873,-0.0539905243752505,-0.15961501085953814,-0.16407692465171658,-0.13392029480832074,0.013094307076453695,0.46051637381404914,-0.7077265064397292,0.2672915784945523,0.0,-1.0378763318443514
513,-1.107760273342408,0.2705479754528576,-0.7054176803053407,0.4605234811774841,0.01653918297847768,-0.13406112326472663,-0.17281872835412795,-0.16972912979484425,-0.06310602620387724,-0.0018228971116283851,-0.015475965897178779,-0.019595911033617977,-0.006103109336191253,-0.001346648563219184,0.008793438183383523,-0.0006375859526891799,-0.005350173464263614,0.0014128421457388549,0.0002837632872354565,-0.0017495365648490541,0.0010269301672442127,0.0007499091352912903,0.00028376328723546184,0.0014128421457388614,-0.005350173464263611,-0.0006375859526891799,0.008793438183383495,-0.0013466485632191874,-0.006103109336191253,-0.019595911033617963,-0.015475965897178772,-0.0018228971116283723,-0.06310602620387726,-0.1697291297948443,-0.172818728354128,-0.13406112326472663,0.016539182978477663,0.460523481177484,-0.7054176803053409,0.2705479754528574,0.0,-1.0747012893753702
514,-1.1431355640401506,0.2737886798428169,-0.702945191447229,0.4602901925420459,0.01996871086296688,-0.13400757590876897,-0.18119972952768593,-0.17936096629983453,-0.07198733806099925,-0.003956019805104896,-0.013030522802579122,-0.01816822206855569,-0.006388222516536347,-0.0019203628019809611,0.008928654146338352,0.00035367720399580695,-0.005364726897764328,0.0007145759723175221,4.854536875058627e-05,-0.0019430831275282473,0.001121938466686547,0.0006053300389630849,4.854536875059286e-05,0.0007145759723175283,-0.005364726897764326,0.0003536772039958064,0.008928654146338321,-0.0019203628019809642,-0.006388222516536348,-0.018168222068555676,-0.013030522802579108,-0.003956019805104881,-0.07198733806099927,-0.17936096629983453,-0.18119972952768593,-0.13400757590876894,0.01996871086296687,0.46029019254204584,-0.7029451914472286,0.2737886798428167,0.0,-1.1086874990174926
515,-1.1757887087234593,0.2770135036941637,-0.7003096135032142,0.4598166296857916,0.02337970819943141,-0.13375973037899477,-0.1892024307260976,-0.18848315167519586,-0.08060150090457466,-0.006070563372867157,-0.01050953505170749,-0.016613096079532035,-0.006620015461206809,-0.0024752679832248064,0.008962459724983897,0.0013403296374471354,-0.005299719014889269,4.34814213508183e-06,-0.00018758343652696728,-0.0020960141272876004,0.00119096665377499,0.00044529993852395134,-0.00018758343652695947,4.348142135088694e-06,-0.005299719014889268,0.0013403296374471347,0.00896245972498387,-0.00247526798322481,-0.00662001546120681,-0.01661309607953203,-0.010509535051707482,-0.006070563372867142,-0.08060150090457466,-0.1884831516751959,-0.1892024307260977,-0.13375973037899475,0.023379708199431394,0.4598166296857914,-0.7003096135032139,0.2770135036941635,0.0,-1.1396902045431463
516,-1.205549573266623,0.28022225995774863,-0.6975115579491317,0.4591030398113512,0.02676900965334423,-0.13331794602772792,-0.1968101242993443,-0.197069765386616,-0.08891654709740267,-0.00815659703278841,-0.007927618109805816,-0.014941441158003528,-0.006796553476411748,-0.003005929069644101,0.008894470960364416,0.0023095088243043397,-0.005156113911823554,-0.000705952473847307,-0.00042019249771242363,-0.0022051329028236815,0.001232416280725289,0.0002739035903557024,-0.0004201924977124149,-0.0007059524738472992,-0.005156113911823558,0.0023095088243043384,0.00889447096036439,-0.0030059290696441052,-0.006796553476411748,-0.014941441158003513,-0.007927618109805813,-0.008156597032788402,-0.0889165470974027,-0.1970697653866161,-0.19681012429934436,-0.13331794602772795,0.026769009653344198,0.4591030398113512,-0.6975115579491316,0.2802222599577484,0.0,-1.1675749115980363
517,-1.2322480235437037,0.28341476251638875,-0.6945516739569627,0.4581497954168878,0.030133470023505683,-0.13268286340004284,-0.2040069272750993,-0.20509640871754042,-0.09690161904080209,-0.01020432389720853,-0.005299740680037747,-0.013164982762162282,-0.006916363061728801,-0.003507148483527645,0.00872546005920174,0.0032485800316981945,-0.004936041316930985,-0.0014044357862693342,-0.0006449172270573427,-0.002268158583889236,0.0012453275213106312,9.55158734659653e-05,-0.0006449172270573334,-0.0014044357862693258,-0.004936041316930987,0.0032485800316981945,0.008725460059201716,-0.003507148483527649,-0.006916363061728799,-0.013164982762162268,-0.005299740680037737,-0.010204323897208522,-0.09690161904080218,-0.20509640871754045,-0.20400692727509936,-0.13268286340004282,0.030133470023505648,0.4581497954168878,-0.6945516739569625,0.28341476251638853,0.0,-1.1922180703044887
518,-1.2557139254287644,0.28659082619566373,-0.6914306482442212,0.4569573941016499,0.03346996716072471,-0.131855403305035,-0.2107778145184247,-0.21254027409770934,-0.10452708368887588,-0.012204126983221262,-0.0026411379222018843,-0.01129618147127154,-0.006978444208891408,-0.0039740170146079275,0.008457346623281143,0.004145301030316001,-0.00464276500592308,-0.002079409521726597,-0.0008575409754102613,-0.0022837737674979404,0.0012294013970299707,-8.530987897229627e-05,-0.0008575409754102509,-0.0020794095217265877,-0.004642765005923088,0.004145301030316001,0.008457346623281122,-0.003974017014607931,-0.006978444208891406,-0.011296181471271522,-0.002641137922201885,-0.012204126983221245,-0.1045270836888759,-0.21254027409770934,-0.21077781451842476,-0.13185540330503503,0.033469967160724694,0.45695739410164976,-0.6914306482442212,0.28659082619566356,0.0,-1.2135077059412098
519,-1.275777144795867,0.28975026677465565,-0.688149204914631,0.45552645830622346,0.03677540486510847,-0.13083676548073642,-0.2171086501005168,-0.2193802099104802,-0.11176464251839135,-0.014146614378053358,3.277687334133469e-05,-0.009348145583655003,-0.006982278748504386,-0.004401961903484824,0.00809317584688718,0.004987981690582755,-0.004280634398595162,-0.002719574945782058,-0.001054074151813893,-0.002251652055121917,0.0011850067003888324,-0.0002639581031105221,-0.0010540741518138823,-0.002719574945782051,-0.004280634398595171,0.004987981690582755,0.008093175846887159,-0.004401961903484826,-0.006982278748504385,-0.009348145583654993,3.277687334133469e-05,-0.014146614378053353,-0.11176464251839141,-0.21938020991048035,-0.2171086501005168,-0.1308367654807364,0.03677540486510845,0.45552645830622335,-0.6881492049146313,0.28975026677465554,0.0,-1.2313439888135354
520,-1.2922675475193013,0.2928929009966348,-0.6847081052901272,0.45385773498761245,0.04004671575927115,-0.1296284268546094,-0.22298621681100994,-0.22559678059478605,-0.11858743654617367,-0.016022663347420155,0.00270650164445746,-0.007334539171402471,-0.006927834675020758,-0.0047867916296700785,0.007637083929919974,0.005765636381377897,-0.003855020054971632,-0.0033142159983252113,-0.0012308290826689304,-0.0021724648752819635,0.0011131714549739817,-0.00043586881634765376,-0.0012308290826689196,-0.0033142159983252035,-0.003855020054971643,0.005765636381377899,0.007637083929919953,-0.004786791629670081,-0.006927834675020754,-0.007334539171402458,0.0027065016444574614,-0.01602266334742014,-0.11858743654617375,-0.22559678059478616,-0.22298621681101,-0.12962842685460937,0.040046715759271136,0.4538577349876123,-0.684708105290127,0.2928929009966346,0.0,-1.245639734950479
521,-1.3050149994729017,0.2960185465796888,-0.6811081477342213,0.4519520952293237,0.043280864134796614,-0.12823213940214356,-0.22839824375222512,-0.2311723218709508,-0.12497014600428515,-0.017823463179706144,0.005364535430681588,-0.005269486236721673,-0.00681556641388073,-0.005124736965574527,0.00709425109952484,0.006468127184537344,-0.003372234027481705,-0.0038533786752443346,-0.0013844892058356417,-0.0020478674489203394,0.0010155591100763225,-0.0005966540105460331,-0.0013844892058356303,-0.003853378675244325,-0.003372234027481717,0.006468127184537345,0.00709425109952482,-0.0051247369655745304,-0.00681556641388073,-0.005269486236721662,0.0053645354306815895,-0.017823463179706133,-0.12497014600428513,-0.2311723218709509,-0.2283982437522252,-0.12823213940214356,0.043280864134796586,0.4519520952293235,-0.6811081477342213,0.2960185465796887,0.0,-1.2563208299688262
522,-1.3138493665309587,0.2991270222272959,-0.677350167466778,0.44981053378665625,0.046474848769312266,-0.12664992760665864,-0.23333343195775277,-0.23609099093343933,-0.13088908430309187,-0.01954055656475656,0.007991468240274953,-0.0031674716422109106,-0.006646411028583159,-0.005412487894333449,0.0064708427738089,0.007086296058120691,-0.002839436250378684,-0.004328037653649279,-0.001512171301341515,-0.001880464190916853,0.0008944300211100499,-0.0007422096556119415,-0.0015121713013415037,-0.004328037653649268,-0.002839436250378695,0.007086296058120692,0.006470842773808883,-0.005412487894333453,-0.0066464110285831554,-0.0031674716422108954,0.007991468240274958,-0.019540556564756548,-0.13088908430309187,-0.2360909909334394,-0.2333334319577528,-0.1266499276066586,0.046474848769312266,0.44981053378665614,-0.677350167466778,0.29912702222729587,0.0,-1.263326569320429
523,-1.3186005145675344,0.3022181476388406,-0.6734350363702346,0.44743416856743295,0.04962570571156135,-0.12488408552399709,-0.2377814779818849,-0.24033881146791922,-0.1363222859335146,-0.021165879312947573,0.010572070389888923,-0.001043239509955272,-0.006421780399347664,-0.00564722602987715,0.005773939535898827,0.0076120842254933235,-0.0022645283546898743,-0.004730247371418998,-0.001611479591021676,-0.00167375427094783,0.0007525891078048179,-0.0008688204545577489,-0.0016114795910216646,-0.0047302473714189875,-0.0022645283546898873,0.007612084225493323,0.0057739395358988145,-0.005647226029877153,-0.006421780399347662,-0.0010432395099552547,0.010572070389888926,-0.021165879312947562,-0.1363222859335146,-0.24033881146791924,-0.23778147798188495,-0.12488408552399702,0.04962570571156135,0.4474341685674329,-0.6734350363702343,0.3022181476388403,0.0,-1.2666099091730858
524,-1.319098309456804,0.30529174352007105,-0.6693636627873167,0.4448242400484458,0.052730511031887695,-0.12293717345636258,-0.24173309541064747,-0.2439037133647199,-0.14124958798225407,-0.02269179822799795,0.013091380798888368,0.001088310197896151,-0.00614354943864945,-0.005826652221707326,0.005011456713684418,0.008038637233804172,-0.00165603648346925,-0.005053275032075126,-0.00168055069198705,-0.0014320584716096063,0.0005933209022214021,-0.0009732546761805058,-0.0016805506919870393,-0.005053275032075116,-0.0016560364834692655,0.008038637233804172,0.005011456713684407,-0.005826652221707331,-0.00614354943864945,0.001088310197896166,0.013091380798888368,-0.02269179822799794,-0.141249587982254,-0.2439037133647199,-0.24173309541064755,-0.12293717345636253,0.05273051103188765,0.4448242400484455,-0.6693636627873166,0.30529174352007094,0.0,-1.2661376233505877
525,-1.3151726170726035,0.30834763159349937,-0.6651369913102976,0.4419821106279195,0.05578638353558169,-0.12081201424012655,-0.2451800342495235,-0.24677556701584352,-0.14565270495748323,-0.02411114695565538,0.015534793726446637,0.003212226191659129,-0.005814040441987461,-0.005949009074003317,0.004192054478649824,0.008360394312261153,-0.0010229848452554496,-0.005291713308544265,-0.001718088580430533,-0.0011604288726647035,0.00042031349064824215,-0.0010528466447599408,-0.001718088580430523,-0.005291713308544254,-0.0010229848452554654,0.008360394312261153,0.0041920544786498174,-0.005949009074003319,-0.005814040441987459,0.00321222619165914,0.015534793726446637,-0.024111146955655378,-0.14565270495748323,-0.24677556701584355,-0.24518003424952356,-0.12081201424012655,0.05578638353558168,0.44198211062791937,-0.6651369913102976,0.30834763159349926,0.0,-1.261890363053044
526,-1.306813297099707,0.3113856346087419,-0.6607560025618432,0.43890926391433216,0.05879048743656907,-0.11851168915298536,-0.24811509814738997,-0.24894621209807372,-0.1495152966473239,-0.025417259639897258,0.017888143448552527,0.005313610726668952,-0.0054360037045045806,-0.006013098158494079,0.003325039484877155,0.008573160865282547,-0.0003747618809942961,-0.005441570859202397,-0.0017233889097236323,-0.0008645432492481824,0.00023757311061456816,-0.0011055647812324668,-0.001723388909723623,-0.005441570859202388,-0.00037476188099431145,0.008573160865282549,0.0033250394848771507,-0.00601309815849408,-0.005436003704504579,0.005313610726668964,0.017888143448552527,-0.025417259639897247,-0.14951529664732394,-0.24894621209807372,-0.24811509814739,-0.11851168915298534,0.058790487436569054,0.43890926391433205,-0.660756002561843,0.31138563460874175,0.0,-1.2538626174706824
527,-1.2942147971340727,0.3144055763528003,-0.6562217129674996,0.43560730395196223,0.061740034988961245,-0.11603953344640204,-0.25053215942070933,-0.25040948076039476,-0.15282302875928153,-0.026604002228582026,0.020137786384013045,0.007377724100255233,-0.005012594565246078,-0.006018291752503873,0.002420259165392634,0.008674163155465212,0.0002790189707693506,-0.005500339141006551,-0.0016963522265080932,-0.0005505863913902255,4.93313806501279e-05,-0.0011300634590953038,-0.001696352226508085,-0.005500339141006541,0.0002790189707693339,0.008674163155465212,0.002420259165392633,-0.006018291752503874,-0.005012594565246077,0.007377724100255243,0.020137786384013045,-0.026604002228582023,-0.1528230287592815,-0.2504094807603947,-0.2505321594207094,-0.11603953344640204,0.06174003498896121,0.4356073039519621,-0.6562217129674995,0.31440557635280014,0.0,-1.2420625748668648
528,-1.2775138649174504,0.3174072816602823,-0.6515351745198747,0.4320779543835682,0.06463228907402552,-0.11339913150981075,-0.25242617184660926,-0.25116121514983497,-0.15556362611560137,-0.027665801281526917,0.022270680193325097,0.009390088040165674,-0.00454734707065971,-0.005964538987202933,0.0014879898864224117,0.008662084463493527,0.0009286618455154753,-0.005467034401294145,-0.0016374858368007985,-0.0002251208255899763,-0.00014005268897902484,-0.001125717351422633,-0.001637485836800792,-0.0054670344012941385,0.0009286618455154595,0.008662084463493527,0.001487989886422415,-0.005964538987202935,-0.004547347070659708,0.009390088040165686,0.022270680193325093,-0.027665801281526903,-0.15556362611560137,-0.251161215149835,-0.2524261718466093,-0.11339913150981075,0.06463228907402549,0.43207795438356816,-0.6515351745198749,0.31740728166028226,0.0,-1.226511885210827
529,-1.256847248191475,0.3203905764235623,-0.6466974745345675,0.4283230575506364,0.06746456574017431,-0.11059431167359458,-0.2537931811981408,-0.25119927922593555,-0.15772691820713575,-0.028597670145717072,0.024274459391839257,0.0113365872592433,-0.004044144477159003,-0.005852366345843933,0.0005388202298860698,0.008537082253589314,0.0015645322467871432,-0.005342214145327591,-0.0015478942870970664,0.00010505035929922438,-0.00032619363547515455,-0.0010926373922887514,-0.0015478942870970605,-0.0053422141453275855,0.0015645322467871285,0.008537082253589314,0.0005388202298860757,-0.005852366345843929,-0.004044144477159002,0.011336587259243313,0.024274459391839264,-0.028597670145717066,-0.1577269182071358,-0.25119927922593555,-0.25379318119814076,-0.11059431167359463,0.0674645657401743,0.4283230575506364,-0.6466974745345672,0.320390576423562,0.0,-1.2072453269580663
530,-1.2323516946980084,0.3233552876028791,-0.6417097353979,0.42434457353166827,0.07023423669361636,-0.10762914065837269,-0.25463033349972086,-0.2505235648302729,-0.15930487693666873,-0.02939523237471646,0.02613750703884717,0.013203568464024047,-0.0035071868389543585,-0.00568287250710419,-0.00041646927021132953,0.008300786120724917,0.0021771999301127033,-0.00512796780392537,-0.001429258639081285,0.0004330257145723765,-0.0005047810952602019,-0.001031667945184099,-0.0014292586390812808,-0.005127967803925364,0.002177199930112687,0.008300786120724917,-0.0004164692702113204,-0.005682872507104189,-0.0035071868389543568,0.013203568464024056,0.026137507038847173,-0.029395232374716453,-0.1593048769366687,-0.2505235648302729,-0.25463033349972086,-0.1076291406583727,0.07023423669361632,0.42434457353166816,-0.6417097353978997,0.3233552876028789,0.0,-1.1843103820759826
531,-1.2041639521786869,0.32630124323637394,-0.6365731143065163,0.42014457911900743,0.07293873173735856,-0.1045079176786439,-0.2549358809855239,-0.24913599199378875,-0.1602916464116314,-0.03005474228229307,0.02784902208697383,0.014977936122780514,-0.002940955951684898,-0.005457717584040731,-0.0013670285715516762,0.007956276546360594,0.00275757875777905,-0.004827881757398958,-0.001283804926826328,0.0007519496901557184,-0.000671679616695795,-0.0009443652507001206,-0.0012838049268263257,-0.004827881757398954,0.0027575787577790362,0.007956276546360594,-0.0013670285715516664,-0.00545771758404073,-0.0029409559516848957,0.014977936122780523,0.02784902208697383,-0.030054742282293073,-0.1602916464116314,-0.2491359919937888,-0.25493588098552394,-0.10450791767864395,0.07293873173735851,0.42014457911900743,-0.6365731143065163,0.3263012432363737,0.0,-1.1577667248637726
532,-1.172420768375145,0.32922827245006386,-0.6312888029989033,0.4157252667347414,0.07557554115629542,-0.10123516820933705,-0.2547091857483821,-0.24704050348105538,-0.16068356467564449,-0.03057310253373011,0.02939908200141585,0.01664724432126793,-0.0023501779444541904,-0.0051791068640575704,-0.0023020613567418073,0.007508044739657664,0.0032970614503466658,-0.004446979301278021,-0.0011142623883388222,0.0010551559336871511,-0.000823024422463619,-0.000832957703604202,-0.0011142623883388211,-0.004446979301278019,0.0032970614503466528,0.007508044739657664,-0.0023020613567417943,-0.005179106864057568,-0.0023501779444541878,0.01664724432126795,0.029399082001415857,-0.03057310253373011,-0.16068356467564454,-0.24704050348105536,-0.2547091857483821,-0.10123516820933705,0.0755755411562954,0.4157252667347415,-0.6312888029989032,0.32922827245006375,0.0,-1.1276856314886485
533,-1.1372588910291315,0.3321362054677535,-0.625858027478896,0.4110889432862451,0.0781422180461723,-0.09781563742430456,-0.25395072107157673,-0.2442430535869769,-0.16047917729824232,-0.030947878692206953,0.030778700285989485,0.0181997840618702,-0.0017397838325008852,-0.004849769209144674,-0.003210947656351413,0.006961934087698705,0.0037876472364807567,-0.003991636558768612,-0.0009238122551776362,0.0013363066348654224,-0.0009553109040893441,-0.0007002889732293833,-0.0009238122551776367,-0.003991636558768611,0.003787647236480744,0.006961934087698705,-0.003210947656351396,-0.004849769209144672,-0.0017397838325008842,0.018199784061870207,0.03077870028598948,-0.030947878692206953,-0.16047917729824232,-0.24424305358697687,-0.25395072107157673,-0.09781563742430459,0.07814221804617227,0.411088943286245,-0.625858027478896,0.33213620546775335,0.0,-1.0941493184263273
534,-1.0988150678823958,0.3350248736208818,-0.6202820477312359,0.4062380289619607,0.08063638058426177,-0.09425428331627446,-0.2526620704407407,-0.24075159121776174,-0.15967924277234494,-0.031177310651933916,0.03197987858248044,0.01962466539380526,-0.001114868359757199,-0.004472930327948187,-0.0040833644690158755,0.00632506397800061,0.004222060507994009,-0.0034694757475292565,-0.000716028061037664,0.001589525002403589,-0.001065475776234616,-0.000549745419026659,-0.000716028061037666,-0.0034694757475292573,0.004222060507993998,0.006325063978000611,-0.0040833644690158565,-0.004472930327948186,-0.0011148683597571973,0.019624665393805262,0.031979878582480435,-0.031177310651933916,-0.159679242772345,-0.24075159121776185,-0.2526620704407407,-0.09425428331627446,0.08063638058426176,0.4062380289619607,-0.6202820477312359,0.3350248736208817,0.0,-1.0572502191252484
535,-1.0572260466764591,0.3378941093583064,-0.6145621574292436,0.4011750559680451,0.08305571423964542,-0.09055626950823449,-0.25084592423793406,-0.2365760373042416,-0.15828672969944887,-0.03126032090434617,0.03299565304124856,0.020911893798305395,-0.00048064747482184645,-0.004052281181459491,-0.004909403008618029,0.005605736986410594,0.004593858720393227,-0.0028892375874275595,-0.0004948085893258848,0.0018095181044689875,-0.0011509680115117744,-0.00038516965399247653,-0.0004948085893258879,-0.0028892375874275617,0.004593858720393218,0.005605736986410595,-0.004909403008618009,-0.0040522811814594885,-0.0004806474748218443,0.020911893798305402,0.032995653041248546,-0.03126032090434617,-0.15828672969944896,-0.23657603730424165,-0.25084592423793406,-0.09055626950823449,0.08305571423964538,0.4011750559680451,-0.6145621574292436,0.3378941093583062,0.0,-1.0170902091865295
536,-1.0126285751531838,0.34074374625602116,-0.608699683634676,0.3959026672065432,0.08539797392105036,-0.08672695776667269,-0.24850607412479556,-0.23172825661171484,-0.15630680577298176,-0.031196519598535203,0.03382013469425317,0.022052440292985392,0.00015758520471952883,-0.0035919418317746717,-0.005679681246872048,0.0048133306403328885,0.004897527938716135,-0.0022606349851098536,-0.00026430471787581395,0.0019916875049204768,-0.001209807913222795,-0.00021076246225851055,-0.0002643047178758191,-0.002260634985109855,0.004897527938716129,0.004813330640332888,-0.005679681246872025,-0.0035919418317746704,0.00015758520471953206,0.02205244029298539,0.03382013469425317,-0.031196519598535203,-0.15630680577298176,-0.2317282566117149,-0.2485060741247956,-0.0867269577666727,0.08539797392105031,0.3959026672065431,-0.608699683634676,0.34074374625602105,0.0,-0.9737797911433341
537,-0.965159401054319,0.34357361902680955,-0.6026959864898372,0.3904236148957773,0.08766098606024723,-0.08277190022752856,-0.2456474051264957,-0.22622202402641847,-0.153746818600705,-0.03098620637215193,0.034448543596435864,0.023038304763666573,0.0007945025762495254,-0.003096421088008892,-0.006385450473066759,0.003958175168317937,0.005128564611670561,-0.0015941904446335824,-2.8841533458240466e-05,0.0021322253827537547,-0.0012406329581075043,-3.097557438991431e-05,-2.8841533458246724e-05,-0.001594190444633587,0.005128564611670555,0.003958175168317936,-0.006385450473066735,-0.0030964210880088886,0.0007945025762495265,0.023038304763666577,0.034448543596435864,-0.03098620637215193,-0.15374681860070497,-0.2262220240264185,-0.2456474051264957,-0.08277190022752855,0.08766098606024722,0.39042361489577726,-0.6026959864898371,0.34357361902680944,0.0,-0.9274372505160029
538,-0.9149552721213863,0.346383563529832,-0.5965524589020141,0.3847407591336729,0.08984265062907634,-0.07869683134612655,-0.24227588543301926,-0.22007298541442347,-0.15061626843733253,-0.030630368944182813,0.03487723653752543,0.023862572079429774,0.0014247885155618627,-0.0025705723446151165,-0.007018694660678007,0.0030514188297352013,0.005283542361328677,-0.000901059925829914,0.00020716282249812226,0.0022281941256047945,-0.0012427293475457482,0.00014960196270543592,0.00020716282249811494,-0.0009010599258299202,0.005283542361328671,0.0030514188297352013,-0.007018694660677981,-0.002570572344615112,0.0014247885155618649,0.02386257207942978,0.034877236537525426,-0.030630368944182813,-0.15061626843733253,-0.22007298541442347,-0.24227588543301926,-0.07869683134612654,0.08984265062907634,0.3847407591336728,-0.5965524589020139,0.34638356352983174,0.0,-0.8781877951983585
539,-0.8621529360961346,0.34917341678014635,-0.5902705262203103,0.3788570664047703,0.09194094308822998,-0.07450765958276429,-0.23839855393906867,-0.21329861316417312,-0.14692677292855777,-0.030130678476207876,0.035103728163605415,0.02451946059729016,0.002043182248671359,-0.0020195460446502645,-0.0075722215122581826,0.002104882580163201,0.005360162797855035,-0.00019284609892254509,0.00043928005422811333,0.0022775877335972235,-0.001216048536599671,0.0003263609208571009,0.00043928005422810455,-0.00019284609892255154,0.005360162797855034,0.002104882580163201,-0.007572221512258156,-0.00201954604465026,0.0020431822486713623,0.024519460597290165,0.03510372816360541,-0.030130678476207887,-0.1469267729285577,-0.21329861316417312,-0.23839855393906867,-0.07450765958276426,0.09194094308822995,0.37885706640477007,-0.5902705262203102,0.34917341678014613,0.0,-0.8261626903860517
540,-0.8068891407205392,0.35194301695816105,-0.5838516459049533,0.3727756080317022,0.09395391626598278,-0.07021045883600982,-0.2340235055486022,-0.2059181565389886,-0.1426920239973244,-0.029489481723926052,0.035126705385991656,0.02500436271626869,0.0026445222616351704,-0.0014487392335888862,-0.008039744148528028,0.001130905967155743,0.005357289605663127,0.0005185958785697765,0.0006631548024836992,0.0022793737500312566,-0.0011612083581421565,0.0004947895408374649,0.0006631548024836899,0.0005185958785697696,0.005357289605663127,0.0011309059671557415,-0.008039744148528002,-0.0014487392335888823,0.0026445222616351713,0.02500436271626869,0.03512670538599165,-0.029489481723926052,-0.1426920239973244,-0.2059181565389886,-0.23402350554860218,-0.0702104588360098,0.09395391626598278,0.3727756080317021,-0.5838516459049533,0.351943016958161,0.0,-0.7714984011838881
541,-0.7493006337357819,0.3546922034190219,-0.5772973071891523,0.36649955857194494,0.09587970216512656,-0.06581145963612951,-0.22915987427468756,-0.1979525869806156,-0.13792773703233932,-0.02870979001580763,0.03494603499388413,0.025313877196402414,0.0032237893818855205,-0.0008637426977812549,-0.008415952513857626,0.00014218626536863357,0.0052749653954873525,0.0012213568114461451,0.0008745863668345465,0.002233514842452186,-0.0010794787160406086,0.0006505886946796215,0.0008745863668345365,0.001221356811446137,0.0052749653954873525,0.00014218626536863384,-0.008415952513857596,-0.0008637426977812498,0.0032237893818855235,0.025313877196402414,0.03494603499388413,-0.028709790015807635,-0.13792773703233935,-0.1979525869806156,-0.22915987427468754,-0.0658114596361295,0.09587970216512655,0.3664995585719449,-0.5772973071891521,0.3546922034190218,0.0,-0.7143357547248461
542,-0.6895241628839519,0.35742081670192977,-0.5706090307335825,0.3600321941606805,0.09771651369643292,-0.06131704011141467,-0.22381781416995408,-0.18942453851922986,-0.13265159256739117,-0.027795265110634727,0.03456276442665861,0.025445833015999057,0.0037761486714893095,-0.00027028620530996457,-0.00869657368712323,-0.0008483870518334228,0.005114411072446646,0.0019036728210010954,0.0010696075260094955,0.0021409695829971613,-0.000972752178691146,0.000789781620598186,0.0010696075260094849,0.0019036728210010863,0.005114411072446651,-0.0008483870518334248,-0.008696573687123203,-0.0002702862053099596,0.0037761486714893108,0.02544583301599905,0.03456276442665861,-0.027795265110634727,-0.13265159256739117,-0.18942453851922986,-0.22381781416995405,-0.06131704011141468,0.09771651369643286,0.3600321941606804,-0.5706090307335824,0.35742081670192966,0.0,-0.6548191331027484
543,-0.6276964759065711,0.3601286985393892,-0.5637883682735814,0.3533768908006348,0.09946264633703464,-0.056733716740505404,-0.21800847812745588,-0.1803582434592258,-0.12688317066790686,-0.026750202000348493,0.033979115701320776,0.02539930459979425,0.0042969897826663,0.0003258176144146617,-0.00887842041293789,-0.0018279003463740533,0.004878007729471629,0.002554122266674233,0.0012445589773241053,0.0020036724117089557,-0.0008435001538525828,0.0009088154295373564,0.0012445589773240943,0.0025541222666742225,0.0048780077294716334,-0.0018279003463740548,-0.008878420412937862,0.0003258176144146655,0.004296989782666303,0.025399304599794247,0.03397911570132077,-0.026750202000348496,-0.12688317066790683,-0.18035824345922583,-0.21800847812745583,-0.05673371674050541,0.0994626463370346,0.3533768908006346,-0.5637883682735815,0.3601286985393891,0.0,-0.593095707671829
544,-0.5639543205453879,0.36281569186638896,-0.5568369022591312,0.3465371225997834,0.10111647971218769,-0.052068134904119455,-0.2117439945962045,-0.17077946352353685,-0.12064387826824001,-0.025579508738968346,0.03319847253032846,0.025174618311197064,0.0047819654387327055,0.0009187302026472189,-0.008959427302044947,-0.002783584164486398,0.004569261334623887,0.0031618169387985554,0.0013961579984412143,0.001824493201636318,-0.0006947156596154664,0.0010046517923991602,0.001396157998441203,0.003161816938798546,0.004569261334623893,-0.0027835841644864,-0.008959427302044918,0.0009187302026472234,0.004781965438732708,0.025174618311197057,0.033198472530328454,-0.025579508738968356,-0.12064387826824004,-0.17077946352353682,-0.2117439945962045,-0.05206813490411946,0.10111647971218767,0.34653712259978336,-0.5568369022591309,0.36281569186638873,0.0,-0.5293147243127851
545,-0.4984344445421516,0.365481640829512,-0.549756245487718,0.3395164599578476,0.10267647909894509,-0.047327059249885534,-0.20503744225998358,-0.1607154166521385,-0.1139568697293477,-0.02428868339231487,0.03222536070446668,0.024773350163085142,0.005227027719283283,0.0015026442572655936,-0.00893867428971556,-0.003702979706071327,0.004192750736010413,0.003716584321973176,0.001521560043121432,0.0016071772709169698,-0.0005298440167273889,0.0010748444931671397,0.0015215600431214209,0.003716584321973166,0.004192750736010422,-0.003702979706071329,-0.008938674289715533,0.0015026442572655982,0.005227027719283284,0.02477335016308514,0.03222536070446668,-0.024288683392314877,-0.11395686972934772,-0.1607154166521385,-0.20503744225998358,-0.04732705924988557,0.10267647909894508,0.33951645995784757,-0.5497562454877177,0.3654816408295119,0.0,-0.4636268481239724
546,-0.43127359563861045,0.36812639079597587,-0.5425480407301508,0.3323185677025237,0.10414119685034792,-0.04251736388425098,-0.19790282273230955,-0.1501946996627356,-0.10684696091166952,-0.022883788216790237,0.031065421854505927,0.024198314763206705,0.005628461846752376,0.002071840612585303,-0.008816397085713084,-0.004574101244210018,0.0037540597554036846,0.004209137878059579,0.0016184121152043721,0.001356267095748955,-0.000352703067194297,0.001117601868387784,0.0016184121152043617,0.004209137878059569,0.0037540597554036946,-0.00457410124421002,-0.008816397085713062,0.002071840612585309,0.005628461846752377,0.024198314763206694,0.031065421854505927,-0.022883788216790244,-0.10684696091166952,-0.15019469966273563,-0.19790282273230958,-0.042517363884251,0.10414119685034791,0.3323185677025236,-0.5425480407301506,0.3681263907959757,0.0,-0.39618357468958637
547,-0.36260852157628687,0.37074978836260075,-0.5352139603494236,0.32494720317642073,0.1055092737388115,-0.037646022405684536,-0.19035503132454426,-0.13924720699339221,-0.09934053708209006,-0.021371421188483366,0.02972538074376113,0.023453545571729538,0.005982917192349408,0.0026207442559185576,-0.00859398449713509,-0.005385592377444133,0.003259694377649602,0.004631232498346286,0.0016848969193315913,0.0010770073606557427,-0.00016739476661179134,0.0011318325392465885,0.001684896919331581,0.004631232498346276,0.003259694377649612,-0.005385592377444135,-0.008593984497135065,0.002620744255918563,0.005982917192349409,0.023453545571729534,0.029725380743761128,-0.02137142118848337,-0.09934053708209009,-0.13924720699339216,-0.19035503132454412,-0.03764602240568453,0.10550927373881148,0.3249472031764208,-0.5352139603494235,0.3707497883626005,0.0,-0.3271367136292656
548,-0.29257597009692926,0.37335168136470887,-0.527755705912713,0.31740621427570653,0.10677944021746036,-0.03272009779362521,-0.1824098259481889,-0.12790404575799513,-0.09146545499674656,-0.01975868501631112,0.02821300628117286,0.02254426660941594,0.006287435242573258,0.0031439789322219827,-0.0082739626545398,-0.006126874077836224,0.002716986263981675,0.004975802522687735,0.0017197669599839022,0.0007752353307450211,2.1789802565792616e-05,0.0011171732689309265,0.001719766959983893,0.004975802522687724,0.002716986263981689,-0.006126874077836228,-0.008273962654539781,0.00314397893222199,0.006287435242573258,0.022544266609415935,0.028213006281172865,-0.019758685016311128,-0.09146545499674652,-0.12790404575799508,-0.18240982594818886,-0.032720097793625225,0.10677944021746032,0.3174062142757065,-0.5277557059127129,0.37335168136470875,0.0,-0.25663794857384403
549,-0.2213126889422865,0.37593191888494903,-0.5201750077966029,0.30969953744148204,0.10795051759824129,-0.02774673216783751,-0.17408379421628378,-0.11619744735591975,-0.08325093952305822,-0.01805315378472273,0.026537066480938388,0.021476855814870494,0.006539474292878867,0.0036364198020059713,-0.007859966320514396,-0.00678828260477743,0.0021339840201824735,0.005237080015243638,0.0017223679490117247,0.0004572588374701351,0.00021046979726301325,0.0010739982342226058,0.001722367949011716,0.00523708001524363,0.0021339840201824883,-0.0067882826047774335,-0.007859966320514377,0.003636419802005975,0.006539474292878868,0.021476855814870487,0.02653706648093838,-0.018053153784722734,-0.08325093952305827,-0.11619744735591976,-0.17408379421628375,-0.027746732167837483,0.10795051759824127,0.3096995374414821,-0.5201750077966029,0.375931918884949,0.0,-0.18483847607086984
550,-0.14895542585410704,0.37849035126205127,-0.5124736247856203,0.3018311956049361,0.10902141914572137,-0.02273313643302029,-0.1653943188125971,-0.1041606758870583,-0.07472747518461868,-0.016262837382627335,0.02470727762981454,0.020258800307883344,0.0067369306623868185,0.0040932436367459996,-0.007356697606558329,-0.007361195486625089,0.0015193338321344539,0.005410691316940041,0.0016926510824484956,0.0001297244283136235,0.00039427605855830956,0.0010034094746634106,0.0016926510824484874,0.005410691316940032,0.0015193338321344686,-0.007361195486625091,-0.007356697606558309,0.004093243636746004,0.0067369306623868185,0.020258800307883334,0.02470727762981454,-0.016262837382627342,-0.07472747518461872,-0.10416067588705828,-0.16539431881259706,-0.02273313643302028,0.10902141914572137,0.30183119560493604,-0.5124736247856203,0.3784903512620511,0.0,-0.11188872423379081
551,-0.07564092857402693,0.38102683009950705,-0.5046533436641841,0.2938052960873508,0.10999115108555578,-0.01768657982368454,-0.1563595412009038,-0.09182793363244617,-0.06592669303143403,-0.014396143885601273,0.022734247956795874,0.018898643872664336,0.006878156252564166,0.004509976060155294,-0.006769872567169475,-0.007838143927806988,0.0008821512389887499,0.005493730258410507,0.001631173956249688,-0.00020052156358773705,0.0005689522858954635,0.0009072087630779688,0.0016311739562496807,0.005493730258410498,0.0008821512389887652,-0.007838143927806993,-0.006769872567169458,0.004509976060155299,0.006878156252564166,0.018898643872664322,0.022734247956795874,-0.014396143885601282,-0.06592669303143403,-0.09182793363244617,-0.15635954120090376,-0.01768657982368456,0.10999115108555572,0.2938052960873508,-0.5046533436641839,0.38102683009950694,0.0,-0.037938150244590574
552,-0.0015059448437946266,0.3835412082741768,-0.49671597880205604,0.2856260284560562,0.11085881352668962,-0.012614379364458288,-0.14699832375012037,-0.07923426386906363,-0.056881253255337785,-0.012461840068044013,0.020629416131743964,0.017405927029335466,0.006961972303320439,0.004882535372612611,-0.006106156277709848,-0.00821291017599369,0.00023188594561356828,0.005484806807868135,0.0015390901037748766,-0.0005265761258650633,0.0007304535978959308,0.000787851615456743,0.0015390901037748714,0.005484806807868129,0.0002318859456135839,-0.008212910175993694,-0.006106156277709832,0.0048825353726126165,0.006961972303320439,0.017405927029335456,0.020629416131743957,-0.012461840068044018,-0.05688125325533777,-0.07923426386906363,-0.14699832375012034,-0.012614379364458262,0.11085881352668958,0.28562602845605617,-0.4967159788020558,0.38354120827417676,0.0,0.036864885864303865
553,0.07331277759506882,0.3860333399448241,-0.4886633717333923,0.2772976623374507,0.11162360129643822,-0.007523889261100147,-0.13733021035436974,-0.06641545129496115,-0.047624723986203536,-0.010469010230734224,0.01840498494952307,0.01579112011403713,0.006987679231701523,0.00520727252950533,-0.005373087133427296,-0.008480608580008969,-0.0004218183207855219,0.0053840703395665376,0.0014181273513275282,-0.0008416238580849625,0.0008750401974534895,0.0006483846140934564,0.0014181273513275234,0.005384070339566531,-0.0004218183207855071,-0.008480608580008967,-0.0053730871334272835,0.005207272529505334,0.006987679231701523,0.015791120114037115,0.018404984949523057,-0.010469010230734226,-0.04762472398620353,-0.06641545129496113,-0.13733021035436974,-0.00752388926110013,0.1116236012964382,0.2772976623374505,-0.48866337173339214,0.3860333399448238,0.0,0.11237317535224417
554,0.14867849100058628,0.38850308056057353,-0.48049739072949194,0.26882454518823035,0.11228480468767071,-0.002422490237604343,-0.12737538563019007,-0.053407920347649684,-0.03819145671874852,-0.008427013537148965,0.016073850584109293,0.014065549837042968,0.006955062471061349,0.005481006881918618,-0.004578991229434091,-0.008637749281764534,-0.001069266831483965,0.005193207133346948,0.0012705553978809257,-0.0011390794315965663,0.0009993639721600984,0.0004923676437992024,0.001270555397880923,0.005193207133346943,-0.0010692668314839482,-0.008637749281764534,-0.00457899122943408,0.005481006881918623,0.006955062471061349,0.014065549837042958,0.016073850584109286,-0.008427013537148977,-0.03819145671874849,-0.05340792034764968,-0.12737538563019007,-0.002422490237604343,0.11228480468767067,0.2688245451882302,-0.48049739072949177,0.3885030805605733,0.0,0.18844064858099974
555,0.22445444763123673,0.3909502868692966,-0.47221993036534254,0.2602111000259914,0.11284181011740312,0.0026824211651435975,-0.11715463277607473,-0.04024863170468207,-0.028616458832227232,-0.006345440058912556,0.013649527822823677,0.012241319834025564,0.006864394261973841,0.005701057329607325,-0.0037328877941024477,-0.00868228371189728,-0.001700857633432076,0.004915412147127865,0.0010991432273118966,-0.0014127252402714185,0.001100546024704502,0.00032378302610806554,0.0010991432273118951,0.00491541214712786,-0.0017008576334320601,-0.008682283711897281,-0.003732887794102442,0.005701057329607325,0.006864394261973842,0.012241319834025554,0.013649527822823672,-0.006345440058912569,-0.028616458832227215,-0.040248631704682104,-0.11715463277607474,0.0026824211651435975,0.11284181011740309,0.26021110002599135,-0.4722199303653426,0.39095028686929656,0.0,0.26492230365860886
556,0.3005038997453853,0.39337481692591986,-0.4638329110800636,0.2514618231203881,0.11329410069619093,0.007783443313644098,-0.10668929018232254,-0.02697497726051772,-0.018935263676100707,-0.004234065736804089,0.011146071714144978,0.01033122576774864,0.006716431379937071,0.005865268581121747,-0.002844386749951046,-0.008613631296003786,-0.0023072239505438695,0.0045553355348520955,0.0009071071522429424,-0.0016568413648726508,0.0011762433379147656,0.0001469338708168881,0.0009071071522429428,0.00455533553485209,-0.002307223950543855,-0.008613631296003786,-0.0028443867499510435,0.005865268581121748,0.006716431379937068,0.010331225767748625,0.011146071714144973,-0.0042340657368041,-0.01893526367610069,-0.02697497726051773,-0.10668929018232248,0.007783443313644089,0.11329410069619093,0.2514618231203881,-0.4638329110800634,0.3933748169259198,0.0,0.3416740843516254
557,0.37669009960105493,0.3957765301006583,-0.455338278731348,0.24258128164605355,0.11364125670779172,0.012873180213444385,-0.09600120688178483,-0.013624673878091315,-0.00918379870380141,-0.002102806468845519,0.008577996083350003,0.00834866557568643,0.006512408818835626,0.005972032263881645,-0.0019235795655114071,-0.008432687023315568,-0.002879373097205573,0.004119004805154971,0.0006980504643783197,-0.0018663251344552994,0.0012247030307189896,-3.366576057145346e-05,0.0006980504643783219,0.00411900480515497,-0.0028793730972055593,-0.008432687023315568,-0.0019235795655114071,0.005972032263881647,0.006512408818835626,0.008348665575686415,0.008577996083350001,-0.0021028064688455345,-0.00918379870380141,-0.013624673878091324,-0.09600120688178483,0.012873180213444359,0.11364125670779168,0.24258128164605347,-0.4553382787313478,0.39577653010065816,0.0,0.41855271679435474
558,0.45287629945683827,0.3981552870871722,-0.44673800414400777,0.23357411129850703,0.11388295599865284,0.017944252232623373,-0.08511269693451844,-0.000235656216989622,0.0006017478560439076,3.83284589080309e-05,0.005960189388388448,0.006307545493118721,0.006254029482883112,0.006020302677435112,-0.000980924637863124,-0.008141809779145713,-0.003408819843853937,0.0036137239237800317,0.0004758958237121542,-0.0020367977856491147,0.0012448029486487513,-0.0002134060759313382,0.0004758958237121582,0.0036137239237800335,-0.0034088198438539242,-0.008141809779145715,-0.0009809246378631284,0.006020302677435114,0.006254029482883112,0.006307545493118703,0.005960189388388451,3.832845890801206e-05,0.000601747856043899,-0.00023565621698967367,-0.08511269693451841,0.017944252232623373,0.11388295599865281,0.23357411129850703,-0.4467380041440079,0.3981552870871721,0.0,0.4954155154167606
559,0.5289257515708732,0.4005109499106476,-0.43803408265272675,0.22444501387429355,0.11401897427686339,0.022989306801552558,-0.07404649284157702,0.013154031057237293,0.010385061296142382,0.0021792833801672815,0.003307828403819077,0.004222182510881964,0.005943449973082513,0.006009607035606536,-2.71285076468199e-05,-0.007744791593211395,-0.00388771225675273,0.0030479510487190073,0.0002448116552317146,-0.0021646959903635055,0.0012360776489532888,-0.00038769921711470244,0.00024481165523171974,0.0030479510487190086,-0.0038877122567527174,-0.007744791593211395,-2.7128507646827974e-05,0.006009607035606533,0.005943449973082512,0.004222182510881949,0.003307828403819069,0.0021792833801672702,0.010385061296142391,0.013154031057237258,-0.07404649284157706,0.02298930680155254,0.11401897427686337,0.22444501387429355,-0.4380340826527265,0.4005109499106475,0.0,0.5721201691861355
560,0.6047017082015236,0.4028433819357992,-0.4292285336391247,0.21519875481661815,0.11404918532029254,0.028001029073419014,-0.06282569808520229,0.02650634137634518,0.02012983519643273,0.004310003474028842,0.0006362902332258401,0.0021072039519653197,0.005583262586839786,0.005940050097216555,0.0009269757443021777,-0.007246808204727322,-0.004308948145706871,0.002431156944730857,9.133934180046272e-06,-0.002247346338744145,0.0011987291786014333,-0.0005520963646881938,9.133934180053001e-06,0.0024311569447308594,-0.004308948145706858,-0.007246808204727321,0.0009269757443021664,0.005940050097216555,0.005583262586839785,0.002107203951965311,0.0006362902332258357,0.004310003474028822,0.020129835196432678,0.026506341376345152,-0.06282569808520229,0.028001029073418986,0.11404918532029248,0.21519875481661804,-0.42922853363912467,0.4028433819357991,0.0,0.6485245196964389
561,0.6800674216071547,0.40515244787479526,-0.4203234000632464,0.20584016072775602,0.11397356109372078,0.032972152530053894,-0.05147373889449794,0.0397833343780709,0.029799906159228312,0.006420481986624942,-0.0020389368397764965,-2.2555128650403525e-05,0.005176473680973555,0.005812313140018314,0.0018705515375457126,-0.006654351588729832,-0.0046662803927421176,0.001773666447312434,-0.00022671517253052223,-0.0022830212204909685,0.001133622395591016,-0.0007024012937175035,-0.00022671517253051415,0.0017736664473124374,-0.004666280392742109,-0.006654351588729832,0.0018705515375457024,0.005812313140018315,0.005176473680973553,-2.255512865042075e-05,-0.0020389368397764943,0.006420481986624935,0.02979990615922834,0.03978333437807085,-0.05147373889449795,0.0329721525300539,0.1139735610937208,0.20584016072775602,-0.4203234000632466,0.40515244787479504,0.0,0.7244863428332349
562,0.7548861440459045,0.40743801379510486,-0.41132074798957685,0.1963741168495372,0.11379217177485627,0.03789546951768925,-0.04001431533728917,0.05294728371302516,0.03935938801359664,0.008500807227030241,-0.004702343145104743,-0.0021521560012444925,0.004726478578717235,0.005627647287899772,0.002792881872382664,-0.005975145323254067,-0.004954409599678581,0.0010864856299373576,-0.0004583102821724928,-0.002270974936470613,0.0010422649419076133,-0.0008347774820959428,-0.00045831028217248424,0.0010864856299373628,-0.0049544095996785715,-0.005975145323254065,0.0027928818723826493,0.00562764728789977,0.004726478578717233,-0.00215215600124451,-0.004702343145104749,0.008500807227030232,0.0393593880135967,0.052947283713025164,-0.04001431533728912,0.03789546951768924,0.11379217177485629,0.1963741168495372,-0.41132074798957663,0.4074380137951047,0.0,0.7998631456862538
563,0.8290211277762505,0.40969994712726643,-0.40222266610769636,0.18680556451322164,0.11350518568921121,0.042763841697366696,-0.028471351840274516,0.06596078424347192,0.048772804990934567,0.010541209116713251,-0.0073384875437580285,-0.004266661045811797,0.004237033230155944,0.005387861256709054,0.003683491052007782,-0.005218043900682614,-0.005169062680592771,0.00038111756770007547,-0.0006813058323976478,-0.0022114592857953507,0.0009267723318878281,-0.0009458460374851642,-0.0006813058323976379,0.00038111756770008165,-0.005169062680592766,-0.005218043900682614,0.003683491052007764,0.005387861256709054,0.004237033230155943,-0.00426666104581181,-0.007338487543758033,0.010541209116713234,0.04877280499093459,0.06596078424347192,-0.028471351840274446,0.0427638416973667,0.11350518568921121,0.18680556451322156,-0.40222266610769614,0.40969994712726643,0.0,0.8745119900756972
564,0.9023356250563306,0.41193811667257746,-0.3930312652476892,0.17713949856009484,0.11311286915389937,0.04757021039484672,-0.016868947240772335,0.07878685832938945,0.05800522337751775,0.01253210507391665,-0.00993208694805855,-0.006351238528734473,0.0037122228626385403,0.005095303638726751,0.0045322636639865774,-0.0043929172958961015,-0.005307056233606628,-0.00033063021860723187,-0.0008915176197123268,-0.002105718302557429,0.000789818964416671,-0.0010327719432901656,-0.0008915176197123164,-0.00033063021860722515,-0.005307056233606622,-0.0043929172958961,0.0045322636639865575,0.00509530363872675,0.0037122228626385394,-0.006351238528734483,-0.009932086948058553,0.012532105073916635,0.058005223377517755,0.07878685832938948,-0.016868947240772335,0.04757021039484672,0.11311286915389936,0.17713949856009484,-0.3930312652476892,0.41193811667257746,0.0,0.9482893535076038
565,0.9746928881445096,0.41415239261070375,-0.38374867789041295,0.1673809647341306,0.11261558623049928,0.05230760683501141,-0.005231324474341588,0.09138906089980475,0.06702238115545443,0.014464145017474226,-0.012468104925587309,-0.008391266636736653,0.0031564278828287045,0.004752839899300481,0.005329559469671517,-0.003510522296056422,-0.005366343752171283,-0.0010368434146917484,-0.001085001310276672,-0.001955962252234974,0.0006345761933426765,-0.0010933364222464972,-0.001085001310276661,-0.0010368434146917414,-0.005366343752171281,-0.0035105222960564206,0.005329559469671495,0.0047528398993004805,0.0031564278828287023,-0.008391266636736667,-0.0124681049255873,0.014464145017474214,0.06702238115545445,0.09138906089980475,-0.0052313244743415355,0.05230760683501139,0.11261558623049928,0.16738096473413056,-0.3837486778904129,0.4141523926107036,0.0,1.0210510375880701
566,1.0459561692991528,0.4163426465072098,-0.3743770576727442,0.15753505704808282,0.11201379838721276,0.056969162245922085,0.006417219996684308,0.10373158301084155,0.07579081515093858,0.01632825527870769,-0.014931838873132233,-0.010372436038398894,0.0025742873149986094,0.004363824310948978,0.006066322896661932,-0.002582362269435721,-0.005346045975681017,-0.001725700352628747,-0.001258126449881134,-0.0017653214313131573,0.0004646388901800929,-0.0011259935705445069,-0.0012581264498811224,-0.0017257003526287386,-0.0053460459756810175,-0.002582362269435719,0.0060663228966619095,0.004363824310948976,0.002574287314998607,-0.010372436038398896,-0.01493183887313223,0.016328255278707682,0.07579081515093856,0.10373158301084155,0.006417219996684308,0.056969162245922064,0.11201379838721269,0.15753505704808288,-0.37437705767274415,0.4163426465072098,0.0,1.0926521329209369
567,1.1159887207783967,0.4185087513210084,-0.36491857888791895,0.1476069151243807,0.1113080640706319,0.06154811781788203,0.018052366908168742,0.11577935359622417,0.0842779852179482,0.01811568121517466,-0.017309005255256384,-0.012280850253836767,0.0019706600807327976,0.00393206709982801,0.006734185890707821,-0.0016205372014188165,-0.005246463929304087,-0.0023856698998748426,-0.0014076445844052516,-0.0015377807358304156,0.00028394219964529734,-0.001129909816908815,-0.0014076445844052403,-0.0023856698998748326,-0.0052464639293040875,-0.0016205372014188155,0.006734185890707793,0.003932067099828007,0.0019706600807327954,-0.012280850253836779,-0.017309005255256388,0.018115681215174657,0.0842779852179482,0.11577935359622421,0.018052366908168777,0.061548117817882,0.11130806407063186,0.1476069151243808,-0.3649185788879189,0.4185087513210083,0.0,1.1629470483082507
568,1.1846537948407203,0.4206505814117292,-0.3553754359810771,0.13760172151221506,0.11049903818751235,0.0660378345030644,0.029649824966747645,0.127498139121115,0.09245239499653617,0.019818028326135863,-0.019585822413314132,-0.014103123128522714,0.001350584443226917,0.003461797126343213,0.007325562958880218,-0.0006375859526891797,-0.005069074459643899,-0.0030057044848592505,-0.0015307502125723861,-0.001278096366539704,9.667041567370907e-05,-0.0011049851994429697,-0.0015307502125723744,-0.0030057044848592392,-0.0050690744596439,-0.0006375859526891797,0.007325562958880192,0.003461797126343208,0.0013505844432269132,-0.014103123128522726,-0.01958582241331414,0.019818028326135856,0.09245239499653618,0.127498139121115,0.02964982496674768,0.0660378345030644,0.11049903818751232,0.13760172151221498,-0.3553754359810771,0.42065058141172884,0.0,1.231789610691345
569,1.2518146437443751,0.42276801254700613,-0.3457498430401337,0.12752469898221655,0.10958747149703355,0.07043180264149687,0.04118538156400948,0.13885464085612004,0.10028370879757298,0.021427301676646086,-0.021749090464829132,-0.015826472727542062,0.0007192359546854102,0.0029576204654357934,0.007833737324521401,0.00035367720399580776,-0.004816508332438634,-0.003575425027997829,-0.001625133427306158,-0.0009916964117666319,-9.283991197480421e-05,-0.0010518559171493983,-0.0016251334273061468,-0.003575425027997818,-0.00481650833243864,0.0003536772039958086,0.007833737324521375,0.00295762046543579,0.0007192359546854069,-0.015826472727542076,-0.02174909046482913,0.02142730167664608,0.10028370879757295,0.13885464085612004,0.04118538156400949,0.07043180264149686,0.10958747149703349,0.12752469898221647,-0.34574984304013356,0.4227680125470061,0.0,1.2990332407400944
570,1.3173345197476114,0.42486092190968366,-0.3360440332820918,0.11738110780013901,0.10857420991410957,0.07472365139944617,0.0526349533264007,0.14981658949506155,0.10774286418017572,0.022935943445116787,-0.02378626783001584,-0.01743881099168267,8.188425781635555e-05,0.0024244752922278835,0.008252937215439148,0.0013403296374471347,-0.00449251121712037,-0.004085294682474033,-0.0016890232579462414,-0.0006845673860449979,-0.0002802003968149556,-0.0009718780909973085,-0.0016890232579462306,-0.004085294682474021,-0.0044925112171203775,0.0013403296374471362,0.008252937215439118,0.0024244752922278796,8.18842578163534e-05,-0.017438810991682676,-0.023786267830015837,0.022935943445116787,0.10774286418017574,0.1498165894950616,0.05263495332640071,0.07472365139944619,0.10857420991410956,0.11738110780013894,-0.3360440332820918,0.4248609219096836,0.0,1.3645312073496085
571,1.3810766751087944,0.4269291881049403,-0.3262602585349189,0.10717624298096852,0.10746019372439802,0.0789071580065182,0.06397463639532032,0.1603528368476615,0.11480217980404167,0.024336868418011366,-0.025685543941781137,-0.01892882852648503,-0.000556150898013859,0.001867583514901587,0.008578401418874662,0.0023095088243043397,-0.004101888136850195,-0.004526778476449992,-0.0017212209000667018,-0.0003631290961715255,-0.0004610724350896222,-0.0008670931490360591,-0.001721220900066692,-0.004526778476449981,-0.004101888136850203,0.0023095088243043397,0.008578401418874634,0.0018675835149015827,-0.0005561508980138611,-0.018928828526485038,-0.02568554394178114,0.024336868418011356,0.11480217980404171,0.16035283684766152,0.06397463639532036,0.07890715800651815,0.10746019372439801,0.10717624298096842,-0.326260258534919,0.4269291881049402,0.0,1.4281369625704519
572,1.442904362086062,0.42897269116732967,-0.3164007887151029,0.09691543152489479,0.10624645671173429,0.08297625677807975,0.07518075633243271,0.17043344434659333,0.12143545815644112,0.025623497264975096,-0.02743590771766866,-0.020286073929518634,-0.0011895440588484392,0.0012923996285451175,0.00880643335868015,0.0032485800316981936,-0.003650432207860362,-0.004892486184374175,-0.0017211222093852336,-3.410045030935143e-05,-0.0006312676724321594,-0.0007401757190964117,-0.001721122209385225,-0.004892486184374162,-0.0036504322078603746,0.0032485800316981945,0.008806433358680123,0.0012923996285451142,-0.0011895440588484407,-0.020286073929518637,-0.027435907717668663,0.02562349726497509,0.12143545815644112,0.17043344434659338,0.07518075633243274,0.08297625677807972,0.10624645671173423,0.09691543152489476,-0.31640078871510274,0.42897269116732945,0.0,1.4897045567154532
573,1.5026808329380055,0.43099131256773887,-0.30646791130101286,0.08660402963658498,0.10493412519880169,0.08692504790992182,0.08622991754600749,0.1800297681174112,0.1276180827726436,0.02678978743812577,-0.029027211396778586,-0.021501027099460668,-0.001813008515822287,0.0007045572909187207,0.008934443080505106,0.004145301030316001,-0.0031448387249311286,-0.005176296035788929,-0.0016887290376961617,0.0002956409849160322,-0.0007868449912861698,-0.0005943653591145711,-0.0016887290376961536,-0.00517629603578892,-0.0031448387249311404,0.004145301030316001,0.008934443080505077,0.0007045572909187184,-0.0018130085158222875,-0.02150102709946067,-0.02902721139677859,0.026789787438125764,0.12761808277264364,0.18002976811741125,0.08622991754600753,0.08692504790992182,0.10493412519880164,0.086604029636585,-0.30646791130101303,0.43099131256773876,0.0,1.5490891315894844
574,1.560269339922649,0.4329849352202641,-0.29646393080218664,0.07624741992921323,0.10352441700192754,0.09074780603241143,0.09709905213509702,0.18911454036963113,0.1333271095889868,0.027830261550389063,-0.030450229371567435,-0.022565166012766643,-0.002421340431452508,0.0001098141434058297,0.008960976668129587,0.004987981690582755,-0.0025926058671533244,-0.005373457190812202,-0.0016246491981240757,0.0006192027437012139,-0.0009242017731983598,-0.0004333838676574056,-0.0016246491981240692,-0.0053734571908121915,-0.0025926058671533365,0.004987981690582753,0.00896097666812956,0.00010981414340582579,-0.002421340431452509,-0.022565166012766646,-0.030450229371567446,0.027830261550389063,0.1333271095889869,0.18911454036963116,0.09709905213509702,0.09074780603241142,0.10352441700192752,0.0762474199292132,-0.2964639308021865,0.4329849352202638,0.0,1.6061474880147966
575,1.615533135298358,0.4349534434890012,-0.28639116822466354,0.06585100861470396,0.102018640300975,0.09443898851173027,0.10776546804957716,0.19766194687769287,0.1385413520895726,0.02874003309960207,-0.0316967116734497,-0.023471026499542476,-0.003009462274230793,-0.00048600458239751477,0.008885732756837926,0.005765636381377897,-0.0020019234965549834,-0.0054806692669033315,-0.0015300850603500755,0.0009298215317814172,-0.0010401573226737377,-0.00026134028529152704,-0.0015300850603500702,-0.005480669266903322,-0.002001923496554998,0.005765636381377897,0.0088857327568379,-0.0004860045823975174,-0.0030094622742307953,-0.023471026499542476,-0.03169671167344971,0.028740033099602064,0.1385413520895726,0.19766194687769292,0.10776546804957716,0.09443898851173024,0.10201864030097497,0.06585100861470392,-0.28639116822466343,0.43495344348900106,0.0,1.6607387221097734
576,1.6683354713234961,0.43689672319475337,-0.27625196053249323,0.0554202226816581,0.10041819242537924,0.09799324348616378,0.11820689646550511,0.2056477003316421,0.14324145993060514,0.029514829417573833,-0.03275943180211749,-0.024212254599333283,-0.00357246519898446,-0.0010770631201078254,0.008709565956276324,0.006468127184537345,-0.0013815516987584222,-0.0054961375856732745,-0.0014068109898054413,0.0012210045971211688,-0.001132026520792793,-8.262601162919907e-05,-0.001406810989805438,-0.005496137585673266,-0.0013815516987584378,0.006468127184537347,0.008709565956276298,-0.0010770631201078302,-0.0035724651989844603,-0.024212254599333283,-0.03275943180211749,0.029514829417573833,0.14324145993060516,0.2056477003316422,0.11820689646550511,0.09799324348616381,0.10041819242537924,0.055420222681658,-0.2762519605324934,0.4368967231947532,0.0,1.712724923158341
577,1.718539600256429,0.43881466162165367,-0.26604866010554074,0.04496050706243137,0.09872455855745484,0.10140541762578931,0.12840153827688586,0.21304910934910767,0.14740999075059263,0.03015101173632448,-0.03363222862128717,-0.024783651129590696,-0.004105650019272258,-0.0016575723271626726,0.008434477143917988,0.007086296058120692,-0.0007406908669645833,-0.005419603214934322,-0.0012571400541551106,0.0014866654455587159,-0.0011976820030343285,9.819728481934172e-05,-0.0012571400541551083,-0.005419603214934315,-0.0007406908669645989,0.007086296058120689,0.008434477143917962,-0.0016575723271626778,-0.004105650019272259,-0.024783651129590707,-0.03363222862128717,0.030151011736324482,0.1474099907505927,0.2130491093491077,0.12840153827688588,0.10140541762578932,0.09872455855745484,0.044960507062431265,-0.2660486601055406,0.43881466162165356,0.0,1.761971924414086
578,1.7660087743554072,0.440707147523703,-0.2557836341937137,0.03447732179084837,0.0969393103541777,0.10467056360431136,0.13832810960678463,0.2198451429524785,0.1510314748999204,0.03064559227726353,-0.03431004207798171,-0.0251812081542028,-0.004604566429832862,-0.002221846386770604,0.00806359073938128,0.007612084225493323,-8.884525597764644e-05,-0.005252347303099899,-0.0010838806217778032,0.0017212510645892476,-0.0012356034214862858,0.0002765141028944905,-0.0010838806217778022,-0.005252347303099893,-8.884525597766366e-05,0.007612084225493323,0.008063590739381262,-0.0022218463867706094,-0.00460456642983286,-0.0251812081542028,-0.03431004207798171,0.030645592277263527,0.15103147489992041,0.21984514295247842,0.13832810960678465,0.10467056360431141,0.09693931035417766,0.034477321790848336,-0.2557836341937137,0.44070714752370294,0.0,1.8083500968480073
579,1.8106062458786825,0.44257407113122244,-0.24545926436774207,0.023976139152032064,0.09506410448871976,0.10778394727221224,0.14796588624276938,0.22601649032806717,0.15409247284958053,0.03099624828304935,-0.03478894253826561,-0.025402137096286276,-0.005065050151710082,-0.002764358497833363,0.0076011192177159485,0.008038637233804173,0.0005643179701748017,-0.004997169633378697,-0.0008902836666123738,0.0019198579959742341,-0.001244912650706626,0.00044777291911023885,-0.0008902836666123746,-0.0049971696333786925,0.0005643179701747847,0.008038637233804175,0.007601119217715929,-0.002764358497833366,-0.0050650501517100835,-0.025402137096286272,-0.03478894253826561,0.030996248283049355,0.15409247284958058,0.2260164903280673,0.14796588624276938,0.10778394727221224,0.09506410448871971,0.023976139152032064,-0.245459264367742,0.44257407113122244,0.0,1.8517351746994166
580,1.8521952670845054,0.4444153241572208,-0.23507794596663392,0.013462440825837975,0.09310068111309108,0.11074105452081584,0.15729474690391224,0.23154561569745916,0.1565816250660115,0.031201332926230393,-0.035066153569358015,-0.025444888298049615,-0.005483257690017628,-0.0032797950073835866,0.007052315264710402,0.008360394312261153,0.0012091121066387653,-0.004658341756755568,-0.0006799817681221691,0.002078334830953185,-0.0012253941219914901,0.0006076023649517929,-0.0006799817681221708,-0.004658341756755566,0.0012091121066387502,0.008360394312261153,0.007052315264710383,-0.0032797950073835892,-0.005483257690017628,-0.025444888298049615,-0.035066153569358,0.031201332926230393,0.15658162506601156,0.23154561569745927,0.15729474690391226,0.11074105452081583,0.09310068111309105,0.013462440825837975,-0.2350779459666339,0.4444153241572205,0.0,1.8920091007496507
581,1.8906390902313548,0.4462307998036746,-0.22464208754193632,0.0029417150253848515,0.09105086224331489,0.11353759782731392,0.16629521524902083,0.23641680814512744,0.15848969416695818,0.03125988304343653,-0.03514006803604447,-0.025309161890529164,-0.005855698414232571,-0.0037631074553360414,0.006423412117633393,0.008573160865282547,0.0018359745659300955,-0.004241535488290453,-0.00045692095095879075,0.0021933689856375184,-0.0011774998151811802,0.0007519228057309828,-0.0004569209509587947,-0.004241535488290449,0.0018359745659300788,0.008573160865282547,0.006423412117633377,-0.0037631074553360457,-0.005855698414232572,-0.02530916189052915,-0.03514006803604447,0.031259883043436534,0.15848969416695816,0.23641680814512753,0.16629521524902086,0.11353759782731392,0.09105086224331485,0.0029417150253848515,-0.22464208754193626,0.4462307998036746,0.0,1.9290608785276862
582,1.9258009675773686,0.4480203927677237,-0.21415411029893222,-0.007580546367824726,0.08891655006863461,0.11616952247126432,0.17494850053839517,0.24061622626073156,0.15980959920191154,0.03117162365879765,-0.035010257418068055,-0.02499590989695436,-0.006179263693254703,-0.004209562021798315,0.0057215527690113585,0.008674163155465212,0.002435608695414233,-0.0037537279636727654,-0.0002252866432598474,0.002262555942751921,-0.001102338792411447,0.0008770504729574983,-0.00022528664325985247,-0.0037537279636727663,0.002435608695414219,0.008674163155465212,0.005721552769011345,-0.004209562021798318,-0.006179263693254701,-0.024995909896954358,-0.035010257418068055,0.031171623658797647,0.15980959920191154,0.24061622626073162,0.17494850053839525,0.11616952247126427,0.08891655006863455,-0.007580546367824691,-0.21415411029893214,0.4480203927677235,0.0,1.9627874181904668
583,1.9575441513809104,0.4497839992477785,-0.2036164475349004,-0.018098850670700026,0.08669972518632177,0.11863301241354773,0.18323653686421956,0.24413193746924952,0.16053644192990912,0.030936969275345432,-0.03467747429448213,-0.02450732955498892,-0.006451252842051687,-0.004614785892627643,0.004954708837534891,0.008662084463493527,0.0029991216508523655,-0.003203084845338707,1.0574857129044941e-05,0.0022844495123881476,-0.0010016515161712517,0.0009797914922549426,1.0574857129038751e-05,-0.003203084845338708,0.00299912165085235,0.008662084463493527,0.004954708837534879,-0.004614785892627647,-0.006451252842051686,-0.024507329554988914,-0.03467747429448212,0.030936969275345436,0.16053644192990912,0.24413193746924963,0.18323653686421956,0.1186330124135477,0.08669972518632173,-0.01809885067070013,-0.2036164475349004,0.4497839992477781,0.0,1.9930943626090551
584,1.985731893900232,0.451521516949541,-0.19303154407457093,-0.028607707265774846,0.08440244476372315,0.12092449582925988,0.19114202086768503,0.24695395193718622,0.16066752499717987,0.03055702192833359,-0.03414364798056168,-0.02384684790468722,-0.006669395663322601,-0.004974810089104903,0.0041315900275470776,0.008537082253589312,0.0035181562812871634,-0.002598823633224661,0.0002462379349301336,0.0022585920611889318,-0.0008777695463696265,0.0010575234067661521,0.0002462379349301261,-0.0025988236332246633,0.0035181562812871487,0.008537082253589312,0.004131590027547069,-0.004974810089104907,-0.006669395663322602,-0.02384684790468721,-0.03414364798056168,0.030557021928333594,0.16066752499717982,0.24695395193718622,0.191142020867685,0.12092449582925983,0.08440244476372312,-0.028607707265774877,-0.19303154407457082,0.4515215169495409,0.0,2.019896880239617
585,2.0102274473936985,0.4532328450919383,-0.1824018557029046,-0.039101630467342795,0.08202684062925217,0.1230406502865159,0.19864844786410024,0.24907425095851488,0.16020236194717385,0.030033566009618748,-0.033411873342568434,-0.023019097750270716,-0.006831871396032461,-0.005286108342229046,0.0032615452054599136,0.008300786120724919,0.003985015069355865,-0.0019510593682687046,0.00047728069799146184,0.002185524078092316,-0.0007335615496844982,0.0011082621151689447,0.0004772806979914528,-0.0019510593682687098,0.003985015069355852,0.008300786120724919,0.0032615452054599093,-0.005286108342229048,-0.006831871396032459,-0.023019097750270705,-0.033411873342568434,0.03003356600961875,0.16020236194717383,0.24907425095851496,0.1986484478641003,0.12304065028651587,0.08202684062925215,-0.039101630467342795,-0.18240185570290454,0.4532328450919381,0.0,2.0431204116656354
586,2.0308940641195603,0.45491788441296765,-0.17172984859533189,-0.04957514238501748,0.07957511729409658,0.12497840756365919,0.20574014630056842,0.250486809739694,0.15914267902582943,0.029369059887409062,-0.03248639285521605,-0.022029885164334975,-0.0069373239126611155,-0.005545631630876457,0.002354456216658845,0.007956276546360592,0.004392774288940033,-0.001270635311509109,0.0006993679479854828,0.002066772876687124,-0.000572366871425306,0.0011307125157144343,0.0006993679479854732,-0.0012706353115091147,0.004392774288940022,0.007956276546360594,0.002354456216658843,-0.0055456316308764575,-0.0069373239126611155,-0.02202988516433497,-0.03248639285521605,0.029369059887409066,0.15914267902582943,0.25048680973969406,0.2057401463005685,0.12497840756365915,0.07957511729409654,-0.04957514238501758,-0.17172984859533189,0.4549178844129673,0.0,2.062701357259421
587,2.0475949963361826,0.45657653717545443,-0.16101799874557918,-0.06002277578322478,0.07704954990647782,0.1267349580978893,0.21240231047429253,0.2511876145190154,0.15749240877537893,0.02856662436073756,-0.03137257200585777,-0.020886148762422087,-0.006984873038320395,-0.0057508380455400495,0.0014206256489078632,0.0075080447396576626,0.004735386687142602,-0.000568941433129957,0.0009083325244178092,0.0019048206703301325,-0.00039791820814927823,0.0011243015636026065,0.0009083325244177987,-0.0005689414331299621,0.004735386687142593,0.0075080447396576626,0.0014206256489078654,-0.005750838045540053,-0.006984873038320398,-0.020886148762422074,-0.03137257200585777,0.028566624360737574,0.15749240877537887,0.2511876145190154,0.2124023104742926,0.12673495809788926,0.07704954990647779,-0.06002277578322478,-0.16101799874557904,0.45657653717545416,0.0,2.0785876942163783
588,2.0601934963018174,0.45820870717272116,-0.15026879139121743,-0.0704390769351312,0.07445248214036097,0.1283077550588595,0.21862103144320144,0.2511746739716393,0.1552576754404654,0.027630028002882962,-0.030076868187991015,-0.019595911033617977,-0.006974121897262829,-0.005899717685146718,0.00047065981702253893,0.006961934087698706,0.005007771167772259,0.00014227625014037067,0.001100253495638117,0.0017030526873392205,-0.0002142551716590861,0.0010891928979081126,0.0011002534956381057,0.0001422762501403615,0.00500777116777225,0.006961934087698707,0.0004706598170225459,-0.00589971768514672,-0.006974121897262829,-0.019595911033617963,-0.03007686818799101,0.027630028002882966,0.1552576754404654,0.2511746739716394,0.21862103144320144,0.1283077550588595,0.07445248214036095,-0.07043907693513123,-0.15026879139121754,0.45820870717272094,0.0,2.0907395122496593
589,2.0685528162748272,0.4598142997341675,-0.1394847204370676,-0.08081860846952274,0.07178632402057407,0.12969451804133725,0.2243833260643615,0.2504480248679109,0.1524467722407306,0.026563669462571347,-0.0286067932644193,-0.01816822206855569,-0.006905160225463241,-0.005990812343100434,-0.00048465170214565125,0.006325063978000609,0.005205888146288688,0.0008511122976779461,0.0012715297297068847,0.001465686410791809,-2.563074593286511e-05,0.001026282664705091,0.0012715297297068732,0.0008511122976779381,0.005205888146288681,0.00632506397800061,-0.00048465170214564263,-0.0059908123431004325,-0.006905160225463241,-0.018168222068555676,-0.02860679326441929,0.026563669462571354,0.15244677224073064,0.2504480248679109,0.2243833260643615,0.1296945180413372,0.07178632402057404,-0.08081860846952285,-0.13948472043706758,0.45981429973416715,0.0,2.0991294584756677
590,2.072568524017551,0.46139322173076175,-0.12866828787659287,-0.09115595220914481,0.0690535496863552,0.13089323637157385,0.22967716409955075,0.24900973196887694,0.14907013059421567,0.02537255680607967,-0.02697087001711215,-0.016613096079532035,-0.006778563621624305,-0.006023229789735398,-0.0014344586161891266,0.005605736986410593,0.005326799458660888,0.0015457011362910976,0.0014189474646622798,0.0011976834220034788,0.00016358719688793998,0.0009371766430054413,0.0014189474646622686,0.001545701136291089,0.005326799458660884,0.005605736986410594,-0.0014344586161891164,-0.0060232297897354,-0.006778563621624305,-0.01661309607953203,-0.02697087001711215,0.02537255680607968,0.14907013059421564,0.24900973196887696,0.2296771640995508,0.1308932363715738,0.06905354968635519,-0.09115595220914477,-0.12866828787659285,0.4613932217307615,0.0,2.1037430834489133
591,2.0723205477327973,0.46294538158044246,-0.11782200321141674,-0.10144571199902212,0.06625669509540279,0.13190217202258897,0.2344914933314047,0.24686388215930313,0.1451402814057889,0.024062283997259234,-0.025178582736245597,-0.014941441158003528,-0.006595388742857573,-0.00599665251128926,-0.0023679731532226613,0.004813330640332888,0.0053687119356632135,0.002214415684186632,0.0015397406103244535,0.0009046456903905775,0.00034901704091277607,0.0008241492573692737,0.0015397406103244428,0.0022144156841866227,0.005368711935663213,0.004813330640332889,-0.0023679731532226496,-0.005996652511289261,-0.006595388742857573,-0.014941441158003513,-0.025178582736245594,0.024062283997259248,0.1451402814057889,0.24686388215930327,0.2344914933314048,0.131902172022589,0.0662566950954028,-0.10144571199902223,-0.11782200321141674,0.4629453815804421,0.0,2.1045790818899515
592,2.067948680339523,0.46447068925343,-0.10694838286909737,-0.11168251652328526,0.06339835567055965,0.132719862134144,0.2388162626376976,0.2440165728348606,0.1406718085642612,0.022639004625938784,-0.023240322234884106,-0.013164982762162282,-0.0063571644851400195,-0.0059113408198022445,-0.0032745925878626485,0.003958175168317938,0.0053310039963827115,0.0028460619827051998,0.0016316426501571807,0.0005926984775322903,0.000526364889172625,0.0006900855233875922,0.0016316426501571696,0.0028460619827051906,0.00533100399638271,0.003958175168317938,-0.003274592587862633,-0.005911340819802243,-0.006357164485140016,-0.013164982762162268,-0.023240322234884096,0.022639004625938788,0.14067180856426123,0.24401657283486058,0.23881626263769765,0.13271986213414394,0.06339835567055967,-0.1116825165232854,-0.10694838286909736,0.4644706892534297,0.0,2.1016494233625345
593,2.0595927147568,0.4659690562774495,-0.09604994961929494,-0.12186102210902831,0.06048118389131475,0.13334512113374897,0.24264244297558607,0.24047589457647967,0.135681294820764,0.021109403008089674,-0.02116732560808205,-0.01129618147127154,-0.006065879222159628,-0.005768130303482202,-0.004144019665474483,0.0030514188297352004,0.005214234866544033,0.0034300665777845293,0.0016929291693200997,0.000268362303046135,0.0006915239950318009,0.0005384074078744435,0.0016929291693200896,0.0034300665777845184,0.005214234866544036,0.0030514188297352013,-0.004144019665474465,-0.005768130303482203,-0.006065879222159626,-0.011296181471271522,-0.021167325608082054,0.021109403008089684,0.135681294820764,0.24047589457647958,0.24264244297558613,0.133345121133749,0.06048118389131472,-0.12186102210902829,-0.09604994961929496,0.4659690562774494,0.0,2.0949793699619987
594,2.047392443903586,0.46744039574286184,-0.08512923198846968,-0.13197591551573826,0.05750788683235703,0.1337770424556299,0.24596204623200582,0.23625190816110217,0.1301872602492376,0.019480662793478785,-0.01897161108565242,-0.009348145583655003,-0.005723964209062959,-0.0055684236425080375,-0.004966379556926652,0.0021048825801632033,0.005020136284940052,0.003956653514475289,0.0017224502109313955,-6.158335147217372e-05,0.0008406698598623515,0.0003729864834191315,0.0017224502109313864,0.003956653514475282,0.0050201362849400565,0.0021048825801632033,-0.004966379556926632,-0.005568423642508037,-0.005723964209062957,-0.009348145583654993,-0.018971611085652422,0.019480662793478796,0.13018726024923763,0.23625190816110225,0.24596204623200582,0.13377704245562988,0.05750788683235702,-0.1319759155157382,-0.08512923198846967,0.4674403957428617,0.0,2.0846073799421503
595,2.031487660698499,0.4688846223077046,-0.07418876367324186,-0.14202191670883857,0.05448122365146704,0.13401499985516216,0.24876814190086444,0.2313566159741556,0.12421009351740772,0.017760433228240845,-0.016665908356294702,-0.007334539171402471,-0.005334273289627651,-0.005314176870431896,-0.005732332015495976,0.0011309059671557435,0.004751586820965512,0.004417007981706872,0.0017196518534203385,-0.00039024175149730275,0.0009703487948564944,0.0001980451067845399,0.0017196518534203294,0.004417007981706864,0.004751586820965519,0.0011309059671557428,-0.005732332015495953,-0.005314176870431894,-0.005334273289627648,-0.007334539171402458,-0.016665908356294702,0.01776043322824086,0.12421009351740778,0.2313566159741556,0.24876814190086452,0.13401499985516213,0.054481223651467035,-0.14202191670883857,-0.07418876367324193,0.4688846223077044,0.0,2.0705848980959796
596,2.0120181580608376,0.47030165220264236,-0.06323108295255342,-0.1519937816158981,0.051404003029075496,0.13405864831686531,0.25105487155221545,0.22580392790497866,0.1177719762233056,0.015956793230815215,-0.014263584767028938,-0.005269486236721673,-0.0049000590762370054,-0.005007880215743311,-0.006433177462061901,0.00014218626536863439,0.004412569184136298,0.004803423867968687,0.0016845866041004702,-0.0007107430695184049,0.0010775578961998776,1.804864356558009e-05,0.0016845866041004624,0.004803423867968676,0.004412569184136306,0.00014218626536863411,-0.006433177462061875,-0.0050078802157433105,-0.004900059076237004,-0.005269486236721662,-0.014263584767028938,0.015956793230815225,0.11777197622330558,0.22580392790497872,0.2510548715522155,0.13405864831686531,0.05140400302907547,-0.151993781615898,-0.06323108295255328,0.4703016522026423,0.0,2.0529760355807025
597,1.9891237289092172,0.47169140323582587,-0.052258732098766726,-0.16188630486406846,0.048279080561866486,0.1339079245546428,0.2528174610632026,0.21960962182210828,0.11089680057812477,0.014078213449961574,-0.011778567825795887,-0.0031674716422109106,-0.004424945801473925,-0.004652533711243195,-0.007060955793689223,-0.0008483870518334244,0.0040081111587133315,0.005109432757896143,0.0016179124139423919,-0.0010163879825556478,0.0011598145816645417,-0.00016240850993467793,0.0016179124139423854,0.0051094327578961336,0.004008111158713339,-0.0008483870518334248,-0.007060955793689197,-0.004652533711243193,-0.004424945801473923,-0.0031674716422108954,-0.011778567825795876,0.014078213449961581,0.11089680057812475,0.21960962182210833,0.2528174610632026,0.13390792455464273,0.04827908056186645,-0.16188630486406838,-0.05225873209876659,0.4716914032358258,0.0,2.031857143703579
598,1.962944166162825,0.4730537947976588,-0.04127425678783581,-0.1716943224973196,0.0451093561128431,0.13356304710354044,0.25405223058524146,0.21279129874073488,0.10361008074089717,0.012133516483046008,-0.009225264456515614,-0.001043239509955272,-0.00391289906793239,-0.0042516178101224935,-0.007608536793345461,-0.0018279003463740544,0.00354421103939728,0.0053299122104207486,0.0015208803320325755,-0.0013007877056822705,0.0012152140784009178,-0.0003387201983280848,0.00152088033203257,0.005329912210420739,0.00354421103939729,-0.0018279003463740537,-0.007608536793345437,-0.00425161781012249,-0.003912899067932386,-0.0010432395099552547,-0.009225264456515605,0.012133516483046017,0.10361008074089713,0.21279129874073485,0.25405223058524146,0.13356304710354036,0.045109356112843065,-0.17169432249731975,-0.04127425678783573,0.4730537947976584,0.0,2.0073162879272135
599,1.9336192627403908,0.47438874786547364,-0.030280205508689078,-0.18141271467205577,0.04189777112031511,0.13302451600289172,0.2547566022266281,0.20536833280971747,0.09593885813403032,0.010131835441429038,-0.006618477474724601,0.001088310197896151,-0.0033681927487341033,-0.0038090592965473315,-0.008069701113892127,-0.002783584164486399,0.0030277486739162833,0.005461171505960339,0.0013953110313652311,-0.0015579975344821911,0.0012424735307156715,-0.0005063860789142559,0.0013953110313652275,0.005461171505960332,0.0030277486739162963,-0.0027835841644863997,-0.0080697011138921,-0.0038090592965473306,-0.003368192748734101,0.001088310197896166,-0.006618477474724597,0.010131835441429047,0.09593885813403023,0.20536833280971747,0.25475660222662816,0.1330245160028917,0.041897771120315085,-0.18141271467205575,-0.030280205508688922,0.47438874786547336,0.0,1.9794526299783075
600,1.9012888115609856,0.4756961850081153,-0.019279128971958173,-0.19103640832970348,0.03864730586830518,0.13229311207130856,0.25492910543453606,0.19736181626026994,0.08791160109108564,0.008082571057549873,-0.003973319768025066,0.003212226191659129,-0.0027953733150199687,-0.0033291928246405155,-0.008439210916545245,-0.0037029797060713298,0.0024663834317851883,0.005501013427282913,0.0012435606464283283,-0.0017826411050535123,0.001240961706455818,-0.0006611264925924511,0.001243560646428326,0.005501013427282906,0.002466383431785202,-0.0037029797060713306,-0.008439210916545217,-0.0033291928246405125,-0.0027953733150199674,0.00321222619165914,-0.003973319768025064,0.008082571057549883,0.08791160109108564,0.19736181626026994,0.25492910543453606,0.13229311207130856,0.038647305868305185,-0.19103640832970342,-0.019279128971958173,0.4756961850081151,0.0,1.948375727421534
601,1.8660926055435687,0.47697603039043207,-0.008273579518193014,-0.20056037984487968,0.03536097672090757,0.1313698957745688,0.2545693800651647,0.18879449947274538,0.07955809920921005,0.005995347535150032,-0.0013051266788867946,0.005313610726668952,-0.0021992218881622607,-0.0028167184625671362,-0.00871286936150355,-0.004574101244210019,0.0018684406124055662,0.005448771039862226,0.0010684765635942672,-0.0019700227741960992,0.0012107136141047072,-0.0007989917018410307,0.0010684765635942662,0.005448771039862219,0.00186844061240558,-0.004574101244210018,-0.008712869361503521,-0.0028167184625671323,-0.002199221888162258,0.005313610726668964,-0.0013051266788867916,0.005995347535150044,0.07955809920921005,0.18879449947274538,0.25456938006516466,0.1313698957745688,0.03536097672090757,-0.20056037984487968,-0.008273579518193049,0.4769760303904318,0.0,1.9142047613626816
602,1.8281704376068695,0.4782282097776749,0.0027338894743031755,-0.20997965764775306,0.032041833323164896,0.1302562056880424,0.25367817713562985,0.179690726331818,0.07090935279828446,0.003879967349982129,0.0013706329022366165,0.007377724100255233,-0.0015847143334342274,-0.0022766556575601654,-0.008887568275058233,-0.005385592377444133,0.001242787977125549,0.005305318856039744,0.0008733439938474782,-0.0021162257707408425,0.0011524296921098175,-0.0009164627074731994,0.000873343993847479,0.005305318856039738,0.0012427879771255655,-0.005385592377444133,-0.008887568275058206,-0.002276655657560162,-0.0015847143334342258,0.007377724100255243,0.0013706329022366154,0.003879967349982143,0.07090935279828446,0.179690726331818,0.2536781771356299,0.1302562056880424,0.0320418333231649,-0.20997965764775292,0.00273388947430321,0.4782282097776748,0.0,1.8770677040482049
603,1.78766210066996,0.47945265053980235,0.013740724181878277,-0.21928932481923324,0.028692955771061034,0.12895365655588498,0.25225735725602744,0.17007636505374946,0.06199745783705085,0.0017463652132786286,0.004038446218037961,0.009390088040165674,-0.0009569797282211872,-0.001714294072777103,-0.008961323451788,-0.006126874077836227,0.0005987042363446554,0.005073058196110285,0.0006618243303379007,-0.0022181940663989342,0.0010674595892146543,-0.0010105410708288725,0.0006618243303379035,0.005073058196110283,0.0005987042363446713,-0.006126874077836228,-0.008961323451787974,-0.0017142940727771009,-0.0009569797282211856,0.009390088040165686,0.0040384462180379655,0.001746365213278646,0.06199745783705085,0.1700763650537495,0.25225735725602744,0.12895365655588498,0.028692955771061037,-0.2192893248192332,0.013740724181878139,0.4794526505398022,0.0,1.8371004390117345
604,1.7447073876517987,0.48064928165569415,0.024744370928039307,-0.22848452165763222,0.025317451753256216,0.12746413694981318,0.2503098867449415,0.1599787346822934,0.052855486863150586,-0.00039543858581256135,0.006682846579805398,0.0113365872592433,-0.0003212575514242648,-0.0011351417775177443,-0.008933297190882141,-0.006788282604777432,-5.425855794093456e-05,0.004755876991379707,0.0004378864473957233,-0.0022737962548144345,0.0009577709113846821,-0.0010788254486979098,0.0004378864473957273,0.004755876991379704,-5.425855794091949e-05,-0.006788282604777432,-0.008933297190882114,-0.0011351417775177404,-0.0003212575514242636,0.011336587259243313,0.006682846579805407,-0.0003954385858125452,0.0528554868631506,0.15997873468229346,0.2503098867449414,0.12746413694981318,0.02531745175325622,-0.22848452165763228,0.024744370928039237,0.48064928165569387,0.0,1.794445847065922
605,1.6994460914712288,0.48181803371726994,0.03574227677592696,-0.23756044821545771,0.021918453667216564,0.1257898065308564,0.24783983143650898,0.1494265274620979,0.04351736623909868,-0.00253538523970225,0.00928850303578804,0.013203568464024047,0.00031714604861830326,-0.0005448712982556989,-0.008803807810627222,-0.007361195486625091,-0.0007064166733720945,0.004359084702072028,0.00020573223008647077,-0.002281870103579438,0.0008259036590375613,-0.0011195728874265093,0.0002057322300864763,0.0043590847020720256,-0.0007064166733720776,-0.007361195486625091,-0.008803807810627196,-0.0005448712982556961,0.0003171460486183047,0.013203568464024056,0.009288503035788043,-0.002535385239702234,0.04351736623909871,0.14942652746209797,0.24783983143650906,0.1257898065308564,0.021918453667216575,-0.23756044821545752,0.03574227677592692,0.4818180337172697,0.0,1.749252871839081
606,1.6520180050473225,0.4829588389335159,0.046731890120617535,-0.24651236680501298,0.01849911571241454,0.1239330929180545,0.24485234819196952,0.13844972731018118,0.034017750249666426,-0.004663424662732866,0.01184030925262441,0.014977936122780514,0.0009529025426760954,5.073594111135753e-05,-0.008574326032993252,-0.007838143927806993,-0.0013480983113395646,0.003889323439528831,-3.0282268358514663e-05,-0.002242246847957185,0.0006749114096496889,-0.0011317433116792665,-3.028226835850753e-05,0.0038893234395288305,-0.001348098311339548,-0.007838143927806993,-0.008574326032993228,5.073594111136238e-05,0.0009529025426760968,0.014977936122780523,0.011840309252624408,-0.004663424662732857,0.0340177502496664,0.13844972731018124,0.24485234819196958,0.12393309291805453,0.018499115712414572,-0.24651236680501298,0.046731890120617535,0.48295883893351566,0.0,1.701675578703806
607,1.6025629212988108,0.4840716311344159,0.057710661281116425,-0.2553356044714999,0.015062610963297396,0.12189668816864253,0.24135367413342082,0.12707952461714248,0.024391892497904105,-0.0067695626905894726,0.014323471094542342,0.01664724432126793,0.0015807054959768249,0.0006458462456108955,-0.008247458279382652,-0.008212910175993692,-0.0019697870441138855,0.003354456780472384,-0.0002657285618642812,-0.002155754718510235,0.0005082906077411005,-0.00111502607228456,-0.00026572856186427333,0.0033544567804723842,-0.0019697870441138707,-0.008212910175993692,-0.008247458279382627,0.0006458462456109009,0.0015807054959768262,0.01664724432126795,0.014323471094542349,-0.006769562690589463,0.02439189249790408,0.12707952461714245,0.2413536741334208,0.12189668816864253,0.015062610963297404,-0.2553356044715,0.05771066128111646,0.4840716311344157,0.0,1.6518722208376784
608,1.5512206331447644,0.4851563457747906,0.06867604309190552,-0.2640255554323279,0.011612128424740183,0.1196835448748248,0.23735111362225922,0.11534822762019832,0.014675515077060162,-0.008843908017080782,0.016723592392588568,0.0181997840618702,0.0021953148591420373,0.001234630787515521,-0.00782691706726655,-0.008480608580008967,-0.0025622629477551995,0.0027634381345280376,-0.0004961888259367458,-0.0020242016288969664,0.00032989959963168413,-0.0010698478755314968,-0.0004961888259367367,0.0027634381345280398,-0.002562262947755183,-0.008480608580008969,-0.007826917067266532,0.001234630787515526,0.0021953148591420373,0.018199784061870207,0.016723592392588565,-0.008843908017080768,0.014675515077060145,0.1153482276201983,0.23735111362225925,0.11968354487482484,0.0116121284247402,-0.2640255554323278,0.06867604309190552,0.48515634577479055,0.0,1.6000043257972971
609,1.4981309335039144,0.48621291993804033,0.07962549149390612,-0.27257768348136036,0.008150870072715578,0.1172968718827989,0.23285302300948948,0.10328917059987724,0.004904676003907264,-0.010876718647855324,0.01902675840663954,0.01962466539380526,0.002791600705027366,0.001811322696990569,-0.007317478843939202,-0.008637749281764535,-0.0031167393377382817,0.0021261608684700383,-0.000717338792037329,-0.0018503373857071193,0.000143869287836347,-0.0009973618915236986,-0.0007173387920373194,0.0021261608684700417,-0.0031167393377382674,-0.008637749281764537,-0.007317478843939185,0.0018113226969905724,0.0027916007050273668,0.019624665393805262,0.019026758406639536,-0.010876718647855312,0.004904676003907255,0.1032891705998773,0.23285302300948948,0.11729687188279889,0.008150870072715578,-0.2725776834813603,0.07962549149390614,0.4862129199380402,0.0,1.5462358153845512
610,1.4434336152955596,0.48724129233979496,0.09055646612472178,-0.280987524356841,0.004682047882926909,0.11474012964023493,0.22786879318974185,0.09093661916122964,-0.004884364594562471,-0.012858447652886695,0.021219616496321182,0.020911893798305395,0.003364586046411445,0.0023702735458930595,-0.006724929736308731,-0.00868228371189728,-0.003624993079441924,0.0014532926960384954,-0.000925028886509307,-0.001637796210250498,-4.549252597380341e-05,-0.0008994183195983851,-0.0009250288865092967,0.0014532926960385002,-0.003624993079441911,-0.00868228371189728,-0.0067249297363087155,0.0023702735458930634,0.003364586046411447,0.020911893798305402,0.02121961649632118,-0.01285844765288668,-0.004884364594562471,0.09093661916122965,0.22786879318974185,0.11474012964023493,0.004682047882926917,-0.28098752435684093,0.09055646612472171,0.48724129233979474,0.0,1.4907321707505217
611,1.3872684714383174,0.4882414033314685,0.10146643090802368,-0.2892506880717656,0.0012088808501614391,0.11201702517895769,0.22240882999541922,0.07832567286869457,-0.014655279044484609,-0.014779788002855034,0.0232894535331468,0.022052440292985392,0.003909488377149316,0.0029060086714895465,-0.00605599983289039,-0.008613631296003786,-0.004079486540939382,0.0007560971055620134,-0.0011153620915959977,-0.001391020773745085,-0.00023380089436679803,-0.0007785171621262452,-0.0011153620915959864,0.0007560971055620176,-0.004079486540939371,-0.008613631296003786,-0.006055999832890376,0.0029060086714895505,0.003909488377149318,0.02205244029298539,0.023289453533146792,-0.014779788002855024,-0.014655279044484592,0.07832567286869459,0.2224088299954193,0.11201702517895769,0.0012088808501614563,-0.28925068807176546,0.10146643090802375,0.48824140333146837,0.0,1.4336596536348085
612,1.3297752948512587,0.4892131949037185,0.11235285464194086,-0.29736286120548044,-0.0022654079988696325,0.10913150674010469,0.21648453247190708,0.0654921655112857,-0.024371806939139713,-0.01663171627885435,0.02522426960507486,0.023038304763666573,0.004421759590061023,0.003413280798222866,-0.005318286744418091,-0.008432687023315568,-0.004473479379475093,4.624481460137114e-05,-0.0012847670675963211,-0.0011151693337694976,-0.0004166952639671239,-0.0006377444121373263,-0.0012847670675963097,4.6244814601378674e-05,-0.004473479379475081,-0.008432687023315568,-0.0053182867444180795,0.0034132807982228705,0.004421759590061024,0.023038304763666577,0.02522426960507486,-0.016631716278854344,-0.024371806939139706,0.06549216551128571,0.21648453247190708,0.10913150674010465,-0.00226540799886965,-0.29736286120548033,0.1123528546419409,0.48921319490371834,0.0,1.3751845933969944
613,1.2710938784533417,0.49015661068981164,0.12321321158632027,-0.3053198091553146,-0.005737594596433096,0.10608775804955392,0.2101082690792012,0.0524725632814904,-0.03399788970333834,-0.01840553505014651,0.027012847586183577,0.023862572079429774,0.004897123938374897,0.0038871214323276068,-0.0045201693112619295,-0.008141809779145715,-0.004801128503783853,-0.0006643815922275223,-0.0014300651641214767,-0.0008160079130729063,-0.0005899404503932846,-0.00048069328357903295,-0.0014300651641214652,-0.0006643815922275134,-0.004801128503783843,-0.008141809779145715,-0.004520169311261921,0.0038871214323276107,0.0048971239383748975,0.02386257207942978,0.027012847586183567,-0.018405535050146495,-0.033997889703338356,0.052472563281490386,0.2101082690792012,0.10608775804955388,-0.005737594596433122,-0.30531980915531465,0.12321321158632025,0.49015661068981126,0.0,1.315472748086795
614,1.211364015163411,0.49107159596889205,0.1340449820487188,-0.31311737834706704,-0.009204456825641251,0.10289019225192145,0.20329335186963887,0.03930386115720504,-0.04349780440879847,-0.02009291372093834,0.028644818168130855,0.02451946059729016,0.005331613723874758,0.004322889525908021,-0.003670712437750574,-0.007744791593211393,-0.005057574729766236,-0.0013638865719828887,-0.001548530063079067,-0.0004997897744896953,-0.0007495247100944818,-0.0003113724947980323,-0.0015485300630790557,-0.0013638865719828802,-0.00505757472976623,-0.007744791593211393,-0.003670712437750569,0.004322889525908026,0.00533161372387476,0.024519460597290165,0.028644818168130852,-0.02009291372093833,-0.04349780440879845,0.03930386115720504,0.20329335186963887,0.10289019225192143,-0.009204456825641234,-0.31311737834706693,0.13404498204871884,0.4910715959688918,0.0,1.254688746247307
615,1.150725497900424,0.4919580976691563,0.1448456529689936,-0.3207514984031972,-0.012662777510509397,0.09954344551192353,0.19605400869564418,0.026023477781135725,-0.052836296343917954,-0.02168592765434816,0.030110719976378868,0.02500436271626869,0.005721602413874699,0.004716316933836437,-0.0027795641342767516,-0.007246808204727322,-0.0052390148443775585,-0.0020405607490424516,-0.0016379389342664542,-0.00017312471125107822,-0.0008917526380908023,-0.0001341039463033467,-0.0016379389342664437,-0.0020405607490424434,-0.005239014844377552,-0.007246808204727322,-0.002779564134276749,0.00471631693383644,0.005721602413874701,0.02500436271626869,0.030110719976378864,-0.021685927654348156,-0.05283629634391797,0.02602347778113569,0.19605400869564416,0.09954344551192353,-0.012662777510509406,-0.3207514984031971,0.14484565296899374,0.49195809766915627,0.0,1.1929956144814524
616,1.0893181195833388,0.492816064370931,0.15561271850235192,-0.3282181842675867,-0.016109347401428248,0.09605237029238098,0.1884053535055102,0.01266914913636249,-0.06197870984596956,-0.023177095389819297,0.03140205442265832,0.025313877196402414,0.006063834910605755,0.0050635502182430825,-0.0018568459365669759,-0.006654351588729831,-0.005342758008990436,-0.0026830769243977714,-0.0016966141437092885,0.00015715911512905354,-0.0010133307404350082,4.658759542189782e-05,-0.0016966141437092781,-0.002683076924397761,-0.005342758008990433,-0.006654351588729829,-0.0018568459365669746,0.005063550218243086,0.006063834910605756,0.025313877196402414,0.03140205442265831,-0.02317709538981929,-0.06197870984596959,0.012669149136362473,0.18840535350551016,0.09605237029238096,-0.016109347401428248,-0.3282181842675866,0.15561271850235195,0.4928160643709308,0.0,1.1305543940666123
617,1.0272816731310002,0.4936454463096555,0.16634368060072816,-0.33551353828576175,-0.019540968153280644,0.09242202831861206,0.18036335478923338,-0.0007211786798134164,-0.07089111691019165,-0.024559413779191925,0.03251133497566464,0.025445833015999057,0.0063554547203665875,0.00536118839114183,-0.0009130379467178526,-0.0059751453232540636,-0.005367265665743702,-0.0032806796874965773,-0.0017234547321458528,0.00048415790144140875,-0.0011114436998414697,0.00022608999224758505,-0.001723454732145843,-0.003280679687496568,-0.005367265665743703,-0.005975145323254065,-0.0009130379467178569,0.0053611883911418344,0.006355454720366588,0.02544583301599905,0.03251133497566464,-0.02455941377919191,-0.07089111691019163,-0.0007211786798134853,0.18036335478923335,0.09242202831861206,-0.019540968153280634,-0.3355135382857616,0.16634368060072816,0.49364544630965534,0.0,1.0675238481094549
618,0.9647559514624788,0.49444619537876866,0.17703604959235167,-0.34263375223949244,-0.022954455293439324,0.08865768323941459,0.17194480224027756,-0.014109457279058775,-0.07954044309850024,-0.025826390876419626,0.03343213056433833,0.02539930459979425,0.0065940277956669,0.005606316225520466,4.114019831345769e-05,-0.0052180439006826165,-0.005312174355048503,-0.0038233654566224404,-0.0017179570730069414,0.000801036510479544,-0.0011838195684409955,0.0003998214588784959,-0.001717957073006933,-0.003823365456622429,-0.005312174355048503,-0.0052180439006826165,4.1140198313449615e-05,0.00560631622552047,0.006594027795666901,0.025399304599794247,0.03343213056433833,-0.02582639087641962,-0.07954044309850022,-0.01410945727905879,0.1719448022402775,0.0886576832394146,-0.022954455293439313,-0.34263375223949233,0.17703604959235164,0.49444619537876855,0.0,1.004060258925267
619,0.9018807474966195,0.49521826513249867,0.18768734475937102,-0.349575109334705,-0.026346641176891245,0.08476479299527843,0.1631672717028691,-0.027457644095855178,-0.08789459028056724,-0.026972076426466762,0.034159102862098244,0.025174618311197064,0.006777562851361612,0.005796532808628902,0.0009948510788216776,-0.0043929172958961,-0.005178301105857717,-0.004302049934022709,-0.0016802243222728086,0.001101171343437519,-0.0012287823780287698,0.0005633475125823513,-0.0016802243222728012,-0.004302049934022699,-0.005178301105857719,-0.004392917295896099,0.000994851078821668,0.005796532808628902,0.006777562851361614,0.025174618311197057,0.034159102862098244,-0.026972076426466755,-0.08789459028056726,-0.027457644095855195,0.16316727170286904,0.08476479299527846,-0.026346641176891228,-0.349575109334705,0.18768734475937093,0.4952182651324985,0.0,0.940317313537171
620,0.8387958541522669,0.4959616107885575,0.19829509491340105,-0.3563339861416712,-0.02971437792574619,0.08074900190489362,0.1540490884780048,-0.040727810484801,-0.09592255575176682,-0.027991089810197933,0.03468803723587204,0.024773350163085142,0.00690452798520423,0.005929975057799184,0.0019372625822255468,-0.003510522296056421,-0.00496763131875857,-0.0047087201726667685,-0.0016109644828936835,0.0013782887905969738,-0.001245290949538808,0.000712494163030916,-0.0016109644828936768,-0.004708720172666758,-0.004967631318758576,-0.003510522296056419,0.0019372625822255333,0.005929975057799186,0.00690452798520423,0.02477335016308514,0.03468803723587205,-0.027991089810197926,-0.09592255575176678,-0.040727810484801015,0.1540490884780048,0.08074900190489367,-0.02971437792574618,-0.35633398614167106,0.19829509491340094,0.4959616107885574,0.0,0.8764460734530581
621,0.7756410643484917,0.49667618923073825,0.20885683896885915,-0.3629068544864589,-0.03305454035040191,0.07661613248142782,0.14460928906478068,-0.05388224949421105,-0.10359454728593548,-0.028878645314018805,0.03501586718049625,0.024198314763206705,0.0069738634640935,0.006005335968470833,0.0028576709326623953,-0.00258236226943572,-0.004683289321587621,-0.005036568709110468,-0.0015114771200923148,0.0016265963663190646,-0.0012329630030552604,0.0008434544530919135,-0.0015114771200923102,-0.005036568709110458,-0.004683289321587627,-0.0025823622694357185,0.0028576709326623823,0.0060053359684708344,0.006973863464093501,0.024198314763206694,0.03501586718049624,-0.028878645314018802,-0.10359454728593552,-0.05388224949421103,0.14460928906478068,0.07661613248142785,-0.033054540350401895,-0.3629068544864588,0.20885683896885932,0.49667618923073814,0.0,0.8125950232233227
622,0.7125561710042523,0.49736195901141567,0.21937012651395718,-0.3692902832926611,-0.03636402884965506,0.07237217699043877,0.13486758141691577,-0.06688358300977704,-0.11088209369597979,-0.029630574605591233,0.03514069209682701,0.023453545571729538,0.006984990569291082,0.006021877415690602,0.0037456222629525305,-0.001620537201418818,-0.004329492034241623,-0.005280107517147368,-0.0013836289768175568,0.0018409037872739956,-0.0011920840100582892,0.0009528856311259783,-0.001383628976817553,-0.00528010751714736,-0.00432949203424163,-0.0016205372014188165,0.0037456222629525145,0.006021877415690604,0.006984990569291081,0.023453545571729534,0.035140692096827006,-0.02963057460559123,-0.11088209369597986,-0.06688358300977708,0.13486758141691563,0.07237217699043876,-0.03636402884965505,-0.36929028329266117,0.21937012651395726,0.49736195901141544,0.0,0.7489101907401984
623,0.649680967038393,0.498018880353951,0.2298325183792174,-0.37548094037243757,-0.039639772287066534,0.0680232887616622,0.12484430379744516,-0.07969486796384288,-0.11775815049203459,-0.03024334631006764,0.03506178831049291,0.02254426660941594,0.006937816426782339,0.005979437383701956,0.004591031348136303,-0.0006375859526891799,-0.003911486429855993,-0.005435259874717675,-0.001229818946891318,0.0020167314630537875,-0.001123600582917922,0.0010379944744730153,-0.001229818946891316,-0.005435259874717666,-0.003911486429856004,-0.0006375859526891777,0.004591031348136286,0.005979437383701958,0.006937816426782339,0.022544266609415935,0.035061788310492906,-0.03024334631006762,-0.11775815049203457,-0.07969486796384291,0.12484430379744516,0.06802328876166223,-0.039639772287066506,-0.37548094037243746,0.22983251837921742,0.4980188803539509,0.0,0.6855353308370125
624,0.5871552453698721,0.4986469151549982,0.24024158720337951,-0.38147559416593696,-0.04287873084091227,0.06357577326727211,0.11456038231748526,-0.0922797013085016,-0.12419720024506804,-0.030714082594906093,0.03477961326740826,0.021476855814870494,0.006832734782462911,0.005878431552813802,0.005384296152025302,0.00035367720399580587,-0.0034354717198297764,-0.005499428606267171,-0.0010529330630793985,0.0021504041314282718,-0.0010290985547117431,0.001096608586252335,-0.0010529330630793983,-0.005499428606267164,-0.003435471719829788,0.0003536772039958086,0.005384296152025281,0.005878431552813802,0.006832734782462911,0.021476855814870487,0.03477961326740825,-0.030714082594906086,-0.12419720024506806,-0.09227970130850167,0.11456038231748525,0.0635757732672721,-0.04287873084091227,-0.38147559416593685,0.24024158720337968,0.49864691515499804,0.0,0.6226121625073897
625,0.525118798917533,0.49924602698671494,0.2505949179965693,-0.38727111542819026,-0.04607789882507442,0.0590360789795486,0.104037287247717,-0.10460232345423606,-0.13017534728347968,-0.03104057268537716,0.03429580288172332,0.020258800307883344,0.006670622715680877,0.005719849228005833,0.006116406885764115,0.0013403296374471354,-0.0029085074167282247,-0.005471539558212018,-0.0008562903446728913,0.002239127681020476,-0.0009107662569600348,0.0011272318456310565,-0.0008562903446728918,-0.005471539558212012,-0.0029085074167282377,0.0013403296374471369,0.006116406885764093,0.005719849228005833,0.006670622715680874,0.020258800307883334,0.03429580288172332,-0.03104057268537716,-0.1301753472834797,-0.10460232345423613,0.10403728724771694,0.05903607897954858,-0.046077898825074425,-0.3872711154281902,0.25059491799656924,0.49924602698671483,0.0,0.5602806490118586
626,0.4637114206003341,0.499816181098875,0.26089010870059537,-0.3928644788625954,-0.049234307478255586,0.054410788021209765,0.0932969881938,-0.1166277198801829,-0.135670406371266,-0.03122128324728786,0.03361316205158695,0.018898643872664336,0.006452833318565408,0.0055052436491479124,0.006779048339731166,0.0023095088243043375,-0.0023384086385315785,-0.005352059579751117,-0.0006435805206754851,0.0022810475556048447,-0.0007713438456356669,0.001129082596196819,-0.0006435805206754873,-0.00535205957975111,-0.0023384086385315923,0.0023095088243043405,0.006779048339731141,0.0055052436491479124,0.006452833318565406,0.018898643872664322,0.03361316205158695,-0.03122128324728786,-0.13567040637126596,-0.11662771988018296,0.09329698819379997,0.054410788021209765,-0.049234307478255544,-0.39286447886259523,0.2608901087005955,0.4998161810988748,0.0,0.4986793092900346
627,0.40307290333734747,0.5003573444208836,0.2711247707462471,-0.39825276470013965,-0.05234502771892738,0.0497066066219631,0.0823619082292992,-0.12832172062729724,-0.1406619850386646,-0.03125536558816115,0.03273564839770641,0.017405927029335466,0.0061811844022449615,0.0052367167777403615,0.00736469432650731,0.0032485800316981945,-0.0017336302069151871,-0.005142988708035923,-0.0004187947971350459,0.0022752875192243796,-0.0006140598488784719,0.0011021135976794231,-0.0004187947971350494,-0.005142988708035918,-0.0017336302069152017,0.0032485800316981975,0.0073646943265072845,0.005236716777740359,0.0061811844022449615,0.017405927029335456,0.03273564839770641,-0.031255365588161145,-0.1406619850386646,-0.1283217206272973,0.08236190822929919,0.049706606621963065,-0.052345027718927364,-0.39825276470013954,0.27112477074624725,0.5003573444208835,0.0,0.4379455484647244
628,0.34334304004741645,0.5008694855636967,0.28129652960746204,-0.40343316022353715,-0.05540717286345729,0.044930355395113225,0.0712548770818836,-0.13965109739170897,-0.14513155925974325,-0.03114265964305121,0.03166834931898047,0.01579112011403713,0.005857943324220232,0.0049168987091819235,0.007866693162242465,0.004145301030316001,-0.0011031412584356821,-0.0048478266885142035,-0.00018615096767486946,0.002221967971833523,-0.00044255640574380117,0.001047013231755209,-0.00018615096767487418,-0.004847826688514201,-0.0011031412584356958,0.004145301030316003,0.00786669316224244,0.004916898709181921,0.0058579433242202305,0.015791120114037115,0.03166834931898045,-0.031142659643051202,-0.14513155925974325,-0.13965109739170903,0.07125487708188356,0.0449303553951132,-0.055407172863457296,-0.40343316022353715,0.2812965296074621,0.5008694855636964,0.0,0.3782159948198667
629,0.28466162364938574,0.5013525748216405,0.2914030253522356,-0.40840296123548364,-0.05841790130489091,0.04008895944832496,0.05999908347053177,-0.15058365794238207,-0.14906254219608986,-0.03088369472627549,0.030417452498226107,0.014065549837042968,0.0054858080635324016,0.004548921912212666,0.008279343215535041,0.004987981690582753,-0.0004562922281957884,-0.004471514390881012,4.99857275779519e-05,0.0021222034326215116,-0.0002608049271904729,0.0009651879311560904,4.998572757794543e-05,-0.004471514390881009,-0.0004562922281958051,0.004987981690582757,0.008279343215535013,0.004548921912212664,0.005485808063532399,0.014065549837042958,0.030417452498226093,-0.030883694726275498,-0.1490625421960898,-0.15058365794238204,0.059999083470531754,0.040088959448324954,-0.05841790130489091,-0.4084029612354834,0.2914030253522357,0.5013525748216402,0.0,0.31962683046307516
630,0.2271684470624411,0.5018065841741346,0.30144191319014524,-0.41315957347026316,-0.06137441914990402,0.03518943834287912,0.04861802669325323,-0.16108833759479038,-0.15244034575149196,-0.03047968704553299,0.028990210028992245,0.012241319834025564,0.005067884701685569,0.004136390547844413,0.008597957665750732,0.005765636381377899,0.00019732382132003787,-0.004020351101305559,0.00028518450969414985,0.0019780792436213893,-7.301413230024383e-05,0.0008587262805789394,0.0002851845096941417,-0.004020351101305558,0.00019732382132002225,0.005765636381377902,0.008597957665750706,0.004136390547844411,0.005067884701685568,0.012241319834025554,0.02899021002899224,-0.030479687045532992,-0.15244034575149198,-0.16108833759479046,0.048618026693253207,0.03518943834287912,-0.06137441914990397,-0.41315957347026305,0.30144191319014507,0.5018065841741346,0.0,0.26231410294752927
631,0.17100330320519852,0.5022314872873186,0.31141086401636014,-0.41770051394797114,-0.06427398281147743,0.03023889591597977,0.03713546756639804,-0.17113528748068985,-0.15525243470917274,-0.02993253399008358,0.027394896371435898,0.01033122576774864,0.004607661497282177,0.0036833451682855025,0.0088189177352649,0.006468127184537347,0.0008480134696833533,-0.003501889075422205,0.0005150321983889973,0.001792607980560707,0.00011646741071647036,0.0007303457057169215,0.0005150321983889881,-0.0035018890754222047,0.0008480134696833382,0.006468127184537347,0.008818917735264872,0.003683345168285498,0.004607661497282175,0.010331225767748625,0.02739489637143589,-0.029932533990083582,-0.15525243470917283,-0.17113528748068985,0.03713546756639799,0.03023889591597977,-0.06427398281147743,-0.41770051394797125,0.31141086401636003,0.5022314872873185,0.0,0.20641400542472638
632,0.11630598499684375,0.5026272595155773,0.3213075649520138,-0.4220234122706441,-0.06711390155488875,0.025244509980869294,0.02557537881798091,-0.18069595936316848,-0.1574883732506774,-0.029244805219813437,0.025640760381012213,0.00834866557568643,0.00410897977076124,0.003194223141617404,0.008939713791024328,0.007086296058120691,0.001486126696312972,-0.0029248071172175614,0.0007352160192547732,0.0015696664820821049,0.0003032519819242785,0.0005833231111712928,0.0007352160192547632,-0.002924807117217563,0.0014861266963129567,0.007086296058120691,0.008939713791024298,0.003194223141617401,0.004108979770761238,0.008348665575686415,0.025640760381012213,-0.029244805219813444,-0.1574883732506774,-0.18069595936316846,0.025575378817980894,0.02524450998086933,-0.06711390155488872,-0.42202341227064394,0.3213075649520138,0.5026272595155773,0.0,0.15206311342282103
633,0.0632162853561079,0.5029938779029723,0.33112971988081064,-0.4261260118596213,-0.06989153999465801,0.020213521919685656,0.013961895038586535,-0.18974318675597543,-0.1591398636837756,-0.028419730597036116,0.023737971688092788,0.006307545493118721,0.0035760018422541983,0.0026738151898450446,0.008958973848602596,0.0076120842254933235,0.002102199994626927,-0.002298765300042099,0.0009416045270156244,0.0013139148135891772,0.00048301431368146793,0.00042141123770577814,0.0009416045270156132,-0.0022987653000421044,0.0021021999946269116,0.007612084225493324,0.008958973848602569,0.002673815189845043,0.003576001842254198,0.006307545493118703,0.023737971688092777,-0.028419730597036123,-0.1591398636837756,-0.18974318675597546,0.013961895038586518,0.020213521919685656,-0.06989153999465798,-0.42612601185962123,0.33112971988081064,0.5029938779029723,0.0,0.09939856708496808
634,0.011873997202061393,0.5033313211845722,0.34087504998174384,-0.4300061711334927,-0.07260432054013072,0.015153226184150308,0.0023192622943462244,-0.1982512621166288,-0.16020077723565856,-0.027461185017706478,0.02169756173937724,0.004222182510881964,0.003013176290169808,0.0021272184660103264,0.00887647915500415,0.008038637233804173,0.0026870967201078153,-0.0016342432616463956,0.0011303251263917236,0.001030698859586999,0.000651591748485224,0.0002487428738183823,0.0011303251263917122,-0.0016342432616464001,0.0026870967201078,0.008038637233804173,0.008876479155004124,0.002127218466010322,0.0030131762901698064,0.004222182510881949,0.02169756173937723,-0.027461185017706485,-0.16020077723565865,-0.1982512621166288,0.0023192622943462413,0.015153226184150334,-0.07260432054013069,-0.4300061711334927,0.34087504998174356,0.503331321184572,0.0,0.04855818864448236
635,-0.03758108654645076,0.5036395697876868,0.35054129425780045,-0.43366186462601747,-0.07524972578742824,0.010070959719310714,-0.009328212492818717,-0.20619600989395953,-0.16066717679715573,-0.026373670213286602,0.019531359842911374,0.0021072039519653197,0.0024252008204823307,0.0015597866299566455,0.008693166673229702,0.008360394312261153,0.003232142590856492,-0.0009423647801050194,0.0012978367360007828,0.0007259385805943537,0.0008050806313432481,6.972536662312167e-05,0.0012978367360007713,-0.0009423647801050251,0.0032321425908564765,0.008360394312261151,0.008693166673229676,0.0015597866299566427,0.0024252008204823285,0.002107203951965311,0.019531359842911374,-0.026373670213286616,-0.16066717679715567,-0.20619600989395956,-0.0093282124928187,0.01007095971931074,-0.0752497257874282,-0.43366186462601725,0.35054129425780034,0.5036395697876866,0.0,-0.00031947395805842493
636,-0.0850091729703566,0.5039186058330015,0.360126210060532,-0.43709118404342806,-0.0778253008555461,0.004974091325671428,-0.020956212292005567,-0.21355485522252793,-0.16053733153356567,-0.02516229360872956,0.017251924587491942,-2.2555128650403525e-05,0.0018169830566399914,0.0009770774117289882,0.008411118440383699,0.008573160865282549,0.0037292543310998654,-0.00023471156714241354,0.0014409962318591757,0.0004060042703529394,0.0009399267045666125,-0.0001110718753564477,0.0014409962318591644,-0.00023471156714242,0.0037292543310998533,0.008573160865282549,0.008411118440383676,0.0009770774117289843,0.0018169830566399888,-2.255512865042075e-05,0.017251924587491942,-0.02516229360872957,-0.16053733153356572,-0.21355485522252798,-0.020956212292005567,0.0049740913256714194,-0.07782530085554609,-0.43709118404342806,0.360126210060532,0.5039186058330013,0.0,-0.04709518511624633
637,-0.13027046915092644,0.5041684131356156,0.3696275736103669,-0.4402923392605726,-0.08032865566443273,-0.000129989024862277,-0.03254046073124341,-0.22030688806871948,-0.1598117233078802,-0.023832744335872923,0.014872471034055017,-0.0021521560012444925,0.0011935995773664694,0.00038479817620161883,0.008033537920192907,0.008674163155465216,0.004171059549811639,0.00047687060412942987,0.0015571174237621348,7.75833998843144e-05,0.0010530074117613192,-0.000289034015999099,0.0015571174237621237,0.00047687060412942287,0.004171059549811627,0.008674163155465212,0.008033537920192886,0.00038479817620161314,0.0011935995773664672,-0.00215215600124451,0.014872471034055009,-0.023832744335872933,-0.15981172330788027,-0.22030688806871948,-0.03254046073124345,-0.0001299890248622684,-0.08032865566443272,-0.44029233926057265,0.369627573610367,0.5041684131356154,0.0,-0.09162914762007623
638,-0.17322518216908822,0.5043889772059797,0.3790431805125456,-0.4432636592553697,-0.08275746715293368,-0.005233880903736998,-0.044056772780520996,-0.22643292264624895,-0.15849304489256366,-0.0223912665148932,0.01240679410115704,-0.004266661045811797,0.0005602535442524092,-0.00021124997789754888,0.007564713618520887,0.008662084463493524,0.004551006076592039,0.0011804701917334276,0.0016440214579327226,-0.0002524591682949709,0.0011417042051502767,-0.0004596185849338437,0.0016440214579327116,0.001180470191733419,0.004551006076592029,0.008662084463493524,0.007564713618520868,-0.00021124997789755319,0.0005602535442524091,-0.00426666104581181,0.012406794101157035,-0.02239126651489321,-0.15849304489256363,-0.22643292264624892,-0.044056772780521086,-0.0052338809037369895,-0.08275746715293368,-0.4432636592553696,0.3790431805125457,0.5043889772059799,0.0,-0.1337812215436165
639,-0.2137335191059977,0.5045802852507375,0.38837084626855894,-0.44600359298109266,-0.08510948143454429,-0.010330184155665233,-0.05548110524411532,-0.2319155519322449,-0.1565861899765247,-0.020844629929302527,0.009869188588722431,-0.006351238528734473,-7.776872719551453e-05,-0.0008052290370419286,0.007009970375128126,0.008537082253589314,0.004863459133306202,0.001864309278288894,0.0017000777002034741,-0.0005772246739084262,0.0012039631818447812,-0.0006184714237574634,0.001700077700203464,0.0018643092782888863,0.004863459133306192,0.008537082253589314,0.00700997037512811,-0.0008052290370419319,-7.776872719551628e-05,-0.006351238528734483,0.009869188588722422,-0.020844629929302534,-0.15658618997652474,-0.23191555193224503,-0.05548110524411532,-0.01033018415566525,-0.08510948143454429,-0.4460035929810926,0.3883708462685591,0.5045802852507375,0.0,-0.17341123911167444
640,-0.2516556870426965,0.5047423261734665,0.3976084067829689,-0.44851071017602456,-0.08738251588896925,-0.015411509628143192,-0.06678960695680482,-0.23673919712900937,-0.15409823500436484,-0.01920009823221023,0.00727436630372127,-0.008391266636736653,-0.0007151418905618956,-0.001391321253524492,0.006375608884899145,0.008300786120724919,0.005103784900382026,0.002516940727661829,0.001724234332614282,-0.0008899246612072667,0.0012383426449447002,-0.0007615378256031043,0.0017242343326142721,0.0025169407276618215,0.005103784900382021,0.008300786120724919,0.006375608884899129,-0.001391321253524495,-0.0007151418905618981,-0.008391266636736667,0.00727436630372127,-0.01920009823221024,-0.15409823500436487,-0.23673919712900943,-0.06678960695680487,-0.015411509628143175,-0.08738251588896925,-0.4485107101760245,0.3976084067829688,0.5047423261734663,0.0,-0.21037941698168705
641,-0.2868518930602275,0.5048750905753225,0.4067537188654977,-0.4507837021100638,-0.08957446118754896,-0.020470489885015247,-0.07795866857917166,-0.24089015193090518,-0.151038412915299,-0.01746539483316596,0.004637370768242228,-0.010372436038398894,-0.001346546017307079,-0.0019637861275817237,0.005668834135445819,0.007956276546360594,0.005268419238441698,0.0031274398044968243,0.0017160380893236253,-0.0011840228756024637,0.001244046488121101,-0.0008851660312307343,0.0017160380893236162,0.003127439804496815,0.005268419238441694,0.007956276546360592,0.005668834135445806,-0.001963786127581728,-0.0013465460173070817,-0.010372436038398896,0.004637370768242226,-0.01746539483316597,-0.15103841291529901,-0.24089015193090524,-0.07795866857917169,-0.020470489885015236,-0.0895744611875489,-0.4507837021100636,0.40675371886549777,0.5048750905753226,0.0,-0.24454686562136463
642,-0.31918234423963243,0.5049785707555848,0.41580466072826483,-0.45282138226788826,-0.09168328325067242,-0.02549978988855224,-0.08896497188803107,-0.24435662147059048,-0.1474180788792048,-0.015648666625794002,0.001973490004441921,-0.012280850253836767,-0.001966711000330563,-0.002517016632910039,0.004897673573882511,0.007508044739657664,0.00535492054609407,0.0036855870490121703,0.0016756427615160225,-0.0014533718886272917,0.0012209426306128974,-0.0009862004399094672,0.001675642761516015,0.0036855870490121595,0.0053549205460940675,0.0075080447396576626,0.004897673573882501,-0.0025170166329100425,-0.0019667110003305653,-0.012280850253836779,0.001973490004441918,-0.015648666625794012,-0.1474180788792048,-0.24435662147059048,-0.08896497188803112,-0.025499789888552223,-0.09168328325067238,-0.4528213822678882,0.41580466072826483,0.5049785707555847,0.0,-0.275776193696637
643,-0.34850724766206653,0.5050527607121025,0.42475913247805974,-0.454622686968325,-0.09370702513536099,-0.030492117634554908,-0.09978553845908275,-0.24712875583393293,-0.14325066815695597,-0.013758445726569061,-0.0007018320979984694,-0.014103123128522714,-0.0025704605416924458,-0.0030455941348719287,0.004070885932223092,0.006961934087698706,0.005362005969983105,0.004182039345822392,0.0016038063117228768,-0.0016923415954082548,0.0011695660757484302,-0.0010620621558909368,0.00160380631172287,0.0041820393458223805,0.005362005969983102,0.006961934087698706,0.004070885932223084,-0.0030455941348719335,-0.002570460541692448,-0.014103123128522726,-0.0007018320979984779,-0.013758445726569066,-0.14325066815695597,-0.24712875583393293,-0.09978553845908278,-0.030492117634554883,-0.09370702513536099,-0.4546226869683249,0.42475913247805963,0.5050527607121021,0.0,-0.30393220363606055
644,-0.37468681040857277,0.5050976561416423,0.4336150566035341,-0.456186675919596,-0.09564380885127069,-0.035440234725062796,-0.1103977776401464,-0.24919867804837328,-0.13855164624142213,-0.011803609404424174,-0.003373085318061136,-0.015826472727542062,-0.0031527553573429718,-0.003544341463493663,0.003197861746948048,0.006325063978000608,0.005289570430080972,0.004608486323178708,0.0015018766517024861,-0.0018959368987082903,0.0010911065221674806,-0.0011108148145309903,0.0015018766517024805,0.004608486323178697,0.005289570430080972,0.006325063978000608,0.0031978617469480444,-0.0035443414634936674,-0.0031527553573429757,-0.015826472727542076,-0.003373085318061139,-0.011803609404424192,-0.13855164624142208,-0.24919867804837326,-0.11039777764014644,-0.035440234725062775,-0.09564380885127062,-0.4561866759195958,0.43361505660353405,0.5050976561416421,0.0,-0.3288826728343679
645,-0.39758123956007907,0.5051132544401391,0.44237037845720206,-0.4575125327101576,-0.09749183710342794,-0.04033696686333932,-0.12077953371482625,-0.2505605064652084,-0.1333384514641653,-0.009793338389378209,-0.006024783024136405,-0.01743881099168267,-0.0037087352382455564,-0.004008373621429281,0.002288516702626296,0.005605736986410594,0.005138688178072211,0.0049577894645796376,0.0013717663507376646,-0.002059902119635324,0.0009873808146238343,-0.0011312140078528544,0.001371766350737661,0.004957789464579625,0.005138688178072214,0.005605736986410593,0.002288516702626295,-0.004008373621429284,-0.0037087352382455577,-0.017438810991682676,-0.006024783024136406,-0.009793338389378223,-0.13333845146416531,-0.25056050646520844,-0.12077953371482625,-0.04033696686333931,-0.09749183710342793,-0.4575125327101575,0.44237037845720206,0.505113254440139,0.0,-0.3504992133253231
646,-0.41705074219785443,0.5050995547028463,0.4510230667321346,-0.45859956523487183,-0.0992493949600822,-0.045175214255916266,-0.13090913215813663,-0.25121037147219577,-0.12763043028082172,-0.007737073755982917,-0.00864155195800757,-0.01892882852648503,-0.0042337596168239506,-0.004433145630230032,0.0013531790109796702,0.004813330640332888,0.004911596865717355,0.005224101604090587,0.001215916748914834,-0.0021808099525569414,0.000860790872310019,-0.0011227390479679592,0.0012159167489148317,0.005224101604090577,0.004911596865717359,0.004813330640332887,0.0013531790109796713,-0.004433145630230034,-0.004233759616823951,-0.018928828526485038,-0.008641551958007572,-0.007737073755982928,-0.12763043028082174,-0.2512103714721958,-0.13090913215813665,-0.04517521425591626,-0.09924939496008219,-0.45859956523487194,0.4510230667321344,0.5050995547028461,0.0,-0.36865820121729076
647,-0.4329555254028281,0.5050565577243883,0.45957111393324035,-0.45944720605628936,-0.10091485144412672,-0.04994796190661542,-0.14076542488752053,-0.25114642648899127,-0.12144876547532958,-0.00564447258408312,-0.011208221361551758,-0.020286073929518634,-0.004723446300139782,-0.004814497046287399,0.0004024721045226577,0.003958175168317937,0.004611664359469394,0.0054029648050784316,0.001037252148749332,-0.0022561331048288114,0.0007142680689348793,-0.0010856062575954706,0.001037252148749332,0.00540296480507842,0.004611664359469404,0.0039581751683179355,0.0004024721045226642,-0.004814497046287402,-0.004723446300139782,-0.020286073929518637,-0.01120822136155176,-0.005644472584083137,-0.12144876547532958,-0.25114642648899127,-0.14076542488752058,-0.04994796190661538,-0.10091485144412665,-0.4594472060562893,0.45957111393324046,0.5050565577243882,0.0,-0.38324176576686375
648,-0.4451557962561554,0.5049842659987149,0.468012536843021,-0.46005501270085475,-0.10248666104661135,-0.05464828978762239,-0.1503278344147872,-0.2503688532141748,-0.11481639754944026,-0.003525362605125546,-0.013709910929443379,-0.021501027099460668,-0.005173708046508287,-0.0051486927104367865,-0.0005528060228736411,0.0030514188297352013,0.004243338793497274,0.0054913849839183446,0.0008391249446878256,-0.0022842971238775565,0.0005512053525139472,-0.001020763448441014,0.0008391249446878263,0.005491384983918337,0.004243338793497282,0.0030514188297352004,-0.0005528060228736324,-0.00514869271043679,-0.005173708046508287,-0.02150102709946067,-0.013709910929443384,-0.00352536260512556,-0.11481639754944026,-0.25036885321417485,-0.1503278344147872,-0.05464828978762238,-0.1024866610466113,-0.4600550127008547,0.46801253684302097,0.5049842659987148,0.0,-0.39413882668733347
649,-0.4535117618387643,0.5048826837189561,0.4763453769816932,-0.460422667889881,-0.10396336516094282,-0.05926938287286563,-0.15957639680678973,-0.24887986110895796,-0.10775793958924086,-0.0013896960470162695,-0.016132117077952986,-0.022565166012766643,-0.005580786680260175,-0.005432459332098548,-0.0015018054580606453,0.0021048825801632033,0.0038120826018525344,0.005487882029508061,0.000625252720056915,-0.002264713307412707,0.0003753786767373192,-0.0009298657283735549,0.0006252527200569179,0.005487882029508053,0.003812082601852543,0.002104882580163202,-0.0015018054580606351,-0.0054324593320985454,-0.005580786680260176,-0.022565166012766646,-0.016132117077952996,-0.0013896960470162845,-0.10775793958924089,-0.248879861108958,-0.15957639680678973,-0.05926938287286561,-0.10396336516094279,-0.46042266788988095,0.4763453769816929,0.5048826837189558,0.0,-0.4012461671682561
650,-0.45788362923192505,0.5047518167771792,0.48456770106157265,-0.460549979705171,-0.10534359343644117,-0.06380454101915232,-0.1684918033651534,-0.24668368111903693,-0.10029958592462355,0.0007524971057093321,-0.018460797029696944,-0.023471026499542476,-0.00594128445990577,-0.005663017549631743,-0.0024337476003831768,0.001130905967155743,0.0033242915081118543,0.0053925145796130955,0.0003996484917468222,-0.002197791008857475,0.0001908595632856622,-0.0008152332549204525,0.00039964849174682637,0.005392514579613087,0.0033242915081118664,0.001130905967155742,-0.0024337476003831616,-0.005663017549631745,-0.005941284459905771,-0.023471026499542476,-0.01846079702969695,0.000752497105709317,-0.10029958592462355,-0.246683681119037,-0.1684918033651534,-0.0638045410191523,-0.10534359343644113,-0.46054997970517075,0.4845677010615725,0.504751816777179,0.0,-0.40446952913579204
651,-0.4581316055166793,0.5045916727640467,0.49267760143561357,-0.46043688168919883,-0.1066260650499967,-0.06824718868073577,-0.17705544093803613,-0.24378655365243262,-0.09246901492067103,0.002891156216894366,-0.020682450226855185,-0.024212254599333283,-0.006252192437882403,-0.00583810915288445,-0.0033380475834931807,0.00014218626536863276,0.0027871996739155134,0.005206879039298852,0.0001665454114923072,-0.0020849290807823983,1.9208198407307606e-06,-0.0006797920134195625,0.0001665454114923131,0.005206879039298846,0.0027871996739155256,0.00014218626536863276,-0.0033380475834931646,-0.0058381091528844535,-0.0062521924378824015,-0.024212254599333283,-0.02068245022685519,0.0028911562168943542,-0.09246901492067099,-0.24378655365243268,-0.17705544093803613,-0.06824718868073579,-0.10662606504999668,-0.46043688168919883,0.4926776014356134,0.5045916727640465,0.0,-0.4037247165241411
652,-0.45411589777395545,0.5044022609683766,0.5006731965399969,-0.4600834328798022,-0.10780958989464717,-0.07259088444322807,-0.18524943077976086,-0.24019671084747743,-0.08429528626170493,0.005016237247720984,-0.022784196600862724,-0.024783651129590696,-0.006510915575176339,-0.0059560192013084125,-0.004204434496756756,-0.0008483870518334241,0.0022087724130917218,0.0049340828578806235,-6.968266337270829e-05,-0.001928486635196656,-0.00018706240297339583,-0.000526999131461652,-6.968266337270142e-05,0.004934082857880619,0.002208772413091735,-0.0008483870518334246,-0.004204434496756739,-0.0059560192013084125,-0.006510915575176339,-0.024783651129590707,-0.022784196600862727,0.005016237247720976,-0.08429528626170492,-0.2401967108474774,-0.18524943077976092,-0.0725908844432281,-0.10780958989464717,-0.4600834328798023,0.5006731965399969,0.5044022609683765,0.0,-0.39893869176654184
653,-0.4452350793035529,0.5041835923766033,0.5085526313306699,-0.459489817779364,-0.10889306968397228,-0.07682933036303498,-0.1930566658771904,-0.23592435318133487,-0.07580873310918201,0.007117759927722965,-0.024753851244805156,-0.0251812081542028,-0.006715294401196303,-0.006015592821001431,-0.005023068040796801,-0.0018279003463740544,0.0015975880624646635,0.004578692511722404,-0.0003046032393067478,-0.0017317337318841063,-0.00037171392454833505,-0.0003607546359664094,-0.0003046032393067398,0.0045786925117224,0.0015975880624646797,-0.0018279003463740554,-0.005023068040796781,-0.006015592821001432,-0.0067152944011963,-0.0251812081542028,-0.024753851244805152,0.00711775992772295,-0.07580873310918197,-0.23592435318133478,-0.19305666587719042,-0.076829330363035,-0.10889306968397226,-0.45948981777936393,0.5085526313306697,0.5041835923766033,0.0,-0.39005065035755626
654,-0.43111277984135166,0.50393567967214,0.5163140777137311,-0.45865634625850066,-0.10987549897128054,-0.08095638109877223,-0.200460846664917,-0.2309816204855168,-0.06704084953364534,0.009185854626315371,-0.02657999505560386,-0.025402137096286276,-0.006863623038111316,-0.006016246516158344,-0.005784650292214231,-0.002783584164486399,0.0009627107612553727,0.0041466570636273644,-0.0005338083561798303,-0.0014987830255278852,-0.0005477578711002053,-0.00018530190528610765,-0.0005338083561798214,0.004146657063627364,0.0009627107612553886,-0.002783584164486401,-0.005784650292214207,-0.006016246516158343,-0.006863623038111318,-0.025402137096286272,-0.02657999505560386,0.009185854626315363,-0.06704084953364536,-0.23098162048551693,-0.200460846664917,-0.08095638109877223,-0.10987549897128049,-0.4586563462585006,0.5163140777137311,0.50393567967214,0.0,-0.3770130581911215
655,-0.4119467911230239,0.5036585372346439,0.5239557349695642,-0.45758345339430806,-0.11075596608264293,-0.08496605282142303,-0.2074465150547013,-0.22538255745075997,-0.05802417363847802,0.011210808704712994,-0.028252040936441607,-0.025444888298049615,-0.006954663439210092,-0.00595797388414013,-0.006480531308079957,-0.0037029797060713276,0.0003135560258142439,0.003645208578398896,-0.0007529972965569348,-0.001234503800378979,-0.0007111176897284294,-5.119357289548346e-06,-0.0007529972965569252,0.003645208578398897,0.0003135560258142595,-0.0037029797060713306,-0.006480531308079932,-0.0059579738841401275,-0.006954663439210089,-0.025444888298049615,-0.028252040936441604,0.011210808704712983,-0.058024173638478005,-0.22538255745076002,-0.20744651505470135,-0.08496605282142301,-0.11075596608264289,-0.45758345339430806,0.5239557349695639,0.5036585372346437,0.0,-0.359792636442855
656,-0.3879349048839007,0.503352181139181,0.5314758301706174,-0.45627169924324873,-0.11153365396290743,-0.08885253189031782,-0.21399908670811676,-0.21914307371927572,-0.04879216680919224,0.013183112130549573,-0.02976029517561913,-0.025309161890529164,-0.006987655722439373,-0.00584134567818478,-0.007102807370756828,-0.004574101244210017,-0.00034024888672755653,0.003082741061567617,-0.0009580572827204268,-0.0009444201893709593,-0.0008580105469104101,0.0001751938619201261,-0.0009580572827204158,0.003082741061567617,-0.0003402488867275393,-0.004574101244210017,-0.0071028073707568,-0.005841345678184781,-0.006987655722439372,-0.02530916189052915,-0.029760295175619126,0.013183112130549565,-0.04879216680919223,-0.21914307371927577,-0.2139990867081168,-0.08885253189031782,-0.11153365396290738,-0.45627169924324845,0.5314758301706176,0.503352181139181,0.0,-0.3383712790390213
657,-0.3592749128597692,0.5030166291552947,0.5388726185927405,-0.45472176854879887,-0.11220784093390894,-0.09261018328235789,-0.22010488148502136,-0.21228089867777308,-0.03937908953636775,0.015093502140972425,-0.031096013645997737,-0.02499590989695436,-0.006962324512870898,-0.005667504217145675,-0.007644410757200775,-0.005385592377444133,-0.0009890077550178363,0.00246866994779163,-0.0011451406472632708,-0.0006345957051698512,-0.0009850349254980264,0.00035103527086680026,-0.0011451406472632597,0.002468669947791634,-0.0009890077550178205,-0.005385592377444136,-0.007644410757200749,-0.005667504217145675,-0.006962324512870896,-0.024995909896954358,-0.031096013645997737,0.015093502140972416,-0.03937908953636773,-0.21228089867777317,-0.2201048814850214,-0.09261018328235786,-0.11220784093390893,-0.45472176854879875,0.5388726185927406,0.5030166291552945,0.0,-0.3127468882344474
658,-0.3261646067860742,0.5026519007459747,0.5461443841199732,-0.4529344703840085,-0.11277790136417189,-0.09623355876225974,-0.22575115200428844,-0.20481553107970873,-0.0298198742730666,0.016933006744455834,-0.03225145249921082,-0.02450732955498892,-0.0068788812411585895,-0.0054381521970114635,-0.008099190013154279,-0.006126874077836227,-0.0016230991928135922,0.0018132744910263677,-0.0013107370292534412,-0.0003115064967648055,-0.0010892493917804469,0.0005179165306979038,-0.0013107370292534302,0.001813274491026372,-0.001623099192813576,-0.006126874077836227,-0.008099190013154251,-0.005438152197011461,-0.006878881241158586,-0.024507329554988914,-0.03225145249921082,0.016933006744455827,-0.029819874273066576,-0.20481553107970876,-0.22575115200428847,-0.09623355876225971,-0.11277790136417187,-0.45293447038400836,0.546144384119973,0.5026519007459742,0.0,-0.28293411450085004
659,-0.2888017783982606,0.5022580170665277,0.5532894396426977,-0.4509107377291603,-0.11324330624948296,-0.09971740478197572,-0.23092611025716822,-0.19676818363991103,-0.020149995798557627,0.01869298685703064,-0.03321991306074378,-0.02384684790468722,-0.00673802237880163,-0.005155536013793412,-0.008461979820489175,-0.006788282604777432,-0.0022331193384728335,0.0011275256947764528,-0.0014517392413082248,1.8094019128862414e-05,-0.0011682407086476955,0.0006715780096989683,-0.0014517392413082137,0.001127525694776458,-0.0022331193384728166,-0.006788282604777432,-0.008461979820489149,-0.005155536013793411,-0.00673802237880163,-0.02384684790468721,-0.03321991306074378,0.018692986857030632,-0.02014999579855762,-0.19676818363991103,-0.23092611025716822,-0.09971740478197569,-0.11324330624948292,-0.45091073772916007,0.5532894396426977,0.5022580170665276,0.0,-0.24896498779641396
660,-0.24738421943200128,0.5018350009633515,0.5603061274490645,-0.44865162698474814,-0.1136036237037962,-0.10305667009783613,-0.23561895221771914,-0.18816172275901208,-0.010405339569438718,0.02036517687504037,-0.03399578066560258,-0.023019097750270716,-0.00654092362494298,-0.0048224237611247485,-0.008728659664155569,-0.007361195486625091,-0.002810021318458601,0.0004229026627941154,-0.0015655015716737426,0.00034731632229349654,-0.0012201797175958708,0.0008080975100755415,-0.0015655015716737315,0.00042290266279412293,-0.002810021318458586,-0.007361195486625093,-0.008728659664155543,-0.004822423761124747,-0.006540923624942977,-0.023019097750270705,-0.03399578066560258,0.02036517687504037,-0.010405339569438692,-0.1881617227590121,-0.23561895221771917,-0.1030566700978361,-0.11360362370379617,-0.44865162698474803,0.5603061274490645,0.5018350009633514,0.0,-0.2108894283355348
661,-0.20210972162274166,0.5013828769726087,0.5671928196095928,-0.44615831742003015,-0.11385851936001416,-0.10624651309436997,-0.23981988039892682,-0.1790206035489606,-0.0006220685467120592,0.02194172349387756,-0.03457455720942028,-0.022029885164334975,-0.006289230093224139,-0.004442078118075233,-0.008896200632405898,-0.007838143927806991,-0.003345249416548588,-0.00028879955557521307,-0.001649889427351695,0.0006692787981551456,-0.0012438636955451523,0.0009239903817594501,-0.0016498894273516843,-0.00028879955557520505,-0.0033452494165485745,-0.007838143927806991,-0.00889620063240587,-0.004442078118075231,-0.006289230093224138,-0.02202988516433497,-0.03457455720942027,0.021941723493877557,-0.000622068546712042,-0.17902060354896066,-0.23981988039892685,-0.10624651309436994,-0.11385851936001413,-0.44615831742003,0.5671928196095926,0.5013828769726084,0.0,-0.16877562619098618
662,-0.15317607670603994,0.5009016713188037,0.5739479183548645,-0.4434321105574428,-0.11400775668027359,-0.10928230880418426,-0.24352012430742076,-0.16937080034423738,0.009163511006974167,0.02341522259039096,-0.0349528872262863,-0.020886148762422087,-0.005985042580602998,-0.00401822439273219,-0.008962699818743916,-0.008212910175993692,-0.00383086595896054,-0.0009956674088239968,-0.0017033193867886313,0.0009772515816807992,-0.0012387442056370312,0.0010162984678419725,-0.0017033193867886213,-0.000995667408823989,-0.003830865958960528,-0.008212910175993692,-0.00896269981874389,-0.004018224392732189,-0.005985042580602998,-0.020886148762422074,-0.0349528872262863,0.02341522259039096,0.009163511006974191,-0.1693708003442374,-0.24352012430742082,-0.10928230880418421,-0.11400775668027355,-0.4434321105574426,0.5739479183548644,0.5009016713188035,0.0,-0.12271028042387422
663,-0.10078107641745593,0.5003914119132621,0.5805698564462201,-0.44047442949319865,-0.11405119717544769,-0.11215965561372469,-0.24671195875408378,-0.15923973289622656,0.018915084261885182,0.02477875399574861,-0.03512857734211163,-0.019595911033617977,-0.005630900032744055,-0.003555014034546181,-0.008927401934866115,-0.008480608580008969,-0.004259669033629882,-0.0016858682703826632,-0.0017247889105943422,0.0012647972293099246,-0.0012049397970851738,0.001082665611308373,-0.001724788910594333,-0.0016858682703826526,-0.00425966903362987,-0.008480608580008969,-0.008927401934866089,-0.0035550140345461806,-0.005630900032744055,-0.019595911033617963,-0.03512857734211163,0.0247787539957486,0.01891508426188521,-0.1592397328962267,-0.24671195875408378,-0.11215965561372469,-0.11405119717544766,-0.4404744294931986,0.5805698564462201,0.5003914119132619,0.0,-0.07279868993260152
664,-0.045122512492434375,0.49985212835251114,0.5870570975393711,-0.4372868181544218,-0.11398880053366126,-0.11487438164519455,-0.24938871998232529,-0.14865618846045972,0.02859646258755142,0.026025913995448673,-0.03510060899074882,-0.01816822206855569,-0.005229758352336265,-0.003056983972820896,-0.008790707889118891,-0.008637749281764535,-0.004625299297809665,-0.0023478485110752815,-0.0017138951528087875,0.001525905278505871,-0.0011432332599964454,0.0011213977957700279,-0.0017138951528087787,-0.0023478485110752724,-0.004625299297809654,-0.008637749281764535,-0.008790707889118864,-0.0030569839728208925,-0.0052297583523362645,-0.018168222068555676,-0.03510060899074882,0.026025913995448662,0.028596462587551434,-0.14865618846045978,-0.24938871998232523,-0.11487438164519452,-0.1139888005336612,-0.4372868181544216,0.5870570975393707,0.49985212835251075,0.0,-0.019164689822159187
665,0.01360182333335258,0.4992838519165639,0.5934081365408436,-0.43387094049320807,-0.11382062465769896,-0.11742255080537854,-0.2515448195803481,-0.13765023999811912,0.03817171785078806,0.027150845403844538,-0.034869144319144854,-0.016613096079532035,-0.004784965727217936,-0.0025290121796077538,-0.008554170233038545,-0.00868228371189728,-0.004922334289987992,-0.0029705269012935877,-0.0016708425197501172,0.0017551178822775607,-0.0010550534987306985,0.001131506385106437,-0.00167084251975011,-0.0029705269012935778,-0.004922334289987983,-0.00868228371189728,-0.008554170233038522,-0.002529012179607753,-0.004784965727217934,-0.01661309607953203,-0.03486914431914486,0.027150845403844524,0.03817171785078805,-0.13765023999811912,-0.25154481958034813,-0.1174225508053785,-0.11382062465769893,-0.4338709404932079,0.5934081365408432,0.49928385191656366,0.0,0.03804957120028707
666,0.07519413932445884,0.49868661556710425,0.5996214999571736,-0.430228579618033,-0.11354682561127309,-0.11980046849260179,-0.2531757561483629,-0.12625316072423123,0.04760531574699478,0.028148265071941462,-0.03443552524729177,-0.014941441158003528,-0.004300234684236125,-0.0019762698922459443,-0.008220475527691687,-0.008613631296003788,-0.005146368847434728,-0.0035434801054303193,-0.0015964388346124422,0.0019476438925785627,-0.0009424424435479674,0.0011127333583284894,-0.0015964388346124366,-0.00354348010543031,-0.005146368847434723,-0.00861363129600379,-0.008220475527691664,-0.0019762698922459417,-0.004300234684236124,-0.014941441158003513,-0.03443552524729177,0.028148265071941462,0.04760531574699482,-0.1262531607242313,-0.25317575614836296,-0.1198004684926018,-0.11354682561127309,-0.43022857961803296,0.5996214999571734,0.4986866155671039,0.0,0.09868401511888225
667,0.13945664374532596,0.4980604539455746,0.6056957462367689,-0.4263616368629581,-0.11316765747419953,-0.12200468695354907,-0.2542781246963912,-0.11449733524535945,0.056862247669935376,0.029013488699276783,-0.033802265688424864,-0.013164982762162282,-0.003779611102097112,-0.0014041709635058176,-0.007793413830096598,-0.008432687023315568,-0.0052940804367490515,-0.0040571171634846345,-0.0014920801797793798,0.0020994590079395758,-0.000808007766751866,0.001065557895544968,-0.0014920801797793752,-0.004057117163484625,-0.0052940804367490445,-0.008432687023315568,-0.0077934138300965764,-0.0014041709635058115,-0.0037796111020971107,-0.013164982762162268,-0.03380226568842486,0.02901348869927678,0.056862247669935445,-0.11449733524535938,-0.2542781246963912,-0.12200468695354902,-0.11316765747419953,-0.4263616368629581,0.6056957462367689,0.49806045394557436,0.0,0.1625611814756986
668,0.20619154486039515,0.4974054033711681,0.6116294661043613,-0.4222721307951228,-0.11268347210661696,-0.12403201028217727,-0.2548496237530377,-0.10241616753929558,0.06590816063062198,0.029742452833356525,-0.032973036974572024,-0.01129618147127154,-0.00322744044184668,-0.000818318835427341,-0.007277835646294513,-0.008141809779145713,-0.005363278428526373,-0.0045028400391017645,-0.0013597247012664235,0.0022073898919846256,-0.0006548624982554666,0.000991184146926005,-0.0013597247012664205,-0.004502840039101753,-0.0053632784285263715,-0.008141809779145715,-0.007277835646294499,-0.0008183188354273374,-0.00322744044184668,-0.011296181471271522,-0.032973036974572024,0.029742452833356515,0.06590816063062199,-0.10241616753929554,-0.25484962375303777,-0.1240320102821773,-0.1126834721066169,-0.42227213079512255,0.6116294661043612,0.497405403371168,0.0,0.22948693583226565
669,0.2752010509341076,0.49672150183872027,0.6174212828879696,-0.41796219616104135,-0.11209471882246792,-0.125879499053474,-0.2548890601703907,-0.09004398603822672,0.0747094847431667,0.030331733953330064,-0.03195264657194993,-0.009348145583655003,-0.002648331476842517,-0.00022445165622015227,-0.006679596839991649,-0.007744791593211395,-0.005352936585379169,-0.004873187546550236,-0.0012018558668155967,0.0022691805045320953,-0.0004865529388588067,0.0008915104968597686,-0.0012018558668155952,-0.004873187546550229,-0.005352936585379169,-0.007744791593211396,-0.006679596839991633,-0.00022445165622014932,-0.0026483314768425154,-0.009348145583654993,-0.03195264657194993,0.03033173395333007,0.07470948474316673,-0.09004398603822665,-0.25488906017039065,-0.125879499053474,-0.11209471882246785,-0.41796219616104124,0.6174212828879697,0.49672150183872016,0.0,0.29925133697647394
670,0.34628737023101763,0.49600878901650636,0.6230698528382999,-0.4134340827722517,-0.11140194397254505,-0.12754447458534254,-0.25439635161501745,-0.07741594608507994,0.08323355780449465,0.03077856454827777,-0.030747010209604707,-0.007334539171402471,-0.002047117824951779,0.0003716139222204975,-0.0060054921224918035,-0.007246808204727322,-0.0052632082814996805,-0.005161960247368581,-0.0010214358670534948,0.0022835392587856078,-0.0003069765405106308,0.0007690811078324993,-0.0010214358670534943,-0.005161960247368575,-0.005263208281499682,-0.007246808204727322,-0.00600549212249179,0.00037161392222050105,-0.002047117824951776,-0.007334539171402458,-0.0307470102096047,0.030778564548277765,0.08323355780449472,-0.07741594608507993,-0.25439635161501745,-0.12754447458534252,-0.11140194397254499,-0.41343408277225163,0.6230698528382995,0.49600878901650614,0.0,0.3716296581670323
671,0.4192527110155666,0.49526730624394,0.6285738654405045,-0.4086901543309006,-0.11060579043748868,-0.12902452282243487,-0.25337252673985666,-0.06456793004021429,0.09144874650559531,0.03108084611460117,-0.02936311758288182,-0.005269486236721673,-0.0014288176040510186,0.0009640397157047318,-0.005263177879331475,-0.006654351588729829,-0.005095424228051562,-0.005364324225971918,-0.0008218500340756168,0.0022501660189050794,-0.0001202916551560076,0.0006270209808707431,-0.000821850034075618,-0.005364324225971908,-0.005095424228051567,-0.006654351588729832,-0.005263177879331463,0.0009640397157047356,-0.0014288176040510158,-0.005269486236721662,-0.02936311758288182,0.03108084611460117,0.0914487465055953,-0.06456793004021429,-0.2533725267398567,-0.12902452282243487,-0.11060579043748861,-0.4086901543309004,0.6285738654405046,0.49526730624393994,0.0,0.4463835558838917
672,0.4938992815520824,0.4944970965291756,0.6339320437182356,-0.403732887195877,-0.10970699703120713,-0.13031749783630128,-0.2518197230366465,-0.051536445322305335,0.09932456382449072,0.031237159011474794,-0.027808991830559897,-0.0031674716422109106,-0.0007985915475697245,0.001547023190037837,-0.004461085210141505,-0.005975145323254065,-0.004852072738123921,-0.005476892007064905,-0.0006068433203654905,0.0021697583736374885,6.917875793385623e-05,0.00046895619012314994,-0.0006068433203654931,-0.005476892007064899,-0.004852072738123927,-0.005975145323254065,-0.004461085210141496,0.0015470231900378416,-0.0007985915475697229,-0.0031674716422108954,-0.02780899183055989,0.03123715901147479,0.09932456382449072,-0.051536445322305335,-0.25181972303664657,-0.13031749783630123,-0.1097069970312071,-0.40373288719587686,0.6339320437182356,0.49449709652917545,0.0,0.5232623777852683
673,0.5700292901051189,0.49369820454661356,0.6391431445299104,-0.39856486909013833,-0.10870639781527268,-0.13142152493678128,-0.24974118237337362,-0.038358520673136914,0.10683178216526898,0.031246769128073892,-0.026093643020580298,-0.001043239509955272,-0.00016169992967225217,0.002114854294134974,-0.0036083241694162293,-0.005218043900682615,-0.004536762823927375,-0.005497779260342649,-0.0003804500299339265,0.00204399705487193,0.0002570472365531673,0.0002989213275881895,-0.0003804500299339303,-0.00549777926034264,-0.004536762823927381,-0.005218043900682614,-0.003608324169416224,0.0021148542941349796,-0.00016169992967224962,-0.0010432395099552547,-0.026093643020580284,0.031246769128073882,0.10683178216526901,-0.03835852067313686,-0.24974118237337362,-0.13142152493678122,-0.10870639781527264,-0.3985648690901382,0.6391431445299103,0.49369820454661306,0.0,0.6020045998805897
674,0.6474449449392314,0.4928706766343092,0.6442059588571329,-0.3931887977499033,-0.10760492132492992,-0.1323350033901252,-0.2471412442260587,-0.025071600941062425,0.11394254182331771,0.031109631331266378,-0.024227015914039696,0.001088310197896151,0.0004765413403915885,0.0026619713873069924,-0.002714580295809804,-0.004392917295896099,-0.004154170673517321,-0.005426636343270171,-0.00014691812017652588,0.0018755108059096263,0.0004389634136120986,0.00012125652045421177,-0.0001469181201765321,-0.005426636343270166,-0.004154170673517332,-0.0043929172958961,-0.002714580295809801,0.0026619713873069994,0.0004765413403915921,0.001088310197896166,-0.02422701591403969,0.031109631331266385,0.11394254182331769,-0.025071600941062425,-0.24714124422605874,-0.13233500339012513,-0.10760492132492987,-0.393188797749903,0.6442059588571329,0.49287067663430895,0.0,0.6823393813336397
675,0.7259484543187478,0.4920145607912848,0.6491193120851956,-0.38760747951641744,-0.1064035897074342,-0.13305660873990505,-0.24402533661900996,-0.011713440682106183,0.12063045437423639,0.03082638967757689,-0.02221993231028475,0.003212226191659129,0.0011108050883023419,0.003183015712935663,-0.0017900046051652664,-0.0035105222960564206,-0.0037099703008187483,-0.005264654153929654,8.937050517947703e-05,0.0016678214337947053,0.0006107147561961315,-5.950335032343384e-05,8.937050517946986e-05,-0.00526465415392965,-0.0037099703008187587,-0.003510522296056421,-0.0017900046051652673,0.003183015712935667,0.0011108050883023434,0.00321222619165914,-0.02221993231028474,0.03082638967757689,0.12063045437423639,-0.011713440682106191,-0.24402533661901,-0.13305660873990505,-0.10640358970743419,-0.3876074795164174,0.6491193120851956,0.4920145607912847,0.0,0.7639882238301525
676,0.8053420265082218,0.49112990667474576,0.6538820642755987,-0.3818238278710267,-0.10510351777352041,-0.1335852947273499,-0.240399964792458,0.001678003118964198,0.1268707006027465,0.030398374388427612,-0.020084028307364013,0.005313610726668952,0.0017357973387122565,0.003672883884994119,-0.0008450982967198769,-0.0025823622694357185,-0.0032107493974439225,-0.005014544195961532,0.00032398221644627676,0.001425270194256995,0.0007683241128751677,-0.00023874440252066303,0.00032398221644626884,-0.0050145441959615275,-0.0032107493974439334,-0.0025823622694357193,-0.0008450982967198802,0.003672883884994123,0.0017357973387122578,0.005313610726668964,-0.02008402830736401,0.03039837438842762,0.12687070060274652,0.001678003118964198,-0.24039996479245798,-0.1335852947273499,-0.1051035177735204,-0.38182382787102664,0.6538820642755984,0.4911299066747455,0.0,0.8466667210966596
677,0.8854278697718678,0.4902167655972001,0.6584931104305263,-0.3758408619143227,-0.10370591196288176,-0.1339202948083208,-0.23627269762123204,0.015064678902763348,0.13264012260817917,0.029827595602861464,-0.01783168684157063,0.007377724100255233,0.0023463015021865695,0.004126777873331524,0.00010940651802275019,-0.001620537201418817,-0.002663911634258429,-0.004680493189302726,0.0005525148489127612,0.0011529270480157077,0.0009081418104129918,-0.0004118915216444129,0.0005525148489127518,-0.004680493189302723,-0.002663911634258443,-0.001620537201418817,0.00010940651802274346,0.0041267778733315285,0.002346301502186571,0.007377724100255243,-0.017831686841570632,0.02982759560286147,0.13264012260817915,0.01506467890276333,-0.23627269762123204,-0.13392029480832077,-0.10370591196288174,-0.37584086191432264,0.6584931104305262,0.49021676559719995,0.0,0.9300863829586468
678,0.966008192374582,0.48927519052348256,0.6629513807492153,-0.3696617047901541,-0.1022120692246188,-0.1340611232647266,-0.2316521518128314,0.028408548658145728,0.13791730974473193,0.02911673393708728,-0.015475965897178779,0.009390088040165674,0.002937221916231915,0.004540251998139419,0.0010626687090892013,-0.00063758595268918,-0.002077566861607336,-0.004268092986516368,0.0007706803033849498,0.0008564846852266261,0.0010269301672442127,-0.0005745251403889546,0.0007706803033849394,-0.004268092986516368,-0.00207756686160735,-0.0006375859526891804,0.00106266870908919,0.004540251998139422,0.0029372219162319166,0.009390088040165686,-0.015475965897178772,0.02911673393708729,0.13791730974473193,0.028408548658145707,-0.2316521518128314,-0.1340611232647266,-0.10221206922461876,-0.36966170479015403,0.6629513807492153,0.4892751905234824,0.0,1.0139565172907847
679,1.0468852025805773,0.48830523606768195,0.6672558408761574,-0.36328958205532663,-0.10062337581369775,-0.13400757590876897,-0.2265479739178831,0.041671696006566165,0.14268267807756568,0.02826912789518353,-0.013030522802579122,0.0113365872592433,0.003503626376990288,0.0049092564733108955,0.002003861260049099,0.0003536772039958071,-0.0014604108365815793,-0.0037842469678797774,0.0009743850064445527,0.0005421395332414112,0.001121938466686547,-0.0007224940477618503,0.0009743850064445417,-0.0037842469678797774,-0.0014604108365815932,0.00035367720399580657,0.002003861260049085,0.004909256473310896,0.003503626376990289,0.011336587259243313,-0.013030522802579115,0.028269127895183536,0.14268267807756574,0.041671696006566145,-0.2265479739178831,-0.13400757590876897,-0.10062337581369774,-0.36328958205532663,0.6672558408761571,0.4883052360676817,0.0,1.0979861523531094
680,1.1278611086542951,0.4873069584899739,0.6714054921410775,-0.3567278199958443,-0.09894130600453468,-0.13375973037899475,-0.22097082019054276,0.05481643394082344,0.14691854305987542,0.02728875819008506,-0.01050953505170749,0.013203568464024047,0.004040787306601553,0.005230177072205698,0.0029222942397283255,0.001340329637447135,-0.0008215962610233991,-0.0032370544821317426,0.0011598067207000322,0.0002164622349307277,0.0011909666537749902,-0.0008520213484350157,0.0011598067207000207,-0.0032370544821317426,-0.0008215962610234156,0.0013403296374471345,0.002922294239728307,0.005230177072205699,0.004040787306601553,0.013203568464024056,-0.010509535051707488,0.027288758190085062,0.1469185430598754,0.05481643394082341,-0.2209708201905428,-0.13375973037899475,-0.09894130600453467,-0.3567278199958442,0.6714054921410771,0.4873069584899738,0.0,1.181885981335796
681,1.2087381188602904,0.48628041569335734,0.6753993717906346,-0.349979843890567,-0.09716742072289965,-0.1333179460277279,-0.21493233434088635,0.06780541191204913,0.15060918516122684,0.026180229048488084,-0.007927618109805816,0.014977936122780514,0.004544221212625059,0.005499870527313606,0.003807536216927383,0.0023095088243043397,-0.0001705970428352888,-0.0026356752672852084,0.001323466263791898,-0.00011373969508409807,0.0012324162807252892,-0.0009598008677163668,0.0013234662637918865,-0.0026356752672852105,-0.00017059704283530522,0.0023095088243043397,0.003807536216927365,0.005499870527313609,0.004544221212625059,0.014977936122780523,-0.007927618109805816,0.026180229048488098,0.15060918516122684,0.06780541191204911,-0.21493233434088638,-0.13331794602772795,-0.09716742072289965,-0.349979843890567,0.6753993717906346,0.4862804156933571,0.0,1.2653703104609075
682,1.2893184414630046,0.4852256672202957,0.6792365532117883,-0.34304917622319536,-0.09530336609740989,-0.13268286340004282,-0.20844512322573858,0.08060172196065575,0.1537409082036073,0.024948746587473484,-0.005299740680037747,0.01664724432126793,0.005009726110166527,0.005715695317092909,0.004649532739133823,0.0032485800316981945,0.00048293220634162043,-0.0019901761210355,0.0014622927904441587,-0.0004415641654438405,0.0012453275213106312,-0.0010430815414123223,0.0014622927904441474,-0.001990176121035504,0.0004829322063416051,0.0032485800316981936,0.004649532739133805,0.005715695317092911,0.005009726110166527,0.01664724432126795,-0.005299740680037742,0.024948746587473498,0.1537409082036074,0.08060172196065576,-0.20844512322573855,-0.13268286340004282,-0.09530336609740989,-0.3430491762231955,0.6792365532117882,0.48522566722029553,0.0,1.3481589917194663
683,1.3694042847267642,0.484142774249264,0.6829161461467801,-0.3359394348435131,-0.09335087193195682,-0.13185540330503503,-0.20152273052869119,0.09316900358967516,0.15630209018870436,0.02360009436440075,-0.002641137922201885,0.0181997840618702,0.005433416594360936,0.0058755375384412535,0.005438720529564321,0.004145301030316001,0.0011292993533670106,-0.0013113623874274004,0.0015736814126344094,-0.000760158779967438,0.0012294013970299707,-0.0010997376365362277,0.0015736814126343982,-0.0013113623874274059,0.0011292993533669933,0.004145301030316002,0.0054387205295643,0.005875537538441257,0.005433416594360936,0.018199784061870207,-0.0026411379222018917,0.02360009436440076,0.15630209018870436,0.09316900358967514,-0.20152273052869116,-0.13185540330503506,-0.0933508719319568,-0.33593943484351296,0.6829161461467801,0.484142774249264,0.0,1.4299793212616325
684,1.4487978569162383,0.4830317995911996,0.6864372968996811,-0.32865433107884773,-0.09131175010048415,-0.13083676548073642,-0.19417960848425944,0.10547154708249103,0.15828322642778708,0.02214060621490056,3.277687334133361e-05,0.01962466539380526,0.005811756270473774,0.005977831611390086,0.006166136105502661,0.004987981690582753,0.0017589184823015563,-0.0006105970806129418,0.0016555420767196433,-0.0010628640708077453,0.0011850067003888324,-0.0011283230104843424,0.0016555420767196325,-0.0006105970806129475,0.0017589184823015404,0.004987981690582755,0.006166136105502638,0.005977831611390088,0.005811756270473774,0.019624665393805262,3.277687334133361e-05,0.02214060621490057,0.15828322642778714,0.10547154708249105,-0.19417960848425944,-0.13083676548073642,-0.09131175010048413,-0.32865433107884773,0.6864372968996811,0.4830317995911995,0.0,1.5105678846095685
685,1.5273013662957546,0.48189280768585935,0.689799188534456,-0.3211976677967359,-0.08918789286560637,-0.1296284268546094,-0.18643108770521055,0.11747439497139021,0.15967696481413468,0.020577136506530168,0.00270650164445746,0.020911893798305395,0.006141587270938097,0.006021575613229878,0.006823517584261996,0.005765636381377897,0.0023624520578581837,0.0001003893265191474,0.001706338780406034,-0.0013433526988961898,0.001113171454973982,-0.0011281080237179751,0.0017063387804060234,0.00010038932651914094,0.002362452057858169,0.005765636381377898,0.00682351758426197,0.006021575613229878,0.006141587270938097,0.020911893798305402,0.0027065016444574558,0.020577136506530178,0.15967696481413476,0.11747439497139023,-0.18643108770521055,-0.1296284268546094,-0.08918789286560637,-0.32119766779673586,0.6897991885344558,0.48189280768585924,0.0,1.5896723302274842
686,1.6047170211298671,0.4807258645980818,0.6930010410644993,-0.31357333741980364,-0.0869812711226286,-0.12823213940214356,-0.17829334517605647,0.12914344136861164,0.16047813310711317,0.018917027947792903,0.005364535430681586,0.022052440292985392,0.006420156612959077,0.006006341091875522,0.007403398520473724,0.0064681271845373435,0.0029309494052563606,0.0008096952647958328,0.0017251183937104207,-0.0015957617120198535,0.001015559110076323,-0.0010990981637583079,0.001725118393710411,0.0008096952647958255,0.0029309494052563467,0.006468127184537344,0.007403398520473697,0.006006341091875522,0.006420156612959078,0.02205244029298539,0.005364535430681584,0.018917027947792913,0.16047813310711315,0.12914344136861167,-0.1782933451760565,-0.12823213940214356,-0.08698127112262857,-0.31357333741980364,0.6930010410644993,0.48072586459808175,0.0,1.6670530535597816
687,1.6808470296829037,0.4795310380139552,0.696042111633599,-0.30578531989389873,-0.08469393257059667,-0.12664992760665864,-0.169783370479533,0.14044552887764522,0.16068375812664779,0.017168077103703997,0.007991468240274953,0.023038304763666573,0.006645139176688457,0.005932277262354574,0.007899192708912393,0.007086296058120689,0.003455979452760826,0.0015054472952813406,0.0017115285431279575,-0.0018148150959882885,0.0008944300211100499,-0.001042033905117827,0.001711528543127949,0.0015054472952813309,0.0034559794527608116,0.007086296058120691,0.007899192708912364,0.005932277262354575,0.006645139176688458,0.023038304763666577,0.007991468240274954,0.017168077103704,0.16068375812664776,0.14044552887764525,-0.169783370479533,-0.1266499276066586,-0.08469393257059663,-0.3057853198938987,0.6960421116335991,0.479531038013955,0.0,1.7424847744321075
688,1.7554936002194195,0.47830839723689184,0.6989216946882849,-0.2978376806105351,-0.08232799981207498,-0.12488408552399709,-0.16091893032657612,0.15134854280940907,0.16029307678685967,0.015338497779856235,0.010572070389888923,0.023862572079429774,0.0068146571121781956,0.005800109545315685,0.008305268989678222,0.007612084225493323,0.003929755768273106,0.0021759988649121534,0.001665824223434227,-0.0019959340572474112,0.0007525891078048179,-0.0009583718087436004,0.0016658242234342195,0.002175998864912143,0.003929755768273094,0.007612084225493323,0.008305268989678193,0.005800109545315685,0.006814657112178195,0.02386257207942978,0.010572070389888926,0.015338497779856243,0.16029307678685967,0.1513485428094091,-0.1609189303265761,-0.12488408552399705,-0.08232799981207495,-0.297837680610535,0.6989216946882848,0.47830839723689145,0.0,1.815757991695258
689,1.8284589410039684,0.47705801318360747,0.7016391221415228,-0.28973456828473454,-0.07988566838341576,-0.12293717345636258,-0.15171853146384762,0.16182150243559135,0.15930753892792002,0.013436882446949112,0.013091380798888365,0.02451946059729016,0.0069272955131303385,0.005611132461871863,0.0086170152061106,0.008038637233804172,0.004345252035626851,0.002810125264172036,0.0015888630130604796,-0.002135332731742938,0.0005933209022214021,-0.0008502473434077075,0.0015888630130604733,0.0028101252641720255,0.00434525203562684,0.008038637233804172,0.00861701520611057,0.005611132461871863,0.00692729551313034,0.024519460597290165,0.013091380798888367,0.013436882446949126,0.15930753892792,0.16182150243559135,-0.15171853146384762,-0.12293717345636254,-0.07988566838341574,-0.2897345682847344,0.7016391221415225,0.47705801318360735,0.0,1.8866803001694408
690,1.8995452603008784,0.47577995838000914,0.7041937635277158,-0.2814802127893724,-0.0773692047173467,-0.12081201424012658,-0.14220138203625016,0.17183464901986184,0.1577308019356125,0.011472161886948034,0.015534793726446635,0.02500436271626869,0.00698211422661984,0.005367196954370248,0.008830890589007668,0.008360394312261153,0.004696306258021505,0.0033972115233097603,0.0014820889828188774,-0.0022300973194656435,0.00042031349064824226,-0.0007204203780260516,0.0014820889828188728,0.003397211523309751,0.0046963062580214964,0.008360394312261155,0.008830890589007642,0.005367196954370247,0.006982114226619841,0.02500436271626869,0.015534793726446634,0.01147216188694804,0.1577308019356125,0.17183464901986192,-0.1422013820362501,-0.12081201424012655,-0.07736920471734668,-0.28148021278937235,0.7041937635277158,0.475779958380009,0.0,1.9550775563055083
691,1.968554766374591,0.474474306956987,0.7065850261489791,-0.27307892294715913,-0.07478094403976883,-0.11851168915298536,-0.13238735148509753,0.18135953037681443,0.15556871716857135,0.00945356325039214,0.017888143448552524,0.025313877196402414,0.006978655700218761,0.0050706922572755645,0.008944465972179497,0.008573160865282547,0.0049777121432104604,0.003927430101807569,0.0013475055999082857,-0.002278246990557713,0.0002375731106145683,-0.0005722047362100589,0.0013475055999082818,0.003927430101807558,0.004977712143210452,0.008573160865282547,0.00894446597217947,0.005070692257275563,0.006978655700218761,0.025313877196402414,0.017888143448552524,0.009453563250392151,0.1555687171685714,0.18135953037681443,-0.13238735148509748,-0.11851168915298534,-0.07478094403976882,-0.2730789229471591,0.7065850261489791,0.47447430695698684,0.0,2.020794880506988
692,2.03528966748966,0.47314113464611596,0.7088123552126488,-0.26453508428140876,-0.07212328820271531,-0.11603953344640207,-0.12229692906566218,0.1903690817183665,0.1528293082435641,0.007390566721831285,0.020137786384013045,0.025445833015999057,0.006916948801024688,0.004724522495733457,0.008956451382572277,0.00867416315546521,0.005185296315160193,0.004391905396664448,0.00118763813561952,-0.0022787752898818956,4.9331380650128184e-05,-0.0004093836111660754,0.0011876381356195182,0.004391905396664437,0.005185296315160189,0.008674163155465212,0.00895645138257225,0.004724522495733456,0.006916948801024688,0.02544583301599905,0.020137786384013038,0.007390566721831294,0.1528293082435641,0.19036908171836658,-0.12229692906566215,-0.11603953344640205,-0.07212328820271528,-0.26453508428140876,0.7088123552126487,0.4731411346461159,0.0,2.0836974857367827
693,2.0995521719105272,0.47178051877526195,0.7108752339600001,-0.2558531567267703,-0.06939870345548282,-0.11339913150981075,-0.11195118107070534,0.19883770255789393,0.14952274125940382,0.005292860996909173,0.022270680193325093,0.02539930459979425,0.00679750857471727,0.004332078241019881,0.008866710691598868,0.008662084463493527,0.005315980207096698,0.004782862315704999,0.0010054862821075334,-0.0022316711745887416,-0.00014005268897902468,-0.0002361129999708535,0.0010054862821075332,0.004782862315704988,0.005315980207096694,0.008662084463493529,0.008866710691598844,0.004332078241019881,0.00679750857471727,0.025399304599794247,0.02227068019332509,0.0052928609969091845,0.1495227412594038,0.198837702557894,-0.11195118107070529,-0.11339913150981076,-0.0693987034554828,-0.2558531567267702,0.7108752339600002,0.47178051877526184,0.0,2.143671323847577
694,2.161144487901634,0.47039253826409716,0.7127731837861384,-0.2470376723011144,-0.06660971815600357,-0.11059431167359461,-0.10137170684929646,0.20674132945357715,0.14566128706999118,0.003170297780191215,0.024274459391839257,0.025174618311197064,0.006621331946653954,0.0038972033014776546,0.008676263161267926,0.00853708225358931,0.005367825718037436,0.0050937564288684465,0.000804467867311367,-0.002137919244941291,-0.0003261936354751544,-5.681562205603748e-05,0.0008044678673113686,0.005093756428868438,0.005367825718037434,0.008537082253589312,0.008676263161267898,0.0038972033014776503,0.006621331946653954,0.025174618311197057,0.024274459391839264,0.003170297780191228,0.1456612870699912,0.20674132945357715,-0.10137170684929646,-0.11059431167359463,-0.06660971815600356,-0.2470376723011143,0.7127731837861382,0.47039253826409694,0.0,2.200623543005985
695,2.2198688237273068,0.46897727361952246,0.7145057643510396,-0.23809323273979371,-0.06375892042458163,-0.10762914065837269,-0.09058059371274366,0.21405750438426105,0.14125927574649344,0.0010328455174341766,0.026137507038847162,0.024773350163085142,0.00638988940088635,0.0034241570742074277,0.008387271867550929,0.008300786120724917,0.005340063955701922,0.005319383518808039,0.0005883547241336562,-0.00199947916357235,-0.0005047810952602018,0.00012393197037556747,0.0005883547241336591,0.005319383518808029,0.005340063955701923,0.008300786120724917,0.008387271867550906,0.0034241570742074246,0.0063898894008863494,0.02477335016308514,0.02613750703884717,0.0010328455174341917,0.14125927574649344,0.21405750438426108,-0.09058059371274366,-0.10762914065837272,-0.06375892042458164,-0.23809323273979366,0.7145057643510394,0.46897727361952246,0.0,2.2544827516059516
696,2.2755273876523283,0.46753480693099786,0.7160725736817138,-0.2290245070935096,-0.060848955742171446,-0.1045079176786439,-0.07960037082178015,0.2207654385635396,0.1363330433976537,-0.001109457420409739,0.027849022086973832,0.024198314763206705,0.006105112706549537,0.002917572826260712,0.008003019132472852,0.007956276546360594,0.005233106639530573,0.005455966696976688,0.0003612019172059459,-0.0018192446933661766,-0.000671679616695795,0.0003015162085037443,0.0003612019172059503,0.005455966696976679,0.005233106639530575,0.007956276546360594,0.008003019132472831,0.0029175728262607068,0.006105112706549538,0.024198314763206694,0.02784902208697383,-0.0011094574204097304,0.1363330433976537,0.22076543856353964,-0.07960037082178012,-0.10450791767864395,-0.06084895574217145,-0.2290245070935096,0.7160725736817138,0.4675348069309977,0.0,2.3051990861642966
697,2.3279223879409123,0.46606522186578037,0.7174732482654655,-0.21983622929103927,-0.05788252449542625,-0.10123516820933708,-0.0684539621512794,0.22684607151073818,0.1309008715455833,-0.0032465498815867325,0.02939908200141585,0.023453545571729538,0.005769378794067803,0.002382412313951199,0.00752786924396528,0.007508044739657664,0.005048539994699947,0.005501219626917694,0.00012727165520182686,-0.0016009832101808962,-0.0008230244224636189,0.0004714042678910094,0.00012727165520183212,0.005501219626917686,0.0050485399946999495,0.007508044739657664,0.007527869243965259,0.002382412313951193,0.005769378794067802,0.023453545571729534,0.029399082001415847,-0.0032465498815867216,0.13090087154558333,0.22684607151073816,-0.06845396215127927,-0.10123516820933706,-0.057882524495426246,-0.21983622929103927,0.7174732482654655,0.4660652218657802,0.0,2.3527440828362574
698,2.376856032857614,0.46456860366407227,0.718707463134231,-0.21053319566809753,-0.05486237947079565,-0.09781563742430457,-0.05716463863069584,0.23228212521094457,0.12498291928201669,-0.0053683951849234825,0.030778700285989485,0.02254426660941594,0.005385489915756431,0.0018239171847670445,0.006967218886904599,0.006961934087698704,0.0047891012276888864,0.005454384796433111,-0.00010904668362176975,-0.0013492569547553122,-0.000955310904089344,0.0006292597684884124,-0.00010904668362176296,0.005454384796433103,0.0047891012276888925,0.006961934087698706,0.0069672188869045835,0.0018239171847670393,0.00538548991575643,0.022544266609415935,0.03077870028598948,-0.005368395184923466,0.12498291928201666,0.23228212521094457,-0.05716463863069582,-0.09781563742430459,-0.05486237947079564,-0.2105331956680975,0.7187074631342307,0.46456860366407227,0.0,2.3971103543566024
699,2.4221305306668737,0.4630450391340759,0.7197749319399744,-0.20112026246362072,-0.05179132329999704,-0.09425428331627449,-0.04575596956015143,0.23705815321019386,0.11860114845680156,-0.007465028256285126,0.03197987858248044,0.021476855814870494,0.004956650256411965,0.001247557637879719,0.00632743584833249,0.00632506397800061,0.004458637932273494,0.0053162461979721996,-0.0003433189120448606,-0.0010693276698429727,-0.0010654757762346158,0.0007710534604129619,-0.0003433189120448525,0.005316246197972197,0.004458637932273501,0.00632506397800061,0.006327435848332477,0.0012475576378797148,0.0049566502564119645,0.021476855814870487,0.03197987858248043,-0.007465028256285115,0.11860114845680161,0.23705815321019397,-0.04575596956015142,-0.09425428331627446,-0.05179132329999701,-0.20112026246362075,0.7197749319399745,0.46304503913407596,0.0,2.438311076376123
700,2.463548089633246,0.46149461664695907,0.7206754070211233,-0.1916023432847808,-0.04867220585923174,-0.0905562695082345,-0.03425177340359808,0.24116058450630457,0.11177924217625296,-0.009526602428736574,0.03299565304124855,0.020258800307883344,0.004486439189114113,0.0006589788460957463,0.005615786693036073,0.005605736986410593,0.004062051027978315,0.005089116204976364,-0.000571149235282994,-0.0007670466159089537,-0.0011509680115117744,0.0008931660702504674,-0.0005711492352829853,0.00508911620497636,0.004062051027978325,0.005605736986410594,0.00561578669303606,0.000658978846095742,0.00448643918911411,0.020258800307883334,0.032995653041248546,-0.009526602428736566,0.11177924217625299,0.24116058450630462,-0.03425177340359803,-0.0905562695082345,-0.048672205859231724,-0.19160234328478076,0.7206754070211232,0.461494616646959,0.0,2.4763792892978667
701,2.5009109180210602,0.45991742613172887,0.7214086794600268,-0.18198440654205336,-0.04550792162455921,-0.08672695776667269,-0.022676068061787864,0.24457776211064952,0.1045425169138292,-0.01154343568661406,0.03382013469425317,0.018898643872664336,0.0039787813994636425,6.394566402337197e-05,0.0048403542309382284,0.004813330640332888,0.0036052220772322357,0.004776796863864206,-0.0007882627320048146,-0.00044873226435141454,-0.001209807913222795,0.0009924806827395828,-0.0007882627320048044,0.0047767968638642,0.0036052220772322474,0.004813330640332888,0.004840354230938219,6.394566402336713e-05,0.003978781399463639,0.018898643872664322,0.033820134694253164,-0.011543435686614052,0.1045425169138292,0.24457776211064958,-0.02267606806178781,-0.0867269577666727,-0.045507921624559196,-0.1819844065420534,0.7214086794600267,0.45991742613172887,0.0,2.5113670237957946
702,2.5340212240947553,0.45831355907001603,0.7219745791314275,-0.1722714728556781,-0.042301406985883486,-0.08277190022752857,-0.011053020728868932,0.247299976171291,0.09691782855929139,-0.013506056136325348,0.034448543596435864,0.017405927029335466,0.0034379141276186954,-0.000531713835988194,0.004009945713691711,0.003958175168317937,0.0030949260591483702,0.004384516249610203,-0.0009905855673262311,-0.00012103822478222009,-0.0012406329581075046,0.0010664622998014528,-0.0009905855673262211,0.004384516249610201,0.0030949260591483824,0.003958175168317935,0.004009945713691702,-0.0005317138359881998,0.003437914127618694,0.017405927029335456,0.034448543596435864,-0.01350605613632534,0.09691782855929136,0.24729997617129112,-0.011053020728868898,-0.08277190022752855,-0.04230140698588346,-0.17227147285567804,0.7219745791314274,0.45831355907001586,0.0,2.5433442601940826
703,2.5626812161188868,0.4566831084907683,0.7223729747419311,-0.1624686124348646,-0.0390556375220444,-0.0786968313461266,0.0005931025627057807,0.24931949156335922,0.08893347275500364,-0.015405246490328659,0.03487723653752544,0.01579112011403713,0.002868351801548685,-0.0011221654470977948,0.0031339928031671065,0.003051418829735201,0.002538730893532105,0.003918840950293893,-0.0011743214326951482,0.00020918583296514797,-0.0012427293475457482,0.0011132225461766673,-0.0011743214326951374,0.003918840950293892,0.0025387308935321167,0.0030514188297352,0.0031339928031671013,-0.0011221654470978024,0.0028683518015486815,0.015791120114037115,0.03487723653752542,-0.015405246490328655,0.08893347275500363,0.24931949156335922,0.0005931025627058323,-0.07869683134612654,-0.03905563752204435,-0.16246861243486446,0.722372974741931,0.45668310849076793,0.0,2.572397733772496
704,2.58669310235801,0.4550261689648547,0.7226037738604679,-0.15258094243111317,-0.03577362523954255,-0.0745076595827643,0.012237987603620134,0.2506305698682778,0.08061907988923105,-0.017232087355375087,0.035103728163605415,0.014065549837042968,0.0022748483566994767,-0.001701625971305837,0.0022224444479783108,0.0021048825801632024,0.0019448852052214884,0.0033875661455859316,-0.0013360227783778989,0.0005350373550034841,-0.001216048536599671,0.0011315678700629579,-0.0013360227783778878,0.003387566145585932,0.0019448852052215044,0.0021048825801632,0.002222444447978308,-0.0017016259713058435,0.0022748483566994745,0.014065549837042958,0.0351037281636054,-0.017232087355375077,0.08061907988923102,0.25063056986827775,0.012237987603620151,-0.07450765958276427,-0.03577362523954252,-0.15258094243111303,0.7226037738604679,0.4550261689648545,0.0,2.5986295998170066
705,2.6058590910763377,0.45334283659958,0.7226669229397381,-0.14261362426703142,-0.032458415777459705,-0.07021045883600982,0.023857322769717648,0.2512294856793827,0.07200550513612172,-0.018977999121714478,0.03512670538599165,0.012241319834025564,0.0016623575565743224,-0.0022644198631799903,0.0012856538847387123,0.001130905967155742,0.0013221959932653978,0.002799585119204115,-0.001472655501968171,0.000849705184975978,-0.0011612083581421567,0.0011210300084359606,-0.001472655501968159,0.002799585119204117,0.0013221959932654132,0.0011309059671557418,0.0012856538847387145,-0.0022644198631799933,0.0016623575565743209,0.012241319834025554,0.03512670538599165,-0.018977999121714467,0.07200550513612171,0.25122948567938275,0.023857322769717665,-0.07021045883600982,-0.032458415777459726,-0.14261362426703142,0.7226669229397381,0.45334283659958,0.0,2.6221559738315348
706,2.619981390538539,0.4516332090331106,0.7225624073286334,-0.13257186094204093,-0.02911308558116946,-0.06581145963612953,0.03542684977862658,0.25111453718760157,0.06312471395044006,-0.020634782256535866,0.03494603499388413,0.01033122576774864,0.0010359916454206134,-0.0028050348191742324,0.0003342610474717855,0.0001421862653686333,0.0006798980191606133,0.002164740389637855,-0.0015816558791278874,0.0011466119351908565,-0.0010794787160406086,0.0010818779394279967,-0.0015816558791278757,0.002164740389637857,0.0006798980191606276,0.0001421862653686333,0.00033426104747179036,-0.002805034819174236,0.0010359916454206113,0.010331225767748625,0.03494603499388412,-0.020634782256535863,0.06312471395044006,0.25111453718760157,0.03542684977862665,-0.06581145963612951,-0.029113085581169467,-0.13257186094204088,0.7225624073286332,0.4516332090331105,0.0,2.643105363744431
707,2.6288622090089415,0.44989738542881047,0.7222902512756385,-0.12246089431638021,-0.025740739047459632,-0.061317040111414665,0.04692241433502137,0.2502860510171151,0.05400966344198726,-0.022194655812407347,0.03456276442665861,0.00834866557568643,0.00040097867813387563,-0.003318175768069804,-0.0006209282792467606,-0.0008483870518334239,2.7516851179128414e-05,0.0014936589511408756,-0.0016609786683333433,0.0014195514713742769,-0.0009727521786911458,0.0010151110166813054,-0.001660978668333332,0.0014936589511408804,2.7516851179144026e-05,-0.0008483870518334241,-0.0006209282792467522,-0.0033181757680698083,0.00040097867813387243,0.008348665575686415,0.03456276442665861,-0.022194655812407343,0.05400966344198726,0.2502860510171151,0.0469224143350214,-0.06131704011141469,-0.025740739047459632,-0.1224608943163802,0.7222902512756384,0.4498973854288105,0.0,2.6616170121618175
708,2.6350175758733325,0.4481354664694904,0.7218505179232036,-0.11228600237482303,-0.02234450564371685,-0.05673371674050541,0.05832001655878464,0.24874638129726032,0.04469418006993443,-0.023650293969863765,0.033979115701320776,0.006307545493118721,-0.0002373811164687984,-0.003798816733726872,-0.0015690651908538149,-0.0018279003463740548,-0.0006252724041000041,0.0007975743829784006,-0.001709135487007464,0.0016628186372474798,-0.0008435001538525828,0.0009224334609208312,-0.0017091354870074533,0.0007975743829784081,-0.0006252724040999877,-0.0018279003463740544,-0.0015690651908538023,-0.003798816733726875,-0.00023738111646880001,0.006307545493118703,0.03397911570132077,-0.023650293969863755,0.04469418006993444,0.24874638129726043,0.058320016558784674,-0.0567337167405054,-0.02234450564371686,-0.11228600237482306,0.7218505179232039,0.4481354664694903,0.0,2.6778391677216185
709,2.6410882712315082,0.4463475543515671,0.7212433092930963,-0.10205249647153837,-0.018927537003845918,-0.05206813490411946,0.06959586109078858,0.24649990297331195,0.035212834110952274,-0.024994860442522773,0.03319847253032846,0.004222182510881964,-0.0008737595747855053,-0.004242250062175471,-0.0024993808831143844,-0.002783584164486399,-0.0012687885879792908,8.813880473410343e-05,-0.0017252227389630771,0.001871328507342339,-0.0006947156596154664,0.000806210859847292,-0.0017252227389630674,8.813880473411096e-05,-0.0012687885879792752,-0.0027835841644863984,-0.0024993808831143692,-0.004242250062175471,-0.0008737595747855088,0.004222182510881949,0.033198472530328454,-0.024994860442522766,0.035212834110952274,0.246499902973312,0.06959586109078857,-0.05206813490411949,-0.018927537003845925,-0.10205249647153837,0.7212433092930959,0.4463475543515669,0.0,2.6919273053718342
710,2.647063629419092,0.4445337527791361,0.7204687662627294,-0.09176571855753222,-0.015493004003619148,-0.04732705924988554,0.08072640677168737,0.24355299937515001,0.02560081136699232,-0.02622204058314868,0.03222536070446668,0.0021072039519653197,-0.0015028450707281057,-0.004644132530889337,-0.0034013089626689715,-0.003702979706071329,-0.0018934880655870523,-0.0006227721745457827,-0.001708938569137298,0.0020407226753568976,-0.0005298440167273887,0.0006694097866874946,-0.0017089385691372893,-0.0006227721745457752,-0.001893488065587035,-0.0037029797060713276,-0.0034013089626689533,-0.004644132530889339,-0.0015028450707281077,0.002107203951965311,0.03222536070446668,-0.02622204058314867,0.025600811366992354,0.24355299937515007,0.0807264067716874,-0.04732705924988557,-0.015493004003619162,-0.09176571855753222,0.720468766262729,0.4445337527791361,0.0,2.7040423159219444
711,2.6529329847714807,0.4426941669579568,0.7195270685324785,-0.08143103839211766,-0.012044093818169703,-0.04251736388425098,0.09168841579000414,0.23991404407913658,0.01589378258881999,-0.02732607103988029,0.031065421854505927,-2.2555128650403525e-05,-0.0021193868499879737,-0.00500052788862382,-0.004264605458627017,-0.004574101244210018,-0.002490106262281388,-0.0013232582483140476,-0.0016605885274848578,0.002167460356343885,-0.00035270306719429673,0.0005155220786339109,-0.0016605885274848513,-0.001323258248314039,-0.002490106262281373,-0.004574101244210018,-0.0042646054586269995,-0.005000527888623824,-0.002119386849987976,-2.255512865042075e-05,0.031065421854505927,-0.027326071039880294,0.015893782588819974,0.2399140440791367,0.09168841579000415,-0.042517363884251,-0.012044093818169727,-0.0814310383921177,0.7195270685324786,0.44269416695795666,0.0,2.714348685488391
712,2.6586856716242964,0.4408289035893494,0.7184184345839895,-0.07105385073986765,-0.008584006964359283,-0.03764602240568452,0.10245900219690218,0.23559337711474168,0.006127771099875276,-0.028301766823344815,0.02972538074376113,-0.0021521560012444925,-0.0027182388562265406,-0.005307945409159978,-0.005079465172131776,-0.005385592377444133,-0.0030497950614652523,-0.0020015936179083346,-0.0015810798357552335,0.0022488923984561576,-0.00016739476661179113,0.00034847570796069056,-0.0015810798357552274,-0.002001593617908326,-0.003049795061465238,-0.005385592377444133,-0.005079465172131757,-0.005307945409159981,-0.002718238856226542,-0.00215215600124451,0.02972538074376112,-0.02830176682334481,0.006127771099875233,0.23559337711474165,0.10245900219690222,-0.03764602240568454,-0.0085840069643593,-0.07105385073986761,0.7184184345839894,0.44082890358934934,0.0,2.723012685467859
713,2.664311024313163,0.4389380708640067,0.7171431216294875,-0.06063957255451663,-0.005115954330765267,-0.0327200977936252,0.11301567968635519,0.2306032755835252,-0.0036609808882831305,-0.02914454565753938,0.028213006281172865,-0.004266661045811797,-0.003294402683388884,-0.005563374081338971,-0.005836633042414816,-0.0061268740778362245,-0.0035642540261411147,-0.0026464232767592403,-0.0014719043647295927,0.002283316657208364,2.1789802565793223e-05,0.00017253452082423577,-0.0014719043647295881,-0.00264642327675923,-0.0035642540261411008,-0.0061268740778362245,-0.005836633042414793,-0.005563374081338975,-0.0032944026833888838,-0.00426666104581181,0.02821300628117286,-0.029144545657539375,-0.0036609808882831565,0.23060327558352517,0.11301567968635529,-0.03272009779362521,-0.0051159543307652865,-0.06063957255451656,0.7171431216294875,0.4389380708640069,0.0,2.730200593423393
714,2.669798377173591,0.4370217784557186,0.7157014255521034,-0.050193640151278245,-0.0016431541980427942,-0.02774673216783751,0.12333640854096253,0.2249579187739621,-0.013436146772839715,-0.029850449500118094,0.026537066480938398,-0.006351238528734473,-0.003843069295632562,-0.00576431210051129,-0.0065275092644603355,-0.00678828260477743,-0.004025853498130478,-0.003246953087717786,-0.0013351106413261918,0.0022700135747866835,0.00021046979726301366,-7.810597092027619e-06,-0.001335110641326189,-0.0032469530877177765,-0.004025853498130465,-0.006788282604777433,-0.006527509264460312,-0.005764312100511291,-0.003843069295632564,-0.006351238528734483,0.02653706648093838,-0.029850449500118087,-0.013436146772839724,0.22495791877396223,0.12333640854096253,-0.027746732167837494,-0.0016431541980427877,-0.050193640151278265,0.7157014255521035,0.43702177845571866,0.0,2.7360769647595133
715,2.675137064541203,0.43508013751501035,0.7140936808372256,-0.03972150636905624,0.0018311707475726021,-0.022733136433020287,0.13339964164539797,0.21867334787123643,-0.023161450369764698,-0.030416163131016447,0.02470727762981455,-0.008391266636736653,-0.004359659166650234,-0.005908791372545838,-0.0071442469643678,-0.007361195486625091,-0.004427747749341361,-0.0037931304716996217,-0.001173265410822223,0.0022092612207052146,0.00039427605855831,-0.0001879563500998774,-0.001173265410822221,-0.0037931304716996134,-0.00442774774934135,-0.007361195486625091,-0.007144246964367773,-0.005908791372545839,-0.004359659166650235,-0.008391266636736667,0.02470727762981454,-0.03041616313101644,-0.023161450369764698,0.21867334787123646,0.13339964164539803,-0.022733136433020294,0.0018311707475726,-0.03972150636905617,0.7140936808372256,0.43508013751501023,0.0,2.7408029742983855
716,2.6803164207515087,0.43311326066269557,0.712320260494897,-0.029228637724029893,0.00530379640485077,-0.017686579823684545,0.14318436947142874,0.21176742037648605,-0.0328008005367497,-0.030839029722113123,0.022734247956795878,-0.010372436038398894,-0.0048398605033572835,-0.00599539679039355,-0.007679841323030032,-0.00783814392780699,-0.0047639765069994846,-0.004275812683005253,-0.0009894054754239336,0.0021023294794196264,0.0005689522858954637,-0.0003633045312855148,-0.0009894054754239334,-0.004275812683005244,-0.004763976506999476,-0.00783814392780699,-0.007679841323030005,-0.005995396790393553,-0.004839860503357285,-0.010372436038398896,0.022734247956795874,-0.030839029722113127,-0.03280080053674969,0.21176742037648616,0.14318436947142876,-0.017686579823684555,0.00530379640485074,-0.029228637724029977,0.7123202604948969,0.4331132606626957,0.0,2.7445348458583516
717,2.6853257801400185,0.4311212619833444,0.7103815759732733,-0.01872051155610081,0.008771500249465694,-0.012614379364458271,0.15267016394058547,0.20425975936501792,-0.042318425109443364,-0.03111706331480747,0.020629416131743964,-0.012280850253836767,-0.005279665234904861,-0.006023280094400587,-0.008128209135872684,-0.008212910175993692,-0.005029553347178249,-0.004686919854468692,-0.0007869807128677217,0.0019514535063922798,0.0007304535978959311,-0.0005293793913981932,-0.0007869807128677234,-0.004686919854468682,-0.005029553347178242,-0.008212910175993692,-0.008128209135872654,-0.006023280094400588,-0.005279665234904864,-0.012280850253836779,0.020629416131743957,-0.03111706331480747,-0.042318425109443364,0.20425975936501792,0.15267016394058552,-0.012614379364458288,0.008771500249465696,-0.018720511556100897,0.7103815759732731,0.4311212619833443,0.0,2.7474223866910847
718,2.690154477042355,0.4291042570186656,0.7082780770631634,-0.008202613169688054,0.012231064324431188,-0.007523889261100139,0.16183722107291054,0.19617169772767398,-0.0516790036539417,-0.031248958146912736,0.01840498494952307,-0.014103123128522714,-0.00567540246663076,-0.005992168180615795,-0.008484257905026861,-0.008480608580008967,-0.005220539645711654,-0.005019570250532659,-0.0005697893442294611,0.0017597870074470621,0.0008750401974534899,-0.000681941882016133,-0.0005697893442294637,-0.005019570250532647,-0.005220539645711648,-0.008480608580008967,-0.008484257905026832,-0.005992168180615795,-0.00567540246663076,-0.014103123128522726,0.018404984949523057,-0.031248958146912736,-0.05167900365394172,0.19617169772767398,0.1618372210729106,-0.007523889261100139,0.012231064324431207,-0.008202613169687987,0.7082780770631634,0.42910425701866534,0.0,2.749607642169778
719,2.6947918457940285,0.4270623627608054,0.7060102517936753,0.0023195670296331282,0.015679278226297787,-0.0024224902376043514,0.17066640233274283,0.18752621755378504,-0.060847798542882164,-0.031234094785062203,0.016073850584109296,-0.015826472727542062,-0.006023769119719825,-0.005902365775716484,-0.008743943679195875,-0.008637749281764534,-0.005334102989764782,-0.005268195464179132,-0.0003419066655521962,0.0015313363179986802,0.0009993639721600984,-0.0008170978569414194,-0.0003419066655522004,-0.0052681954641791194,-0.005334102989764777,-0.008637749281764534,-0.008743943679195848,-0.005902365775716484,-0.0060237691197198295,-0.015826472727542076,0.016073850584109282,-0.031234094785062214,-0.06084779854288215,0.18752621755378499,0.17066640233274283,-0.00242249023760436,0.01567927822629777,0.0023195670296331456,0.7060102517936752,0.42706236276080534,0.0,2.7512236844573477
720,2.6992272207306627,0.42499569764556094,0.7035786263189879,0.012840536401155305,0.019112942084340417,0.0026824211651435975,0.17913927458522147,0.17834788482795583,-0.06979078386870978,-0.03107254303382763,0.013649527822823679,-0.01743881099168267,-0.006321857500835489,-0.005754752452352811,-0.008904316984279091,-0.00868228371189728,-0.00536855918379197,-0.005428633629374253,-0.00010760858054478322,0.0012708766600743947,0.0011005460247045023,-0.0009313974699913583,-0.00010760858054478906,-0.005428633629374242,-0.005368559183791967,-0.00868228371189728,-0.008904316984279063,-0.00575475245235281,-0.00632185750083549,-0.017438810991682676,0.013649527822823674,-0.03107254303382764,-0.06979078386870981,0.17834788482795585,0.17913927458522147,0.002682421165143589,0.019112942084340407,0.012840536401155357,0.7035786263189879,0.42499569764556083,0.0,2.7523935470425736
721,2.7034499361877664,0.42290438154551147,0.7009837647962799,0.02335480293623081,0.02252886952997178,0.0077834433136441065,0.1872381485800871,0.16866277962623819,-0.0784747717157118,-0.03076506160788776,0.011146071714144978,-0.01892882852648503,-0.0065671795716084145,-0.005550774014144116,-0.008963556323079411,-0.008613631296003788,-0.0053233972269153855,-0.005498199088696294,0.00012870863084523613,0.000983852327577349,0.0011762433379147656,-0.0010219232320650663,0.00012870863084522898,-0.005498199088696285,-0.0053233972269153855,-0.008613631296003786,-0.008963556323079385,-0.005550774014144114,-0.006567179571608413,-0.018928828526485038,0.011146071714144978,-0.030765061607887768,-0.07847477171571182,0.16866277962623819,0.18723814858008717,0.0077834433136440805,0.02252886952997177,0.023354802936230896,0.7009837647962797,0.42290438154551124,0.0,2.75322931503827
722,2.7074493265009636,0.4207885357630646,0.69822626925484,0.0338568781251323,0.02592389065362617,0.012873180213444376,0.1949461158824378,0.15849842201003939,-0.0868675353222178,-0.030313094568786458,0.008577996083350005,-0.020286073929518634,-0.006757687715413487,-0.005292428334707166,-0.00892098886360945,-0.008432687023315568,-0.005199286891298209,-0.00547572734994418,0.00036261080255261055,0.0006762628861827854,0.0012247030307189898,-0.0010863644798352423,0.00036261080255260204,-0.005475727349944172,-0.005199286891298213,-0.008432687023315566,-0.008920988863609425,-0.005292428334707165,-0.006757687715413486,-0.020286073929518637,0.008577996083350005,-0.030313094568786468,-0.08686753532221779,0.1584984220100394,0.19494611588243788,0.012873180213444342,0.02592389065362615,0.03385687812513228,0.6982262692548398,0.42078853576306446,0.0,2.753831379016419
723,2.7112147260057644,0.41864828302342083,0.6953067794563916,0.04434127982208756,0.029294854946369433,0.01794425223262335,0.20224708417333634,0.1478836938283364,-0.094937928675904,-0.029718764543014958,0.005960189388388453,-0.021501027099460668,-0.006891791828102124,-0.0049822457894163515,-0.008777098081021584,-0.008141809779145715,-0.004998068789121778,-0.005361594579174693,0.0005897090833960293,0.0003545377665894975,0.0012448029486487513,-0.0011230763552573131,0.00058970908339602,-0.005361594579174687,-0.004998068789121781,-0.008141809779145715,-0.008777098081021558,-0.004982245789416353,-0.006891791828102124,-0.02150102709946067,0.005960189388388445,-0.029718764543014965,-0.09493792867590402,0.14788369382833647,0.2022470841733364,0.01794425223262334,0.029294854946369422,0.04434127982208753,0.695306779456392,0.4186482830234207,0.0,2.754287857939957
724,2.7147354690376777,0.4164837474674553,0.6922259727466639,0.054802535106992546,0.032638634223505804,0.02298930680155257,0.20912581084657025,0.13684875665039448,-0.1026560020983763,-0.028984862753268937,0.003307828403819077,-0.022565166012766643,-0.006968372590039638,-0.004623264471557705,-0.00853351826636591,-0.007744791593211395,-0.004722727075477833,-0.005157711303864304,0.0008057422878085614,2.540187245837832e-05,0.0012360776489532888,-0.0011311217904483798,0.000805742287808551,-0.005157711303864299,-0.004722727075477837,-0.007744791593211393,-0.008533518266365885,-0.004623264471557699,-0.006968372590039637,-0.022565166012766646,0.0033078284038190646,-0.028984862753268944,-0.10265600209837637,0.1368487566503945,0.20912581084657025,0.02298930680155254,0.03263863422350581,0.05480253510699256,0.6922259727466635,0.4164837474674551,0.0,2.75467419447063
725,2.7180008899323274,0.4142950546445167,0.6889845638982385,0.06523518314230835,0.03595212552746813,0.02800102907341902,0.21556793483142325,0.12542496606218145,-0.10999311339009206,-0.028114835909697822,0.0006362902332258423,-0.023471026499542476,-0.006986790808670657,-0.004219000435622848,-0.00819301596454487,-0.007246808204727322,-0.004377345192004348,-0.00486749043160167,0.0010066568510991754,-0.00030426498781335385,0.0011987291786014335,-0.00111029542627506,0.0010066568510991645,-0.0048674904316016645,-0.0043773451920043555,-0.007246808204727321,-0.008193015964544848,-0.0042190004356228465,-0.006986790808670655,-0.023471026499542476,0.0006362902332258379,-0.02811483590969783,-0.10999311339009206,0.1254249660621815,0.21556793483142322,0.028001029073418986,0.035952125527468126,0.06523518314230833,0.6889845638982383,0.41429505464451666,0.0,2.7550529236192647
726,2.721000323025223,0.41208233150514567,0.6855833049447204,0.07563377802365001,0.039232254007297865,0.03297215253005388,0.2215600065750195,0.11364478257000514,-0.11692203412315455,-0.02711277002271052,-0.0020389368397764965,-0.024212254599333283,-0.006946892753633475,-0.0037734132591960273,-0.007759458552289599,-0.006654351588729831,-0.003967045307606684,-0.004495790119662431,0.0011886828889952977,-0.000627571907235537,0.001133622395591016,-0.0010611288541300583,0.0011886828889952868,-0.004495790119662427,-0.003967045307606693,-0.006654351588729832,-0.007759458552289577,-0.003773413259196025,-0.006946892753633473,-0.024212254599333283,-0.0020389368397764965,-0.027112770022710533,-0.11692203412315459,0.11364478257000514,0.22156000657501954,0.03297215253005388,0.03923225400729783,0.0756337780236501,0.6855833049447206,0.41208233150514556,0.0,2.7554736133918154
727,2.7237231026521025,0.40984570639371076,0.6820229850062584,0.08599289162258239,0.042475975772042845,0.037895469517689226,0.22708951612164566,0.10154167936453726,-0.12341705068752298,-0.02598337121335936,-0.00470234314510474,-0.024783651129590696,-0.006849011439893056,-0.0032908672607393666,-0.007237770313044869,-0.005975145323254065,-0.003497912354385507,-0.004048832451802071,0.0013484049343141385,-0.0009377609183583082,0.001042264941907614,-0.0009848770471014992,0.0013484049343141272,-0.00404883245180207,-0.003497912354385517,-0.0059751453232540636,-0.00723777031304485,-0.003290867260739362,-0.006849011439893054,-0.024783651129590707,-0.004702343145104749,-0.02598337121335937,-0.12341705068752305,0.1015416793645372,0.22708951612164566,0.03789546951768922,0.042475975772042825,0.08599289162258253,0.6820229850062584,0.4098457063937107,0.0,2.7559729738046155
728,2.726158563148247,0.40758530904096446,0.6783044301064611,0.09630711642013447,0.045680280715424626,0.042763841697366675,0.23214491923042715,0.08915004720731269,-0.1294540597156486,-0.024731943611424848,-0.007338487543758031,-0.0251812081542028,-0.006693963848182821,-0.0027760887531301254,-0.0066338765076578736,-0.005218043900682614,-0.0029769037853528404,-0.0035340992835780224,0.0014828260234868596,-0.0012283482526182893,0.0009267723318878281,-0.0008834863268784278,0.0014828260234868481,-0.0035340992835780224,-0.0029769037853528543,-0.005218043900682614,-0.00663387650765786,-0.002776088753130121,-0.006693963848182819,-0.0251812081542028,-0.007338487543758027,-0.024731943611424858,-0.12945405971564866,0.08915004720731266,0.23214491923042718,0.042763841697366675,0.04568028071542461,0.0963071164201345,0.6783044301064611,0.40758530904096446,0.0,2.75657512842831
729,2.7282960388492805,0.405301270556518,0.6744285029807554,0.10657106832955669,0.04884219530915462,0.047570210394846706,0.23671566147683265,0.07650509670996644,-0.13501065753141178,-0.023364364445000875,-0.009932086948058546,-0.025402137096286276,-0.006483044105955179,-0.002234119751631583,-0.005954636076107988,-0.0043929172958961,-0.002411746392269989,-0.0029602069997000636,0.0015894239304404735,-0.001493259868204742,0.0007898189644166712,-0.0007595446840348129,0.0015894239304404627,-0.0029602069997000657,-0.002411746392270003,-0.0043929172958961,-0.005954636076107975,-0.0022341197516315787,-0.006483044105955178,-0.025402137096286272,-0.009932086948058548,-0.023364364445000885,-0.1350106575314118,0.07650509670996647,0.23671566147683265,0.047570210394846706,0.04884219530915459,0.10657106832955668,0.6744285029807552,0.40530127055651816,0.0,2.7572920405036827
730,2.7301248640910543,0.4029937234212376,0.6703961028762229,0.11677938950684653,0.051958785362306206,0.05230760683501141,0.24079220028768766,0.06364275828388091,-0.14006622329140947,-0.021887056438570366,-0.012468104925587302,-0.025444888298049615,-0.006218012685757057,-0.0016702685897063577,-0.005207763734641681,-0.003510522296056422,-0.0018108217138452722,-0.0023367622799104954,0.001666198492686349,-0.0017269584135558042,0.0006345761933426765,-0.0006162157197631081,0.0016661984926863377,-0.002336762279910499,-0.0018108217138452863,-0.0035105222960564206,-0.005207763734641669,-0.0016702685897063531,-0.006218012685757054,-0.025444888298049615,-0.0124681049255873,-0.02188705643857038,-0.14006622329140955,0.0636427582838809,0.24079220028768772,0.0523076068350114,0.05195878536230619,0.11677938950684653,0.6703961028762226,0.4029937234212375,0.0,2.7581240836847143
731,2.731634373208736,0.4006628014795587,0.6662081653429672,0.12692675114757504,0.05502715874418311,0.05696916224592206,0.2443660248636944,0.05059958004453377,-0.1446019955100515,-0.020306957649201374,-0.01493183887313223,-0.025309161890529164,-0.005901081711187714,-0.0010900579263672457,-0.004401742353122282,-0.00258236226943572,-0.0011830417337396046,-0.001674201287803598,0.0017117091416066392,-0.0019245589726128117,0.0004646388901800929,-0.00045715789518969437,0.0017117091416066288,-0.0016742012878036008,-0.0011830417337396213,-0.002582362269435719,-0.004401742353122274,-0.0010900579263672424,-0.00590108171118771,-0.02530916189052915,-0.014931838873132222,-0.020306957649201384,-0.14460199551005148,0.05059958004453377,0.24436602486369446,0.05696916224592206,0.05502715874418308,0.12692675114757493,0.6662081653429672,0.40066280147955874,0.0,2.759060745633318
732,2.732813900538177,0.39830863993172383,0.6618656620170601,0.1370078562685537,0.05804446806815622,0.06154811781788203,0.24742967394786414,0.03741262396065081,-0.14860114168447675,-0.01863148888252553,-0.017309005255256377,-0.02499590989695436,-0.005534896493084849,-0.0004991706543093196,-0.003545726607800179,-0.0016205372014188165,-0.0005377167118345087,-0.0009836149744859098,0.001725101932734656,-0.0020819311724515834,0.00028394219964529734,-0.00028643114942740564,0.0017251019327346464,-0.0009836149744859156,-0.0005377167118345243,-0.0016205372014188159,-0.003545726607800173,-0.0004991706543093152,-0.005534896493084846,-0.024995909896954358,-0.017309005255256377,-0.018631488882525537,-0.14860114168447677,0.037412623960650794,0.24742967394786416,0.061548117817882,0.05804446806815623,0.13700785626855366,0.6618656620170601,0.39830863993172366,0.0,2.7600814510427227
733,2.733652780414774,0.39593137532594014,0.6573696003951124,0.14701744247289247,0.06100791333397936,0.0660378345030644,0.2499767514027667,0.024119360543253292,-0.15204882076090676,-0.016868518841527128,-0.019585822413314132,-0.02450732955498892,-0.00512251345004992,9.66057613721342e-05,-0.002649439003801576,-0.0006375859526891795,0.00011558289111564222,-0.00027656342140970044,0.0017061255688432975,-0.0021957855189718256,9.667041567370917e-05,-0.00010839326993238172,0.0017061255688432888,-0.000276563421409708,0.00011558289111562634,-0.0006375859526891789,-0.0026494390038015714,9.660576137214067e-05,-0.005122513450049915,-0.024507329554988914,-0.019585822413314132,-0.016868518841527142,-0.15204882076090678,0.02411936054325325,0.2499767514027667,0.06603783450306439,0.061007913333979376,0.14701744247289253,0.657369600395112,0.3959313753259399,0.0,2.7611564892260736
734,2.734140347174149,0.39353114555045926,0.6527210236005264,0.15695028469700112,0.06391474452613105,0.07043180264149687,0.25200193956407424,0.010757562373839282,-0.15493223821062163,-0.015026327171818635,-0.021749090464829125,-0.02384684790468722,-0.00466737459760226,0.0006914359687015338,-0.0017230594482976383,0.00035367720399580776,0.0007671683477275135,0.00043511766980903956,0.0016551361151904169,-0.0022637421560010073,-9.283991197480435e-05,7.24113396958286e-05,0.00165513611519041,0.00043511766980903175,0.0007671683477274955,0.0003536772039958092,-0.0017230594482976376,0.0006914359687015397,-0.004667374597602258,-0.02384684790468721,-0.02174909046482913,-0.01502632717181865,-0.1549322382106216,0.010757562373839248,0.25200193956407424,0.07043180264149686,0.06391474452613102,0.1569502846970011,0.6527210236005262,0.39353114555045915,0.0,2.762248030193912
735,2.7342659351519263,0.39110808982557926,0.6479210101414842,0.16680119793810413,0.06676226416577176,0.07472365139944619,0.25350101034252276,-0.002634803225763093,-0.15724069351116726,-0.013113565576957524,-0.02378626783001583,-0.023019097750270716,-0.004173278818891974,0.0012794938833725592,-0.0007771096285662196,0.0013403296374471362,0.0014073763521800825,0.0011395151013210744,0.0015730903184460667,-0.002284380610566058,-0.0002802003968149556,0.00025136765527731587,0.001573090318446061,0.0011395151013210657,0.0014073763521800658,0.0013403296374471354,-0.0007771096285662233,0.0012794938833725629,-0.004173278818891972,-0.023019097750270705,-0.023786267830015837,-0.013113565576957531,-0.15724069351116723,-0.002634803225763093,0.25350101034252276,0.07472365139944617,0.06676226416577173,0.16680119793810408,0.6479210101414841,0.39110808982557915,0.0,2.763311212175982
736,2.7340188786835022,0.38866234869556965,0.6429706736607231,0.17656503996084266,0.06954782981394807,0.07890715800651818,0.2544708340511104,-0.01601968207689355,-0.15896561985658897,-0.011139217186423175,-0.025685543941781134,-0.022029885164334975,-0.003644350156764857,0.0018550197525252204,0.00017766649183624032,0.0023095088243043405,0.0020267123313927006,0.0018248376002239224,0.0014615276546627116,-0.0022572694845254997,-0.0004610724350896221,0.0004239078301999041,0.0014615276546627069,0.0018248376002239124,0.0020267123313926854,0.0023095088243043384,0.00017766649183623387,0.0018550197525252236,-0.0036443501567648548,-0.02202988516433497,-0.025685543941781137,-0.011139217186423184,-0.15896561985658902,-0.01601968207689355,0.2544708340511104,0.07890715800651815,0.06954782981394805,0.17656503996084275,0.6429706736607229,0.38866234869556937,0.0,2.7642952828323253
737,2.733388512104499,0.38619406402051915,0.6378711626771625,0.18623671398155267,0.07226885652372106,0.08297625677807975,0.25490938593910584,-0.029359041274360134,-0.16010061594932493,-0.009112554367078909,-0.02743590771766866,-0.020886148762422087,-0.0030850033918342467,0.00241237656883737,0.0011304247014852211,0.003248580031698195,0.0026159912538206006,0.0024796131987771127,0.0013225414431334626,-0.0021829754719285624,-0.0006312676724321594,0.0005856277893633454,0.00132254144313346,0.0024796131987771036,0.0026159912538205854,0.0032485800316981945,0.0011304247014852122,0.002412376568837374,-0.003085003391834246,-0.020886148762422074,-0.02743590771766866,-0.009112554367078921,-0.16010061594932487,-0.029359041274360138,0.25490938593910595,0.08297625677807972,0.07226885652372102,0.18623671398155262,0.6378711626771623,0.3861940640205189,0.0,2.76514477595541
738,2.7323641697505416,0.38370337896810786,0.6326236603194371,0.19581117132881543,0.07492281923894324,0.08692504790992184,0.2548157504192247,-0.042614977256291126,-0.1606414697557769,-0.007043095176254057,-0.02902721139677858,-0.019595911033617977,-0.0024999071938674733,0.002946105282380936,0.002070343708099629,0.004145301030316001,0.003166473847609997,0.0030928812696032113,0.0011587395681468822,-0.0020630515136147026,-0.0007868449912861699,0.0007323996428678859,0.001158739568146881,0.0030928812696032,0.003166473847609982,0.004145301030316003,0.0020703437080996146,0.002946105282380939,-0.0024999071938674724,-0.019595911033617963,-0.02902721139677858,-0.00704309517625407,-0.1606414697557769,-0.042614977256291126,0.2548157504192247,0.08692504790992184,0.0749228192389432,0.19581117132881537,0.6326236603194371,0.3837033789681078,0.0,2.765800705294008
739,2.730935185957025,0.3811904380053026,0.6272293840514027,0.2052834140788947,0.07750725513745814,0.09074780603241145,0.2541901229791475,-0.05574982350646036,-0.16058617413740145,-0.00494055866096077,-0.030450229371567435,-0.01816822206855569,-0.001893945154049281,0.0034509782694685325,0.0029867480452409442,0.004987981690582755,0.003669996207936196,0.003654376001298038,0.0009731955456403732,-0.0019000043366536397,-0.0009242017731983597,0.0008604770500961795,0.0009731955456403735,0.003654376001298029,0.003669996207936182,0.004987981690582753,0.002986748045240928,0.0034509782694685347,-0.001893945154049279,-0.018168222068555676,-0.030450229371567442,-0.004940558660960785,-0.1605861741374015,-0.05574982350646033,0.25419012297914745,0.09074780603241142,0.07750725513745811,0.20528341407889478,0.6272293840514025,0.38119043800530233,0.0,2.766201757231822
740,2.7290908950598007,0.37865538688997774,0.6216895853896723,0.21464849766468289,0.0800197659165479,0.09443898851173027,0.2530338097733901,-0.06872625758305115,-0.15993493429931238,-0.002814819213179101,-0.031696711673449694,-0.016613096079532035,-0.0012721750233721156,0.0039220505347880305,0.0038692293227431877,0.005765636381377898,0.00411909087138948,0.004154698243156988,0.0007693908529188222,-0.001697242057137242,-0.0010401573226737377,0.0009665908447782168,0.0007693908529188242,0.004154698243156977,0.004119090871389467,0.005765636381377897,0.0038692293227431704,0.003922050534788033,-0.0012721750233721137,-0.01661309607953203,-0.03169671167344971,-0.0028148192131791164,-0.15993493429931235,-0.06872625758305115,0.2530338097733902,0.09443898851173024,0.08001976591654787,0.21464849766468275,0.6216895853896722,0.3786553868899776,0.0,2.7662854644259247
741,2.7268206313941503,0.3760983726624607,0.6160055496132567,0.2239015334567932,0.08245802001850841,0.09799324348616381,0.25134922489637845,-0.08150740716973894,-0.15869016702875338,-0.0006758601955770161,-0.03275943180211748,-0.014941441158003528,-0.0006397864973760647,0.004354708145324088,0.004707764443728543,0.006468127184537345,0.004507097561821107,0.004585472842419668,0.0005511496035416652,-0.0014590029415631168,-0.0011320265207927932,0.0010480324802166188,0.0005511496035416689,0.0045854728424196585,0.004507097561821098,0.006468127184537347,0.004707764443728524,0.004354708145324093,-0.0006397864973760642,-0.014941441158003513,-0.03275943180211748,-0.0006758601955770247,-0.15869016702875335,-0.08150740716973898,0.2513492248963785,0.09799324348616383,0.08245802001850837,0.22390153345679326,0.6160055496132565,0.3760983726624605,0.0,2.7659893431445957
742,2.7241137292958113,0.37351954363700296,0.6101785954653668,0.23303769131545526,0.0848197547942862,0.10140541762578935,0.24913988534241913,-0.09405695484774974,-0.15685649172626584,0.001466272944541517,-0.03363222862128717,-0.013164982762162282,-2.0578995942823214e-06,0.004744713421678963,0.00549282944551661,0.007086296058120689,0.004828261965238656,0.004939488840283374,0.00032256679311389453,-0.0011902668158849151,-0.0011976820030343285,0.001102723164739134,0.00032256679311389914,0.004939488840283365,0.0048282619652386454,0.007086296058120689,0.005492829445516588,0.004744713421678966,-2.0578995942807065e-06,-0.013164982762162268,-0.03363222862128717,0.0014662729445415084,-0.15685649172626592,-0.09405695484774979,0.24913988534241913,0.10140541762578931,0.08481975479428618,0.23303769131545538,0.6101785954653667,0.3735195436370029,0.0,2.7652519779293274
743,2.72095952310018,0.37091904939317816,0.6042100748474551,0.24205220211187506,0.08710277860316973,0.1046705636043114,0.24641040366308992,-0.10633924129118692,-0.15444071326283731,0.0036015198528639154,-0.0343100420779817,-0.01129618147127154,0.0006356878747481316,0.005088246444164727,0.0062155076714383905,0.007612084225493321,0.005077821068874484,0.005210820179871813,8.793146234962715e-05,-0.000896650974013888,-0.0012356034214862858,0.0011292669227010808,8.793146234963344e-05,0.005210820179871803,0.005077821068874477,0.007612084225493323,0.006215507671438367,0.00508824644416473,0.0006356878747481307,-0.011296181471271522,-0.0343100420779817,0.0036015198528639002,-0.1544407132628373,-0.10633924129118691,0.24641040366308992,0.10467056360431141,0.0871027786031697,0.242052202111875,0.6042100748474551,0.37091904939317816,0.0,2.7640140383264136
744,2.717347347142993,0.3682970407672051,0.5981013725055643,0.2509403602177496,0.08930497284658635,0.10778394727221227,0.24316647833737953,-0.11831936659239792,-0.15145179672664608,0.005719852515705956,-0.0347889425382656,-0.009348145583655003,0.0012681277870593844,0.005381942467134059,0.006867591044954968,0.008038637233804172,0.0052520737988105345,0.005394924905565954,-0.00014835378085277878,-0.0005842927615585797,-0.0012449126507066259,0.0011269862266595923,-0.0001483537808527715,0.00539492490556595,0.00525207379881053,0.008038637233804173,0.0068675910449549436,0.0053819424671340595,0.001268127787059386,-0.009348145583654993,-0.0347889425382656,0.005719852515705948,-0.15145179672664608,-0.11831936659239801,0.24316647833737953,0.10778394727221226,0.08930497284658633,0.2509403602177495,0.5981013725055644,0.368297040767205,0.0,2.762219213770223
745,2.713266535759647,0.36565366984319925,0.5918539057090535,0.2596975259616325,0.09142429393411769,0.11074105452081587,0.23941488187468016,-0.12996328942946747,-0.1479008341531213,0.007811322355763573,-0.035066153569358015,-0.007334539171402471,0.0018899830849029165,0.005622924875093717,0.007441673295823793,0.008360394312261151,0.00534843590857164,0.005488721193148141,-0.0003818553702669582,-0.0002597212891122397,-0.00122539412199149,0.0010959392912110774,-0.0003818553702669499,0.005488721193148136,0.005348435908571638,0.008360394312261153,0.007441673295823767,0.0056229248750937185,0.0018899830849029176,-0.007334539171402458,-0.035066153569358,0.007811322355763556,-0.14790083415312136,-0.12996328942946755,0.23941488187468019,0.11074105452081584,0.09142429393411765,0.2596975259616324,0.5918539057090533,0.3656536698431992,0.0,2.759815054231002
746,2.708706423285765,0.36298908994435164,0.58546912392178,0.2683191280508702,0.09345877517990897,0.11353759782731393,0.2351634466754722,-0.14123792379405356,-0.14380100336178248,0.00986610695479814,-0.03514006803604447,-0.005269486236721673,0.002496063361878399,0.005808833357810944,0.00793123407946308,0.008573160865282547,0.0053654783046647985,0.005490638938051477,-0.0006081919710850382,7.027904338136856e-05,-0.0011774998151811804,0.00103691858706799,-0.0006081919710850286,0.005490638938051469,0.005365478304664798,0.008573160865282547,0.007931234079463053,0.005808833357810947,0.0024960633618784024,-0.005269486236721662,-0.03514006803604447,0.00986610695479813,-0.14380100336178245,-0.14123792379405362,0.2351634466754723,0.11353759782731393,0.09345877517990892,0.26831912805087005,0.5854691239217799,0.36298908994435164,0.0,2.7567537059391864
747,2.70365634405697,0.3603034556240353,0.5789485084658132,0.27680066595784386,0.09540652862771255,0.11616952247126433,0.23042104867921967,-0.15211123300471646,-0.13916751905261873,0.011874556183826018,-0.035010257418068055,-0.0031674716422109106,0.0030813098801096227,0.00593784702845077,0.008330713034098486,0.008674163155465212,0.005302948240679385,0.005400646038152216,-0.0008231166896137143,0.0003988103584829972,-0.0011023387924114472,0.00095143061330298,-0.0008231166896137044,0.00540064603815221,0.005302948240679385,0.008674163155465214,0.008330713034098458,0.0059378470284507726,0.0030813098801096227,-0.0031674716422108954,-0.03501025741806805,0.01187455618382601,-0.1391675190526187,-0.15211123300471652,0.23042104867921967,0.1161695224712643,0.09540652862771254,0.27680066595784375,0.5789485084658131,0.36030345562403515,0.0,2.7529925333382597
748,2.6981056324087724,0.3575969226568408,0.5722935721777546,0.28513771226927176,0.0972657468028721,0.11863301241354775,0.2251975888336161,-0.1625523207386032,-0.13401757634349132,0.013827237524165512,-0.034677474294482126,-0.001043239509955272,0.003640837793741718,0.006008702258312845,0.008635572934561573,0.008662084463493527,0.005161773065630282,0.005220248931143811,-0.0010225967603685019,0.0007190054850919308,-0.0010016515161712517,0.0008416574440723873,-0.0010225967603684912,0.005220248931143805,0.005161773065630285,0.008662084463493525,0.008635572934561547,0.006008702258312846,0.0036408377937417196,-0.0010432395099552547,-0.03467747429448212,0.013827237524165504,-0.13401757634349132,-0.16255232073860326,0.22519758883361604,0.1186330124135477,0.09726574680287207,0.2851377122692719,0.5722935721777542,0.3575969226568404,0.0,2.7484946203690956
749,2.692043622676682,0.3548696480295411,0.5655058590577464,0.29332591499734556,0.09903470438962143,0.12092449582925989,0.2195039724238675,-0.17253151882282258,-0.12837028695809527,0.015714980366494796,-0.03414364798056168,0.001088310197896151,0.004169976921023163,0.0060207050534849,0.008842351225448164,0.00853708225358931,0.004944046470954265,0.004952467377497259,-0.0012028892153479087,0.0010241715004365365,-0.0008777695463696267,0.0007104010313360998,-0.001202889215347897,0.004952467377497256,0.00494404647095427,0.008537082253589312,0.008842351225448136,0.0060207050534849035,0.004169976921023167,0.001088310197896166,-0.03414364798056168,0.015714980366494786,-0.1283702869580952,-0.17253151882282258,0.2195039724238675,0.12092449582925982,0.09903470438962138,0.2933259149973454,0.5655058590577462,0.3548696480295408,0.0,2.743229146219287
750,2.685459649196322,0.35212178993198534,0.5585869439112523,0.30136099985149273,0.1007117598321415,0.12304065028651588,0.21335208630516903,-0.18202047153605275,-0.12224660830129037,0.017528919079873764,-0.03341187334256844,0.003212226191659129,0.004664310724662364,0.00597373785218927,0.008948699348330307,0.008300786120724919,0.004652997440122915,0.004601783911128848,-0.0013606111156581147,0.001307929629815088,-0.0007335615496844983,0.000561011685242691,-0.0013606111156581034,0.004601783911128845,0.004652997440122922,0.00830078612072492,0.008948699348330279,0.00597373785218927,0.0046643107246623645,0.00321222619165914,-0.033411873342568434,0.017528919079873754,-0.12224660830129037,-0.1820204715360527,0.21335208630516903,0.12304065028651588,0.10071175983214148,0.30136099985149273,0.5585869439112523,0.35212178993198534,0.0,2.7371716327487308
751,2.6783430463033158,0.34935350774792423,0.5515384319836893,0.3092387724695833,0.10229535685789022,0.12497840756365917,0.20675477408590737,-0.19099221618084017,-0.11566926568500653,0.019260534648459702,-0.032486392855216054,0.005313610726668952,0.005119713175103556,0.0058682606762456395,0.008953409416348986,0.007956276546360592,0.004292942361363283,0.004174068803946671,-0.0014928030276887252,0.001564348579813263,-0.000572366871425306,0.00039730255771267605,-0.0014928030276887135,0.004174068803946669,0.00429294236136329,0.007956276546360594,0.008953409416348958,0.005868260676245638,0.005119713175103556,0.005313610726668964,-0.03248639285521605,0.019260534648459695,-0.11566926568500656,-0.19099221618084017,0.20675477408590737,0.12497840756365916,0.1022953568578902,0.30923877246958337,0.5515384319836892,0.3493535077479241,0.0,2.7303040628948994
752,2.670683148333059,0.34656496204576437,0.5443619585879963,0.31695512060741093,0.10378402592179087,0.1267349580978893,0.19972580931339998,-0.1994212596976453,-0.10866266799334792,0.02090169468037328,-0.03137257200585777,0.007377724100255233,0.005532383189037347,0.00570530662537199,0.00885642793322133,0.0075080447396576626,0.0038692210136762007,0.0036764818003332056,-0.0015969845527968362,0.0017880685179823396,-0.0003979182081492783,0.00022345231202005296,-0.001596984552796825,0.0036764818003332056,0.003869221013676212,0.007508044739657664,0.008856427933221304,0.00570530662537199,0.0055323831890373475,0.007377724100255243,-0.03137257200585777,0.020901694680373274,-0.10866266799334791,-0.1994212596976453,0.19972580931339998,0.12673495809788926,0.1037840259217908,0.3169551206074108,0.5443619585879962,0.3465649620457643,0.0,2.7226148714349128
753,2.6624692896212894,0.34375631456925554,0.5370591887252295,0.32450601628530856,0.10517638556993926,0.1283077550588595,0.1922798667181538,-0.2072836511029368,-0.10125281709986705,0.02244469160081653,-0.030076868187991015,0.009390088040165674,0.005898876355699728,0.005486471758454958,0.00865885640084378,0.006961934087698707,0.0033881173755084676,0.0031173522664812558,-0.0016712008685615869,0.001974413107475788,-0.0002142551716590862,4.389846272379557e-05,-0.0016712008685615765,0.003117352266481259,0.0033881173755084793,0.006961934087698708,0.008658856400843755,0.005486471758454958,0.005898876355699729,0.009390088040165686,-0.030076868187991015,0.02244469160081652,-0.10125281709986705,-0.2072836511029368,0.19227986671815378,0.1283077550588595,0.1051763855699392,0.3245060162853085,0.5370591887252296,0.34375631456925543,0.0,2.7140988115046585
754,2.6536908045034027,0.34092772822810863,0.5296318166982679,0.3318875178907786,0.10647114372156449,0.12969451804133725,0.18443249157667707,-0.21455704954550286,-0.09346721137316652,0.023882278850071874,-0.0286067932644193,0.0113365872592433,0.006216133686151448,0.005213899460897825,0.008362938808590164,0.00632506397800061,0.0028567664305219256,0.002506039760825519,-0.0017140594083268456,0.0021194872548248233,-2.5630745932865162e-05,-0.00013677589156040344,-0.0017140594083268352,0.0025060397608255218,0.0028567664305219364,0.00632506397800061,0.00836293880859014,0.0052138994608978235,0.006216133686151449,0.011336587259243313,-0.028606793264419294,0.023882278850071863,-0.09346721137316656,-0.21455704954550284,0.18443249157667702,0.12969451804133722,0.10647114372156445,0.3318875178907786,0.5296318166982676,0.34092772822810846,0.0,2.7047567022165726
755,2.6443370273150224,0.3380793670885467,0.5220815657187201,0.33909577223603804,0.10766709886805267,0.1308932363715738,0.1762000672568076,-0.22122078778759963,-0.08533474362892439,0.025207704916381288,-0.02697087001711215,0.013203568464024047,0.006481507145577595,0.004890259451160696,0.007972036146399443,0.005605736986410593,0.0022830483525718825,0.0018527773595534165,-0.0017247559907910654,0.0022202585276665577,0.0001635871968879401,-0.00031395905141057805,-0.0017247559907910563,0.0018527773595534201,0.0022830483525718972,0.005605736986410594,0.007972036146399424,0.004890259451160693,0.006481507145577596,0.013203568464024056,-0.026970870017112153,0.025207704916381277,-0.08533474362892442,-0.22122078778759965,0.1762000672568076,0.13089323637157382,0.10766709886805267,0.3390957722360378,0.5220815657187201,0.33807936708854663,0.0,2.694595064547925
756,2.6343972923917724,0.3352113963637885,0.5144101875071272,0.3461270165694042,0.10876314118792217,0.13190217202258894,0.16759978101331527,-0.2272559309305549,-0.07688559390704894,0.026414745043872954,-0.025178582736245597,0.014977936122780514,0.006692781755498355,0.004518721632113989,0.007490588231129859,0.004813330640332888,0.0016754716391793056,0.0011685003598505084,-0.0017030899093586585,0.0022746205405794776,0.00034901704091277607,-0.0004831284298823867,-0.0017030899093586507,0.0011685003598505136,0.001675471639179321,0.0048133306403328885,0.0074905882311298395,0.004518721632113987,0.006692781755498353,0.014977936122780523,-0.025178582736245597,0.026414745043872954,-0.07688559390704891,-0.22725593093055496,0.16759978101331527,0.13190217202258897,0.10876314118792216,0.3461270165694042,0.5144101875071272,0.33521139636378844,0.0,2.683625654363003
757,2.623860934069162,0.33232398240446565,0.5066194618865467,0.3529775805394753,0.10975825357671466,0.13271986213414397,0.15864958810518767,-0.23264533021796008,-0.06815111747187283,0.027497730466621607,-0.023240322234884106,0.01664724432126793,0.006848194081411579,0.004102925043319049,0.006924063279750301,0.003958175168317938,0.0010430469266800228,0.0004646632283054519,-0.0016494676981220404,0.0022814369840950715,0.000526364889172625,-0.0006399659912036604,-0.0016494676981220334,0.00046466322830545834,0.0010430469266800371,0.003958175168317939,0.006924063279750284,0.004102925043319046,0.006848194081411577,0.01664724432126795,-0.0232403222348841,0.027497730466621607,-0.06815111747187282,-0.23264533021796008,0.1586495881051876,0.13271986213414397,0.10975825357671463,0.3529775805394755,0.5066194618865466,0.3323239824044656,0.0,2.6718649029608015
758,2.6127172866827,0.3294172926889741,0.4987111963696201,0.3596438881110746,0.11065151259084695,0.13334512113374897,0.14936817430951466,-0.2373736717635695,-0.059163728451023946,0.02845157503154735,-0.021167325608082054,0.0181997840618702,0.006946446951557368,0.003646942218333769,0.006278895802109465,0.0030514188297352004,0.0003951533584291153,-0.0002469521413301912,-0.0015648955038108994,0.0022405653765631343,0.000691523995031801,-0.0007804684683155334,-0.0015648955038108934,-0.00024695214133018366,0.0003951533584291325,0.003051418829735201,0.006278895802109454,0.0036469422183337667,0.006946446951557366,0.018199784061870207,-0.021167325608082058,0.028451575031547344,-0.05916372845102393,-0.23737367176356947,0.14936817430951466,0.133345121133749,0.1106515125908469,0.35964388811107456,0.4987111963696201,0.32941729268897413,0.0,2.6593332768823705
759,2.6009556845678983,0.32649149581375914,0.4906872257392154,0.36612245943196214,0.11144208930454745,0.1337770424556299,0.13977491691023247,-0.24142752006544677,-0.04995677954479585,0.02927179908512045,-0.018971611085652425,0.01962466539380526,0.006986720283952299,0.0031552392961468317,0.005562413518687851,0.0021048825801632033,-0.00025860051211975686,-0.0009544336513547524,-0.0014509602068385249,0.0021528600423940986,0.0008406698598623517,-0.0009010495459656355,-0.0014509602068385205,-0.0009544336513547452,-0.00025860051211974,0.002104882580163204,0.0055624135186878405,0.0031552392961468295,0.0069867202839522975,0.019624665393805262,-0.018971611085652422,0.029271799085120443,-0.04995677954479585,-0.24142752006544688,0.13977491691023244,0.13377704245562988,0.11144208930454741,0.3661224594319621,0.4906872257392154,0.32649149581375914,0.0,2.6460545698503197
760,2.588565462060606,0.3235467614835373,0.48254941162274173,0.3724099126493387,0.11212925007908199,0.13401499985516216,0.12988984424317349,-0.24479535618271547,-0.04056443825242278,0.02995455051169034,-0.01666590835629471,0.020911893798305395,0.006968677931323927,0.0026326322774304035,0.004782754133390405,0.0011309059671557437,-0.0009085192205901508,-0.001645938402880523,-0.0013097996456826893,0.0020201542544252826,0.0009703487948564945,-0.000998631401137512,-0.0013097996456826856,-0.0016459384028805143,-0.0009085192205901347,0.0011309059671557437,0.004782754133390395,0.0026326322774303996,0.006968677931323927,0.020911893798305402,-0.01666590835629471,0.029954550511690332,-0.040564438252422785,-0.2447953561827155,0.12988984424317343,0.13401499985516216,0.11212925007908198,0.3724099126493386,0.4825494116227417,0.3235467614835373,0.0,2.6320551406316346
761,2.575535953495992,0.3205832605014522,0.47429964206023584,0.37850296567519287,0.11271235724355537,0.13405864831686531,0.11973359388188166,-0.2474676104664324,-0.031021560074590462,0.030496622824633907,-0.014263584767028943,0.022052440292985392,0.006892470486813272,0.0020842398540609217,0.003948772906662596,0.00014218626536863493,-0.0015449641797867536,-0.0023098909402430754,-0.0011440625032994368,0.001845221913682697,0.0010775578961998778,-0.001070723264253636,-0.0011440625032994355,-0.0023098909402430663,-0.0015449641797867378,0.00014218626536863384,0.003948772906662591,0.0020842398540609195,0.0068924704868132715,0.02205244029298539,-0.014263584767028943,0.030496622824633904,-0.03102156007459047,-0.24746761046643245,0.11973359388188168,0.13405864831686531,0.1127123572435553,0.37850296567519265,0.47429964206023584,0.3205832605014523,0.0,2.6173631113022826
762,2.5618564932099077,0.317601164759168,0.46593983106632314,0.38439843789957034,0.11319086968665647,0.13390792455464276,0.10932736955149093,-0.24943668975158262,-0.021363559162735378,0.030895470225359517,-0.011778567825795888,0.023038304763666573,0.006758734027027079,0.0015154332739207752,0.0030699420787013297,-0.0008483870518334241,-0.0021584966242850826,-0.002935177018540162,-0.0009568586082458364,0.0016317195675324772,0.0011598145816645417,-0.001115484995883161,-0.0009568586082458366,-0.0029351770185401514,-0.002158496624285067,-0.0008483870518334252,0.0030699420787013267,0.001515433273920771,0.006758734027027079,0.023038304763666577,-0.011778567825795885,0.030895470225359514,-0.02136355916273538,-0.24943668975158267,0.1093273695514909,0.13390792455464273,0.11319086968665643,0.38439843789957023,0.46593983106632314,0.31760116475916794,0.0,2.6020075408403294
763,2.5475164155377485,0.3146006472268988,0.4574719181861486,0.39009325185087185,0.11356434335879853,0.1335630471035404,0.09869289686062013,-0.25069699893292846,-0.011626276895160078,0.03114921955944328,-0.009225264456515617,0.023862572079429774,0.006568584802931188,0.000931783732031755,0.002156243285097556,-0.0018279003463740537,-0.00274001759157432,-0.0035113296507251436,-0.0007517005830424686,0.0013841099781955206,0.0012152140784009178,-0.001131774056163693,-0.0007517005830424699,-0.0035113296507251323,-0.0027400175915743047,-0.0018279003463740537,0.0021562432850975558,0.0009317837320317498,0.006568584802931185,0.02386257207942978,-0.00922526445651561,0.031149219559443275,-0.011626276895160069,-0.2506969989329285,0.09869289686062009,0.1335630471035404,0.1135643433587985,0.39009325185087185,0.4574719181861484,0.31460064722689857,0.0,2.5860175891794155
764,2.532505054815138,0.31158188194337594,0.4488978680453867,0.39558443480231126,0.11383243168418786,0.13302451600289172,0.08785237794370479,-0.25124495686340526,-0.0018458488676855746,0.03125667911374671,-0.006618477474724604,0.02451946059729016,0.006323609922898218,0.00033900780329959264,0.0012180541868384363,-0.0027835841644863984,-0.0032809028637698747,-0.004028704319916414,-0.0005324379346635385,0.001107568839244992,0.0012424735307156715,-0.0011191746680460884,-0.0005324379346635416,-0.004028704319916403,-0.0032809028637698604,-0.0027835841644863997,0.0012180541868384387,0.0003390078032995872,0.006323609922898218,0.024519460597290165,-0.006618477474724601,0.031256679113746716,-0.0018458488676855703,-0.25124495686340526,0.08785237794370479,0.1330245160028917,0.11383243168418779,0.39558443480231104,0.44889786804538667,0.3115818819433759,0.0,2.569421686816475
765,2.5168117453777006,0.3085450440057536,0.4402196698944331,0.40086912032369604,0.11399488588243877,0.13229311207130853,0.07682844510846146,-0.2510790065298901,0.007941429207553426,0.031217344213200687,-0.003973319768025069,0.02500436271626869,0.006025854105674883,-0.000257088548669634,0.00026603060230934736,-0.0037029797060713276,-0.003773130868649296,-0.004478640423953384,-0.00030318482385552776,0.0008078765899579578,0.001240961706455818,-0.0010780084299726353,-0.0003031848238555323,-0.004478640423953375,-0.003773130868649283,-0.003702979706071331,0.0002660306023093521,-0.00025708854866963836,0.006025854105674883,0.02500436271626869,-0.003973319768025067,0.031217344213200687,0.007941429207553438,-0.25107900652989024,0.07682844510846144,0.13229311207130853,0.11399488588243874,0.40086912032369587,0.440219669894433,0.30854504400575367,0.0,2.552246724790409
766,2.5004258215609445,0.3054903095594522,0.4314393371468809,0.4059445497777223,0.11405155519943685,0.13136989577456878,0.06564411358525755,-0.25019961947742825,0.017699236197514227,0.03103139959097091,-0.001305126678886799,0.025313877196402414,0.005677802613837231,-0.0008506668382736953,-0.0006890145199762786,-0.004574101244210017,-0.004209401643181557,-0.0048536062496950935,-6.824286859335473e-05,0.0004912975888865856,0.0012107136141047072,-0.00100932610710079,-6.824286859336011e-05,-0.004853606249695084,-0.004209401643181546,-0.0045741012442100165,-0.0006890145199762721,-0.0008506668382737007,0.0056778026138372285,0.025313877196402414,-0.0013051266788867927,0.031031399590970912,0.017699236197514245,-0.25019961947742825,0.06564411358525751,0.13136989577456878,0.11405155519943684,0.40594454977772226,0.43143933714688076,0.30549030955945217,0.0,2.534517279339487
767,2.48333661770038,0.3024178557879417,0.42255890691239234,0.41080807375999884,0.11400238704723557,0.13025620568804241,0.054322733477033563,-0.24860929446934543,0.0273913603379899,0.030699718520873626,0.0013706329022366136,0.025445833015999057,0.005282360510182256,-0.0014359132431561931,-0.0016362339133087762,-0.005385592377444131,-0.004583245095266996,-0.005147325050261681,0.000167979569839435,0.00016444917223999207,0.0011524296921098178,-0.0009148808106008801,0.00016797956983942775,-0.005147325050261671,-0.004583245095266988,-0.005385592377444135,-0.0016362339133087656,-0.0014359132431561986,0.005282360510182255,0.02544583301599905,0.0013706329022366095,0.030699718520873626,0.02739136033798989,-0.24860929446934546,0.05432273347703351,0.13025620568804241,0.11400238704723553,0.4108080737599986,0.42255890691239223,0.3024178557879417,0.0,2.5162548848157122
768,2.465533468131631,0.2993278609024643,0.41358043952407336,0.41545715348205203,0.11384742705285666,0.12895365655588498,0.04288794101009466,-0.24631255038705466,0.0369818336174796,0.030223858716116034,0.0040384462180379594,0.02539930459979425,0.0048428284101954015,-0.00200709554788354,-0.00256486919449526,-0.006126874077836227,-0.00488911695811754,-0.00535488011474658,0.0004010501036612311,-0.00016583666589804592,0.0010674595892146543,-0.000797083249624194,0.0004010501036612225,-0.005354880114746571,-0.004889116958117531,-0.006126874077836228,-0.0025648691944952454,-0.0020070955478835445,0.0048428284101954,0.025399304599794247,0.004038446218037962,0.030223858716116034,0.0369818336174796,-0.2463125503870547,0.04288794101009459,0.12895365655588498,0.11384742705285661,0.41545715348205187,0.4135804395240735,0.2993278609024643,0.0,2.4974773674988464
769,2.447005707190207,0.2962205041316979,0.40450601806045833,0.41988936209658884,0.1135868190159494,0.12746413694981318,0.03136360918754809,-0.24331591338973185,0.04643506525647855,0.029606055013622734,0.0066828465798054,0.025174618311197064,0.0043628749329795895,-0.0025586192883202334,-0.003464373056046291,-0.00678828260477743,-0.005122481014230511,-0.00547279707158319,0.0006265954862269688,-0.0004926560802671916,0.0009577709113846822,-0.0006589401981316368,0.0006265954862269593,-0.005472797071583182,-0.005122481014230506,-0.006788282604777433,-0.003464373056046273,-0.002558619288320237,0.004362874932979589,0.025174618311197057,0.006682846579805404,0.02960605501362274,0.04643506525647856,-0.24331591338973185,0.03136360918754807,0.12746413694981318,0.11358681901594936,0.4198893620965888,0.40450601806045816,0.29622050413169787,0.0,2.4781982518283394
770,2.427742669211731,0.29309596571136004,0.39533774786221876,0.4241023859643259,0.11322080477534731,0.12578980653085636,0.0197737979484093,-0.2396278983703455,0.055715973786839616,0.028849208878305655,0.009288503035788038,0.024773350163085142,0.003846506080588093,-0.0030850825467944247,-0.004324529060994717,-0.007361195486625089,-0.005279876369537496,-0.0054991020478473785,0.0008403836699609998,-0.0008091776830077688,0.0008259036590375614,-0.000503977747212565,0.0008403836699609896,-0.00549910204784737,-0.005279876369537493,-0.007361195486625091,-0.004324529060994697,-0.0030850825467944295,0.003846506080588091,0.02477335016308514,0.009288503035788041,0.028849208878305655,0.055715973786839575,-0.23962789837034554,0.0197737979484093,0.12578980653085642,0.11322080477534731,0.4241023859643258,0.3953377478622186,0.2930959657113601,0.0,2.4584262492786984
771,2.4077336885315996,0.28995442687375395,0.38607775604370764,0.42809402586172224,0.11274972398464704,0.12393309291805447,0.00814270393643233,-0.23525898476073356,0.06479011724105178,0.0279568747765697,0.01184030925262441,0.024198314763206705,0.0032980318013411643,-0.0035813288613607444,-0.005135567679734158,-0.007838143927806993,-0.005358968780022296,-0.005433354710937191,0.0010384032148844553,-0.001108785337687185,0.000674911409649689,-0.0003361513018726378,0.001038403214884445,-0.005433354710937184,-0.0053589687800222946,-0.007838143927806993,-0.0051355676797341385,-0.0035813288613607505,0.003298031801341164,0.024198314763206694,0.011840309252624406,0.027956874776569707,0.0647901172410518,-0.2352589847607336,0.008142703936432261,0.12393309291805453,0.11274972398464704,0.4280940258617222,0.3860777560437076,0.28995442687375395,0.0,2.4381648386648918
772,2.3869680994856637,0.2867960698372563,0.3767281909994509,0.4318621981289873,0.11217401379701662,0.12189668816864252,-0.0035053900164650955,-0.23022158675447624,0.07362382096829628,0.026933243483049988,0.014323471094542345,0.023453545571729538,0.002722030016210597,-0.00404249773093882,-0.005888277250947242,-0.008212910175993692,-0.005358585269611119,-0.005276655639528018,0.0012169385577457577,-0.001385216454003717,0.0005082906077411005,-0.00015974461961596175,0.0012169385577457468,-0.005276655639528013,-0.005358585269611116,-0.008212910175993692,-0.0058882772509472195,-0.004042497730938825,0.0027220300162105956,0.023453545571729534,0.014323471094542344,0.026933243483049988,0.07362382096829634,-0.23022158675447615,-0.0035053900164652074,0.12189668816864252,0.11217401379701658,0.43186219812898735,0.37672819099945076,0.2867960698372563,0.0,2.417411945104057
773,2.365435236409205,0.2836210777957483,0.3672912219057013,0.435404935757764,0.1114942084595265,0.11968354487482481,-0.015146165586716128,-0.22453001803217668,0.08218430260294807,0.025783122398979133,0.01672359239258857,0.02254426660941594,0.002123308408531256,-0.004464072221653225,-0.006574108606345115,-0.008480608580008965,-0.0052787315259361055,-0.005031627900416945,0.001372639729433021,-0.0016326928924435726,0.0003298995996316844,2.073953214580088e-05,0.0013726397294330102,-0.00503162790041694,-0.005278731525936109,-0.008480608580008969,-0.006574108606345093,-0.00446407222165323,0.0021233084085312552,0.022544266609415935,0.01672359239258856,0.025783122398979133,0.08218430260294807,-0.22453001803217665,-0.015146165586716128,0.11968354487482483,0.11149420845952646,0.43540493575776384,0.3672912219057011,0.2836210777957484,0.0,2.3961597232037493
774,2.3431244336379606,0.2804296349079896,0.35776903821717326,0.4387203894179187,0.11071093881737946,0.1172968718827989,-0.02675531972971699,-0.21820045108938116,0.09043979372175685,0.02451191297461782,0.01902675840663954,0.021476855814870494,0.0015068642959673794,-0.00484192320809299,-0.007185272170905353,-0.008637749281764535,-0.005120591815985199,-0.004702373139651053,0.001502585212517387,-0.001846041742638569,0.00014386928783634718,0.00020069430889588805,0.001502585212517376,-0.004702373139651051,-0.005120591815985204,-0.008637749281764537,-0.007185272170905328,-0.004841923208092994,0.0015068642959673788,0.021476855814870487,0.019026758406639532,0.02451191297461782,0.09043979372175685,-0.21820045108938124,-0.026755319729717026,0.11729687188279889,0.11071093881737944,0.4387203894179186,0.35776903821717315,0.2804296349079897,0.0,2.374394448322358
775,2.3200250255073276,0.2772219262869369,0.34816384915907017,0.44180682842290236,0.10982493172849941,0.11474012964023494,-0.03830861541854042,-0.21125087128270903,0.09835965773823205,0.023125585341782353,0.02121961649632119,0.020258800307883344,0.0008778429196681383,-0.005172349816168168,-0.007714826435757506,-0.008682283711897278,-0.004886511422889254,-0.004294402922952977,0.001604336759492311,-0.002020803450838169,-4.5492525973803205e-05,0.00037552637837524053,0.0016043367594922998,-0.004294402922952976,-0.004886511422889261,-0.00868228371189728,-0.007714826435757481,-0.005172349816168171,0.000877842919668135,0.020258800307883334,0.02121961649632118,0.023125585341782353,0.09835965773823208,-0.2112508712827091,-0.03830861541854048,0.11474012964023493,0.10982493172849941,0.4418068284229023,0.34816384915907017,0.2772219262869369,0.0,2.3520965179817797
776,2.296126346353042,0.2739981379890066,0.33847788321452615,0.4446626416331796,0.10883700938902229,0.11201702517895767,-0.04978193224482087,-0.2037010257247677,0.10591450359671842,0.02163065027560542,0.0232894535331468,0.018898643872664336,0.0002414944987581527,-0.005452115671444545,-0.008156756798853936,-0.008613631296003786,-0.004579961864316807,-0.0038145464747718276,0.0016759851431202618,-0.0021533250363464916,-0.0002338008943667979,0.0005407731650459345,0.0016759851431202507,-0.0038145464747718245,-0.004579961864316816,-0.008613631296003788,-0.00815675679885391,-0.00545211567144455,0.00024149449875814893,0.018898643872664322,0.023289453533146792,0.02163065027560543,0.10591450359671839,-0.20370102572476773,-0.04978193224482092,0.11201702517895769,0.10883700938902224,0.4446626416331794,0.3384778832145259,0.27399813798900663,0.0,2.3292405637337845
777,2.2714177305105,0.27075845700328277,0.3287133876075797,0.44728633829725256,0.10774808857031509,0.10913150674010469,-0.06115131677616895,-0.19557236717306906,0.11307629484423752,0.020034128617209553,0.02522426960507486,0.017405927029335466,-0.00039686959138605026,-0.005678480597920998,-0.008506043877964688,-0.008432687023315568,-0.0042054894083033475,-0.003270836360363232,0.0017161859804447704,-0.0022408364484548453,-0.0004166952639671237,0.0006922167569990537,0.0017161859804447606,-0.0032708363603632332,-0.004205489408303356,-0.008432687023315568,-0.008506043877964659,-0.005678480597921001,-0.0003968695913860519,0.017405927029335456,0.02522426960507486,0.020034128617209553,0.11307629484423752,-0.19557236717306908,-0.06115131677616899,0.10913150674010465,0.10774808857031506,0.44728633829725245,0.32871338760757957,0.2707584570032827,0.0,2.3057956720172657
778,2.2458885123154397,0.26750307124067213,0.31887262778179926,0.4496765488298427,0.1065591797682313,0.10608775804955392,-0.07239303256498147,-0.1868879930723845,0.11981845367532333,0.01834351830089692,0.02701284758618358,0.01579112011403713,-0.001031921151309204,-0.00584922745677472,-0.008758720520107198,-0.008141809779145715,-0.003768647650048535,-0.0026723740245252962,0.0017241849582797161,-0.002281508467808518,-0.0005899404503932844,0.000825991567841679,0.001724184958279707,-0.0026723740245252984,-0.0037686476500485445,-0.008141809779145715,-0.00875872052010717,-0.0058492274567747225,-0.0010319211513092066,0.015791120114037115,0.027012847586183567,0.018343518300896918,0.11981845367532336,-0.18688799307238443,-0.07239303256498152,0.10608775804955388,0.10655917976823123,0.4496765488298427,0.31887262778179915,0.26750307124067196,0.0,2.2817257108207256
779,2.219528026103256,0.2642321695230035,0.30895788687468134,0.4518320255268222,0.10527138626539172,0.10289019225192145,-0.08348360970424144,-0.17767257992374888,0.12611595956373592,0.016566759140709923,0.02864481816813086,0.014065549837042968,-0.0016583596300751167,-0.00596268386220139,-0.00891191685990583,-0.007744791593211394,-0.003275915149597827,-0.0020291774378070815,0.0016998319868543879,-0.002274490941916486,-0.0007495247100944815,0.0009386830055013456,0.0016998319868543796,-0.0020291774378070845,-0.0032759151495978405,-0.007744791593211393,-0.0089119168599058,-0.0059626838622013935,-0.0016583596300751196,0.014065549837042958,0.028644818168130852,0.016566759140709937,0.12611595956373586,-0.17767257992374882,-0.08348360970424148,0.10289019225192142,0.10527138626539168,0.45183202552682195,0.3089578868746812,0.26423216952300344,0.0,2.2569897573085003
780,2.192325606209459,0.2609459415720764,0.29897146518794376,0.45375164321652245,0.103885903107361,0.09954344551192353,-0.09439989382684771,-0.16795231316660364,0.13194544211502524,0.014712195541739376,0.03011071997637887,0.012241319834025564,-0.0022709563670920514,-0.006017738561653704,-0.008963892915114754,-0.007246808204727322,-0.002734599351878819,-0.0013520134005185484,0.0016435840160407278,-0.0022199305555810453,-0.0008917526380908025,0.0010274146294341016,0.00164358401604072,-0.0013520134005185537,-0.0027345993518788315,-0.007246808204727324,-0.008963892915114726,-0.0060177385616537035,-0.0022709563670920536,0.012241319834025554,0.03011071997637887,0.014712195541739387,0.13194544211502526,-0.16795231316660372,-0.09439989382684773,0.09954344551192353,0.10388590310736097,0.4537516432165224,0.2989714651879438,0.2609459415720765,0.0,2.231542620004963
781,2.1642705869699,0.2576445779986566,0.28891567965383713,0.4554343998470812,0.10240401599367048,0.09605237029238098,-0.10511909444617507,-0.1577548127733168,0.13728526779536424,0.012788537311303695,0.031402054422658324,0.01033122576774864,-0.0028645982338948196,-0.0060138523200415185,-0.008914058349088911,-0.006654351588729831,-0.002152728214001399,-0.0006522173116918563,0.0015564964613201293,-0.0021189677647985173,-0.0010133307404350084,0.0010899215715549204,0.0015564964613201235,-0.0006522173116918624,-0.0021527282140014117,-0.006654351588729831,-0.008914058349088885,-0.006013852320041517,-0.0028645982338948205,0.010331225767748625,0.03140205442265832,0.012788537311303706,0.1372852677953643,-0.15775481277331682,-0.10511909444617515,0.09605237029238096,0.1024040159936705,0.45543439984708123,0.288915679653837,0.2576445779986565,0.0,2.205335447680483
782,2.1353523027198604,0.25432827029141947,0.2787928632975966,0.45687941700951906,0.10082710008471571,0.09242202831861206,-0.11561883253694326,-0.14710905476750172,0.14211562021479549,0.01080481875404625,0.03251133497566465,0.00834866557568643,-0.003434330311621041,-0.0059510632012879285,-0.008762979175743701,-0.005975145323254065,-0.0015389311470377105,5.84965800254213e-05,0.0014402034003696974,-0.0019737129582205735,-0.0011114436998414699,0.0011246083468267074,0.0014402034003696928,5.8496580025413764e-05,-0.0015389311470377254,-0.005975145323254065,-0.008762979175743677,-0.005951063201287929,-0.003434330311621043,0.008348665575686415,0.03251133497566464,0.010804818754046262,0.14211562021479549,-0.14710905476750172,-0.11561883253694329,0.09242202831861206,0.10082710008471567,0.45687941700951895,0.27879286329759645,0.2543282702914195,0.0,2.178316415766887
783,2.105560087795078,0.2509972108058439,0.2686053646961616,0.45808594039627465,0.09915661872563598,0.08865768323941459,-0.12587718725705652,-0.13604528888913983,0.14641857366695601,0.00877035624305733,0.03343213056433834,0.006307545493118721,-0.003975397247967772,-0.005829986195510909,-0.008512371330849393,-0.005218043900682614,-0.0009023110379689298,0.0007682312672367121,0.0012968869118516555,-0.001787202344464536,-0.0011838195684409957,0.001130589577896907,0.001296886911851653,0.0007682312672367025,-0.0009023110379689454,-0.0052180439006826165,-0.008512371330849368,-0.005829986195510909,-0.003975397247967774,0.006307545493118703,0.03343213056433833,0.008770356243057349,0.14641857366695601,-0.13604528888913994,-0.12587718725705657,0.08865768323941457,0.09915661872563594,0.4580859403962746,0.26860536469616175,0.25099721080584386,0.0,2.150431479966419
784,2.0748832765310623,0.24765159275305465,0.2583555474332866,0.4590533401949567,0.09739412208836087,0.08476479299527843,-0.13587274171287064,-0.12459495264046044,0.1501781596523702,0.006694704466284611,0.03415910286209825,0.004222182510881964,-0.004483282948436563,-0.005651807195482079,-0.008165081182676621,-0.0043929172958961015,-0.0002523092497710374,0.0014651061339560909,0.0011292361317211876,-0.0015633344873442249,-0.00122878237802877,0.0011077125942884152,0.001129236131721186,0.0014651061339560813,-0.0002523092497710522,-0.0043929172958961015,-0.008165081182676599,-0.005651807195482077,-0.004483282948436565,0.004222182510881949,0.034159102862098244,0.006694704466284622,0.15017815965237025,-0.12459495264046053,-0.13587274171287064,0.08476479299527848,0.09739412208836087,0.4590533401949567,0.2583555474332864,0.24765159275305457,0.0,2.1216251857222277
785,2.0433112032633236,0.24429161018861562,0.24804578955116907,0.4597811114171115,0.09554124573308279,0.08074900190489365,-0.1455846276723409,-0.11279058195681306,0.1533804261384389,0.004587611553717199,0.03468803723587205,0.0021072039519653197,-0.004953748270578222,-0.0054182713813604,-0.007725053203350282,-0.003510522296056421,0.00040143439825087395,0.0021374558313836194,0.0009403967953045295,-0.001306788815602439,-0.001245290949538808,0.0010565613293021228,0.0009403967953045303,0.0021374558313836094,0.00040143439825085617,-0.0035105222960564197,-0.007725053203350263,-0.0054182713813603995,-0.004953748270578223,0.002107203951965311,0.034688037235872056,0.00458761155371722,0.15338042613843886,-0.1127905819568131,-0.1455846276723409,0.08074900190489367,0.09554124573308276,0.45978111141711125,0.24804578955116902,0.24429161018861562,0.0,2.0918415214027717
786,2.0108332023273707,0.24091745800127423,0.2376784829987255,0.4602688741618279,0.09359970909049106,0.07661613248142782,-0.15499256913270143,-0.1006657187563618,0.15601348933620834,0.0024589732960848746,0.03501586718049625,-2.2555128650403525e-05,-0.0053828664066166544,-0.005131666127466908,-0.0071972851680959515,-0.002582362269435721,0.0010492245933250363,0.002774025550211926,0.0007339122119205325,-0.0010229278105066133,-0.0012329630030552604,0.000978441415162951,0.0007339122119205353,0.0027740255502119167,0.0010492245933250203,-0.0025823622694357206,-0.007197285168095934,-0.005131666127466906,-0.0053828664066166544,-2.255512865042075e-05,0.03501586718049624,0.0024589732960848855,0.15601348933620834,-0.10066571875636186,-0.15499256913270149,0.07661613248142783,0.09359970909049108,0.4602688741618279,0.23767848299872557,0.24091745800127423,0.0,2.061024802426931
787,1.9774386080589412,0.2375293319016571,0.2272560330766388,0.46051637381404936,0.09157131386617624,0.07237217699043874,-0.16407692465171658,-0.08825481563129663,0.1580675778017713,0.00031878667008063583,0.03514069209682701,-0.0021521560012444925,-0.005767055659125602,-0.00479479859852061,-0.006587771391219471,-0.0016205372014188187,0.0016814543150685682,0.0033641594206999057,0.0005136567795753909,-0.0007176849158449313,-0.0011920840100582892,0.0008753468568546548,0.0005136567795753943,0.003364159420699896,0.001681454315068553,-0.0016205372014188176,-0.0065877713912194545,-0.004794798598520606,-0.005767055659125602,-0.00215215600124451,0.035140692096827006,0.00031878667008064873,0.15806757780177136,-0.0882548156312966,-0.16407692465171658,0.07237217699043876,0.09157131386617626,0.4605163738140494,0.2272560330766386,0.23752933190165712,0.0,2.0291205731278326
788,1.9431167547934316,0.23412742841091827,0.21678085787930818,0.460523481177484,0.08945794236868469,0.06802328876166219,-0.17281872835412795,-0.07559313795137934,0.15953506869863887,-0.0018228971116283851,0.03506178831049291,-0.004266661045811797,-0.0061031093361912534,-0.004410968254770024,-0.005903434643537333,-0.0006375859526891799,0.002288747311927126,0.003897978886787263,0.0002837632872354567,-0.000397440513299642,-0.0011236005829179216,0.0007499091352912902,0.0002837632872354618,0.0038979788867872516,0.0022887473119271094,-0.0006375859526891799,-0.0059034346435373215,-0.004410968254770022,-0.006103109336191253,-0.00426666104581181,0.03506178831049291,-0.0018228971116283658,0.15953506869863887,-0.0755931379513793,-0.17281872835412804,0.06802328876166222,0.08945794236868469,0.460523481177484,0.21678085787930806,0.2341274284109184,0.0,1.9960765129250808
789,1.9078569768664644,0.23071194484934068,0.20625538773383234,0.46029019254204595,0.08726155576277546,0.06357577326727211,-0.18119972952768593,-0.06271666365799639,0.16041051608651033,-0.003956019805104894,0.03477961326740826,-0.006351238528734473,-0.006388222516536348,-0.003983934535319728,-0.005152047524530041,0.00035367720399580587,0.002862097155208877,0.0043665480683533296,4.854536875058627e-05,-6.888855563943138e-05,-0.001029098554711743,0.000605330038963085,4.854536875059273e-05,0.00436654806835332,0.0028620971552088615,0.0003536772039958075,-0.005152047524530031,-0.003983934535319726,-0.006388222516536351,-0.006351238528734483,0.03477961326740825,-0.003956019805104881,0.16041051608651036,-0.06271666365799643,-0.18119972952768593,0.0635757732672721,0.08726155576277544,0.4602901925420459,0.20625538773383228,0.2307119448493407,0.0,1.961843333347784
790,1.8716486086135498,0.2272830793248906,0.19568206463615317,0.45981662968579157,0.08498419224950018,0.05903607897954859,-0.18920243072609766,-0.04966198103345171,0.1606906711314604,-0.006070563372867163,0.034295802881723327,-0.008391266636736653,-0.006620015461206809,-0.0035178800361786353,-0.004342144182262322,0.0013403296374471343,0.003393000808478855,0.004762023343535832,-0.00018758343652696723,0.0002611033545510604,-0.0009107662569600348,0.0004452999385239518,-0.0001875834365269601,0.0047620233435358246,0.0033930008084788413,0.0013403296374471358,-0.004342144182262312,-0.0035178800361786327,-0.00662001546120681,-0.008391266636736667,0.03429580288172332,-0.006070563372867146,0.16069067113146043,-0.04966198103345171,-0.18920243072609766,0.05903607897954859,0.08498419224950018,0.4598166296857914,0.19568206463615317,0.22728307932489064,0.0,1.9263756526225182
791,1.8344809843704253,0.22384103072172723,0.18506334168449184,0.4591030398113513,0.08262796517479509,0.054410788021209765,-0.1968101242993443,-0.03646618473598558,0.16037449416254262,-0.008156597032788409,0.033613162051586966,-0.010372436038398894,-0.006796553476411748,-0.003017369543683886,-0.003482923383742796,0.0023095088243043375,0.0038735847314193845,0.005077784647173762,-0.00042019249771242336,0.0005856375158809358,-0.0007713438456356668,0.0002739035903557027,-0.0004201924977124146,0.005077784647173752,0.0038735847314193728,0.0023095088243043384,-0.0034829233837427908,-0.0030173695436838837,-0.006796553476411748,-0.010372436038398896,0.03361316205158695,-0.0081565970327884,0.16037449416254262,-0.03646618473598559,-0.19681012429934436,0.054410788021209765,0.08262796517479506,0.45910303981135114,0.18506334168449173,0.2238410307217273,0.0,1.8896328349056695
792,1.7963434384723724,0.2203859986886664,0.17440168251021085,0.45814979541688755,0.08019506106833969,0.049706606621963065,-0.20400692727509925,-0.02316677039593549,0.1594631585300659,-0.01020432389720853,0.032735648397706416,-0.012280850253836767,-0.0069163630617288035,-0.0024873053245488075,-0.002584144036636192,0.003248580031698195,0.004296721647979543,0.005308546287501815,-0.0006449172270573426,0.0008979303083071869,-0.0006140598488784717,9.55158734659657e-05,-0.000644917227057333,0.005308546287501805,0.004296721647979531,0.0032485800316981958,-0.00258414403663619,-0.0024873053245488045,-0.0069163630617288035,-0.012280850253836779,0.03273564839770641,-0.010204323897208522,0.1594631585300659,-0.023166770395935454,-0.20400692727509928,0.04970660662196307,0.08019506106833967,0.4581497954168875,0.17440168251021076,0.22038599868866635,0.0,1.8515797817908306
793,1.7572253052551288,0.21691818362760076,0.16369956070623057,0.4569573941016499,0.077687737614503,0.044930355395113204,-0.21077781451842473,-0.009801528072541421,0.15796004625122642,-0.012204126983221259,0.03166834931898047,-0.014103123128522714,-0.006978444208891408,-0.0019328791104480728,-0.0016560143489776145,0.004145301030316001,0.004656136247089397,0.005450445426078504,-0.0008575409754102615,0.0011914539886877405,-0.0004425564057438008,-8.530987897229604e-05,-0.0008575409754102513,0.005450445426078494,0.0046561362470893845,0.004145301030316001,-0.0016560143489776154,-0.0019328791104480673,-0.006978444208891406,-0.014103123128522726,0.03166834931898046,-0.01220412698322125,0.15796004625122642,-0.009801528072541421,-0.21077781451842476,0.0449303553951132,0.07768773761450296,0.45695739410164987,0.16369956070623062,0.21691818362760062,0.0,1.8121876644486732
794,1.7171159190543182,0.21343778668187566,0.1529594592531354,0.4555264583062234,0.0751083215572593,0.040088959448324954,-0.2171086501005168,0.0035915651258635636,0.15587073545925356,-0.014146614378053361,0.030417452498226118,-0.015826472727542062,-0.006982278748504383,-0.0013595212474286423,-0.0007090758857970984,0.004987981690582755,0.004946498248349811,0.005501106739836575,-0.0010540741518138934,0.0014600731378323101,-0.00026080492719047246,-0.0002639581031105219,-0.0010540741518138823,0.005501106739836566,0.004946498248349802,0.004987981690582755,-0.0007090758857971028,-0.0013595212474286377,-0.006982278748504387,-0.015826472727542076,0.0304174524982261,-0.01414661437805335,0.1558707354592535,0.0035915651258635983,-0.2171086501005168,0.040088959448324954,0.07510832155725927,0.4555264583062232,0.1529594592531353,0.21343778668187557,0.0,1.7714345856460805
795,1.6760046142053358,0.20994500972462218,0.14218386994310142,0.4538577349876124,0.07245920654101816,0.03518943834287914,-0.2229862168110099,0.016974452953159722,0.15320297970264773,-0.01602266334742015,0.02899021002899225,-0.01743881099168267,-0.006927834675020758,-0.0007728475082042798,0.0002459161604771937,0.005765636381377898,0.005163501452491741,0.005459682182844289,-0.0012308290826689304,0.0016981729069477636,-7.30141323002439e-05,-0.00043586881634765387,-0.0012308290826689191,0.00545968218284428,0.005163501452491733,0.005765636381377899,0.000245916160477187,-0.0007728475082042758,-0.006927834675020756,-0.017438810991682676,0.028990210028992245,-0.016022663347420148,0.15320297970264776,0.016974452953159757,-0.2229862168110099,0.035189438342879145,0.07245920654101816,0.4538577349876123,0.14218386994310142,0.20994500972462218,0.0,1.7293061619287349
796,1.6338807250438054,0.20644005534704826,0.13137529280178104,0.4519520952293236,0.06974285088937242,0.030238895915979756,-0.22839824375222512,0.03030910816161538,0.14996667917133072,-0.017823463179706144,0.027394896371435898,-0.01892882852648503,-0.006815566413880732,-0.00017860408828239093,0.001198115125965388,0.006468127184537347,0.005303927604251069,0.005326865182184865,-0.001384489205835642,0.0019007763827890106,0.00011646741071647023,-0.0005966540105460329,-0.0013844892058356305,0.005326865182184859,0.005303927604251065,0.006468127184537345,0.0011981151259653792,-0.00017860408828238665,-0.006815566413880729,-0.018928828526485038,0.027394896371435894,-0.017823463179706137,0.14996667917133075,0.03030910816161538,-0.22839824375222517,0.030238895915979776,0.06974285088937242,0.4519520952293235,0.1313752928017812,0.2064400553470482,0.0,1.6857960174197806
797,1.5907335859052374,0.20292312684668745,0.12053623550827548,0.44981053378665636,0.06696177532382483,0.025244509980869294,-0.23333343195775272,0.043557640555663364,0.14617384395649022,-0.019540556564756555,0.025640760381012213,-0.020286073929518634,-0.006646411028583158,0.000417388675339541,0.0021367060702020563,0.007086296058120689,0.0053656941205437935,0.005104879030321914,-0.001512171301341515,0.002063648618274155,0.00030325198192427826,-0.0007422096556119415,-0.0015121713013415037,0.005104879030321909,0.005365694120543793,0.007086296058120691,0.002136706070202043,0.0004173886753395448,-0.0066464110285831554,-0.020286073929518637,0.025640760381012213,-0.019540556564756544,0.14617384395649022,0.04355764055566338,-0.2333334319577528,0.025244509980869335,0.0669617753238248,0.4498105337866562,0.12053623550827534,0.20292312684668737,0.0,1.6409061819686956
798,1.5465525311252541,0.19939442821560704,0.10966921281333246,0.44743416856743295,0.06411856062461103,0.020213521919685673,-0.2377814779818849,0.05668240465624632,0.14183854948046418,-0.021165879312947573,0.02373797168809279,-0.021501027099460668,-0.006421780399347665,0.0010092933116588113,0.0030510286106923377,0.007612084225493323,0.005347884976111255,0.0047974396682570475,-0.0016114795910216757,0.0021833851540496445,0.0004830143136814679,-0.0008688204545577489,-0.0016114795910216644,0.004797439668257044,0.005347884976111254,0.0076120842254933235,0.0030510286106923217,0.0010092933116588145,-0.006421780399347664,-0.02150102709946067,0.02373797168809278,-0.021165879312947562,0.14183854948046418,0.056682404656246334,-0.23778147798188495,0.020213521919685673,0.064118560624611,0.44743416856743295,0.10966921281333267,0.199394428215607,0.0,1.5946473877592187
799,1.5013268950394796,0.19585416412857645,0.09877674595590444,0.44482424004844573,0.06121584523578937,0.015153226184150296,-0.24173309541064747,0.0696461066698039,0.13697688426206575,-0.022691798227997946,0.02169756173937724,-0.022565166012766643,-0.006143549438649451,0.0015913123909719411,0.003930698002020624,0.008038637233804173,0.005250764288587314,0.004409693482471674,-0.0016805506919870504,0.0022574831806712018,0.000651591748485224,-0.0009732546761805058,-0.0016805506919870396,0.004409693482471671,0.0052507642885873135,0.008038637233804172,0.003930698002020607,0.0015913123909719433,-0.00614354943864945,-0.022565166012766646,0.021697561739377227,-0.02269179822799794,0.1369768842620658,0.06964610666980389,-0.24173309541064747,0.015153226184150331,0.061215845235789365,0.4448242400484456,0.09877674595590448,0.19585416412857642,0.0,1.5470392599328167
800,1.4550460119834234,0.19230253993119484,0.08786136207819885,0.44198211062791937,0.058256322816819556,0.010070959719310706,-0.24518003424952353,0.0824119104579517,0.13160689021119568,-0.024111146955655378,0.019531359842911374,-0.023471026499542476,-0.00581404044198746,0.002157745307993283,0.00476572308431247,0.008360394312261153,0.005075772401514894,0.003948131156902102,-0.001718088580430533,0.002284393853923236,0.000805080631343248,-0.0010528466447599406,-0.0017180885804305235,0.0039481311569021,0.005075772401514898,0.008360394312261151,0.004765723084312449,0.002157745307993286,-0.005814040441987459,-0.023471026499542476,0.019531359842911374,-0.02411114695565537,0.13160689021119568,0.08241191045795168,-0.24518003424952353,0.01007095971931074,0.058256322816819535,0.4419821106279192,0.08786136207819881,0.19230253993119484,0.0,1.4981103982831991
801,1.4076992162924822,0.18873976162798087,0.07692559363936112,0.4389092639143322,0.05524273974290285,0.0049740913256714194,-0.24811509814738994,0.09494354220674078,0.12574849567431154,-0.025417259639897258,0.017251924587491942,-0.024212254599333283,-0.005436003704504582,0.002703044116623634,0.005546619761407887,0.008573160865282549,0.004825504523402439,0.0034204790220243135,-0.001723388909723632,0.002263554669748563,0.0009399267045666123,-0.0011055647812324668,-0.0017233889097236239,0.003420479022024313,0.004825504523402443,0.00857316086528255,0.005546619761407865,0.002703044116623639,-0.005436003704504579,-0.024212254599333283,0.017251924587491942,-0.025417259639897258,0.12574849567431154,0.09494354220674085,-0.24811509814739,0.004974091325671437,0.05524273974290285,0.43890926391433216,0.07692559363936126,0.18873976162798087,0.0,1.4478983486064527
802,1.3592758423025058,0.1851660358704238,0.06597197782792356,0.43560730395196234,0.05217789255640295,-0.0001299890248622684,-0.2505321594207094,0.10720539349808209,0.11942344147922627,-0.026604002228582026,0.01487247103405502,-0.024783651129590696,-0.005012594565246079,0.0032218678694933608,0.006264518719877085,0.008674163155465214,0.004503672239612754,0.002835569719812268,-0.001696352226508093,0.002195401222066996,0.0010530074117613194,-0.0011300634590953038,-0.001696352226508085,0.0028355697198122697,0.0045036722396127596,0.008674163155465212,0.006264518719877064,0.003221867869493364,-0.005012594565246076,-0.024783651129590707,0.01487247103405501,-0.026604002228582026,0.11942344147922626,0.10720539349808211,-0.2505321594207094,-0.00012998902486225977,0.05217789255640295,0.43560730395196234,0.0659719778279235,0.1851660358704238,0.0,1.3964494638284095
803,1.309765224348777,0.1815815699449969,0.055003055973155635,0.4320779543835682,0.049064625371713036,-0.0052338809037369895,-0.25242617184660926,0.11916262249045968,0.11265520025368748,-0.027665801281526917,0.01240679410115704,-0.0251812081542028,-0.004547347070659709,0.0037091349300495484,0.006911266165421351,0.008662084463493525,0.004115048467880236,0.0022031943495758794,-0.001637485836800799,0.002081358097713395,0.0011417042051502762,-0.0011257173514226328,-0.001637485836800792,0.0022031943495758825,0.004115048467880247,0.008662084463493525,0.006911266165421329,0.0037091349300495536,-0.004547347070659708,-0.0251812081542028,0.012406794101157042,-0.027665801281526906,0.11265520025368746,0.11916262249045963,-0.25242617184660937,-0.005233880903736985,0.04906462537171303,0.43207795438356816,0.0550030559731557,0.18158156994499694,0.0,1.343818656554685
804,1.259156696767147,0.1779865717611343,0.044021372955455405,0.4283230575506365,0.04590582723597663,-0.010330184155665239,-0.25379318119814076,0.1307812529214295,0.10546888931715086,-0.028597670145717072,0.009869188588722433,-0.025402137096286276,-0.0040441444771590045,0.004160072744814734,0.007479516432509387,0.008537082253589314,0.0036653966737909636,0.0015339385696859628,-0.001547894287097066,0.001923809098814975,0.0012039631818447812,-0.0010926373922887512,-0.0015478942870970607,0.0015339385696859673,0.0036653966737909744,0.008537082253589316,0.0074795164325093585,0.004160072744814737,-0.004044144477159003,-0.025402137096286272,0.00986918858872243,-0.028597670145717072,0.10546888931715087,0.13078125292142959,-0.25379318119814076,-0.010330184155665233,0.045905827235976616,0.4283230575506364,0.04402137295545527,0.17798657176113444,0.0,1.2900690461780322
805,1.2074395938928975,0.17438124983917216,0.033029476615916056,0.4243445735316684,0.042704429448112174,-0.015411509628143189,-0.25463033349972086,0.14202827065059073,0.09789117746901156,-0.02939523237471646,0.007274366303721273,-0.025444888298049615,-0.0035071868389543585,0.004570264588321112,0.007962815415401978,0.008300786120724919,0.003161385395991957,0.0008390053987641311,-0.0014292586390812854,0.001726047415038746,0.0012383426449447002,-0.0010316679451840992,-0.0014292586390812806,0.000839005398764137,0.003161385395991969,0.00830078612072492,0.00796281541540195,0.004570264588321114,-0.003507186838954355,-0.025444888298049615,0.007274366303721275,-0.02939523237471646,0.09789117746901159,0.14202827065059082,-0.25463033349972086,-0.015411509628143175,0.04270442944811216,0.4243445735316684,0.03302947661591609,0.17438124983917222,0.0,1.2352715051122611
806,1.154603250061652,0.17076581329825288,0.022029917165205765,0.42014457911900743,0.0394634028386285,-0.020470489885015236,-0.2549358809855239,0.15287171746870254,0.08995018601920682,-0.030054742282293063,0.004637370768242226,-0.025309161890529164,-0.002940955951684898,0.004935692822875463,0.00835567387296736,0.007956276546360594,0.0026104893487592833,0.00013002768256017313,-0.0012838049268263287,0.0014922067872405434,0.0012440464881211008,-0.0009443652507001206,-0.0012838049268263257,0.00013002768256017904,0.0026104893487592985,0.007956276546360592,0.008355673872967333,0.004935692822875467,-0.0029409559516848944,-0.02530916189052915,0.00463737076824223,-0.03005474228229307,0.0899501860192068,0.1528717174687026,-0.25493588098552394,-0.020470489885015222,0.03946340283862848,0.42014457911900716,0.02202991716520566,0.17076581329825297,0.0,1.1795041100824541
807,1.1006369996091485,0.16714047184419645,0.011025246591897705,0.4157252667347415,0.03618575501275605,-0.02549978988855223,-0.254709185748382,0.1632807819063916,0.08167538442847143,-0.030573102533730113,0.0019734900044419243,-0.02499590989695436,-0.0023501779444541904,0.005252778249445544,0.008653629774701509,0.007508044739657664,0.0020208785686184412,-0.000581126634269164,-0.0011142623883388224,0.0012271751013769672,0.001220942630612897,-0.0008329577036042021,-0.0011142623883388214,-0.0005811266342691548,0.0020208785686184555,0.007508044739657664,0.00865362977470148,0.005252778249445546,-0.0023501779444541878,-0.024995909896954358,0.0019734900044419243,-0.03057310253373011,0.0816753844284714,0.1632807819063917,-0.254709185748382,-0.025499789888552223,0.03618575501275602,0.4157252667347413,0.011025246591897636,0.16714047184419645,0.0,1.1228515056696637
808,1.0455301768706682,0.1635054357573365,1.801807038770097e-05,0.4110889432862451,0.03287452755945175,-0.030492117634554897,-0.25395072107157673,0.17322588678441717,0.07309748094553094,-0.030947878692206953,-0.0007018320979984683,-0.02450732955498892,-0.0017397838325008846,0.005518415164244389,0.008853298979836187,0.006961934087698707,0.0014012972490225757,-0.001282553171823582,-0.0009238122551776364,0.0009364922187953993,0.0011695660757484305,-0.0007002889732293838,-0.0009238122551776364,-0.0012825531718235726,0.00140129724902259,0.006961934087698707,0.00885329897983616,0.00551841516424439,-0.0017397838325008813,-0.024507329554988914,-0.000701832097998479,-0.030947878692206957,0.07309748094553092,0.17322588678441728,-0.25395072107157673,-0.030492117634554873,0.03287452755945171,0.411088943286245,1.801807038773542e-05,0.16350543575733636,0.0,1.0654041884680003
809,0.9892721161820623,0.1598609158803235,-0.010989214631463119,0.4062380289619608,0.029532793228867826,-0.035440234725062796,-0.2526620704407407,0.18267877325672188,0.06424830864708304,-0.031177310651933916,-0.003373085318061134,-0.02384684790468722,-0.001114868359757198,0.005730001777649652,0.008952413673928643,0.00632506397800061,0.0007609340600248483,-0.0019625103885310253,-0.000716028061037664,0.00062623417851854,0.0010911065221674808,-0.0005497454190266592,-0.0007160280610376659,-0.0019625103885310157,0.0007609340600248655,0.006325063978000608,0.008952413673928617,0.005730001777649656,-0.001114868359757194,-0.02384684790468721,-0.0033730853180611404,-0.031177310651933923,0.06424830864708302,0.1826787732567219,-0.2526620704407406,-0.035440234725062775,0.029532793228867822,0.40623802896196054,-0.010989214631463221,0.15986091588032347,0.0,1.0072577212482314
810,0.9318521518786138,0.15620712360589536,-0.021993897744824527,0.4011750559680452,0.026163653080903616,-0.04033696686333932,-0.25084592423793406,0.19161258110746135,0.05516070730348064,-0.03126032090434617,-0.006024783024136405,-0.023019097750270716,-0.00048064747482184537,0.005885465697518839,0.008949848126375597,0.005605736986410594,0.00010928587616261819,-0.002609616128884482,-0.0004948085893258845,0.00030288619200117737,0.000987380814623834,-0.0003851696539924765,-0.0004948085893258883,-0.002609616128884472,0.00010928587616263461,0.005605736986410594,0.008949848126375571,0.005885465697518842,-0.00048064747482184374,-0.023019097750270705,-0.006024783024136408,-0.031260320904346175,0.05516070730348062,0.19161258110746138,-0.25084592423793406,-0.04033696686333931,0.026163653080903623,0.401175055968045,-0.021993897744824527,0.15620712360589534,0.0,0.9485118874213732
811,0.8732596182960587,0.15254427086461594,-0.03299347809239083,0.3959026672065432,0.02277023360748655,-0.045175214255916266,-0.24850607412479556,0.20000192507384984,0.04586840150851804,-0.031196519598535206,-0.008641551958007566,-0.022029885164334975,0.00015758520471953043,0.0059832842273032745,0.008845631476301385,0.004813330640332888,-0.0005439830664697179,-0.003213038155229576,-0.00026430471787581373,-2.6792914896209157e-05,0.000860790872310019,-0.00021076246225851063,-0.00026430471787581845,-0.0032130381552295654,-0.0005439830664697024,0.0048133306403328885,0.008845631476301359,0.005983284227303275,0.00015758520471953206,-0.02202988516433497,-0.008641551958007572,-0.031196519598535203,0.045868401508518016,0.20000192507384995,-0.24850607412479556,-0.04517521425591626,0.022770233607486527,0.3959026672065431,-0.03299347809239076,0.15254427086461586,0.0,0.8892697968473858
812,0.8134838497700213,0.14887257011258248,-0.04398540368074071,0.3904236148957773,0.019355683831252638,-0.04994796190661541,-0.24564740512649563,0.20782296697795213,0.036405875525588854,-0.030986206372151926,-0.011208221361551758,-0.020886148762422087,0.0007945025762495254,0.006022499280150234,0.008640947401599923,0.003958175168317937,-0.001189184495195151,-0.0037626754741928183,-2.8841533458240466e-05,-0.0003559119791966756,0.000714268068934879,-3.097557438991404e-05,-2.884153345824706e-05,-0.0037626754741928088,-0.0011891844951951343,0.003958175168317937,0.0086409474015999,0.006022499280150236,0.000794502576249527,-0.020886148762422074,-0.011208221361551758,-0.030986206372151937,0.03640587552558882,0.20782296697795213,-0.24564740512649572,-0.049947961906615386,0.019355683831252656,0.3904236148957771,-0.04398540368074078,0.1488725701125824,0.0,0.8296369546286424
813,0.7525141806357833,0.14519223431910253,-0.05496712429242018,0.3847407591336729,0.015923172383319115,-0.05464828978762241,-0.24227588543301926,0.21505348346245948,0.02680824531466726,-0.030630368944182817,-0.01370991092944338,-0.019595911033617977,0.0014247885155618627,0.006002726762916587,0.00833812067488949,0.0030514188297352013,-0.0018167497822018281,-0.004249327422433671,0.0002071628224981224,-0.0006775915442908595,0.0005512053525139471,0.00014960196270543584,0.00020716282249811445,-0.00424932742243366,-0.0018167497822018117,0.003051418829735201,0.008338120674889468,0.006002726762916588,0.0014247885155618644,-0.019595911033617963,-0.013709910929443384,-0.030630368944182817,0.02680824531466722,0.2150534834624596,-0.24227588543301926,-0.054648289787622414,0.01592317238331911,0.38474075913367284,-0.05496712429242007,0.14519223431910253,0.0,0.7697203049586906
814,0.6903399452291965,0.14150347695434112,-0.06593609207761374,0.3788570664047703,0.01247588456286065,-0.05926938287286563,-0.2383985539390687,0.2216729291379812,0.017111128215028377,-0.030130678476207876,-0.016132117077952986,-0.01816822206855569,0.0020431822486713593,0.005924160338181892,0.00794059075907586,0.002104882580163202,-0.002417371851603596,-0.00466484768130654,0.0004392800542281136,-0.000985107658727065,0.00037537867673731934,0.00032636092085710074,0.00043928005422810465,-0.004664847681306532,-0.0024173718516035804,0.0021048825801632033,0.007940590759075838,0.00592416033818189,0.0020431822486713614,-0.018168222068555676,-0.016132117077952996,-0.030130678476207883,0.017111128215028363,0.2216729291379812,-0.23839855393906867,-0.059269382872865595,0.012475884562860633,0.3788570664047701,-0.06593609207761371,0.14150347695434107,0.0,0.7096272623591218
815,0.6269504778855421,0.13780651197693897,-0.07688976214526737,0.3727756080317021,0.009017019381218022,-0.06380454101915232,-0.23402350554860216,0.2276624949624183,0.0073505107673222,-0.02948948172392605,-0.018460797029696944,-0.016613096079532035,0.0026445222616351704,0.005787569527413805,0.007452872742421646,0.001130905967155742,-0.002982143207567655,-0.0050022806423016646,0.0006631548024836996,-0.0012720324245333518,0.0001908595632856622,0.0004947895408374647,0.0006631548024836896,-0.005002280642301655,-0.0029821432075676398,0.001130905967155743,0.007452872742421628,0.005787569527413805,0.0026445222616351726,-0.01661309607953203,-0.01846079702969695,-0.029489481723926052,0.007350510767322204,0.2276624949624183,-0.2340235055486022,-0.06380454101915231,0.00901701938121804,0.37277560803170195,-0.0768897621452673,0.13780651197693894,0.0,0.6494647427289166
816,0.5623351129406715,0.13410155382160208,-0.08782559315352324,0.3664995585719449,0.005549786593282256,-0.06824718868073579,-0.22915987427468756,0.23300516168653612,-0.00243738483447949,-0.02870979001580763,-0.020682450226855185,-0.014941441158003528,0.003223789381885523,0.0055942921738643975,0.006880506056815787,0.0001421862653686333,-0.0035026880364900427,-0.005255977840573217,0.0008745863668345467,-0.0015323683572409583,1.9208198407305586e-06,0.0006505886946796219,0.0008745863668345364,-0.0052559778405732085,-0.0035026880364900305,0.00014218626536863439,0.00688050605681577,0.005594292173864398,0.0032237893818855235,-0.014941441158003513,-0.02068245022685519,-0.028709790015807642,-0.0024373848344795375,0.2330051616865362,-0.22915987427468756,-0.0682471886807358,0.005549786593282291,0.3664995585719448,-0.08782559315352324,0.13410155382160205,0.0,0.5893382065512365
817,0.4964831847299811,0.13038881738666389,-0.09874104789933275,0.36003219416068055,0.0020774037189087834,-0.0725908844432281,-0.22381781416995408,0.23768574821387128,-0.012216235165658545,-0.027795265110634727,-0.022784196600862717,-0.013164982762162282,0.0037761486714893095,0.005346221339019801,0.006229991561693728,-0.000848387051833423,-0.0039712864240841785,-0.005421692507513605,0.0010696075260094961,-0.0017606737491301363,-0.0001870624029733958,0.000789781620598186,0.0010696075260094853,-0.005421692507513597,-0.0039712864240841654,-0.000848387051833423,0.006229991561693713,0.0053462213390197974,0.0037761486714893103,-0.013164982762162268,-0.022784196600862727,-0.027795265110634727,-0.012216235165658599,0.23768574821387134,-0.22381781416995408,-0.07259088444322807,0.002077403718908818,0.3600321941606805,-0.09874104789933272,0.1303888173866639,0.0,0.5293507263546395
818,0.42938402758909366,0.12666851802162096,-0.10963359390710858,0.35337689080063467,-0.001396906942873851,-0.07682933036303499,-0.21800847812745588,0.24169095473755844,-0.021949750368998978,-0.026750202000348493,-0.024753851244805152,-0.01129618147127154,0.004296989782666302,0.005045786760946325,0.005508717708200279,-0.0018279003463740537,-0.0043809888451870746,-0.005496650659609508,0.0012445589773241053,-0.0019521764152758859,-0.000371713924548335,0.0009088154295373563,0.0012445589773240943,-0.0054966506596094995,-0.004380988845187063,-0.0018279003463740537,0.005508717708200269,0.005045786760946325,0.004296989782666301,-0.011296181471271522,-0.024753851244805152,-0.0267502020003485,-0.02194975036899901,0.2416909547375584,-0.21800847812745588,-0.076829330363035,-0.001396906942873851,0.3533768908006345,-0.10963359390710856,0.12666851802162105,0.0,0.469602090113479
819,0.36102697585351873,0.12294087151464136,-0.12050070401627942,0.3465371225997834,-0.004869921304090686,-0.08095638109877228,-0.21174399459620444,0.24500940053150458,-0.03160180882846451,-0.025579508738968342,-0.026579995055603864,-0.009348145583655003,0.004781965438732708,0.004695931056139952,0.004724876622211993,-0.0027835841644863984,-0.004725719228347849,-0.005479597533586544,0.0013961579984412143,-0.0021028734448011745,-0.0005477578711002052,0.0010046517923991602,0.001396157998441203,-0.005479597533586541,-0.00472571922834784,-0.002783584164486398,0.004724876622211985,0.004695931056139949,0.004781965438732708,-0.009348145583654993,-0.026579995055603857,-0.025579508738968356,-0.03160180882846454,0.2450094005315047,-0.21174399459620444,-0.08095638109877226,-0.004869921304090686,0.34653712259978336,-0.12050070401627949,0.1229408715146414,0.0,0.41018795170248956
820,0.29140136385876714,0.1192060940800491,-0.1313398569676125,0.3395164599578477,-0.008338416479706515,-0.08496605282142303,-0.20503744225998358,0.2476316562885291,-0.04113659121852382,-0.02428868339231487,-0.028252040936441607,-0.007334539171402471,0.005227027719283284,0.004300080897970876,0.0038873710593362283,-0.0037029797060713276,-0.005000365066704238,-0.005370818590540661,0.0015215600431214323,-0.0022096148722733325,-0.0007111176897284293,0.0010748444931671397,0.001521560043121421,-0.005370818590540658,-0.005000365066704232,-0.003702979706071329,0.0038873710593362214,0.004300080897970873,0.005227027719283283,-0.007334539171402458,-0.028252040936441604,-0.024288683392314877,-0.04113659121852386,0.24763165628852918,-0.20503744225998358,-0.084966052821423,-0.008338416479706507,0.3395164599578476,-0.13133985696761233,0.1192060940800491,0.0,0.35119903880199177
821,0.22049652594046143,0.11546440234578241,-0.14214853798816615,0.3323185677025236,-0.011799173778396472,-0.08885253189031782,-0.19790282273230958,0.24955027091357862,-0.05051871343165889,-0.02288378821679023,-0.029760295175619133,-0.005269486236721673,0.005628461846752375,0.0038621134540169173,0.0030057132886787625,-0.0045741012442100165,-0.005200853238762237,-0.005172134737457197,0.0016184121152043724,-0.0022701695202907205,-0.0008580105469104102,0.0011176018683877837,0.001618412115204361,-0.005172134737457193,-0.0052008532387622305,-0.004574101244210017,0.0030057132886787594,0.0038621134540169164,0.005628461846752378,-0.005269486236721662,-0.029760295175619133,-0.022883788216790237,-0.05051871343165889,0.24955027091357868,-0.19790282273230958,-0.08885253189031782,-0.011799173778396463,0.3323185677025235,-0.14214853798816626,0.11546440234578245,0.0,0.2927204277934418
822,0.1483017964342248,0.11171601334082917,-0.15292423937473842,0.32494720317642073,-0.015248981689424249,-0.09261018328235789,-0.19035503132454418,0.2507597926958871,-0.05971335789075517,-0.021371421188483366,-0.031096013645997744,-0.0031674716422109106,0.005982917192349412,0.0033863184110163418,0.002089917053843755,-0.005385592377444135,-0.00532421041462254,-0.004886871846107142,0.0016848969193315915,-0.0022832716369759255,-0.0009850349254980264,0.0011318325392465885,0.0016848969193315807,-0.004886871846107139,-0.005324210414622535,-0.005385592377444136,0.0020899170538437547,0.0033863184110163387,0.005982917192349411,-0.0031674716422108954,-0.031096013645997737,-0.021371421188483366,-0.05971335789075519,0.25075979269588716,-0.19035503132454412,-0.09261018328235786,-0.015248981689424249,0.32494720317642056,-0.15292423937473854,0.11171601334082916,0.0,0.23483089420275727
823,0.07480650967556812,0.10796114448263834,-0.16366446107567464,0.3174062142757065,-0.0186846388628575,-0.09623355876225975,-0.1824098259481888,0.2512567847999191,-0.06868640275906578,-0.01975868501631112,-0.03225145249921082,-0.001043239509955272,0.006287435242573258,0.002877355959388015,0.0011503838382576515,-0.006126874077836227,-0.005368607151802264,-0.004519805079559503,0.0017197669599839027,-0.0022486473535288562,-0.0010892493917804467,0.0011171732689309265,0.0017197669599838925,-0.004519805079559501,-0.005368607151802263,-0.006126874077836226,0.001150383838257654,0.0028773559593880107,0.00628743524257326,-0.0010432395099552547,-0.03225145249921081,-0.019758685016311124,-0.06868640275906578,0.2512567847999191,-0.18240982594818878,-0.09623355876225971,-0.018684638862857518,0.3174062142757063,-0.1636644610756747,0.1079611444826382,0.0,0.17760234615511145
824,0.0,0.10420001356450917,-0.17436671127089973,0.3096995374414821,-0.022102957080353737,-0.0997174047819757,-0.17408379421628378,0.2510398350310792,-0.07740454856824465,-0.01805315378472273,-0.03321991306074379,0.001088310197896151,0.006539474292878867,0.002340211148840913,0.00019778472659932357,-0.006788282604777432,-0.005333385026691018,-0.004077078958257102,0.001722367949011725,-0.0021670204088070936,-0.0011682407086476953,0.0010739982342226058,0.0017223679490117158,-0.004077078958257102,-0.005333385026691018,-0.006788282604777432,0.0001977847265993283,0.00234021114884091,0.0065394742928788704,0.001088310197896166,-0.03321991306074378,-0.018053153784722737,-0.07740454856824465,0.2510398350310792,-0.17408379421628378,-0.09971740478197566,-0.02210295708035372,0.3096995374414818,-0.17436671127089987,0.10420001356450906,0.0,0.12109934711546291
